order_id,created_at_utc,channel,amount_cents,status,deleted_at,customer_region
ORD-000001,2025-06-11T19:07:14Z,partner,55187,cancelled,,CA
ORD-000002,2025-08-19T14:31:49Z,web,33161,active,,US-W
ORD-000003,2025-01-13T17:35:17Z,mobile,44156,completed,,US-C
ORD-000004,2025-09-11T14:57:00Z,partner,2297,refunded,,CA
ORD-000005,2025-03-08T23:38:19Z,web,17032,cancelled,,US-E
ORD-000006,2025-05-18T17:59:49Z,mobile,76602,completed,,US-W
ORD-000007,2025-01-15T16:34:45Z,partner,31407,completed,2025-01-20T22:34:45Z,CA
ORD-000008,2025-07-14T16:45:13Z,mobile,11615,completed,,CA
ORD-000009,2025-12-04T21:53:00Z,web,88437,cancelled,,US-E
ORD-000010,2025-11-11T18:07:47Z,web,58536,active,,CA
ORD-000011,2025-09-28T18:09:00Z,partner,57922,active,,US-W
ORD-000012,2025-08-18T18:50:33Z,partner,35272,refunded,,US-C
ORD-000013,2025-11-01T22:46:50Z,mobile,54286,completed,,CA
ORD-000014,2025-04-24T19:14:20Z,partner,60085,active,,US-W
ORD-000015,2025-01-06T19:00:16Z,web,26800,completed,,CA
ORD-000016,2025-04-19T19:36:34Z,partner,84192,active,,US-C
ORD-000017,2025-01-28T22:00:44Z,web,3815,cancelled,,US-W
ORD-000018,2025-07-01T20:38:54Z,mobile,13393,refunded,,US-W
ORD-000019,2025-11-10T22:35:33Z,mobile,77058,cancelled,,US-W
ORD-000020,2025-02-24T16:32:48Z,mobile,59022,active,,CA
ORD-000021,2025-12-31T19:25:53Z,partner,19134,refunded,,CA
ORD-000022,2025-10-05T14:41:25Z,mobile,72663,cancelled,,CA
ORD-000023,2025-12-13T18:41:49Z,legacy_pos,15921,cancelled,,US-W
ORD-000024,2025-04-02T21:44:52Z,mobile,80099,cancelled,,US-C
ORD-000025,2025-09-11T15:37:56Z,mobile,82786,completed,,US-W
ORD-000026,2025-08-08T18:07:19Z,web,26718,cancelled,,US-W
ORD-000027,2025-03-14T15:28:22Z,mobile,48330,refunded,,CA
ORD-000028,2025-03-03T22:21:05Z,web,50748,refunded,,US-W
ORD-000029,2025-06-05T17:03:31Z,partner,12526,active,,US-E
ORD-000030,2025-01-10T17:38:01Z,partner,78235,cancelled,,US-W
ORD-000031,2025-10-04T22:10:39Z,mobile,89428,active,,US-E
ORD-000032,2025-02-11T19:09:00Z,mobile,59202,cancelled,,CA
ORD-000033,2025-10-30T18:31:01Z,web,51616,refunded,,CA
ORD-000034,2025-02-22T18:28:52Z,mobile,79314,completed,,US-E
ORD-000035,2025-07-09T17:40:15Z,partner,74333,completed,,CA
ORD-000036,2025-08-09T15:58:59Z,partner,35164,completed,,US-W
ORD-000037,2025-08-25T17:56:49Z,mobile,11230,completed,,US-C
ORD-000038,2025-08-03T17:25:08Z,mobile,35424,cancelled,,US-W
ORD-000039,2025-05-26T22:17:36Z,partner,60393,refunded,,CA
ORD-000040,2025-03-12T16:49:36Z,web,37432,completed,,US-W
ORD-000041,2025-12-30T18:58:48Z,partner,88066,cancelled,,CA
ORD-000042,2025-05-30T07:53:42Z,web,41652,cancelled,,US-C
ORD-000043,2025-01-14T19:35:35Z,web,43656,completed,,CA
ORD-000044,2025-04-18T14:35:23Z,mobile,70089,refunded,,CA
ORD-000045,2025-12-02T16:28:40Z,web,4317,active,2025-12-06T13:28:40Z,US-E
ORD-000046,2025-03-30T22:01:57Z,mobile,75716,refunded,,US-E
ORD-000047,2025-09-05T22:40:41Z,legacy_pos,89350,active,,CA
ORD-000048,2025-02-12T19:13:47Z,partner,38636,completed,,US-E
ORD-000049,2025-10-30T22:15:48Z,web,62742,refunded,,CA
ORD-000050,2025-11-27T20:09:27Z,legacy_pos,20300,refunded,,US-E
ORD-000051,2025-05-26T22:42:08Z,mobile,41449,active,,CA
ORD-000052,2025-09-21T21:41:21Z,partner,10781,cancelled,,US-W
ORD-000053,2025-09-24T18:13:56Z,partner,5243,active,,US-C
ORD-000054,2025-11-09T22:15:53Z,mobile,14248,active,,US-W
ORD-000055,2025-11-03T18:08:05Z,mobile,81624,active,,US-E
ORD-000056,2025-02-08T22:27:15Z,partner,70474,completed,,US-W
ORD-000057,2025-02-10T15:22:08Z,mobile,73023,cancelled,,US-W
ORD-000058,2025-11-27T16:28:11Z,partner,89834,refunded,,US-C
ORD-000059,2025-03-01T17:20:46Z,web,21635,refunded,,CA
ORD-000060,2025-01-25T22:24:11Z,web,70819,active,,US-E
ORD-000061,2025-03-12T14:18:29Z,web,79028,active,,US-E
ORD-000062,2025-07-09T18:36:57Z,web,66901,cancelled,,CA
ORD-000063,2025-06-03T20:25:31Z,web,43528,active,,US-W
ORD-000064,2025-06-25T19:42:52Z,partner,5551,active,,US-E
ORD-000065,2025-07-10T20:43:44Z,mobile,48380,active,,CA
ORD-000066,2025-04-14T15:33:31Z,web,22037,refunded,,CA
ORD-000067,2025-09-21T15:42:24Z,web,57238,completed,,US-W
ORD-000068,2025-04-05T16:27:00Z,mobile,19902,refunded,,US-E
ORD-000069,2025-07-03T20:26:30Z,partner,51123,completed,,US-E
ORD-000070,2025-01-31T23:25:51Z,web,69347,active,,US-C
ORD-000071,2025-10-31T20:28:58Z,web,64264,completed,,CA
ORD-000072,2025-07-04T16:12:13Z,web,30676,active,,US-E
ORD-000073,2025-05-16T14:56:09Z,partner,42350,active,,CA
ORD-000074,2025-03-13T19:36:13Z,mobile,11401,refunded,,CA
ORD-000075,2025-08-19T15:48:38Z,web,55129,cancelled,,US-E
ORD-000076,2025-11-11T20:37:23Z,web,61794,cancelled,,US-C
ORD-000077,2025-07-10T18:38:44Z,partner,27258,cancelled,,US-E
ORD-000078,2025-05-23T16:15:28Z,mobile,54017,cancelled,,CA
ORD-000079,2025-12-30T23:51:34Z,web,53693,refunded,,US-W
ORD-000080,2025-11-08T22:47:04Z,web,28233,active,,US-W
ORD-000081,2025-04-11T18:39:38Z,mobile,13241,cancelled,,US-W
ORD-000082,2025-04-24T16:16:26Z,mobile,69461,refunded,,US-W
ORD-000083,2025-11-13T19:23:05Z,web,10906,active,,US-C
ORD-000084,2025-05-10T20:37:23Z,mobile,32521,cancelled,,US-C
ORD-000085,2025-05-31T22:44:50Z,mobile,25645,cancelled,,US-C
ORD-000086,2025-02-23T22:51:44Z,web,9137,completed,,US-W
ORD-000087,2025-06-17T15:56:33Z,partner,87212,active,,US-E
ORD-000088,2025-11-04T22:13:05Z,web,16393,completed,,US-W
ORD-000089,2025-02-13T23:30:48Z,partner,11708,completed,,US-E
ORD-000090,2025-11-04T21:33:02Z,web,12186,refunded,,US-W
ORD-000091,2025-01-10T17:42:33Z,web,40235,active,,US-E
ORD-000092,2025-09-05T18:41:52Z,legacy_pos,15400,completed,,US-C
ORD-000093,2025-01-07T17:26:01Z,web,38817,refunded,,US-C
ORD-000094,2025-10-02T15:11:30Z,partner,57227,completed,,US-E
ORD-000095,2025-11-22T21:41:06Z,mobile,8864,refunded,,US-W
ORD-000096,2025-04-26T19:35:35Z,web,14549,completed,,US-E
ORD-000097,2025-03-12T17:15:34Z,mobile,33501,refunded,,CA
ORD-000098,2025-06-21T21:45:27Z,mobile,28261,active,,CA
ORD-000099,2025-07-11T14:04:44Z,mobile,80784,active,,US-E
ORD-000100,2025-03-06T18:25:00Z,web,84461,active,,CA
ORD-000101,2025-03-25T16:46:25Z,mobile,59530,refunded,2025-03-28T14:46:25Z,US-W
ORD-000102,2025-04-15T19:47:56Z,mobile,66364,completed,,US-W
ORD-000103,2025-02-07T18:31:11Z,legacy_pos,61500,refunded,,US-E
ORD-000104,2025-08-18T18:21:30Z,mobile,4447,cancelled,,CA
ORD-000105,2025-05-19T21:29:13Z,legacy_pos,25800,active,,CA
ORD-000106,2025-05-13T14:30:20Z,web,1811,cancelled,,CA
ORD-000107,2025-02-10T19:55:23Z,web,800,refunded,,US-E
ORD-000108,2025-09-30T16:54:52Z,web,39641,completed,,US-E
ORD-000109,2025-09-08T20:14:37Z,mobile,6011,completed,,US-W
ORD-000110,2025-01-14T19:24:21Z,mobile,50024,refunded,,US-W
ORD-000111,2025-11-01T07:09:35Z,web,6864,cancelled,,US-W
ORD-000112,2025-05-10T22:32:54Z,mobile,78603,refunded,,US-C
ORD-000113,2025-08-07T18:47:06Z,mobile,81867,refunded,,CA
ORD-000114,2025-12-23T19:05:11Z,mobile,2366,active,,CA
ORD-000115,2025-03-29T18:19:57Z,mobile,36504,active,,CA
ORD-000116,2025-05-10T21:30:09Z,mobile,68839,cancelled,,US-W
ORD-000117,2025-01-16T19:02:02Z,partner,43177,completed,,CA
ORD-000118,2025-09-09T21:54:05Z,mobile,79497,cancelled,,US-W
ORD-000119,2025-05-15T20:36:33Z,partner,81137,cancelled,,US-W
ORD-000120,2025-12-05T16:01:44Z,web,58686,completed,,CA
ORD-000121,2025-08-25T17:20:42Z,partner,40177,cancelled,,US-C
ORD-000122,2025-05-08T18:31:37Z,partner,36071,completed,2025-05-12T14:31:37Z,US-W
ORD-000123,2025-12-08T16:54:50Z,mobile,79844,active,,CA
ORD-000124,2025-09-25T15:02:14Z,partner,45552,cancelled,,US-W
ORD-000125,2025-07-05T16:49:02Z,mobile,35183,refunded,,US-E
ORD-000126,2025-08-09T20:48:41Z,web,35088,refunded,,US-C
ORD-000127,2025-01-04T20:31:40Z,mobile,63593,active,,US-C
ORD-000128,2025-06-28T14:37:37Z,mobile,43212,active,,US-E
ORD-000129,2025-12-27T23:12:59Z,partner,35026,active,,US-E
ORD-000130,2025-04-20T19:25:52Z,mobile,50776,refunded,,US-W
ORD-000131,2025-07-10T17:41:54Z,web,26713,cancelled,2025-07-17T01:41:54Z,US-E
ORD-000132,2025-04-03T17:09:05Z,partner,88905,active,,US-E
ORD-000133,2025-07-09T20:28:11Z,mobile,25995,cancelled,2025-07-12T11:28:11Z,US-E
ORD-000134,2025-11-07T18:14:33Z,mobile,37235,active,,US-C
ORD-000135,2025-06-09T15:51:08Z,partner,52283,completed,,US-E
ORD-000136,2025-07-21T14:29:02Z,web,29786,refunded,,US-W
ORD-000137,2025-10-12T15:53:14Z,mobile,75888,active,,US-C
ORD-000138,2025-05-18T20:32:44Z,web,20317,refunded,,US-W
ORD-000139,2025-09-01T15:05:09Z,mobile,86110,refunded,,US-W
ORD-000140,2025-06-19T18:47:10Z,web,23703,cancelled,,US-W
ORD-000141,2025-12-22T15:51:31Z,mobile,16233,cancelled,,CA
ORD-000142,2025-12-31T20:42:13Z,partner,39428,cancelled,,CA
ORD-000143,2025-03-18T16:42:25Z,web,51731,refunded,,US-W
ORD-000144,2025-02-05T22:48:07Z,mobile,65930,refunded,,US-E
ORD-000145,2025-07-26T21:20:20Z,web,69901,completed,,US-C
ORD-000146,2025-10-27T22:25:36Z,partner,25978,completed,,US-C
ORD-000147,2025-09-20T20:09:17Z,partner,16827,refunded,,US-C
ORD-000148,2025-06-24T22:27:06Z,web,51303,cancelled,,US-W
ORD-000149,2025-06-06T14:46:54Z,web,6041,cancelled,,US-E
ORD-000150,2025-12-19T16:26:46Z,partner,78409,completed,,CA
ORD-000151,2025-06-30T21:44:21Z,web,69942,refunded,,US-E
ORD-000152,2025-09-29T18:43:05Z,mobile,66882,refunded,2025-10-05T21:43:05Z,US-W
ORD-000153,2025-11-30T18:41:10Z,mobile,79499,completed,,CA
ORD-000154,2025-02-21T23:34:57Z,partner,84771,cancelled,2025-02-25T08:34:57Z,US-E
ORD-000155,2025-12-09T22:28:33Z,mobile,72469,completed,,US-W
ORD-000156,2025-08-23T16:14:45Z,partner,86970,cancelled,,US-W
ORD-000157,2025-06-27T14:18:22Z,mobile,19300,active,,CA
ORD-000158,2025-06-19T22:11:01Z,partner,35909,active,2025-06-22T16:11:01Z,US-W
ORD-000159,2025-03-20T19:48:56Z,partner,3572,refunded,,CA
ORD-000160,2025-01-05T21:55:55Z,partner,83096,refunded,,US-C
ORD-000161,2025-06-27T20:48:14Z,web,41274,completed,,US-E
ORD-000162,2025-01-27T04:10:55Z,partner,8858,completed,,US-E
ORD-000163,2025-09-07T15:59:55Z,web,52085,active,,US-W
ORD-000164,2025-10-09T16:49:09Z,web,76066,refunded,,US-E
ORD-000165,2025-03-14T22:03:21Z,partner,3058,completed,,CA
ORD-000166,2025-03-31T19:57:15Z,mobile,5161,active,,CA
ORD-000167,2025-08-31T21:29:40Z,partner,43023,active,,CA
ORD-000168,2025-03-02T20:59:36Z,mobile,44642,cancelled,,CA
ORD-000169,2025-11-30T15:54:49Z,partner,12192,cancelled,,US-E
ORD-000170,2025-02-10T22:06:17Z,web,89201,cancelled,,US-W
ORD-000171,2025-08-20T17:14:15Z,partner,19252,cancelled,,US-C
ORD-000172,2025-02-27T23:32:25Z,partner,7504,refunded,,US-C
ORD-000173,2025-01-29T20:53:41Z,partner,56325,completed,,US-E
ORD-000174,2025-04-10T15:23:35Z,web,76147,cancelled,,CA
ORD-000175,2025-08-21T14:45:17Z,partner,22901,completed,,US-E
ORD-000176,2025-05-16T21:27:10Z,web,32562,cancelled,,US-E
ORD-000177,2025-03-03T16:08:28Z,legacy_pos,27133,refunded,,CA
ORD-000178,2025-01-13T15:36:23Z,mobile,87336,cancelled,,CA
ORD-000179,2025-08-25T15:17:41Z,partner,36003,refunded,,US-W
ORD-000180,2025-02-19T18:21:52Z,mobile,23671,active,,US-E
ORD-000181,2025-03-06T20:48:58Z,web,37658,active,,US-C
ORD-000182,2025-09-13T22:40:58Z,mobile,23968,completed,,US-W
ORD-000183,2025-10-09T14:00:08Z,mobile,13043,cancelled,,US-W
ORD-000184,2025-05-01T19:43:53Z,web,60448,completed,,US-C
ORD-000185,2025-07-08T14:49:48Z,web,59310,refunded,,US-W
ORD-000186,2025-02-20T16:38:57Z,partner,64021,active,,CA
ORD-000187,2025-04-10T17:00:39Z,mobile,22141,completed,,CA
ORD-000188,2025-09-12T17:56:45Z,partner,77620,active,,CA
ORD-000189,2025-12-07T15:29:06Z,partner,48811,cancelled,,US-E
ORD-000190,2025-01-21T21:38:09Z,mobile,54823,cancelled,,CA
ORD-000191,2025-06-15T14:15:01Z,mobile,89371,refunded,,US-W
ORD-000192,2025-09-28T15:21:28Z,legacy_pos,85000,active,,US-E
ORD-000193,2025-08-30T22:25:03Z,mobile,39023,cancelled,,US-W
ORD-000194,2025-07-31T19:09:48Z,mobile,79423,completed,,CA
ORD-000195,2025-08-05T14:56:49Z,mobile,88051,refunded,,US-E
ORD-000196,2025-07-22T20:30:11Z,partner,54587,refunded,,US-E
ORD-000197,2025-11-14T23:07:18Z,mobile,82047,completed,,CA
ORD-000198,2025-03-30T21:01:17Z,mobile,24230,refunded,,CA
ORD-000199,2025-09-23T14:18:22Z,web,7832,completed,,US-C
ORD-000200,2025-06-12T20:39:21Z,web,929,completed,,US-E
ORD-000201,2025-01-21T04:35:37Z,partner,50284,refunded,,US-W
ORD-000202,2025-05-01T17:14:42Z,partner,73529,active,,US-E
ORD-000203,2025-05-02T20:33:17Z,legacy_pos,81300,refunded,,CA
ORD-000204,2025-04-28T14:18:54Z,web,71226,refunded,,CA
ORD-000205,2025-08-05T21:24:01Z,web,77228,active,,US-C
ORD-000206,2025-08-30T15:14:44Z,web,44533,completed,,CA
ORD-000207,2025-01-11T20:52:00Z,partner,19525,cancelled,,CA
ORD-000208,2025-12-15T19:06:49Z,partner,35301,completed,,US-E
ORD-000209,2025-05-11T17:59:10Z,mobile,45528,cancelled,,US-W
ORD-000210,2025-11-20T15:05:01Z,mobile,61651,refunded,,US-W
ORD-000211,2025-07-05T20:45:06Z,web,51591,completed,,CA
ORD-000212,2025-10-29T18:21:12Z,mobile,77912,completed,,US-E
ORD-000213,2025-11-02T18:46:48Z,web,78712,refunded,,US-W
ORD-000214,2025-07-23T20:17:17Z,legacy_pos,72600,active,,US-W
ORD-000215,2025-12-14T22:39:48Z,legacy_pos,2200,refunded,,US-E
ORD-000216,2025-07-04T16:47:12Z,mobile,22643,refunded,,US-W
ORD-000217,2025-03-26T22:27:50Z,web,17498,refunded,,US-E
ORD-000218,2025-11-09T18:42:49Z,mobile,16472,refunded,2025-11-14T07:42:49Z,US-E
ORD-000219,2025-04-19T17:44:42Z,partner,78070,completed,,CA
ORD-000220,2025-08-06T01:39:59Z,mobile,27233,active,,US-W
ORD-000221,2025-01-31T16:20:29Z,partner,28785,refunded,,US-E
ORD-000222,2025-12-03T18:32:58Z,web,83456,cancelled,,US-W
ORD-000223,2025-01-20T18:20:19Z,web,50185,refunded,,CA
ORD-000224,2025-08-08T19:35:03Z,partner,29352,completed,,US-C
ORD-000225,2025-11-06T20:23:26Z,mobile,80874,completed,,US-E
ORD-000226,2025-06-22T20:37:31Z,partner,17646,completed,,CA
ORD-000227,2025-11-13T19:16:12Z,legacy_pos,3100,refunded,,US-E
ORD-000228,2025-08-14T15:57:26Z,web,46306,cancelled,,US-C
ORD-000229,2025-12-31T20:31:55Z,mobile,50476,cancelled,,US-E
ORD-000230,2025-12-03T20:34:18Z,partner,10338,completed,,US-W
ORD-000231,2025-02-19T18:07:56Z,partner,89010,active,,US-E
ORD-000232,2025-06-18T07:30:56Z,mobile,710,refunded,,US-W
ORD-000233,2025-01-07T16:39:57Z,web,31730,cancelled,,US-W
ORD-000234,2025-08-23T16:18:25Z,mobile,9714,cancelled,,US-W
ORD-000235,2025-08-17T19:40:23Z,partner,59195,refunded,,CA
ORD-000236,2025-11-11T23:52:14Z,mobile,39518,active,,CA
ORD-000237,2025-05-03T20:44:49Z,web,6125,completed,,US-W
ORD-000238,2025-01-12T18:23:19Z,mobile,84212,completed,,US-E
ORD-000239,2025-12-21T22:57:22Z,partner,77305,refunded,2025-12-22T15:57:22Z,CA
ORD-000240,2025-10-28T17:18:49Z,mobile,74375,cancelled,,US-E
ORD-000241,2025-01-13T15:42:14Z,partner,60688,cancelled,,US-W
ORD-000242,2025-07-25T20:44:05Z,mobile,12529,completed,,CA
ORD-000243,2025-01-06T16:46:06Z,web,68744,active,,US-W
ORD-000244,2025-05-25T17:55:40Z,web,89347,active,,US-C
ORD-000245,2025-07-08T14:52:34Z,web,64944,cancelled,,CA
ORD-000246,2025-10-20T21:45:08Z,partner,41667,cancelled,,US-E
ORD-000247,2025-10-06T21:09:08Z,partner,18069,active,,CA
ORD-000248,2025-02-18T19:51:27Z,mobile,84516,cancelled,,US-E
ORD-000249,2025-01-14T17:14:22Z,partner,27218,completed,,US-C
ORD-000250,2025-12-19T21:13:07Z,mobile,25381,refunded,,US-C
ORD-000251,2025-12-31T19:24:00Z,web,30406,cancelled,,US-E
ORD-000252,2025-03-25T19:46:57Z,web,4957,refunded,,US-C
ORD-000253,2025-10-25T15:23:02Z,web,73029,completed,,US-W
ORD-000254,2025-06-24T19:52:33Z,web,42342,active,,US-W
ORD-000255,2025-02-11T18:58:50Z,mobile,65883,refunded,,US-C
ORD-000256,2025-06-18T21:54:36Z,partner,47982,completed,,US-E
ORD-000257,2025-07-23T15:59:27Z,partner,28385,cancelled,,US-W
ORD-000258,2025-12-13T21:16:20Z,mobile,84331,cancelled,,US-E
ORD-000259,2025-10-05T19:28:29Z,partner,65826,completed,,CA
ORD-000260,2025-09-11T19:01:28Z,web,43239,cancelled,,CA
ORD-000261,2025-04-15T17:02:19Z,mobile,55333,completed,,US-W
ORD-000262,2025-09-23T15:45:40Z,partner,31597,cancelled,,US-E
ORD-000263,2025-06-06T16:03:16Z,web,54591,cancelled,,US-C
ORD-000264,2025-06-17T21:44:32Z,mobile,45700,active,,US-W
ORD-000265,2025-11-11T20:07:57Z,partner,89073,completed,,US-W
ORD-000266,2025-04-08T16:33:06Z,mobile,72054,refunded,,US-C
ORD-000267,2025-11-29T23:17:57Z,partner,8723,completed,,CA
ORD-000268,2025-09-22T19:33:44Z,partner,68602,cancelled,,US-E
ORD-000269,2025-02-06T23:08:06Z,web,51154,active,,US-E
ORD-000270,2025-10-13T14:51:17Z,web,28389,refunded,,CA
ORD-000271,2025-02-03T18:49:45Z,partner,15183,active,,CA
ORD-000272,2025-03-18T19:06:04Z,web,69872,cancelled,,US-W
ORD-000273,2025-05-10T17:59:01Z,web,29804,refunded,,US-C
ORD-000274,2025-11-25T18:27:05Z,mobile,83466,cancelled,,CA
ORD-000275,2025-03-26T22:21:24Z,web,5238,completed,,US-E
ORD-000276,2025-01-12T20:03:45Z,partner,69151,active,,US-E
ORD-000277,2025-06-01T18:47:09Z,web,8336,active,,CA
ORD-000278,2025-10-16T20:58:57Z,mobile,44326,refunded,,CA
ORD-000279,2025-09-05T17:09:55Z,web,6394,cancelled,,US-C
ORD-000280,2025-05-16T22:20:38Z,partner,70829,refunded,,US-W
ORD-000281,2025-09-07T17:58:10Z,mobile,66893,active,,US-C
ORD-000282,2025-08-03T14:09:54Z,mobile,2558,cancelled,,CA
ORD-000283,2025-05-04T16:46:24Z,mobile,51029,refunded,,US-C
ORD-000284,2025-01-23T22:43:56Z,mobile,81028,active,,US-E
ORD-000285,2025-04-28T20:42:16Z,partner,9886,completed,,US-E
ORD-000286,2025-11-27T20:05:28Z,partner,73587,completed,,US-W
ORD-000287,2025-03-20T18:20:39Z,mobile,66862,active,,US-W
ORD-000288,2025-04-24T19:41:33Z,mobile,82920,cancelled,,CA
ORD-000289,2025-07-28T14:10:15Z,mobile,58629,completed,,CA
ORD-000290,2025-07-20T21:19:46Z,partner,64255,active,,US-E
ORD-000291,2025-08-24T14:37:18Z,mobile,73068,cancelled,,CA
ORD-000292,2025-04-20T20:47:15Z,mobile,46035,cancelled,,US-W
ORD-000293,2025-02-11T22:00:02Z,partner,43658,refunded,,US-C
ORD-000294,2025-10-07T14:40:22Z,mobile,76852,active,,US-W
ORD-000295,2025-04-24T19:57:02Z,mobile,55106,active,,US-E
ORD-000296,2025-03-19T18:52:53Z,mobile,7277,active,,US-C
ORD-000297,2025-07-14T22:42:47Z,web,39666,refunded,,US-E
ORD-000298,2025-11-15T22:22:10Z,partner,37829,refunded,,US-W
ORD-000299,2025-05-24T16:24:58Z,partner,56902,completed,,US-C
ORD-000300,2025-10-26T15:18:52Z,web,67012,cancelled,,US-C
ORD-000301,2025-08-03T14:47:04Z,mobile,34251,cancelled,,US-E
ORD-000302,2025-02-12T21:13:31Z,mobile,46145,active,,US-E
ORD-000303,2025-03-22T15:58:23Z,web,80504,completed,,US-C
ORD-000304,2025-06-24T16:30:53Z,web,84190,active,,US-W
ORD-000305,2025-02-12T22:12:12Z,partner,30307,cancelled,,CA
ORD-000306,2025-01-22T21:46:26Z,mobile,71443,completed,,CA
ORD-000307,2025-02-05T19:58:47Z,web,78747,refunded,,US-E
ORD-000308,2025-06-05T14:25:04Z,mobile,51969,cancelled,,US-W
ORD-000309,2025-04-18T14:28:03Z,partner,5361,refunded,,CA
ORD-000310,2025-07-08T14:58:36Z,mobile,3836,cancelled,,CA
ORD-000311,2025-02-02T16:39:11Z,partner,88996,refunded,,CA
ORD-000312,2025-07-16T15:45:23Z,web,33089,completed,,US-C
ORD-000313,2025-08-06T16:20:41Z,partner,87350,cancelled,,CA
ORD-000314,2025-04-24T22:27:41Z,web,27959,active,,CA
ORD-000315,2025-12-20T21:13:48Z,partner,87289,cancelled,,US-E
ORD-000316,2025-06-13T16:35:16Z,web,81299,completed,,CA
ORD-000317,2025-09-25T19:34:18Z,partner,52630,refunded,,CA
ORD-000318,2025-12-31T18:23:30Z,partner,20237,completed,,US-C
ORD-000319,2025-12-12T19:27:23Z,partner,86173,cancelled,,CA
ORD-000320,2025-06-10T21:39:00Z,mobile,50818,cancelled,,US-C
ORD-000321,2025-12-07T17:25:22Z,web,14402,active,,US-C
ORD-000322,2025-02-04T21:37:16Z,partner,35825,completed,,US-E
ORD-000323,2025-08-09T15:41:43Z,partner,42374,active,,US-E
ORD-000324,2025-12-05T20:19:07Z,mobile,78874,refunded,,US-C
ORD-000325,2025-08-06T14:26:06Z,partner,38625,refunded,,CA
ORD-000326,2025-01-08T15:11:14Z,mobile,73215,refunded,,US-C
ORD-000327,2025-10-28T20:26:13Z,partner,13939,cancelled,,US-W
ORD-000328,2025-05-16T22:22:32Z,web,41096,active,,CA
ORD-000329,2025-04-18T17:57:09Z,web,73568,cancelled,,US-E
ORD-000330,2025-11-14T15:31:08Z,partner,83375,active,,CA
ORD-000331,2025-07-21T18:34:44Z,partner,38848,cancelled,,CA
ORD-000332,2025-01-30T07:14:18Z,partner,87082,completed,,US-C
ORD-000333,2025-05-16T02:37:11Z,web,86657,refunded,,US-C
ORD-000334,2025-12-16T15:33:50Z,mobile,37533,refunded,,CA
ORD-000335,2025-10-19T22:01:05Z,mobile,39794,refunded,,US-C
ORD-000336,2025-05-15T14:58:53Z,web,863,refunded,,CA
ORD-000337,2025-11-11T17:47:33Z,mobile,27764,refunded,,US-C
ORD-000338,2025-04-28T18:26:44Z,mobile,27583,refunded,,US-E
ORD-000339,2025-07-12T14:48:51Z,partner,77819,cancelled,,US-E
ORD-000340,2025-06-19T22:48:49Z,mobile,20886,cancelled,,US-C
ORD-000341,2025-09-09T19:56:31Z,partner,86264,refunded,,CA
ORD-000342,2025-02-22T22:34:07Z,web,21791,completed,,CA
ORD-000343,2025-07-17T21:10:58Z,web,62948,cancelled,,US-C
ORD-000344,2025-02-03T19:31:01Z,partner,32873,active,,US-W
ORD-000345,2025-10-25T17:01:27Z,partner,79849,active,,CA
ORD-000346,2025-07-10T16:44:08Z,mobile,37558,active,,US-E
ORD-000347,2025-10-08T17:20:56Z,web,57363,cancelled,,US-W
ORD-000348,2025-01-18T19:09:46Z,mobile,10176,completed,,US-W
ORD-000349,2025-03-28T22:51:32Z,partner,16314,completed,,CA
ORD-000350,2025-05-08T21:46:27Z,mobile,81203,cancelled,,US-W
ORD-000351,2025-05-19T20:29:44Z,partner,71725,refunded,,US-W
ORD-000352,2025-04-23T20:01:10Z,mobile,66940,cancelled,,US-E
ORD-000353,2025-07-05T20:34:42Z,mobile,84396,completed,,US-W
ORD-000354,2025-07-18T17:33:28Z,legacy_pos,15600,refunded,,US-E
ORD-000355,2025-09-16T18:12:44Z,web,43999,cancelled,,CA
ORD-000356,2025-02-13T15:34:48Z,web,59730,refunded,,US-C
ORD-000357,2025-06-28T18:38:52Z,web,16494,active,,US-C
ORD-000358,2025-12-07T23:08:43Z,web,24190,active,,US-W
ORD-000359,2025-10-26T22:42:12Z,partner,60939,refunded,,US-E
ORD-000360,2025-03-25T20:36:20Z,partner,49608,completed,,US-E
ORD-000361,2025-10-13T22:17:35Z,partner,46492,refunded,,US-C
ORD-000362,2025-01-23T23:06:09Z,web,24353,refunded,,CA
ORD-000363,2025-07-30T17:25:56Z,mobile,16155,refunded,,US-W
ORD-000364,2025-09-02T19:26:07Z,web,84103,completed,,US-E
ORD-000365,2025-09-03T18:07:59Z,mobile,76568,refunded,,US-W
ORD-000366,2025-11-24T22:27:00Z,web,11355,cancelled,,US-C
ORD-000367,2025-05-25T16:18:42Z,mobile,73108,active,,US-C
ORD-000368,2025-02-02T16:55:04Z,partner,54847,refunded,,US-W
ORD-000369,2025-02-07T15:07:37Z,mobile,22046,completed,,CA
ORD-000370,2025-11-09T15:59:58Z,partner,69758,active,,US-C
ORD-000371,2025-03-07T17:13:45Z,partner,65413,cancelled,,CA
ORD-000372,2025-12-06T20:09:24Z,web,14924,completed,,CA
ORD-000373,2025-07-15T07:22:20Z,web,65314,cancelled,,US-E
ORD-000374,2025-04-03T16:16:53Z,mobile,25577,refunded,,CA
ORD-000375,2025-08-17T14:30:03Z,mobile,26720,refunded,,CA
ORD-000376,2025-12-10T21:42:04Z,partner,75053,completed,,US-C
ORD-000377,2025-11-29T16:20:13Z,partner,23185,cancelled,,US-E
ORD-000378,2025-10-29T22:54:39Z,partner,41465,completed,,US-E
ORD-000379,2025-01-26T15:50:37Z,partner,16300,refunded,,US-C
ORD-000380,2025-12-04T17:19:53Z,web,34317,active,,US-C
ORD-000381,2025-06-28T16:52:07Z,mobile,15235,completed,,US-W
ORD-000382,2025-03-04T21:52:08Z,web,42315,active,,CA
ORD-000383,2025-03-14T21:09:51Z,legacy_pos,5300,cancelled,,CA
ORD-000384,2025-08-18T15:40:53Z,mobile,89185,cancelled,,CA
ORD-000385,2025-01-16T19:32:02Z,partner,35255,completed,,US-C
ORD-000386,2025-01-12T07:19:13Z,mobile,57965,cancelled,,US-C
ORD-000387,2025-06-09T21:09:24Z,mobile,82415,completed,,US-C
ORD-000388,2025-11-19T23:30:16Z,mobile,44773,completed,,US-C
ORD-000389,2025-11-09T18:55:36Z,partner,9050,completed,,US-E
ORD-000390,2025-05-10T14:53:11Z,mobile,30407,completed,,US-W
ORD-000391,2025-01-06T23:45:17Z,mobile,71962,active,,US-W
ORD-000392,2025-07-10T15:07:54Z,mobile,72800,completed,,CA
ORD-000393,2025-04-13T14:06:53Z,mobile,6745,active,,US-C
ORD-000394,2025-11-08T17:39:51Z,web,58351,active,,US-E
ORD-000395,2025-05-04T21:46:00Z,web,14488,cancelled,,CA
ORD-000396,2025-06-30T21:08:28Z,web,23986,refunded,,US-C
ORD-000397,2025-05-19T18:04:37Z,mobile,81108,refunded,,CA
ORD-000398,2025-12-19T18:50:08Z,web,35425,cancelled,,US-E
ORD-000399,2025-10-18T21:04:29Z,partner,73443,completed,,US-E
ORD-000400,2025-06-09T16:34:24Z,web,84832,active,,US-C
ORD-000401,2025-06-07T17:44:14Z,partner,28340,active,,US-C
ORD-000402,2025-05-04T17:04:15Z,legacy_pos,29700,cancelled,,CA
ORD-000403,2025-04-26T22:40:28Z,partner,36068,cancelled,,US-W
ORD-000404,2025-07-13T21:14:21Z,mobile,80336,completed,2025-07-20T19:14:21Z,CA
ORD-000405,2025-06-20T14:06:18Z,partner,31072,refunded,,CA
ORD-000406,2025-05-08T18:20:28Z,partner,51025,refunded,,US-W
ORD-000407,2025-11-07T18:42:07Z,web,17450,refunded,,US-C
ORD-000408,2025-01-11T20:58:15Z,mobile,14255,refunded,,US-E
ORD-000409,2025-01-08T22:50:49Z,web,17087,refunded,2025-01-10T23:50:49Z,US-E
ORD-000410,2025-12-12T23:57:22Z,partner,44733,cancelled,,US-E
ORD-000411,2025-07-14T16:12:18Z,web,73751,cancelled,,CA
ORD-000412,2025-05-12T22:25:09Z,mobile,57567,active,,US-W
ORD-000413,2025-06-10T17:37:18Z,partner,43317,completed,,CA
ORD-000414,2025-03-17T21:03:17Z,mobile,23307,completed,,US-E
ORD-000415,2025-04-03T18:26:17Z,partner,30245,refunded,,CA
ORD-000416,2025-01-04T07:02:41Z,web,22763,completed,,US-E
ORD-000417,2025-03-25T18:18:02Z,web,67405,refunded,,US-W
ORD-000418,2025-07-09T17:33:12Z,partner,24333,active,,CA
ORD-000419,2025-02-08T19:17:39Z,partner,88787,cancelled,,CA
ORD-000420,2025-12-19T16:47:27Z,mobile,84910,refunded,,US-E
ORD-000421,2025-07-18T20:40:05Z,web,52727,active,,CA
ORD-000422,2025-03-23T16:16:01Z,mobile,70448,active,,US-W
ORD-000423,2025-09-15T16:12:48Z,legacy_pos,9200,refunded,,US-E
ORD-000424,2025-11-25T15:46:58Z,web,9790,refunded,,US-C
ORD-000425,2025-04-30T21:16:02Z,partner,68177,cancelled,,US-E
ORD-000426,2025-01-28T17:14:03Z,partner,2397,cancelled,,US-C
ORD-000427,2025-09-23T20:43:27Z,mobile,87616,active,,US-E
ORD-000428,2025-05-18T20:27:36Z,partner,19684,cancelled,,US-C
ORD-000429,2025-02-15T20:44:22Z,partner,12592,active,,CA
ORD-000430,2025-10-31T21:42:43Z,mobile,24494,cancelled,,CA
ORD-000431,2025-12-30T23:01:58Z,web,65407,cancelled,,US-W
ORD-000432,2025-09-19T19:44:07Z,mobile,59035,cancelled,,CA
ORD-000433,2025-08-22T00:06:21Z,legacy_pos,39238,refunded,,US-W
ORD-000434,2025-05-07T18:05:32Z,partner,64336,cancelled,,US-E
ORD-000435,2025-01-26T19:50:34Z,mobile,14959,refunded,,US-E
ORD-000436,2025-03-29T16:37:36Z,partner,43711,active,,US-W
ORD-000437,2025-04-21T16:37:20Z,web,71947,active,,US-W
ORD-000438,2025-07-31T06:08:48Z,partner,4723,active,,US-E
ORD-000439,2025-08-28T22:19:17Z,legacy_pos,28000,cancelled,,US-C
ORD-000440,2025-03-17T16:18:04Z,mobile,70186,active,,US-W
ORD-000441,2025-12-01T18:55:20Z,partner,7478,refunded,,US-W
ORD-000442,2025-12-13T17:30:19Z,mobile,49910,refunded,,CA
ORD-000443,2025-03-31T17:25:44Z,web,26142,completed,,US-W
ORD-000444,2025-03-14T15:43:19Z,partner,12351,completed,,CA
ORD-000445,2025-05-28T16:51:54Z,mobile,30471,completed,,CA
ORD-000446,2025-07-20T15:08:10Z,partner,29877,completed,,US-W
ORD-000447,2025-08-08T19:52:59Z,mobile,85716,refunded,,CA
ORD-000448,2025-08-18T19:27:50Z,web,60272,cancelled,,US-W
ORD-000449,2025-07-04T15:35:27Z,partner,61746,cancelled,,CA
ORD-000450,2025-04-21T16:59:27Z,web,6316,active,,US-E
ORD-000451,2025-01-14T20:30:57Z,web,1118,refunded,,US-W
ORD-000452,2025-01-16T15:06:09Z,partner,27111,refunded,,US-E
ORD-000453,2025-04-02T22:52:32Z,mobile,57723,refunded,,US-W
ORD-000454,2025-09-09T16:16:41Z,mobile,1447,completed,,US-W
ORD-000455,2025-04-17T16:11:50Z,partner,10779,refunded,,US-C
ORD-000456,2025-07-07T18:02:21Z,web,54306,completed,,US-W
ORD-000457,2025-04-05T16:27:26Z,mobile,30734,cancelled,,US-C
ORD-000458,2025-04-27T18:29:23Z,web,59603,refunded,,US-E
ORD-000459,2025-10-16T20:28:02Z,mobile,51434,active,,US-W
ORD-000460,2025-11-04T17:20:29Z,web,50060,completed,,CA
ORD-000461,2025-12-10T00:11:56Z,legacy_pos,86874,refunded,,US-C
ORD-000462,2025-09-29T14:20:47Z,mobile,55262,completed,,US-E
ORD-000463,2025-12-10T20:04:53Z,web,34336,active,,US-E
ORD-000464,2025-09-01T21:29:19Z,mobile,34219,cancelled,,US-W
ORD-000465,2025-02-03T23:01:01Z,web,44856,cancelled,,US-W
ORD-000466,2025-07-27T06:45:56Z,web,19991,active,,US-E
ORD-000467,2025-06-11T21:58:13Z,partner,72807,completed,,US-E
ORD-000468,2025-04-08T22:44:29Z,partner,34933,active,,US-E
ORD-000469,2025-10-25T17:44:35Z,web,65026,cancelled,,US-E
ORD-000470,2025-06-13T18:18:46Z,mobile,36169,completed,,US-C
ORD-000471,2025-02-12T21:02:51Z,partner,2785,refunded,,US-E
ORD-000472,2025-12-17T21:21:51Z,web,48247,active,2025-12-19T09:21:51Z,CA
ORD-000473,2025-08-29T16:03:35Z,mobile,89491,refunded,,US-E
ORD-000474,2025-04-01T14:45:49Z,partner,54669,completed,,US-C
ORD-000475,2025-12-05T18:30:02Z,mobile,52663,cancelled,,US-E
ORD-000476,2025-02-01T21:06:45Z,partner,74729,completed,,US-E
ORD-000477,2025-05-17T21:54:36Z,web,9016,cancelled,,US-W
ORD-000478,2025-01-16T21:26:11Z,mobile,40581,cancelled,,CA
ORD-000479,2025-01-09T15:21:20Z,web,46650,active,,US-E
ORD-000480,2025-07-14T19:53:19Z,web,26117,active,,CA
ORD-000481,2025-08-29T21:12:15Z,mobile,21761,cancelled,,US-W
ORD-000482,2025-09-05T18:36:30Z,partner,34288,completed,,CA
ORD-000483,2025-12-25T06:31:23Z,mobile,85094,completed,,US-E
ORD-000484,2025-08-12T17:42:04Z,partner,29377,refunded,,CA
ORD-000485,2025-02-01T17:32:54Z,partner,32697,cancelled,,US-C
ORD-000486,2025-02-26T16:05:35Z,mobile,21711,cancelled,,US-E
ORD-000487,2025-10-30T21:41:08Z,web,41809,completed,,US-W
ORD-000488,2025-04-28T14:23:24Z,mobile,1005,active,,CA
ORD-000489,2025-10-29T16:43:40Z,web,57793,completed,,US-W
ORD-000490,2025-12-16T18:41:09Z,mobile,15827,refunded,,US-E
ORD-000491,2025-07-14T17:00:49Z,mobile,786,active,,US-C
ORD-000492,2025-06-05T21:19:39Z,mobile,83453,active,,US-E
ORD-000493,2025-09-17T16:04:49Z,partner,26737,completed,,US-C
ORD-000494,2025-09-14T20:50:25Z,partner,748,refunded,,CA
ORD-000495,2025-12-03T21:20:18Z,web,32713,refunded,,US-C
ORD-000496,2025-10-21T22:21:22Z,partner,20819,refunded,,CA
ORD-000497,2025-12-14T19:59:04Z,partner,54420,active,,US-C
ORD-000498,2025-12-30T21:19:24Z,web,34206,refunded,,US-W
ORD-000499,2025-03-29T18:59:49Z,web,47597,refunded,,US-C
ORD-000500,2025-04-09T21:02:57Z,web,41194,refunded,,US-W
ORD-000501,2025-07-23T20:29:28Z,mobile,27023,refunded,,CA
ORD-000502,2025-12-25T20:33:55Z,partner,20235,active,,CA
ORD-000503,2025-03-07T21:00:29Z,web,17049,cancelled,,US-C
ORD-000504,2025-12-18T18:46:54Z,partner,25034,completed,,US-E
ORD-000505,2025-07-02T21:36:39Z,partner,19435,cancelled,,US-W
ORD-000506,2025-04-05T22:14:17Z,web,12297,completed,2025-04-13T17:14:17Z,US-W
ORD-000507,2025-12-03T21:43:26Z,mobile,41961,cancelled,,CA
ORD-000508,2025-11-25T17:44:18Z,web,21597,completed,,US-W
ORD-000509,2025-01-17T20:47:49Z,mobile,80565,cancelled,,CA
ORD-000510,2025-11-29T16:02:10Z,web,70550,completed,,US-W
ORD-000511,2025-04-25T18:47:47Z,mobile,4402,completed,,US-E
ORD-000512,2025-10-10T17:03:10Z,partner,33434,completed,,US-W
ORD-000513,2025-06-19T04:30:17Z,web,55709,refunded,,US-E
ORD-000514,2025-08-19T17:54:34Z,mobile,86140,completed,,US-E
ORD-000515,2025-07-20T15:36:04Z,partner,44191,completed,,US-C
ORD-000516,2025-04-10T20:58:52Z,mobile,7777,cancelled,,US-E
ORD-000517,2025-08-14T14:10:54Z,mobile,8880,active,,US-E
ORD-000518,2025-01-12T22:20:52Z,web,54984,completed,,US-C
ORD-000519,2025-01-07T16:33:34Z,mobile,54479,completed,,CA
ORD-000520,2025-08-24T17:07:19Z,web,79078,active,,CA
ORD-000521,2025-08-05T16:57:08Z,partner,62920,cancelled,,US-C
ORD-000522,2025-07-14T17:30:47Z,partner,54671,active,,US-E
ORD-000523,2025-09-11T19:02:37Z,partner,81341,active,,US-C
ORD-000524,2025-05-26T22:57:53Z,web,62623,refunded,,US-C
ORD-000525,2025-01-28T21:33:00Z,web,46722,refunded,,US-C
ORD-000526,2025-08-20T15:38:47Z,mobile,89789,completed,,US-E
ORD-000527,2025-07-09T15:10:38Z,partner,18214,cancelled,,US-E
ORD-000528,2025-07-28T16:38:17Z,web,41377,completed,,US-C
ORD-000529,2025-03-14T16:22:20Z,web,79992,active,,US-C
ORD-000530,2025-01-12T18:25:03Z,partner,35141,cancelled,,US-W
ORD-000531,2025-03-14T14:17:59Z,mobile,78590,active,,US-C
ORD-000532,2025-02-17T18:38:03Z,partner,45289,active,,CA
ORD-000533,2025-07-14T18:37:49Z,mobile,69354,cancelled,,US-W
ORD-000534,2025-03-26T17:25:21Z,mobile,89356,active,,US-C
ORD-000535,2025-03-20T18:08:00Z,partner,46688,refunded,,CA
ORD-000536,2025-06-02T17:53:07Z,mobile,82550,cancelled,,CA
ORD-000537,2025-11-23T23:50:13Z,partner,56773,active,,US-E
ORD-000538,2025-07-10T20:26:04Z,legacy_pos,1735,completed,,US-W
ORD-000539,2025-11-11T19:46:16Z,partner,7462,active,,US-W
ORD-000540,2025-10-03T19:36:02Z,web,73540,refunded,,CA
ORD-000541,2025-09-10T17:05:55Z,mobile,23727,cancelled,,US-E
ORD-000542,2025-02-26T17:01:09Z,mobile,28404,completed,,US-E
ORD-000543,2025-10-13T20:38:34Z,partner,71834,cancelled,,US-E
ORD-000544,2025-02-04T19:37:40Z,partner,18037,active,,US-C
ORD-000545,2025-11-03T23:08:17Z,partner,8032,cancelled,,US-E
ORD-000546,2025-12-31T20:05:55Z,mobile,43424,cancelled,,US-C
ORD-000547,2025-10-21T19:14:13Z,partner,43175,active,,CA
ORD-000548,2025-04-06T14:36:32Z,partner,8564,cancelled,,US-W
ORD-000549,2025-11-14T17:21:02Z,web,20872,cancelled,,US-W
ORD-000550,2025-04-26T15:09:39Z,web,51022,refunded,,CA
ORD-000551,2025-08-09T14:10:30Z,mobile,24043,completed,,US-C
ORD-000552,2025-02-05T15:58:27Z,partner,59527,refunded,,US-W
ORD-000553,2025-02-19T17:52:32Z,web,68027,refunded,,US-C
ORD-000554,2025-12-27T23:29:13Z,web,63540,cancelled,,CA
ORD-000555,2025-06-08T17:50:22Z,web,24341,refunded,,CA
ORD-000556,2025-03-13T20:59:39Z,partner,68014,active,,US-E
ORD-000557,2025-10-30T22:09:09Z,mobile,24890,active,2025-11-07T06:09:09Z,CA
ORD-000558,2025-03-30T16:25:24Z,partner,83859,cancelled,2025-04-04T15:25:24Z,US-E
ORD-000559,2025-10-21T15:20:14Z,web,8405,active,,US-E
ORD-000560,2025-01-06T21:07:46Z,web,46010,refunded,,US-W
ORD-000561,2025-06-27T18:42:47Z,partner,46189,cancelled,,US-W
ORD-000562,2025-09-02T22:15:48Z,web,5596,completed,,US-E
ORD-000563,2025-06-30T17:13:13Z,web,6955,completed,,US-E
ORD-000564,2025-05-26T20:16:52Z,mobile,25016,active,,US-C
ORD-000565,2025-02-14T17:43:54Z,partner,76136,active,,US-E
ORD-000566,2025-10-04T22:52:38Z,web,25432,active,,US-C
ORD-000567,2025-05-26T17:38:16Z,mobile,51593,cancelled,,US-C
ORD-000568,2025-03-04T15:13:56Z,mobile,49317,refunded,,US-C
ORD-000569,2025-08-24T15:34:21Z,web,21797,cancelled,,US-C
ORD-000570,2025-07-05T21:15:54Z,web,54469,completed,,US-C
ORD-000571,2025-01-27T16:39:18Z,web,42198,cancelled,,US-E
ORD-000572,2025-12-16T23:44:26Z,mobile,34408,cancelled,,US-E
ORD-000573,2025-02-01T16:49:31Z,partner,25587,completed,,US-C
ORD-000574,2025-10-25T20:16:53Z,partner,89678,cancelled,,CA
ORD-000575,2025-12-11T16:01:45Z,partner,77495,refunded,,US-C
ORD-000576,2025-04-10T15:15:28Z,partner,19829,cancelled,,US-W
ORD-000577,2025-07-30T17:43:57Z,partner,69682,cancelled,,US-E
ORD-000578,2025-08-02T22:03:05Z,mobile,2020,active,,US-C
ORD-000579,2025-08-17T15:39:01Z,mobile,54557,refunded,,US-C
ORD-000580,2025-08-03T17:01:41Z,mobile,20466,refunded,,US-W
ORD-000581,2025-05-31T22:12:35Z,partner,73012,cancelled,,US-W
ORD-000582,2025-01-27T22:14:55Z,web,72779,completed,,CA
ORD-000583,2025-05-11T07:43:33Z,mobile,29541,cancelled,,CA
ORD-000584,2025-06-09T20:31:37Z,web,70007,refunded,,CA
ORD-000585,2025-03-26T15:58:12Z,mobile,83782,refunded,,US-E
ORD-000586,2025-08-09T20:06:16Z,partner,67276,completed,,US-W
ORD-000587,2025-03-11T19:50:15Z,partner,63093,active,,CA
ORD-000588,2025-08-30T17:25:04Z,mobile,71658,refunded,,CA
ORD-000589,2025-11-26T19:35:40Z,web,43397,refunded,,US-W
ORD-000590,2025-07-05T17:36:58Z,partner,47573,cancelled,2025-07-05T23:36:58Z,CA
ORD-000591,2025-12-27T23:38:44Z,web,24066,refunded,,US-C
ORD-000592,2025-10-30T14:17:47Z,legacy_pos,51740,active,,US-C
ORD-000593,2025-04-05T22:51:17Z,mobile,19820,refunded,,US-C
ORD-000594,2025-03-10T18:31:39Z,web,47671,cancelled,,US-E
ORD-000595,2025-12-25T23:42:56Z,web,21281,refunded,,CA
ORD-000596,2025-03-24T18:13:30Z,web,2374,active,,US-W
ORD-000597,2025-04-22T16:45:56Z,web,2328,refunded,,US-E
ORD-000598,2025-10-25T17:56:43Z,partner,16294,completed,,US-E
ORD-000599,2025-06-13T19:14:33Z,partner,1690,cancelled,,CA
ORD-000600,2025-02-28T16:32:12Z,mobile,64622,cancelled,,US-E
ORD-000601,2025-10-10T16:02:50Z,web,82088,refunded,,US-W
ORD-000602,2025-04-09T14:58:49Z,partner,82559,cancelled,,US-W
ORD-000603,2025-03-27T15:55:40Z,web,15539,refunded,,CA
ORD-000604,2025-11-07T23:13:41Z,web,81967,completed,,US-E
ORD-000605,2025-04-04T22:06:44Z,web,1457,refunded,,US-E
ORD-000606,2025-04-23T14:17:25Z,mobile,56100,active,,US-C
ORD-000607,2025-02-02T19:56:28Z,web,37605,refunded,,CA
ORD-000608,2025-03-12T16:29:32Z,web,33463,cancelled,,CA
ORD-000609,2025-07-24T22:39:57Z,partner,40606,refunded,,US-E
ORD-000610,2025-03-04T15:43:35Z,web,56140,cancelled,,CA
ORD-000611,2025-09-14T20:23:03Z,mobile,27316,completed,,US-E
ORD-000612,2025-02-18T23:15:32Z,partner,80370,cancelled,,US-W
ORD-000613,2025-05-09T21:30:38Z,partner,62506,refunded,,US-C
ORD-000614,2025-09-06T20:34:50Z,partner,72053,refunded,,US-E
ORD-000615,2025-08-21T16:57:48Z,web,8514,active,,US-C
ORD-000616,2025-09-11T19:19:35Z,web,85300,refunded,,US-C
ORD-000617,2025-08-05T14:45:51Z,partner,39389,cancelled,,US-E
ORD-000618,2025-05-20T22:27:23Z,mobile,71309,active,,CA
ORD-000619,2025-08-26T15:38:00Z,mobile,60501,completed,,US-E
ORD-000620,2025-12-15T20:23:43Z,legacy_pos,55600,active,,US-E
ORD-000621,2025-06-03T14:27:31Z,web,5533,refunded,,US-C
ORD-000622,2025-01-22T22:28:51Z,web,71344,cancelled,,US-E
ORD-000623,2025-09-30T18:57:53Z,partner,49147,completed,,CA
ORD-000624,2025-03-30T18:54:21Z,legacy_pos,81400,completed,,US-E
ORD-000625,2025-04-06T19:50:33Z,mobile,39986,cancelled,,US-C
ORD-000626,2025-05-21T22:32:43Z,mobile,14738,active,,CA
ORD-000627,2025-05-06T18:52:53Z,mobile,36593,cancelled,,US-C
ORD-000628,2025-07-22T18:09:32Z,partner,22658,refunded,,US-W
ORD-000629,2025-04-21T22:07:02Z,partner,28993,cancelled,,US-C
ORD-000630,2025-12-23T20:37:26Z,web,85201,completed,,CA
ORD-000631,2025-05-11T15:17:47Z,partner,39576,completed,,US-E
ORD-000632,2025-03-29T14:07:37Z,web,38679,refunded,,CA
ORD-000633,2025-12-26T15:39:53Z,mobile,57894,cancelled,,US-W
ORD-000634,2025-06-29T16:36:44Z,web,47795,refunded,,US-E
ORD-000635,2025-03-17T20:59:10Z,partner,78441,cancelled,,US-C
ORD-000636,2025-08-28T17:42:50Z,partner,70364,active,,US-E
ORD-000637,2025-06-20T17:24:41Z,partner,22617,completed,,US-C
ORD-000638,2025-12-21T18:27:24Z,partner,827,completed,,US-W
ORD-000639,2025-02-06T22:51:56Z,partner,2099,completed,,US-W
ORD-000640,2025-08-16T22:28:04Z,web,88112,active,,US-E
ORD-000641,2025-02-20T23:27:22Z,legacy_pos,63700,refunded,,US-E
ORD-000642,2025-12-04T17:40:19Z,web,10928,refunded,,CA
ORD-000643,2025-07-12T14:23:08Z,mobile,72858,active,,US-W
ORD-000644,2025-06-10T14:44:40Z,partner,47754,completed,,US-W
ORD-000645,2025-08-05T18:46:12Z,partner,54978,refunded,,US-E
ORD-000646,2025-09-12T21:45:24Z,web,81321,cancelled,,CA
ORD-000647,2025-08-12T14:31:32Z,web,67444,completed,,US-C
ORD-000648,2025-01-05T21:38:51Z,partner,19868,active,,US-E
ORD-000649,2025-08-24T20:31:58Z,mobile,79192,active,,US-E
ORD-000650,2025-08-09T22:02:38Z,partner,32698,cancelled,,US-W
ORD-000651,2025-04-20T14:57:20Z,mobile,49218,completed,,US-E
ORD-000652,2025-04-22T18:13:46Z,mobile,84259,refunded,,US-C
ORD-000653,2025-05-17T17:26:39Z,web,56966,refunded,,US-W
ORD-000654,2025-03-29T21:52:41Z,legacy_pos,83756,completed,,US-E
ORD-000655,2025-04-30T18:39:52Z,mobile,77452,cancelled,,US-W
ORD-000656,2025-04-15T18:43:44Z,web,33693,completed,,US-C
ORD-000657,2025-02-01T21:29:19Z,web,75382,refunded,,US-E
ORD-000658,2025-12-01T18:17:53Z,web,66696,refunded,,US-W
ORD-000659,2025-02-25T18:03:35Z,partner,24685,cancelled,,US-W
ORD-000660,2025-05-18T19:36:56Z,partner,36887,refunded,,US-W
ORD-000661,2025-05-30T14:05:21Z,web,39925,active,,CA
ORD-000662,2025-04-07T15:43:18Z,web,79985,completed,,CA
ORD-000663,2025-01-20T15:57:30Z,partner,27580,refunded,,US-W
ORD-000664,2025-03-10T16:32:03Z,mobile,66118,active,,US-W
ORD-000665,2025-03-08T21:59:46Z,partner,2663,cancelled,,US-E
ORD-000666,2025-07-12T22:06:08Z,partner,44238,active,,US-W
ORD-000667,2025-01-04T17:28:51Z,web,83293,refunded,,US-C
ORD-000668,2025-02-25T18:35:06Z,web,14448,refunded,,US-E
ORD-000669,2025-09-16T20:29:23Z,web,45954,active,,CA
ORD-000670,2025-05-16T17:02:14Z,mobile,60992,refunded,2025-05-22T00:02:14Z,CA
ORD-000671,2025-02-19T22:52:44Z,web,54157,refunded,,US-C
ORD-000672,2025-10-16T20:27:25Z,web,55171,completed,,US-E
ORD-000673,2025-09-29T18:28:57Z,web,50830,active,,CA
ORD-000674,2025-04-01T15:19:54Z,partner,32067,refunded,,US-W
ORD-000675,2025-02-01T19:06:22Z,partner,84901,active,,US-C
ORD-000676,2025-01-21T17:38:07Z,mobile,55778,completed,,CA
ORD-000677,2025-04-30T18:48:55Z,web,35671,refunded,,US-W
ORD-000678,2025-01-23T23:46:08Z,mobile,89023,refunded,,US-E
ORD-000679,2025-07-13T22:15:48Z,partner,2489,completed,,CA
ORD-000680,2025-11-06T23:42:00Z,mobile,31647,refunded,,US-C
ORD-000681,2025-01-20T23:10:27Z,mobile,30394,refunded,,US-W
ORD-000682,2025-11-08T20:14:27Z,partner,76531,active,,US-C
ORD-000683,2025-05-07T15:06:56Z,partner,40915,refunded,,US-E
ORD-000684,2025-10-14T17:36:58Z,mobile,54419,active,,CA
ORD-000685,2025-05-07T21:27:29Z,web,19129,cancelled,,US-W
ORD-000686,2025-01-09T22:44:27Z,mobile,79125,cancelled,2025-01-11T09:44:27Z,US-C
ORD-000687,2025-01-29T20:14:09Z,mobile,81522,refunded,,US-E
ORD-000688,2025-02-14T22:05:13Z,web,53068,completed,,CA
ORD-000689,2025-04-29T22:08:43Z,mobile,64190,active,,US-W
ORD-000690,2025-03-14T16:51:30Z,partner,25590,cancelled,,US-E
ORD-000691,2025-09-08T15:25:55Z,partner,30731,refunded,,US-C
ORD-000692,2025-05-20T07:00:42Z,partner,17108,cancelled,,CA
ORD-000693,2025-08-04T19:19:11Z,web,83639,cancelled,,US-W
ORD-000694,2025-06-02T07:01:32Z,web,66578,refunded,,US-E
ORD-000695,2025-07-30T21:29:57Z,mobile,71138,completed,,US-E
ORD-000696,2025-04-25T16:33:44Z,web,44217,refunded,,US-W
ORD-000697,2025-08-21T14:27:44Z,mobile,57992,refunded,,CA
ORD-000698,2025-01-09T15:35:36Z,partner,43852,active,,CA
ORD-000699,2025-12-30T17:59:45Z,web,69212,active,,US-E
ORD-000700,2025-12-18T17:31:45Z,partner,18286,refunded,,US-W
ORD-000701,2025-12-23T16:21:17Z,mobile,44511,cancelled,,US-C
ORD-000702,2025-02-17T21:12:30Z,web,85053,completed,,US-W
ORD-000703,2025-12-17T16:09:57Z,partner,14152,active,,CA
ORD-000704,2025-04-18T19:40:33Z,mobile,73000,active,,US-E
ORD-000705,2025-06-10T14:54:24Z,partner,46295,completed,,US-E
ORD-000706,2025-09-22T15:04:45Z,web,87835,completed,,US-E
ORD-000707,2025-02-07T19:12:09Z,web,12308,active,,CA
ORD-000708,2025-04-10T21:33:29Z,mobile,25649,active,,US-E
ORD-000709,2025-07-31T17:59:27Z,web,55865,refunded,,US-E
ORD-000710,2025-05-07T21:29:05Z,partner,1878,completed,,US-C
ORD-000711,2025-02-01T18:28:23Z,partner,72737,cancelled,,US-W
ORD-000712,2025-05-31T22:39:49Z,web,77756,cancelled,,US-E
ORD-000713,2025-07-26T19:56:11Z,partner,82051,completed,,US-E
ORD-000714,2025-04-01T19:30:56Z,mobile,83545,active,,US-C
ORD-000715,2025-08-30T19:55:07Z,mobile,6322,cancelled,,US-W
ORD-000716,2025-10-21T18:11:52Z,web,89676,completed,,US-E
ORD-000717,2025-01-29T15:55:55Z,mobile,55851,completed,,US-E
ORD-000718,2025-12-18T16:25:26Z,web,63493,cancelled,,CA
ORD-000719,2025-11-26T18:08:50Z,mobile,79469,completed,,US-E
ORD-000720,2025-05-11T22:44:53Z,mobile,35185,active,,US-E
ORD-000721,2025-07-16T17:45:37Z,web,1888,refunded,,US-C
ORD-000722,2025-02-07T15:24:32Z,mobile,48970,cancelled,,CA
ORD-000723,2025-06-14T22:44:49Z,mobile,51437,active,,US-C
ORD-000724,2025-02-04T22:56:54Z,partner,35221,active,,US-W
ORD-000725,2025-12-09T19:06:09Z,partner,63165,active,,US-E
ORD-000726,2025-01-21T18:09:18Z,partner,49331,refunded,,US-C
ORD-000727,2025-10-29T15:53:33Z,mobile,38874,active,,US-C
ORD-000728,2025-01-15T15:48:28Z,partner,48716,cancelled,,US-E
ORD-000729,2025-10-28T16:24:50Z,mobile,50734,completed,,US-C
ORD-000730,2025-11-10T17:54:30Z,legacy_pos,81700,completed,,US-E
ORD-000731,2025-04-23T07:19:14Z,mobile,51309,completed,,CA
ORD-000732,2025-12-04T20:42:25Z,mobile,36525,cancelled,,US-W
ORD-000733,2025-01-31T16:08:40Z,web,10002,completed,,US-C
ORD-000734,2025-07-02T18:38:08Z,web,68114,completed,,US-W
ORD-000735,2025-03-16T17:41:52Z,web,37656,cancelled,,CA
ORD-000736,2025-02-15T21:09:24Z,web,86380,completed,,CA
ORD-000737,2025-07-09T15:07:56Z,mobile,29185,refunded,,US-W
ORD-000738,2025-05-24T21:48:54Z,partner,52854,cancelled,,CA
ORD-000739,2025-08-14T17:44:50Z,partner,27183,refunded,,US-E
ORD-000740,2025-10-27T15:40:32Z,web,74968,completed,,US-W
ORD-000741,2025-05-09T18:36:05Z,partner,29638,completed,,CA
ORD-000742,2025-03-05T19:18:03Z,web,27874,cancelled,,US-W
ORD-000743,2025-10-05T21:20:19Z,partner,21541,active,,CA
ORD-000744,2025-01-01T22:35:20Z,mobile,6503,cancelled,,US-W
ORD-000745,2025-05-22T16:46:03Z,legacy_pos,26856,completed,,US-E
ORD-000746,2025-08-31T14:39:22Z,web,37848,cancelled,,US-C
ORD-000747,2025-01-25T21:09:41Z,mobile,38978,active,,US-C
ORD-000748,2025-11-07T18:55:28Z,partner,70770,completed,,US-C
ORD-000749,2025-03-23T14:15:06Z,mobile,3982,active,,US-E
ORD-000750,2025-06-03T15:01:05Z,partner,2318,cancelled,,US-C
ORD-000751,2025-12-25T21:02:57Z,partner,49407,refunded,,CA
ORD-000752,2025-10-26T22:36:38Z,partner,36790,active,,US-C
ORD-000753,2025-09-10T16:28:14Z,partner,2333,completed,,CA
ORD-000754,2025-07-03T01:43:39Z,mobile,39111,completed,,CA
ORD-000755,2025-04-12T14:17:04Z,mobile,12210,active,,US-E
ORD-000756,2025-10-30T18:46:34Z,mobile,28035,completed,,US-C
ORD-000757,2025-04-12T22:25:28Z,partner,37006,active,,US-E
ORD-000758,2025-04-23T18:29:50Z,mobile,86397,active,,CA
ORD-000759,2025-04-20T16:41:36Z,partner,73531,active,,US-W
ORD-000760,2025-12-14T16:10:05Z,partner,5552,refunded,,US-C
ORD-000761,2025-10-29T16:13:17Z,partner,13323,active,,CA
ORD-000762,2025-05-25T19:45:14Z,mobile,64286,cancelled,,US-W
ORD-000763,2025-05-10T14:55:02Z,web,78857,active,,US-C
ORD-000764,2025-05-19T17:10:04Z,web,7566,completed,,US-W
ORD-000765,2025-07-05T17:53:33Z,mobile,32730,active,,CA
ORD-000766,2025-07-21T14:21:38Z,partner,77260,completed,,US-E
ORD-000767,2025-01-21T20:55:18Z,web,10735,refunded,,CA
ORD-000768,2025-07-18T20:10:26Z,partner,28426,refunded,,US-E
ORD-000769,2025-12-29T21:09:20Z,web,17352,active,,CA
ORD-000770,2025-09-28T21:26:39Z,mobile,77634,cancelled,,CA
ORD-000771,2025-03-21T18:06:24Z,mobile,86558,refunded,,US-W
ORD-000772,2025-06-12T22:56:09Z,web,23292,cancelled,,US-C
ORD-000773,2025-01-28T20:48:55Z,web,41310,cancelled,,US-W
ORD-000774,2025-10-04T21:02:27Z,mobile,35420,refunded,,US-W
ORD-000775,2025-02-02T02:30:51Z,partner,18279,active,,CA
ORD-000776,2025-03-27T18:39:40Z,web,45373,refunded,,US-E
ORD-000777,2025-07-01T14:49:22Z,mobile,13422,completed,,US-E
ORD-000778,2025-10-24T15:52:37Z,mobile,73946,completed,,US-C
ORD-000779,2025-08-22T18:17:36Z,mobile,27929,completed,,US-C
ORD-000780,2025-02-27T15:36:36Z,partner,13710,completed,,CA
ORD-000781,2025-02-09T16:03:10Z,partner,76132,completed,,US-E
ORD-000782,2025-07-11T16:31:23Z,mobile,57109,cancelled,,US-E
ORD-000783,2025-12-08T22:18:51Z,web,34545,refunded,,US-E
ORD-000784,2025-03-12T17:02:17Z,web,3084,active,,US-E
ORD-000785,2025-04-05T14:07:26Z,mobile,68096,active,,US-C
ORD-000786,2025-03-24T15:44:09Z,web,45754,refunded,,US-W
ORD-000787,2025-03-07T18:06:40Z,partner,70395,completed,,US-W
ORD-000788,2025-01-15T18:48:59Z,partner,43029,completed,,US-E
ORD-000789,2025-03-26T16:43:07Z,web,77773,completed,,US-C
ORD-000790,2025-04-02T21:51:58Z,web,30513,refunded,,US-C
ORD-000791,2025-11-14T21:43:06Z,mobile,83215,completed,,US-E
ORD-000792,2025-12-22T21:33:03Z,web,54973,cancelled,,US-E
ORD-000793,2025-04-13T17:06:11Z,mobile,47581,refunded,,CA
ORD-000794,2025-10-22T18:19:17Z,partner,950,cancelled,,US-W
ORD-000795,2025-06-27T20:55:59Z,web,76169,cancelled,,US-E
ORD-000796,2025-12-15T07:57:12Z,partner,55089,cancelled,,US-C
ORD-000797,2025-08-03T21:29:36Z,partner,46980,cancelled,,US-C
ORD-000798,2025-07-28T22:57:56Z,web,58281,completed,,US-C
ORD-000799,2025-03-07T19:26:42Z,partner,12864,refunded,,US-E
ORD-000800,2025-02-24T16:01:26Z,mobile,68994,cancelled,,US-C
ORD-000801,2025-12-12T21:39:11Z,mobile,7438,active,,US-W
ORD-000802,2025-11-08T17:14:27Z,web,73286,active,,US-W
ORD-000803,2025-06-07T20:37:22Z,web,29288,completed,,US-E
ORD-000804,2025-07-02T17:29:27Z,partner,40286,refunded,,US-C
ORD-000805,2025-04-23T17:19:44Z,web,48417,cancelled,,US-E
ORD-000806,2025-09-25T21:26:00Z,mobile,64437,refunded,,US-E
ORD-000807,2025-05-03T17:28:33Z,web,73190,completed,,US-C
ORD-000808,2025-05-23T22:23:18Z,mobile,68880,cancelled,,US-E
ORD-000809,2025-06-08T18:02:29Z,legacy_pos,54257,active,,US-E
ORD-000810,2025-01-08T18:06:31Z,partner,40009,cancelled,,US-C
ORD-000811,2025-12-05T17:58:28Z,mobile,41995,refunded,,CA
ORD-000812,2025-08-17T18:38:16Z,partner,76946,refunded,,CA
ORD-000813,2025-09-02T22:26:37Z,mobile,34695,refunded,,US-C
ORD-000814,2025-08-15T15:05:07Z,web,9276,completed,,US-W
ORD-000815,2025-07-18T15:43:53Z,mobile,37813,active,,CA
ORD-000816,2025-11-01T04:10:22Z,mobile,80621,refunded,,US-C
ORD-000817,2025-08-19T20:49:09Z,mobile,68636,completed,,US-E
ORD-000818,2025-12-11T18:05:06Z,web,85801,active,,CA
ORD-000819,2025-02-26T19:45:30Z,mobile,11051,refunded,,US-W
ORD-000820,2025-05-03T22:32:37Z,web,79878,refunded,,CA
ORD-000821,2025-12-16T17:57:14Z,partner,34627,completed,,US-E
ORD-000822,2025-03-11T19:52:40Z,partner,60044,completed,,US-W
ORD-000823,2025-10-21T19:36:22Z,mobile,73451,active,,US-C
ORD-000824,2025-06-12T16:50:08Z,mobile,25009,refunded,,US-W
ORD-000825,2025-01-23T19:16:05Z,partner,75669,active,2025-01-31T04:16:05Z,US-E
ORD-000826,2025-07-30T18:03:15Z,legacy_pos,45200,active,,US-W
ORD-000827,2025-04-20T16:59:22Z,web,8711,cancelled,,CA
ORD-000828,2025-10-31T16:34:07Z,mobile,45966,active,,US-C
ORD-000829,2025-11-04T19:31:32Z,mobile,47836,completed,,US-E
ORD-000830,2025-12-26T17:19:20Z,partner,89654,refunded,,US-E
ORD-000831,2025-01-20T23:16:17Z,web,49539,completed,,US-W
ORD-000832,2025-12-28T17:42:13Z,mobile,52706,active,,US-E
ORD-000833,2025-06-09T14:23:03Z,web,25554,refunded,,US-C
ORD-000834,2025-05-26T16:27:18Z,mobile,62765,completed,,US-E
ORD-000835,2025-09-11T20:51:37Z,partner,36205,active,,US-E
ORD-000836,2025-12-28T18:11:16Z,web,67445,active,,US-W
ORD-000837,2025-08-24T17:16:57Z,web,60002,completed,,CA
ORD-000838,2025-06-03T17:49:46Z,partner,85221,refunded,2025-06-07T09:49:46Z,US-C
ORD-000839,2025-07-19T14:47:33Z,web,18961,active,,US-W
ORD-000840,2025-01-22T20:54:05Z,mobile,52317,completed,,US-E
ORD-000841,2025-04-27T22:52:27Z,partner,70713,cancelled,,US-W
ORD-000842,2025-07-13T20:49:12Z,web,2709,cancelled,,US-E
ORD-000843,2025-05-24T21:29:13Z,web,25924,refunded,,CA
ORD-000844,2025-04-28T15:50:15Z,legacy_pos,49398,cancelled,,CA
ORD-000845,2025-01-07T15:53:36Z,web,47251,refunded,,US-W
ORD-000846,2025-04-25T16:05:13Z,mobile,47873,completed,,CA
ORD-000847,2025-11-07T15:02:13Z,partner,13945,refunded,,US-W
ORD-000848,2025-06-16T16:10:47Z,legacy_pos,21600,cancelled,,US-W
ORD-000849,2025-11-28T17:06:11Z,partner,79281,refunded,,US-W
ORD-000850,2025-02-24T21:02:40Z,partner,77710,refunded,,US-E
ORD-000851,2025-11-30T16:18:34Z,web,78567,refunded,,US-W
ORD-000852,2025-09-06T19:29:36Z,partner,58374,refunded,,US-C
ORD-000853,2025-08-20T20:57:58Z,partner,22001,active,,US-E
ORD-000854,2025-04-11T14:28:37Z,mobile,32952,cancelled,2025-04-16T10:28:37Z,US-W
ORD-000855,2025-01-06T20:11:17Z,partner,50315,active,,US-E
ORD-000856,2025-09-14T21:13:42Z,partner,37261,cancelled,,CA
ORD-000857,2025-07-21T20:01:23Z,web,24086,refunded,,US-C
ORD-000858,2025-12-28T15:29:27Z,partner,2224,active,,US-E
ORD-000859,2025-04-11T22:38:44Z,mobile,58392,active,,US-W
ORD-000860,2025-02-01T19:43:01Z,partner,71051,completed,,US-E
ORD-000861,2025-04-13T20:31:27Z,web,31476,cancelled,,US-E
ORD-000862,2025-03-15T14:21:58Z,partner,26782,cancelled,,US-E
ORD-000863,2025-01-18T23:16:10Z,partner,87648,refunded,,US-E
ORD-000864,2025-01-16T21:41:34Z,mobile,19335,completed,,US-W
ORD-000865,2025-04-14T16:09:46Z,web,56069,refunded,,US-E
ORD-000866,2025-09-28T19:51:38Z,mobile,67907,refunded,,US-C
ORD-000867,2025-11-28T16:35:28Z,web,38897,completed,,US-C
ORD-000868,2025-11-08T23:17:38Z,web,69978,refunded,,US-C
ORD-000869,2025-05-17T19:50:06Z,partner,86524,completed,,US-E
ORD-000870,2025-05-31T16:20:52Z,partner,31546,completed,,US-W
ORD-000871,2025-02-20T17:24:31Z,web,18065,refunded,,US-C
ORD-000872,2025-04-25T15:06:51Z,web,9680,active,,US-W
ORD-000873,2025-10-18T17:29:38Z,web,41588,completed,,CA
ORD-000874,2025-12-25T15:40:31Z,web,80013,active,,US-E
ORD-000875,2025-02-19T18:15:31Z,partner,87303,refunded,,US-C
ORD-000876,2025-08-24T15:24:51Z,partner,87849,active,,US-C
ORD-000877,2025-12-25T17:15:31Z,mobile,54945,active,,CA
ORD-000878,2025-09-27T20:03:41Z,web,76631,active,,US-E
ORD-000879,2025-08-16T18:36:17Z,web,21049,active,,CA
ORD-000880,2025-02-25T22:19:39Z,web,37838,refunded,,US-W
ORD-000881,2025-07-25T16:51:08Z,mobile,31711,active,,US-C
ORD-000882,2025-07-12T19:52:07Z,partner,84643,completed,,US-E
ORD-000883,2025-04-17T21:29:47Z,mobile,64317,cancelled,,US-C
ORD-000884,2025-12-12T23:38:40Z,mobile,39313,cancelled,,US-C
ORD-000885,2025-08-04T16:19:31Z,web,31972,refunded,,CA
ORD-000886,2025-04-11T15:30:30Z,partner,51509,completed,,US-C
ORD-000887,2025-08-29T20:08:19Z,web,46240,refunded,,US-C
ORD-000888,2025-12-03T19:44:47Z,web,5384,cancelled,,US-W
ORD-000889,2025-05-16T15:38:10Z,partner,14366,refunded,,US-C
ORD-000890,2025-03-29T22:05:42Z,mobile,50954,active,,US-C
ORD-000891,2025-04-25T18:00:19Z,web,41834,completed,,CA
ORD-000892,2025-07-17T15:18:41Z,mobile,50317,refunded,,US-C
ORD-000893,2025-08-13T22:28:05Z,web,53100,cancelled,,CA
ORD-000894,2025-10-10T14:02:13Z,web,50391,refunded,,US-E
ORD-000895,2025-05-06T14:36:30Z,partner,25368,cancelled,,US-E
ORD-000896,2025-11-22T17:20:47Z,partner,6732,active,,CA
ORD-000897,2025-04-28T20:33:10Z,web,37463,active,,CA
ORD-000898,2025-02-24T17:35:26Z,mobile,66731,cancelled,,CA
ORD-000899,2025-11-29T18:44:37Z,web,24986,completed,,US-W
ORD-000900,2025-12-28T18:26:54Z,web,40815,cancelled,,US-W
ORD-000901,2025-07-03T15:54:46Z,web,80403,cancelled,,US-E
ORD-000902,2025-02-09T20:48:14Z,partner,9976,completed,,US-C
ORD-000903,2025-12-01T20:16:14Z,mobile,27874,refunded,,US-C
ORD-000904,2025-05-16T18:25:13Z,web,10250,completed,,US-C
ORD-000905,2025-05-01T20:25:05Z,partner,37518,refunded,,US-W
ORD-000906,2025-07-19T15:40:36Z,mobile,52906,cancelled,,US-E
ORD-000907,2025-10-30T17:04:11Z,partner,29256,active,,US-C
ORD-000908,2025-03-16T20:37:22Z,partner,51517,active,,CA
ORD-000909,2025-01-30T22:12:41Z,web,58777,active,,US-W
ORD-000910,2025-12-22T15:28:00Z,mobile,21374,completed,,CA
ORD-000911,2025-05-19T18:18:38Z,mobile,43120,active,,US-W
ORD-000912,2025-04-13T16:54:12Z,web,60236,active,,CA
ORD-000913,2025-05-01T20:57:46Z,web,14549,completed,,US-E
ORD-000914,2025-04-17T20:02:12Z,mobile,77325,refunded,,US-E
ORD-000915,2025-10-08T19:11:31Z,web,49405,completed,,US-W
ORD-000916,2025-01-08T16:43:28Z,partner,47515,completed,,US-W
ORD-000917,2025-11-14T23:11:44Z,partner,37988,completed,,US-W
ORD-000918,2025-10-19T21:15:35Z,mobile,74660,active,,CA
ORD-000919,2025-01-19T17:33:10Z,partner,8963,cancelled,,CA
ORD-000920,2025-10-25T16:54:42Z,web,83796,active,,US-W
ORD-000921,2025-10-18T17:23:10Z,mobile,10988,cancelled,,US-C
ORD-000922,2025-12-02T18:09:57Z,web,4878,refunded,,CA
ORD-000923,2025-12-11T17:01:41Z,mobile,42502,active,,US-C
ORD-000924,2025-08-08T18:50:40Z,partner,5882,refunded,,US-W
ORD-000925,2025-12-11T22:20:46Z,legacy_pos,64100,refunded,,US-W
ORD-000926,2025-02-06T19:04:39Z,mobile,76897,completed,,US-C
ORD-000927,2025-05-22T20:54:59Z,legacy_pos,1000,cancelled,,US-E
ORD-000928,2025-10-16T21:40:02Z,web,21619,completed,,US-C
ORD-000929,2025-10-25T14:01:41Z,mobile,13416,active,,US-E
ORD-000930,2025-05-07T22:57:11Z,mobile,56102,cancelled,,US-W
ORD-000931,2025-08-21T22:33:22Z,mobile,19701,completed,,US-E
ORD-000932,2025-06-02T19:34:33Z,web,27123,cancelled,,US-E
ORD-000933,2025-11-18T19:53:57Z,web,73753,cancelled,,US-C
ORD-000934,2025-09-12T21:25:34Z,web,56740,refunded,,CA
ORD-000935,2025-08-14T18:32:58Z,mobile,62253,cancelled,,CA
ORD-000936,2025-11-18T16:42:59Z,mobile,42996,refunded,,US-C
ORD-000937,2025-11-22T16:34:38Z,legacy_pos,76300,cancelled,,US-C
ORD-000938,2025-03-07T21:51:17Z,partner,50508,cancelled,,US-E
ORD-000939,2025-12-12T15:09:29Z,partner,9183,refunded,,CA
ORD-000940,2025-07-18T21:18:10Z,mobile,2301,cancelled,,CA
ORD-000941,2025-09-03T14:23:23Z,mobile,82515,cancelled,,US-E
ORD-000942,2025-05-15T17:35:25Z,web,69972,active,,US-C
ORD-000943,2025-03-16T21:07:39Z,web,59068,active,,US-C
ORD-000944,2025-06-30T16:53:35Z,web,2995,refunded,,US-C
ORD-000945,2025-06-01T19:29:29Z,partner,10233,cancelled,2025-06-03T04:29:29Z,US-E
ORD-000946,2025-02-24T18:35:55Z,partner,28392,refunded,,US-E
ORD-000947,2025-04-28T17:27:01Z,web,41236,cancelled,,US-W
ORD-000948,2025-09-17T16:59:16Z,mobile,44682,cancelled,,CA
ORD-000949,2025-03-22T20:02:48Z,web,50139,completed,,US-W
ORD-000950,2025-01-04T18:59:25Z,partner,22672,cancelled,,US-E
ORD-000951,2025-04-25T21:52:31Z,web,87879,refunded,,US-C
ORD-000952,2025-03-07T15:25:48Z,partner,6435,completed,,CA
ORD-000953,2025-06-13T19:53:57Z,mobile,42644,refunded,,US-W
ORD-000954,2025-12-02T15:53:31Z,partner,28738,refunded,,US-W
ORD-000955,2025-11-30T22:52:31Z,web,36061,completed,,US-E
ORD-000956,2025-02-26T21:32:28Z,partner,20408,active,,CA
ORD-000957,2025-03-20T21:59:07Z,web,75398,refunded,,US-C
ORD-000958,2025-12-10T19:08:15Z,partner,20231,refunded,,US-E
ORD-000959,2025-10-08T14:50:03Z,web,34097,cancelled,,US-C
ORD-000960,2025-04-08T22:07:12Z,web,88172,cancelled,,CA
ORD-000961,2025-06-21T20:46:10Z,partner,77900,active,,US-E
ORD-000962,2025-02-14T15:47:45Z,partner,6031,completed,,CA
ORD-000963,2025-07-11T21:56:53Z,web,83297,active,,US-C
ORD-000964,2025-02-19T22:38:48Z,partner,30587,refunded,,CA
ORD-000965,2025-05-26T15:37:17Z,partner,75302,active,,CA
ORD-000966,2025-05-23T17:51:30Z,partner,14248,active,,US-E
ORD-000967,2025-07-16T19:13:58Z,web,1497,cancelled,,US-W
ORD-000968,2025-12-14T22:00:07Z,mobile,67441,active,,CA
ORD-000969,2025-04-02T01:13:43Z,web,75378,cancelled,,US-E
ORD-000970,2025-03-19T17:53:18Z,partner,58656,refunded,,US-E
ORD-000971,2025-01-12T22:46:50Z,mobile,68422,active,,CA
ORD-000972,2025-09-06T22:03:46Z,web,37366,refunded,,CA
ORD-000973,2025-12-01T21:29:01Z,web,88981,cancelled,,CA
ORD-000974,2025-01-09T18:05:43Z,partner,77254,completed,,US-W
ORD-000975,2025-12-26T19:59:20Z,mobile,2104,completed,,CA
ORD-000976,2025-04-01T21:50:23Z,partner,45762,active,,US-E
ORD-000977,2025-11-25T20:03:36Z,mobile,71281,completed,,CA
ORD-000978,2025-04-06T17:08:59Z,partner,50637,refunded,,US-C
ORD-000979,2025-06-27T15:16:24Z,partner,39624,cancelled,,CA
ORD-000980,2025-02-09T21:15:47Z,web,86869,completed,,US-W
ORD-000981,2025-02-11T21:46:03Z,mobile,69692,active,,US-E
ORD-000982,2025-02-24T23:16:02Z,legacy_pos,63000,cancelled,,US-W
ORD-000983,2025-06-10T18:21:15Z,web,70401,completed,,US-C
ORD-000984,2025-11-04T21:18:17Z,mobile,60201,cancelled,,US-C
ORD-000985,2025-08-14T14:48:18Z,mobile,26615,active,,US-W
ORD-000986,2025-04-20T21:28:06Z,mobile,5059,cancelled,,CA
ORD-000987,2025-04-02T15:17:33Z,web,55540,completed,,US-C
ORD-000988,2025-07-23T21:44:02Z,mobile,65436,active,,US-C
ORD-000989,2025-10-12T14:53:06Z,partner,3804,cancelled,,CA
ORD-000990,2025-05-23T17:18:42Z,web,83594,completed,,US-C
ORD-000991,2025-07-11T21:54:47Z,web,56124,active,,US-C
ORD-000992,2025-09-04T18:23:19Z,web,79590,cancelled,,CA
ORD-000993,2025-11-04T22:52:11Z,mobile,72908,cancelled,,US-C
ORD-000994,2025-05-31T22:10:11Z,partner,52993,completed,,US-E
ORD-000995,2025-01-29T20:02:48Z,web,65243,completed,,US-E
ORD-000996,2025-05-17T19:13:18Z,mobile,23568,cancelled,,US-W
ORD-000997,2025-11-26T18:16:47Z,mobile,72793,cancelled,,US-E
ORD-000998,2025-09-22T16:40:59Z,partner,82382,cancelled,,US-W
ORD-000999,2025-03-20T14:09:48Z,partner,43106,cancelled,,US-C
ORD-001000,2025-04-25T15:10:29Z,partner,64400,completed,,US-W
ORD-001001,2025-05-14T19:28:11Z,web,87883,active,,CA
ORD-001002,2025-07-10T21:27:27Z,partner,40230,active,,US-E
ORD-001003,2025-09-22T14:44:48Z,mobile,29522,cancelled,,CA
ORD-001004,2025-04-24T15:52:22Z,mobile,24608,cancelled,,US-E
ORD-001005,2025-05-31T15:25:50Z,partner,72534,refunded,,US-E
ORD-001006,2025-09-16T14:05:53Z,legacy_pos,44000,refunded,,US-C
ORD-001007,2025-03-17T20:51:54Z,web,61481,active,2025-03-20T01:51:54Z,US-E
ORD-001008,2025-07-27T16:20:00Z,mobile,27942,cancelled,,US-E
ORD-001009,2025-12-13T23:41:04Z,mobile,52009,active,,US-C
ORD-001010,2025-03-29T20:52:27Z,web,18592,refunded,,CA
ORD-001011,2025-04-21T21:14:36Z,partner,5902,cancelled,,US-C
ORD-001012,2025-09-18T18:04:11Z,partner,67448,refunded,,US-E
ORD-001013,2025-11-04T17:05:34Z,web,53204,completed,,US-E
ORD-001014,2025-02-03T19:01:48Z,mobile,14358,refunded,,US-E
ORD-001015,2025-03-18T15:13:48Z,web,55018,active,,US-E
ORD-001016,2025-12-13T15:47:19Z,web,33076,completed,,US-C
ORD-001017,2025-07-31T20:57:14Z,web,18224,active,,US-C
ORD-001018,2025-05-02T15:35:08Z,web,51013,cancelled,,US-E
ORD-001019,2025-08-06T19:14:39Z,partner,76600,cancelled,,US-E
ORD-001020,2025-10-14T14:25:52Z,web,71297,refunded,,US-C
ORD-001021,2025-10-25T02:48:06Z,legacy_pos,65731,cancelled,,US-C
ORD-001022,2025-03-19T14:38:27Z,mobile,60213,refunded,,CA
ORD-001023,2025-06-06T21:36:58Z,mobile,15092,refunded,,CA
ORD-001024,2025-06-19T17:16:02Z,mobile,49502,completed,,US-W
ORD-001025,2025-09-14T14:11:55Z,mobile,74151,refunded,,CA
ORD-001026,2025-01-06T23:51:50Z,partner,89747,completed,,US-C
ORD-001027,2025-02-27T19:31:49Z,partner,65902,cancelled,,CA
ORD-001028,2025-08-18T07:44:06Z,mobile,12266,completed,,US-E
ORD-001029,2025-03-29T15:16:47Z,mobile,35846,active,,CA
ORD-001030,2025-06-22T17:19:28Z,mobile,87224,active,,US-E
ORD-001031,2025-11-19T17:50:18Z,web,46060,cancelled,2025-11-24T20:50:18Z,US-W
ORD-001032,2025-08-11T22:40:25Z,mobile,84918,completed,,CA
ORD-001033,2025-05-17T14:43:11Z,partner,53792,active,,US-W
ORD-001034,2025-10-20T20:19:32Z,mobile,64867,completed,,US-E
ORD-001035,2025-01-25T18:32:55Z,mobile,15593,refunded,,US-C
ORD-001036,2025-08-20T17:02:59Z,mobile,24767,cancelled,,US-C
ORD-001037,2025-11-29T23:09:35Z,partner,18521,active,,US-W
ORD-001038,2025-02-03T17:57:59Z,web,30215,completed,,US-W
ORD-001039,2025-01-11T23:03:07Z,web,53269,active,,CA
ORD-001040,2025-10-23T04:52:47Z,partner,23116,completed,,CA
ORD-001041,2025-09-09T16:06:57Z,mobile,82783,cancelled,,CA
ORD-001042,2025-04-11T16:29:23Z,web,27708,cancelled,,US-W
ORD-001043,2025-09-26T19:25:31Z,legacy_pos,79825,cancelled,,US-W
ORD-001044,2025-05-17T05:02:48Z,web,40341,active,,US-W
ORD-001045,2025-01-21T15:58:29Z,partner,69755,refunded,,CA
ORD-001046,2025-07-14T22:13:08Z,partner,18552,cancelled,,US-C
ORD-001047,2025-01-19T18:10:12Z,web,65218,refunded,2025-01-21T07:10:12Z,US-C
ORD-001048,2025-04-19T17:47:31Z,partner,63542,cancelled,,CA
ORD-001049,2025-08-01T20:49:42Z,web,3166,completed,,US-E
ORD-001050,2025-04-07T18:53:19Z,web,71561,active,,US-W
ORD-001051,2025-09-07T14:21:54Z,mobile,52234,active,,US-E
ORD-001052,2025-01-19T22:50:49Z,legacy_pos,25700,cancelled,,US-C
ORD-001053,2025-09-26T14:23:31Z,legacy_pos,36100,cancelled,,US-C
ORD-001054,2025-10-14T03:25:43Z,legacy_pos,41597,active,,CA
ORD-001055,2025-08-08T21:55:40Z,partner,79386,active,,US-E
ORD-001056,2025-06-29T20:36:06Z,partner,75876,refunded,,US-E
ORD-001057,2025-07-20T14:42:17Z,mobile,76847,completed,,CA
ORD-001058,2025-04-28T14:28:49Z,partner,38213,refunded,2025-05-02T23:28:49Z,US-C
ORD-001059,2025-09-17T22:33:47Z,partner,13925,refunded,,US-E
ORD-001060,2025-06-16T18:47:46Z,mobile,64734,active,,CA
ORD-001061,2025-08-07T14:04:17Z,web,45541,completed,,US-C
ORD-001062,2025-06-19T17:49:23Z,mobile,80730,refunded,,US-W
ORD-001063,2025-12-07T16:12:02Z,partner,86766,cancelled,,US-C
ORD-001064,2025-06-02T20:35:28Z,web,27641,cancelled,,CA
ORD-001065,2025-07-12T22:14:12Z,mobile,45591,active,,CA
ORD-001066,2025-05-10T21:06:16Z,partner,75515,cancelled,2025-05-11T21:06:16Z,CA
ORD-001067,2025-02-10T18:42:23Z,mobile,37900,cancelled,,US-E
ORD-001068,2025-12-20T23:01:42Z,mobile,65889,active,,CA
ORD-001069,2025-10-20T18:13:42Z,partner,58817,cancelled,,CA
ORD-001070,2025-11-22T19:10:05Z,web,21142,active,,US-W
ORD-001071,2025-03-30T18:33:09Z,partner,16161,completed,,US-E
ORD-001072,2025-12-29T23:01:04Z,partner,64397,active,,CA
ORD-001073,2025-08-18T21:44:35Z,mobile,4861,active,,US-E
ORD-001074,2025-06-19T15:14:57Z,mobile,40962,cancelled,,CA
ORD-001075,2025-08-12T19:47:55Z,partner,64192,active,,US-E
ORD-001076,2025-08-11T21:10:34Z,partner,67785,cancelled,,US-W
ORD-001077,2025-04-03T14:06:19Z,partner,70189,active,,US-E
ORD-001078,2025-11-05T18:06:45Z,mobile,32390,cancelled,,US-E
ORD-001079,2025-03-09T22:48:33Z,mobile,52688,cancelled,,US-C
ORD-001080,2025-03-29T15:41:23Z,legacy_pos,26600,active,,US-E
ORD-001081,2025-03-20T14:40:19Z,web,51254,active,,US-E
ORD-001082,2025-11-17T20:01:57Z,mobile,13032,cancelled,,US-E
ORD-001083,2025-10-02T14:31:55Z,partner,29349,active,,US-W
ORD-001084,2025-10-30T21:40:55Z,mobile,33284,cancelled,,US-C
ORD-001085,2025-02-11T22:06:52Z,partner,8272,refunded,2025-02-14T07:06:52Z,CA
ORD-001086,2025-01-01T20:49:25Z,mobile,57664,active,,CA
ORD-001087,2025-02-01T22:29:37Z,web,38077,cancelled,,US-W
ORD-001088,2025-07-07T16:54:24Z,partner,33794,completed,,US-E
ORD-001089,2025-06-28T18:47:12Z,partner,56986,completed,,CA
ORD-001090,2025-12-29T21:43:09Z,mobile,88818,refunded,,US-E
ORD-001091,2025-09-22T14:45:43Z,web,17900,active,,US-E
ORD-001092,2025-08-28T18:37:38Z,mobile,46606,refunded,,US-C
ORD-001093,2025-08-13T19:15:32Z,web,37100,active,,CA
ORD-001094,2025-06-24T16:14:22Z,web,19658,active,,US-C
ORD-001095,2025-09-10T16:28:18Z,web,50166,refunded,,US-W
ORD-001096,2025-02-22T20:55:47Z,mobile,1592,cancelled,,US-C
ORD-001097,2025-05-19T14:10:23Z,mobile,57438,refunded,,US-W
ORD-001098,2025-03-07T16:03:47Z,partner,55897,cancelled,,US-W
ORD-001099,2025-11-24T19:00:11Z,mobile,3256,active,,US-W
ORD-001100,2025-02-20T18:33:22Z,web,77688,cancelled,,US-W
ORD-001101,2025-10-27T20:59:56Z,web,43649,active,,CA
ORD-001102,2025-05-24T16:47:07Z,web,1002,cancelled,,US-E
ORD-001103,2025-03-18T14:37:39Z,web,37236,completed,,US-C
ORD-001104,2025-12-07T22:06:23Z,web,22502,refunded,,US-W
ORD-001105,2025-02-18T22:25:01Z,partner,41795,active,,CA
ORD-001106,2025-07-09T16:15:57Z,partner,25241,refunded,,US-C
ORD-001107,2025-10-18T18:10:54Z,mobile,35117,completed,,US-W
ORD-001108,2025-10-18T15:48:56Z,partner,52055,cancelled,,CA
ORD-001109,2025-12-13T23:11:15Z,web,58707,cancelled,,US-C
ORD-001110,2025-08-20T22:52:57Z,mobile,44800,refunded,,US-C
ORD-001111,2025-01-14T15:45:30Z,web,83168,cancelled,,US-W
ORD-001112,2025-09-08T19:33:42Z,mobile,39071,refunded,,US-E
ORD-001113,2025-02-28T23:28:58Z,web,49878,active,,CA
ORD-001114,2025-03-02T22:03:39Z,partner,41766,completed,,CA
ORD-001115,2025-10-01T15:41:29Z,web,66169,refunded,,US-C
ORD-001116,2025-10-14T20:21:48Z,web,81997,active,,US-E
ORD-001117,2025-07-02T18:36:02Z,partner,68210,completed,,US-E
ORD-001118,2025-09-15T18:05:50Z,mobile,87854,cancelled,,US-C
ORD-001119,2025-11-09T21:16:25Z,partner,4035,completed,,CA
ORD-001120,2025-02-03T16:03:58Z,partner,25316,cancelled,,CA
ORD-001121,2025-10-02T14:18:41Z,web,68415,completed,,US-W
ORD-001122,2025-11-15T21:02:48Z,partner,79939,cancelled,,US-W
ORD-001123,2025-07-22T17:47:28Z,legacy_pos,61945,refunded,,US-E
ORD-001124,2025-07-23T20:12:56Z,web,50156,cancelled,,CA
ORD-001125,2025-04-25T20:38:12Z,web,37288,completed,,US-C
ORD-001126,2025-08-25T14:16:07Z,web,74298,refunded,,US-W
ORD-001127,2025-02-08T19:30:47Z,legacy_pos,59625,completed,,US-E
ORD-001128,2025-12-25T15:02:17Z,partner,80276,active,,CA
ORD-001129,2025-04-19T15:58:37Z,partner,84410,completed,,CA
ORD-001130,2025-10-24T15:55:36Z,partner,18790,refunded,,US-C
ORD-001131,2025-07-26T17:24:02Z,mobile,26729,active,,US-W
ORD-001132,2025-06-18T15:04:09Z,partner,53780,cancelled,,US-W
ORD-001133,2025-02-12T16:35:26Z,web,41583,active,,US-E
ORD-001134,2025-01-25T16:35:01Z,web,26176,active,,US-C
ORD-001135,2025-12-09T18:01:49Z,partner,70496,completed,,CA
ORD-001136,2025-08-11T17:09:57Z,partner,1688,completed,,US-W
ORD-001137,2025-09-03T14:57:39Z,partner,56874,active,,US-W
ORD-001138,2025-10-28T17:36:25Z,partner,71677,refunded,,US-W
ORD-001139,2025-02-21T23:39:40Z,mobile,63120,active,,US-E
ORD-001140,2025-02-18T18:40:44Z,mobile,40095,active,,CA
ORD-001141,2025-07-21T20:29:58Z,mobile,27249,refunded,,US-C
ORD-001142,2025-01-28T21:33:08Z,web,7002,completed,,CA
ORD-001143,2025-01-10T19:37:02Z,mobile,75136,cancelled,,US-C
ORD-001144,2025-10-22T22:42:47Z,mobile,8936,cancelled,,US-E
ORD-001145,2025-08-20T22:45:06Z,partner,73754,completed,2025-08-22T13:45:06Z,US-W
ORD-001146,2025-01-30T17:32:54Z,mobile,34725,active,,US-E
ORD-001147,2025-08-07T16:14:25Z,partner,53112,refunded,,US-C
ORD-001148,2025-06-06T22:15:28Z,partner,19142,completed,,US-W
ORD-001149,2025-02-01T21:51:04Z,partner,51342,completed,,US-E
ORD-001150,2025-06-11T19:32:01Z,partner,2994,active,,CA
ORD-001151,2025-08-20T15:40:14Z,web,32710,cancelled,,US-E
ORD-001152,2025-08-10T15:29:55Z,mobile,43560,completed,,US-E
ORD-001153,2025-09-14T18:59:53Z,partner,3341,refunded,,US-C
ORD-001154,2025-06-13T19:41:40Z,mobile,79814,active,,US-W
ORD-001155,2025-09-11T18:53:46Z,mobile,85536,cancelled,,US-E
ORD-001156,2025-03-01T16:09:47Z,web,43529,refunded,,US-E
ORD-001157,2025-05-31T18:15:24Z,partner,47193,refunded,,US-E
ORD-001158,2025-07-23T17:16:46Z,mobile,83606,refunded,,CA
ORD-001159,2025-08-25T16:10:29Z,web,29975,active,,US-C
ORD-001160,2025-02-16T22:52:53Z,mobile,61292,refunded,,US-E
ORD-001161,2025-07-18T22:13:16Z,mobile,62178,cancelled,,US-E
ORD-001162,2025-05-26T14:51:56Z,partner,55152,refunded,,US-W
ORD-001163,2025-07-20T18:08:36Z,web,27228,refunded,,US-C
ORD-001164,2025-07-21T16:48:23Z,web,10911,completed,,CA
ORD-001165,2025-05-07T21:10:28Z,partner,42045,completed,,US-E
ORD-001166,2025-11-14T18:37:25Z,partner,68651,completed,,CA
ORD-001167,2025-11-30T23:52:31Z,mobile,87040,cancelled,,US-E
ORD-001168,2025-07-25T22:18:15Z,mobile,56552,completed,,US-E
ORD-001169,2025-08-05T14:14:59Z,mobile,49485,refunded,,US-E
ORD-001170,2025-06-03T20:45:36Z,web,23959,cancelled,,US-W
ORD-001171,2025-05-14T17:12:40Z,web,43739,completed,,US-W
ORD-001172,2025-12-13T19:45:28Z,mobile,52553,refunded,,US-W
ORD-001173,2025-11-22T23:12:28Z,web,4027,active,,US-W
ORD-001174,2025-04-02T21:30:47Z,mobile,51874,refunded,,US-W
ORD-001175,2025-05-18T17:30:04Z,web,16472,completed,,US-E
ORD-001176,2025-12-09T15:43:35Z,partner,40744,completed,,US-C
ORD-001177,2025-01-09T16:44:08Z,mobile,84338,active,,US-C
ORD-001178,2025-11-29T21:16:52Z,partner,38516,cancelled,,US-C
ORD-001179,2025-12-05T18:17:26Z,web,89247,refunded,,US-E
ORD-001180,2025-02-21T17:53:57Z,web,51447,completed,,CA
ORD-001181,2025-05-24T15:03:12Z,web,520,completed,,CA
ORD-001182,2025-01-21T23:33:31Z,partner,82400,refunded,,US-C
ORD-001183,2025-08-01T21:00:37Z,partner,34596,refunded,,US-C
ORD-001184,2025-02-08T23:24:50Z,mobile,23566,cancelled,,CA
ORD-001185,2025-02-12T23:12:33Z,partner,53336,refunded,,CA
ORD-001186,2025-09-17T17:55:18Z,mobile,84038,completed,,US-E
ORD-001187,2025-09-10T15:45:25Z,partner,67283,refunded,,US-C
ORD-001188,2025-07-07T18:29:38Z,partner,54203,cancelled,,US-W
ORD-001189,2025-08-29T20:26:23Z,web,45920,completed,,US-E
ORD-001190,2025-12-02T16:20:12Z,partner,47911,refunded,,US-C
ORD-001191,2025-08-18T18:08:19Z,partner,27940,refunded,,US-E
ORD-001192,2025-07-26T18:52:30Z,legacy_pos,5800,active,,US-C
ORD-001193,2025-01-31T20:19:10Z,partner,38711,active,,US-W
ORD-001194,2025-12-21T16:20:44Z,web,83049,refunded,,US-C
ORD-001195,2025-12-17T15:06:25Z,web,37214,cancelled,,CA
ORD-001196,2025-03-02T20:03:39Z,mobile,59744,active,,CA
ORD-001197,2025-05-06T15:54:36Z,web,6927,refunded,,US-E
ORD-001198,2025-03-20T19:56:33Z,mobile,34835,cancelled,,US-W
ORD-001199,2025-12-21T17:33:19Z,web,85561,cancelled,,US-C
ORD-001200,2025-12-26T23:23:11Z,mobile,10000,cancelled,,US-E
ORD-001201,2025-08-08T17:05:59Z,web,82526,refunded,,US-E
ORD-001202,2025-03-14T18:38:42Z,mobile,5109,active,,US-E
ORD-001203,2025-12-09T16:35:39Z,web,29156,active,,US-E
ORD-001204,2025-05-06T21:30:08Z,web,2845,active,,US-E
ORD-001205,2025-09-25T15:29:35Z,mobile,28055,cancelled,,US-W
ORD-001206,2025-07-27T14:40:43Z,web,89888,cancelled,,US-C
ORD-001207,2025-11-20T22:09:52Z,partner,4642,cancelled,,US-W
ORD-001208,2025-03-15T16:21:54Z,partner,13058,active,,US-E
ORD-001209,2025-01-04T20:11:34Z,partner,82786,active,,US-C
ORD-001210,2025-03-31T14:23:29Z,mobile,61300,active,,CA
ORD-001211,2025-08-21T18:23:59Z,partner,56047,active,,CA
ORD-001212,2025-05-14T20:32:13Z,partner,20360,refunded,,CA
ORD-001213,2025-03-29T18:36:21Z,partner,32108,active,,US-W
ORD-001214,2025-12-28T22:23:48Z,web,44656,refunded,,US-W
ORD-001215,2025-10-12T15:48:39Z,web,64643,active,,US-E
ORD-001216,2025-04-29T14:55:10Z,web,38814,cancelled,,US-W
ORD-001217,2025-06-28T18:19:41Z,mobile,18599,completed,,US-C
ORD-001218,2025-10-25T15:33:06Z,partner,45875,active,,CA
ORD-001219,2025-09-21T14:53:45Z,mobile,32980,refunded,,US-E
ORD-001220,2025-02-17T23:34:59Z,web,17601,completed,,US-W
ORD-001221,2025-01-26T15:33:48Z,mobile,19954,active,,US-C
ORD-001222,2025-06-22T15:47:47Z,legacy_pos,10300,refunded,,CA
ORD-001223,2025-05-05T20:35:31Z,mobile,5055,active,,US-C
ORD-001224,2025-01-13T21:25:38Z,mobile,74920,refunded,,US-W
ORD-001225,2025-04-24T14:08:25Z,partner,11292,active,,CA
ORD-001226,2025-12-13T18:06:11Z,web,2598,cancelled,,US-W
ORD-001227,2025-12-03T20:51:52Z,mobile,51718,completed,,US-C
ORD-001228,2025-01-26T20:43:19Z,mobile,40483,completed,,US-C
ORD-001229,2025-06-01T14:35:46Z,web,79879,cancelled,,CA
ORD-001230,2025-09-29T15:01:50Z,partner,6143,completed,,US-W
ORD-001231,2025-04-27T14:08:17Z,web,42732,completed,,CA
ORD-001232,2025-01-15T15:43:00Z,mobile,19198,completed,,US-C
ORD-001233,2025-09-05T22:44:23Z,web,10572,completed,,US-E
ORD-001234,2025-01-25T19:12:05Z,mobile,54934,cancelled,,US-E
ORD-001235,2025-01-17T18:19:22Z,partner,69822,completed,,CA
ORD-001236,2025-08-21T22:21:52Z,mobile,47058,completed,,US-C
ORD-001237,2025-04-25T17:30:42Z,mobile,6227,completed,,CA
ORD-001238,2025-10-23T15:01:55Z,mobile,32952,completed,,CA
ORD-001239,2025-12-27T17:24:10Z,partner,73297,active,,CA
ORD-001240,2025-12-05T19:08:53Z,web,89314,active,,US-W
ORD-001241,2025-11-07T16:11:28Z,web,78189,completed,,US-E
ORD-001242,2025-08-02T18:41:38Z,web,48592,active,,US-C
ORD-001243,2025-09-23T22:13:04Z,partner,87440,completed,,US-W
ORD-001244,2025-05-20T17:57:43Z,partner,24930,completed,,US-W
ORD-001245,2025-02-23T18:14:05Z,web,32666,active,,US-C
ORD-001246,2025-12-27T22:44:08Z,web,54681,completed,,US-C
ORD-001247,2025-01-27T20:41:01Z,mobile,8365,completed,,US-C
ORD-001248,2025-08-06T15:49:16Z,mobile,8594,cancelled,,US-E
ORD-001249,2025-04-02T16:47:15Z,mobile,8743,active,,US-W
ORD-001250,2025-12-07T16:50:03Z,mobile,57073,cancelled,,US-W
ORD-001251,2025-10-22T19:15:58Z,partner,18472,cancelled,,US-W
ORD-001252,2025-03-02T22:14:49Z,web,49296,cancelled,,US-C
ORD-001253,2025-04-05T20:54:55Z,web,27849,cancelled,,US-W
ORD-001254,2025-02-11T18:00:54Z,mobile,41723,active,,CA
ORD-001255,2025-06-21T15:39:16Z,partner,45551,cancelled,,CA
ORD-001256,2025-12-31T18:51:26Z,web,85105,active,,US-C
ORD-001257,2025-04-30T17:06:36Z,partner,86114,active,,US-W
ORD-001258,2025-07-19T22:13:49Z,mobile,79541,refunded,,US-E
ORD-001259,2025-03-02T17:13:09Z,partner,11287,refunded,,US-C
ORD-001260,2025-09-01T22:04:56Z,web,43725,completed,,US-W
ORD-001261,2025-03-29T20:50:39Z,web,69876,completed,,US-E
ORD-001262,2025-03-06T15:36:16Z,legacy_pos,78900,active,,US-E
ORD-001263,2025-06-23T22:09:42Z,web,7765,refunded,,US-E
ORD-001264,2025-05-03T19:12:44Z,web,30457,refunded,,US-W
ORD-001265,2025-11-12T22:42:34Z,mobile,54416,cancelled,,CA
ORD-001266,2025-03-21T20:13:27Z,mobile,89051,completed,,CA
ORD-001267,2025-08-20T19:36:44Z,partner,61426,refunded,,US-E
ORD-001268,2025-06-03T17:28:48Z,web,88944,refunded,,CA
ORD-001269,2025-09-24T19:00:31Z,partner,60222,completed,,US-E
ORD-001270,2025-04-10T20:59:59Z,legacy_pos,88700,completed,,CA
ORD-001271,2025-01-03T22:50:46Z,web,51873,cancelled,2025-01-07T19:50:46Z,CA
ORD-001272,2025-12-30T15:31:25Z,web,80726,cancelled,,US-C
ORD-001273,2025-04-18T19:32:06Z,mobile,65925,cancelled,,US-W
ORD-001274,2025-06-04T17:57:19Z,partner,49020,completed,,US-C
ORD-001275,2025-08-26T17:54:42Z,mobile,21629,refunded,,US-C
ORD-001276,2025-12-13T22:04:45Z,mobile,28475,completed,,US-C
ORD-001277,2025-01-22T18:17:53Z,mobile,72736,refunded,,CA
ORD-001278,2025-06-03T07:46:03Z,mobile,33538,active,,US-E
ORD-001279,2025-08-04T22:17:28Z,mobile,45688,cancelled,,CA
ORD-001280,2025-09-15T19:05:29Z,partner,34953,active,,US-C
ORD-001281,2025-07-16T19:48:30Z,partner,68498,completed,2025-07-24T10:48:30Z,US-W
ORD-001282,2025-10-10T16:04:17Z,mobile,19389,active,,US-E
ORD-001283,2025-04-06T22:41:06Z,web,38811,cancelled,,US-C
ORD-001284,2025-08-12T14:59:46Z,partner,29612,refunded,,US-W
ORD-001285,2025-08-28T15:21:50Z,mobile,8484,cancelled,,CA
ORD-001286,2025-02-06T15:44:47Z,web,20216,refunded,,US-C
ORD-001287,2025-02-16T21:47:55Z,web,54434,completed,,US-E
ORD-001288,2025-08-04T18:02:28Z,partner,22451,refunded,,CA
ORD-001289,2025-09-20T21:21:22Z,web,82842,cancelled,,US-E
ORD-001290,2025-09-30T21:01:59Z,web,21279,refunded,,US-E
ORD-001291,2025-12-23T20:29:36Z,web,5019,cancelled,,CA
ORD-001292,2025-09-25T14:36:34Z,web,32152,completed,,US-C
ORD-001293,2025-12-27T23:12:45Z,partner,31527,completed,,US-W
ORD-001294,2025-10-06T20:37:22Z,partner,17955,cancelled,,CA
ORD-001295,2025-12-24T23:30:47Z,partner,34813,refunded,,US-W
ORD-001296,2025-08-31T14:30:46Z,mobile,84771,cancelled,,US-W
ORD-001297,2025-07-25T20:54:52Z,partner,66478,cancelled,,CA
ORD-001298,2025-09-19T20:29:40Z,web,68231,completed,,CA
ORD-001299,2025-01-25T19:57:04Z,partner,27160,refunded,,US-W
ORD-001300,2025-06-08T18:23:56Z,legacy_pos,22519,completed,,US-C
ORD-001301,2025-05-15T19:33:55Z,partner,23291,refunded,,CA
ORD-001302,2025-11-15T15:15:04Z,web,38060,active,,US-C
ORD-001303,2025-08-16T19:29:19Z,web,45672,completed,,US-C
ORD-001304,2025-10-23T20:16:57Z,partner,54683,refunded,,US-C
ORD-001305,2025-02-15T22:49:15Z,web,15113,completed,,US-W
ORD-001306,2025-07-18T22:37:22Z,mobile,76087,cancelled,,US-E
ORD-001307,2025-05-23T15:11:25Z,mobile,26881,completed,,CA
ORD-001308,2025-04-09T22:38:53Z,partner,35361,refunded,,US-W
ORD-001309,2025-11-01T14:20:24Z,mobile,28126,active,,CA
ORD-001310,2025-08-12T07:40:47Z,mobile,84933,completed,,US-C
ORD-001311,2025-11-19T18:15:51Z,web,19997,completed,,US-E
ORD-001312,2025-09-11T17:32:51Z,mobile,18920,completed,,CA
ORD-001313,2025-10-31T20:54:06Z,web,56819,cancelled,,US-W
ORD-001314,2025-06-12T17:42:16Z,mobile,32388,refunded,,US-C
ORD-001315,2025-03-04T17:09:31Z,partner,58994,completed,,US-E
ORD-001316,2025-11-27T16:52:00Z,web,59159,active,,US-C
ORD-001317,2025-10-13T21:40:19Z,partner,3691,refunded,,CA
ORD-001318,2025-09-17T21:26:07Z,partner,62978,completed,,US-C
ORD-001319,2025-08-15T18:46:05Z,partner,46401,active,,US-C
ORD-001320,2025-08-11T14:02:26Z,mobile,67088,cancelled,,US-W
ORD-001321,2025-08-11T16:43:20Z,web,7890,completed,,US-C
ORD-001322,2025-07-13T21:00:55Z,mobile,49175,completed,,US-E
ORD-001323,2025-04-10T22:33:31Z,web,76644,completed,,US-E
ORD-001324,2025-12-25T22:02:09Z,mobile,41957,refunded,,US-C
ORD-001325,2025-03-28T19:06:12Z,mobile,41013,active,,US-E
ORD-001326,2025-09-25T19:00:01Z,mobile,66014,completed,,CA
ORD-001327,2025-08-03T19:15:48Z,mobile,27455,active,,US-C
ORD-001328,2025-08-12T15:06:20Z,partner,42700,cancelled,,US-W
ORD-001329,2025-10-23T18:06:21Z,partner,29387,refunded,,US-C
ORD-001330,2025-06-23T15:01:49Z,mobile,67314,refunded,,US-E
ORD-001331,2025-04-07T21:19:28Z,mobile,51649,cancelled,,US-C
ORD-001332,2025-09-04T19:20:24Z,web,17967,active,,US-C
ORD-001333,2025-02-24T23:19:44Z,web,47279,active,,US-E
ORD-001334,2025-08-23T15:25:13Z,web,75994,completed,,CA
ORD-001335,2025-10-27T18:30:02Z,mobile,11335,active,,CA
ORD-001336,2025-05-22T18:52:54Z,web,83257,active,,US-C
ORD-001337,2025-11-18T23:33:09Z,web,9968,refunded,,US-E
ORD-001338,2025-06-07T17:12:44Z,mobile,24004,active,,US-C
ORD-001339,2025-11-02T16:47:46Z,partner,49204,cancelled,,US-C
ORD-001340,2025-07-10T19:27:29Z,web,85121,completed,2025-07-11T14:27:29Z,US-W
ORD-001341,2025-02-01T15:49:16Z,mobile,29617,refunded,,US-W
ORD-001342,2025-04-18T22:31:42Z,mobile,12994,completed,,US-C
ORD-001343,2025-06-06T14:26:10Z,partner,36974,refunded,,US-W
ORD-001344,2025-10-30T21:44:20Z,mobile,52304,refunded,,US-E
ORD-001345,2025-05-10T22:42:19Z,web,60493,active,,US-C
ORD-001346,2025-10-30T22:38:44Z,partner,79018,active,,CA
ORD-001347,2025-07-21T15:59:27Z,mobile,84996,active,,CA
ORD-001348,2025-03-29T18:29:24Z,mobile,61215,cancelled,,US-W
ORD-001349,2025-01-28T17:30:52Z,partner,47716,active,2025-01-28T22:30:52Z,US-C
ORD-001350,2025-11-11T21:28:32Z,web,75844,completed,,CA
ORD-001351,2025-12-01T23:08:13Z,web,73147,cancelled,,US-W
ORD-001352,2025-10-22T20:56:52Z,mobile,36027,completed,,CA
ORD-001353,2025-02-15T23:44:04Z,web,66881,completed,,US-E
ORD-001354,2025-03-21T17:50:09Z,mobile,79350,completed,,US-C
ORD-001355,2025-08-03T14:19:29Z,mobile,42097,active,,CA
ORD-001356,2025-04-07T19:45:33Z,partner,10112,completed,,US-W
ORD-001357,2025-02-12T21:13:53Z,web,12763,completed,,US-W
ORD-001358,2025-12-10T16:27:08Z,partner,42905,cancelled,,US-E
ORD-001359,2025-03-25T21:39:24Z,web,41019,refunded,,US-C
ORD-001360,2025-12-16T15:05:09Z,web,26497,completed,,US-E
ORD-001361,2025-01-09T23:31:49Z,web,19237,cancelled,,US-W
ORD-001362,2025-01-14T18:30:57Z,mobile,18741,cancelled,,US-W
ORD-001363,2025-05-05T22:43:07Z,mobile,83932,completed,,US-E
ORD-001364,2025-09-05T22:56:23Z,web,44236,cancelled,,US-E
ORD-001365,2025-05-01T18:46:11Z,mobile,59028,active,,CA
ORD-001366,2025-03-23T16:59:20Z,mobile,11532,refunded,,US-E
ORD-001367,2025-05-25T22:48:36Z,partner,38804,active,,US-E
ORD-001368,2025-06-03T15:25:29Z,partner,8965,completed,,US-E
ORD-001369,2025-09-18T18:04:56Z,partner,4751,cancelled,,CA
ORD-001370,2025-09-25T22:02:24Z,partner,13831,completed,,US-C
ORD-001371,2025-08-30T16:50:59Z,mobile,24518,completed,,CA
ORD-001372,2025-03-06T05:31:13Z,partner,77741,refunded,,CA
ORD-001373,2025-07-30T16:18:17Z,web,78179,cancelled,,US-C
ORD-001374,2025-07-27T20:27:16Z,web,50107,refunded,,US-W
ORD-001375,2025-04-27T21:19:07Z,web,77357,completed,,CA
ORD-001376,2025-03-30T00:11:23Z,mobile,50234,completed,,US-W
ORD-001377,2025-06-11T15:02:14Z,partner,68511,active,,US-E
ORD-001378,2025-12-27T17:33:32Z,mobile,22510,completed,,US-C
ORD-001379,2025-12-04T22:36:23Z,web,8035,completed,,US-C
ORD-001380,2025-09-27T22:17:11Z,mobile,11095,active,,CA
ORD-001381,2025-12-16T23:43:41Z,mobile,85443,active,,US-C
ORD-001382,2025-06-27T18:11:27Z,web,87012,refunded,,CA
ORD-001383,2025-02-14T21:38:13Z,partner,8648,completed,,US-E
ORD-001384,2025-12-22T17:01:16Z,mobile,85167,refunded,,US-W
ORD-001385,2025-09-06T22:10:12Z,mobile,43809,completed,,CA
ORD-001386,2025-09-09T19:18:43Z,web,36951,active,,US-C
ORD-001387,2025-07-06T20:36:45Z,partner,86802,completed,,US-C
ORD-001388,2025-04-26T17:32:45Z,web,37268,refunded,,CA
ORD-001389,2025-10-10T15:13:30Z,partner,88320,active,,US-W
ORD-001390,2025-02-06T19:00:25Z,partner,9278,active,2025-02-09T01:00:25Z,CA
ORD-001391,2025-07-01T20:26:45Z,web,70750,active,,US-C
ORD-001392,2025-05-16T20:30:02Z,partner,8334,active,,US-C
ORD-001393,2025-04-24T16:58:34Z,web,70989,completed,,US-W
ORD-001394,2025-09-19T15:15:04Z,mobile,85273,completed,,CA
ORD-001395,2025-06-20T19:18:01Z,partner,3893,active,,US-C
ORD-001396,2025-09-13T16:25:41Z,legacy_pos,74000,refunded,,CA
ORD-001397,2025-08-19T14:12:54Z,web,14384,cancelled,,US-E
ORD-001398,2025-06-12T15:23:03Z,mobile,45745,refunded,2025-06-18T22:23:03Z,US-C
ORD-001399,2025-08-01T18:15:07Z,web,77849,refunded,,US-C
ORD-001400,2025-05-19T18:14:37Z,web,22427,cancelled,,US-W
ORD-001401,2025-10-21T17:36:55Z,web,19998,cancelled,,US-C
ORD-001402,2025-11-01T20:52:45Z,mobile,65504,active,,US-W
ORD-001403,2025-08-28T15:49:51Z,mobile,36312,refunded,,US-E
ORD-001404,2025-12-09T15:19:58Z,partner,69658,cancelled,,US-E
ORD-001405,2025-02-08T18:45:24Z,partner,87406,cancelled,,US-E
ORD-001406,2025-04-11T15:05:26Z,web,67751,active,,US-C
ORD-001407,2025-02-21T16:00:21Z,mobile,21179,completed,,US-E
ORD-001408,2025-08-29T18:39:19Z,partner,32198,refunded,,US-C
ORD-001409,2025-05-10T17:46:10Z,mobile,69476,refunded,,US-C
ORD-001410,2025-03-25T14:37:22Z,partner,41452,active,,US-C
ORD-001411,2025-11-03T15:35:43Z,web,28312,cancelled,,US-E
ORD-001412,2025-12-03T18:14:59Z,partner,35979,cancelled,,US-E
ORD-001413,2025-07-28T19:43:08Z,mobile,69010,refunded,,US-W
ORD-001414,2025-10-04T15:06:30Z,partner,30649,active,,US-C
ORD-001415,2025-02-22T06:58:06Z,mobile,50830,cancelled,,US-E
ORD-001416,2025-02-28T01:59:56Z,web,8537,cancelled,,US-C
ORD-001417,2025-04-29T20:21:47Z,mobile,56092,completed,,CA
ORD-001418,2025-12-13T19:38:30Z,web,65838,completed,,US-E
ORD-001419,2025-11-23T16:19:27Z,web,56816,cancelled,,US-C
ORD-001420,2025-09-03T17:55:21Z,partner,63853,active,,US-E
ORD-001421,2025-03-18T21:44:59Z,partner,20604,active,,US-W
ORD-001422,2025-10-16T21:29:37Z,partner,66986,active,,CA
ORD-001423,2025-09-06T20:36:04Z,web,33687,refunded,,US-W
ORD-001424,2025-12-04T20:40:34Z,web,84566,refunded,,US-W
ORD-001425,2025-09-20T17:11:13Z,web,87702,active,,CA
ORD-001426,2025-06-01T22:37:42Z,mobile,6938,active,,US-E
ORD-001427,2025-04-12T14:42:16Z,web,75558,refunded,,US-C
ORD-001428,2025-07-14T18:00:45Z,web,18783,cancelled,,CA
ORD-001429,2025-02-17T15:04:28Z,partner,5853,completed,,US-W
ORD-001430,2025-04-18T17:27:52Z,web,8408,refunded,,US-W
ORD-001431,2025-01-23T16:48:12Z,mobile,88209,refunded,,CA
ORD-001432,2025-05-03T14:48:24Z,mobile,37296,active,,US-W
ORD-001433,2025-08-14T22:11:39Z,mobile,74778,refunded,,US-C
ORD-001434,2025-09-03T16:16:19Z,partner,4531,completed,,US-E
ORD-001435,2025-07-22T15:53:33Z,mobile,41949,cancelled,,US-E
ORD-001436,2025-02-12T17:58:55Z,web,47968,active,,US-W
ORD-001437,2025-04-14T17:54:04Z,web,71505,refunded,,CA
ORD-001438,2025-06-23T22:40:44Z,web,5219,refunded,,US-E
ORD-001439,2025-05-19T20:07:23Z,partner,64099,active,,US-W
ORD-001440,2025-04-20T22:42:06Z,mobile,81767,active,,US-W
ORD-001441,2025-12-29T22:15:08Z,web,13812,cancelled,,US-E
ORD-001442,2025-03-09T18:08:00Z,partner,53862,refunded,,CA
ORD-001443,2025-12-15T15:19:54Z,web,63260,completed,,US-E
ORD-001444,2025-03-23T19:20:09Z,mobile,6588,refunded,,US-E
ORD-001445,2025-07-27T22:38:03Z,mobile,34439,refunded,,US-E
ORD-001446,2025-11-26T16:37:34Z,web,62989,completed,,US-W
ORD-001447,2025-02-25T07:02:24Z,web,82947,completed,,US-W
ORD-001448,2025-04-22T21:52:20Z,mobile,34368,refunded,,US-W
ORD-001449,2025-01-11T23:55:18Z,mobile,1964,cancelled,,US-E
ORD-001450,2025-03-25T14:19:46Z,mobile,49136,cancelled,,US-W
ORD-001451,2025-12-20T20:23:51Z,web,84732,active,,CA
ORD-001452,2025-06-25T07:23:38Z,web,63838,completed,,CA
ORD-001453,2025-03-15T18:03:58Z,mobile,70269,completed,,US-E
ORD-001454,2025-04-14T21:43:10Z,mobile,63822,completed,,US-C
ORD-001455,2025-05-11T18:14:49Z,legacy_pos,21500,cancelled,,US-E
ORD-001456,2025-08-07T17:06:41Z,web,33425,cancelled,,US-E
ORD-001457,2025-07-01T18:40:09Z,partner,46423,cancelled,,US-W
ORD-001458,2025-11-29T22:22:20Z,partner,17517,completed,,CA
ORD-001459,2025-07-13T17:17:19Z,mobile,53816,active,,CA
ORD-001460,2025-02-15T18:17:27Z,mobile,35247,cancelled,,US-W
ORD-001461,2025-06-11T07:06:05Z,partner,58425,completed,,US-E
ORD-001462,2025-09-28T17:16:17Z,partner,33338,active,,CA
ORD-001463,2025-12-19T07:07:53Z,web,50056,completed,,US-C
ORD-001464,2025-03-08T16:53:01Z,web,24968,completed,,US-C
ORD-001465,2025-05-12T19:54:12Z,web,14946,refunded,,US-W
ORD-001466,2025-10-07T22:05:30Z,partner,83911,cancelled,,CA
ORD-001467,2025-02-03T20:41:18Z,web,59079,refunded,,US-C
ORD-001468,2025-10-23T22:00:01Z,mobile,27627,completed,,CA
ORD-001469,2025-02-24T15:25:40Z,web,50359,completed,,US-E
ORD-001470,2025-11-04T21:01:51Z,mobile,21835,active,,CA
ORD-001471,2025-08-06T16:35:39Z,web,59129,cancelled,,US-E
ORD-001472,2025-12-15T20:27:28Z,partner,9333,refunded,,US-W
ORD-001473,2025-12-30T15:29:41Z,partner,52439,refunded,,US-E
ORD-001474,2025-12-05T20:41:08Z,web,68342,active,,US-E
ORD-001475,2025-07-08T19:41:57Z,web,54422,refunded,,US-E
ORD-001476,2025-08-28T17:17:23Z,mobile,35176,refunded,,US-E
ORD-001477,2025-01-27T17:14:12Z,mobile,49450,refunded,,US-E
ORD-001478,2025-06-15T17:04:58Z,partner,30105,refunded,,US-W
ORD-001479,2025-12-23T17:34:19Z,partner,75426,active,,CA
ORD-001480,2025-09-08T19:11:43Z,mobile,75375,refunded,,US-W
ORD-001481,2025-12-23T17:21:20Z,partner,25730,completed,,US-C
ORD-001482,2025-05-24T20:01:35Z,mobile,57091,active,,US-E
ORD-001483,2025-06-16T17:53:49Z,web,12656,cancelled,,US-W
ORD-001484,2025-11-03T22:29:02Z,partner,72438,refunded,,US-E
ORD-001485,2025-10-29T18:38:42Z,partner,74865,refunded,,US-E
ORD-001486,2025-10-27T21:15:53Z,partner,7142,refunded,,US-C
ORD-001487,2025-10-24T21:13:39Z,mobile,41790,cancelled,,CA
ORD-001488,2025-04-14T18:12:43Z,partner,27995,active,,US-C
ORD-001489,2025-10-31T14:51:25Z,web,84794,completed,,US-W
ORD-001490,2025-01-22T23:26:38Z,web,25231,active,,US-C
ORD-001491,2025-06-01T18:14:53Z,web,38600,active,,CA
ORD-001492,2025-02-25T23:56:53Z,partner,62746,refunded,,US-C
ORD-001493,2025-08-26T22:41:31Z,web,65381,cancelled,,US-E
ORD-001494,2025-01-30T20:02:01Z,web,81436,active,,CA
ORD-001495,2025-03-01T18:28:22Z,partner,43654,active,,US-C
ORD-001496,2025-05-02T18:52:54Z,partner,39853,completed,,US-E
ORD-001497,2025-03-12T19:13:16Z,web,76971,completed,,US-C
ORD-001498,2025-09-23T14:05:37Z,mobile,15463,refunded,,CA
ORD-001499,2025-03-05T18:41:02Z,mobile,59144,refunded,,US-E
ORD-001500,2025-07-09T17:24:08Z,mobile,32445,cancelled,,US-W
ORD-001501,2025-07-18T18:09:20Z,web,75030,cancelled,,CA
ORD-001502,2025-11-07T18:34:48Z,web,35221,refunded,,US-C
ORD-001503,2025-05-07T20:07:34Z,partner,76802,cancelled,,US-W
ORD-001504,2025-10-16T19:18:42Z,partner,70128,completed,2025-10-18T14:18:42Z,US-C
ORD-001505,2025-10-15T18:16:24Z,partner,41736,cancelled,,US-W
ORD-001506,2025-12-29T22:56:41Z,web,13683,active,,US-C
ORD-001507,2025-01-13T21:10:07Z,web,70212,active,,CA
ORD-001508,2025-11-14T16:26:00Z,mobile,80149,refunded,,US-E
ORD-001509,2025-09-18T21:04:54Z,web,81031,cancelled,,US-W
ORD-001510,2025-02-11T23:53:00Z,mobile,37010,completed,,US-C
ORD-001511,2025-08-12T14:44:48Z,web,19237,completed,,US-W
ORD-001512,2025-03-09T15:13:02Z,mobile,3018,refunded,,CA
ORD-001513,2025-10-28T22:26:32Z,partner,83592,refunded,,US-C
ORD-001514,2025-01-05T15:57:35Z,partner,32207,completed,,US-E
ORD-001515,2025-06-03T16:08:41Z,mobile,82598,cancelled,,US-E
ORD-001516,2025-11-09T21:26:45Z,web,42707,refunded,,US-C
ORD-001517,2025-01-24T20:09:57Z,mobile,26689,cancelled,,US-E
ORD-001518,2025-03-04T20:47:04Z,partner,2960,active,,CA
ORD-001519,2025-12-23T15:15:49Z,web,41578,cancelled,,US-W
ORD-001520,2025-02-19T17:23:56Z,mobile,27266,completed,,US-E
ORD-001521,2025-03-01T23:31:55Z,mobile,7654,refunded,2025-03-06T09:31:55Z,US-W
ORD-001522,2025-07-27T22:20:09Z,mobile,7912,active,,CA
ORD-001523,2025-10-08T17:31:26Z,mobile,41592,completed,,US-E
ORD-001524,2025-06-06T21:53:54Z,mobile,11510,refunded,,US-E
ORD-001525,2025-03-02T19:32:47Z,mobile,14733,refunded,,US-W
ORD-001526,2025-05-09T20:00:39Z,partner,21891,active,,US-W
ORD-001527,2025-05-08T21:31:03Z,web,54681,completed,,US-C
ORD-001528,2025-08-12T20:11:00Z,partner,11386,active,,CA
ORD-001529,2025-03-10T19:50:36Z,mobile,77802,cancelled,2025-03-13T21:50:36Z,US-C
ORD-001530,2025-03-03T20:49:18Z,mobile,55639,refunded,,CA
ORD-001531,2025-04-10T18:37:40Z,web,54581,completed,,US-W
ORD-001532,2025-09-15T16:34:55Z,web,26259,cancelled,,US-C
ORD-001533,2025-11-02T18:04:30Z,mobile,2854,refunded,,US-C
ORD-001534,2025-06-24T17:26:03Z,web,21695,completed,,US-C
ORD-001535,2025-08-01T19:07:04Z,web,10894,cancelled,,CA
ORD-001536,2025-03-12T15:21:30Z,partner,44973,refunded,,US-W
ORD-001537,2025-01-23T20:41:23Z,partner,20705,active,,CA
ORD-001538,2025-06-09T14:53:40Z,partner,84428,cancelled,,CA
ORD-001539,2025-02-21T16:15:20Z,mobile,9632,active,,CA
ORD-001540,2025-04-13T21:53:00Z,web,45394,refunded,,US-E
ORD-001541,2025-02-26T21:24:45Z,mobile,50717,refunded,,US-C
ORD-001542,2025-03-18T21:35:21Z,partner,10285,cancelled,,US-E
ORD-001543,2025-02-06T22:54:00Z,mobile,6624,refunded,,CA
ORD-001544,2025-05-12T14:58:55Z,mobile,89811,active,,CA
ORD-001545,2025-09-13T19:00:56Z,mobile,49323,refunded,,US-E
ORD-001546,2025-08-12T14:38:12Z,partner,46677,active,,US-E
ORD-001547,2025-06-08T14:52:35Z,mobile,68969,refunded,,US-E
ORD-001548,2025-07-28T16:08:42Z,partner,64808,completed,,US-W
ORD-001549,2025-06-24T19:55:47Z,mobile,11263,active,,US-W
ORD-001550,2025-04-14T14:27:09Z,web,82306,cancelled,,US-C
ORD-001551,2025-11-23T16:18:56Z,mobile,71645,refunded,,CA
ORD-001552,2025-03-03T23:41:23Z,web,55211,cancelled,,US-E
ORD-001553,2025-05-29T19:12:31Z,mobile,26093,cancelled,,US-C
ORD-001554,2025-08-06T15:49:09Z,web,33606,cancelled,,US-W
ORD-001555,2025-04-23T16:32:58Z,mobile,35486,refunded,,US-W
ORD-001556,2025-06-12T14:36:47Z,mobile,42095,cancelled,,US-E
ORD-001557,2025-05-10T17:07:25Z,web,67059,completed,,US-E
ORD-001558,2025-08-11T16:34:48Z,mobile,48856,active,,US-E
ORD-001559,2025-03-25T19:44:42Z,partner,77549,active,,US-C
ORD-001560,2025-07-03T19:00:12Z,web,22851,completed,,US-E
ORD-001561,2025-04-22T18:09:54Z,mobile,12713,cancelled,,CA
ORD-001562,2025-11-11T15:13:42Z,partner,7773,completed,,US-W
ORD-001563,2025-01-12T16:12:10Z,web,69206,cancelled,,US-C
ORD-001564,2025-09-14T22:36:29Z,partner,24372,cancelled,,US-C
ORD-001565,2025-03-11T19:48:53Z,mobile,28747,refunded,,US-W
ORD-001566,2025-11-15T23:49:19Z,mobile,80695,refunded,,US-W
ORD-001567,2025-07-14T22:54:22Z,web,31363,cancelled,,CA
ORD-001568,2025-01-08T00:13:00Z,legacy_pos,58847,active,,US-C
ORD-001569,2025-06-22T19:11:38Z,mobile,7360,cancelled,,US-C
ORD-001570,2025-08-08T14:42:43Z,web,7765,refunded,,US-E
ORD-001571,2025-08-09T14:03:53Z,web,12075,active,,US-C
ORD-001572,2025-09-05T07:29:55Z,web,16196,cancelled,,CA
ORD-001573,2025-06-23T16:14:55Z,partner,12196,completed,,CA
ORD-001574,2025-01-06T18:39:09Z,mobile,14694,active,,US-E
ORD-001575,2025-06-26T14:21:49Z,mobile,9154,cancelled,,CA
ORD-001576,2025-10-20T15:40:13Z,partner,74565,completed,,US-C
ORD-001577,2025-12-19T19:47:27Z,mobile,48250,refunded,,US-E
ORD-001578,2025-11-03T20:08:10Z,partner,79713,completed,,CA
ORD-001579,2025-02-17T20:22:50Z,web,55331,active,,CA
ORD-001580,2025-01-14T21:04:31Z,mobile,43423,cancelled,,CA
ORD-001581,2025-09-09T17:17:46Z,partner,68997,refunded,,US-W
ORD-001582,2025-10-08T14:58:53Z,partner,10152,refunded,,US-C
ORD-001583,2025-04-19T16:16:38Z,partner,83970,active,2025-04-27T13:16:38Z,US-E
ORD-001584,2025-07-12T15:04:56Z,web,6407,cancelled,,US-W
ORD-001585,2025-07-20T16:16:58Z,partner,63724,active,,US-E
ORD-001586,2025-02-10T20:14:53Z,web,1146,refunded,,US-E
ORD-001587,2025-10-24T16:07:14Z,web,75141,completed,,US-C
ORD-001588,2025-04-16T16:03:04Z,web,52690,completed,2025-04-21T19:03:04Z,CA
ORD-001589,2025-12-24T19:29:50Z,mobile,58809,refunded,,US-E
ORD-001590,2025-06-13T19:54:17Z,web,9603,active,,US-E
ORD-001591,2025-10-17T15:28:47Z,partner,58304,cancelled,,US-E
ORD-001592,2025-08-22T17:49:18Z,partner,26444,refunded,,US-E
ORD-001593,2025-11-09T17:47:03Z,legacy_pos,4600,active,,US-W
ORD-001594,2025-03-02T20:45:33Z,partner,45120,cancelled,,US-W
ORD-001595,2025-03-01T15:55:42Z,mobile,24604,active,,US-C
ORD-001596,2025-03-03T22:35:07Z,mobile,8314,refunded,,US-E
ORD-001597,2025-03-12T19:25:19Z,web,2573,active,,US-E
ORD-001598,2025-10-01T16:02:38Z,web,844,cancelled,,US-C
ORD-001599,2025-06-08T16:13:52Z,web,80047,cancelled,,US-W
ORD-001600,2025-05-16T17:24:30Z,web,37927,cancelled,,CA
ORD-001601,2025-07-16T14:52:07Z,legacy_pos,2532,refunded,,CA
ORD-001602,2025-11-04T23:44:17Z,mobile,58297,active,,US-C
ORD-001603,2025-07-22T16:49:59Z,mobile,51135,cancelled,,US-C
ORD-001604,2025-11-25T23:27:13Z,mobile,14825,cancelled,,CA
ORD-001605,2025-05-18T20:21:24Z,mobile,20618,cancelled,,US-C
ORD-001606,2025-08-06T21:32:51Z,web,25912,refunded,,US-W
ORD-001607,2025-06-23T16:49:51Z,web,81735,active,,US-E
ORD-001608,2025-09-15T19:03:54Z,web,43435,refunded,,US-W
ORD-001609,2025-06-16T16:51:40Z,web,36258,completed,,CA
ORD-001610,2025-09-22T17:18:18Z,mobile,39283,refunded,,US-E
ORD-001611,2025-05-22T14:29:00Z,partner,5401,cancelled,,US-E
ORD-001612,2025-03-03T19:01:30Z,partner,29037,cancelled,,CA
ORD-001613,2025-06-15T18:49:04Z,mobile,6175,cancelled,,CA
ORD-001614,2025-11-01T21:17:39Z,web,31352,cancelled,,CA
ORD-001615,2025-11-03T21:22:51Z,partner,11061,completed,,US-W
ORD-001616,2025-05-07T14:15:42Z,partner,9110,completed,,US-C
ORD-001617,2025-12-20T21:38:51Z,partner,79730,active,,US-C
ORD-001618,2025-05-17T22:19:33Z,web,25987,completed,,CA
ORD-001619,2025-05-23T16:02:37Z,web,21583,completed,,CA
ORD-001620,2025-06-19T20:39:29Z,mobile,6715,active,,US-E
ORD-001621,2025-07-10T20:10:34Z,partner,65946,active,,US-E
ORD-001622,2025-02-19T18:24:51Z,partner,85486,refunded,,CA
ORD-001623,2025-07-08T22:57:20Z,partner,44537,completed,,US-E
ORD-001624,2025-05-09T21:29:40Z,legacy_pos,86300,active,,CA
ORD-001625,2025-11-20T22:22:04Z,mobile,47977,cancelled,,US-W
ORD-001626,2025-03-29T18:49:17Z,partner,73410,refunded,,US-C
ORD-001627,2025-10-11T19:43:02Z,partner,65667,refunded,,CA
ORD-001628,2025-07-30T18:59:53Z,legacy_pos,28199,completed,,US-E
ORD-001629,2025-08-21T14:04:28Z,partner,20328,completed,,CA
ORD-001630,2025-02-06T18:03:09Z,mobile,44455,active,,US-C
ORD-001631,2025-05-13T17:21:22Z,web,24880,active,,CA
ORD-001632,2025-12-20T15:38:52Z,web,47034,cancelled,,CA
ORD-001633,2025-06-24T21:31:05Z,partner,5683,active,,CA
ORD-001634,2025-05-13T15:44:28Z,web,77028,active,,US-C
ORD-001635,2025-10-25T16:17:34Z,partner,23270,active,,US-E
ORD-001636,2025-08-01T14:06:46Z,mobile,73827,cancelled,,US-W
ORD-001637,2025-12-08T17:04:00Z,mobile,11441,cancelled,,US-E
ORD-001638,2025-07-14T14:00:35Z,mobile,36133,refunded,,US-E
ORD-001639,2025-11-28T22:47:31Z,partner,62400,completed,,US-W
ORD-001640,2025-11-20T20:06:40Z,partner,42535,cancelled,,US-C
ORD-001641,2025-03-21T22:41:49Z,partner,41788,refunded,,US-E
ORD-001642,2025-06-26T17:19:36Z,partner,7424,refunded,,US-E
ORD-001643,2025-12-08T20:13:20Z,web,65368,refunded,,US-C
ORD-001644,2025-02-09T21:32:29Z,partner,45364,cancelled,,US-W
ORD-001645,2025-05-20T22:40:42Z,mobile,24533,active,,US-E
ORD-001646,2025-03-23T21:08:31Z,legacy_pos,6500,active,,US-C
ORD-001647,2025-12-03T19:44:56Z,mobile,73546,cancelled,,US-C
ORD-001648,2025-07-13T17:00:26Z,web,31443,cancelled,,US-C
ORD-001649,2025-10-22T17:38:11Z,web,45633,active,,US-C
ORD-001650,2025-05-17T15:56:32Z,partner,21835,refunded,,US-E
ORD-001651,2025-01-24T15:05:39Z,web,4711,refunded,,US-C
ORD-001652,2025-09-04T22:47:35Z,partner,50699,refunded,,US-C
ORD-001653,2025-04-05T21:40:14Z,web,5496,cancelled,,US-W
ORD-001654,2025-02-21T23:52:54Z,partner,41439,completed,,US-W
ORD-001655,2025-08-04T22:45:32Z,web,45951,cancelled,,US-W
ORD-001656,2025-11-22T22:11:59Z,partner,64993,cancelled,,US-C
ORD-001657,2025-10-22T22:20:14Z,web,29786,active,,CA
ORD-001658,2025-04-25T14:42:41Z,partner,62103,cancelled,,US-W
ORD-001659,2025-11-05T18:08:50Z,web,81096,cancelled,,US-C
ORD-001660,2025-10-10T22:24:21Z,mobile,27464,completed,,US-W
ORD-001661,2025-05-26T18:55:54Z,partner,64535,refunded,,US-W
ORD-001662,2025-10-19T18:41:38Z,web,22953,active,,US-W
ORD-001663,2025-06-02T15:03:11Z,web,86158,completed,,US-W
ORD-001664,2025-12-22T22:54:09Z,mobile,51890,refunded,,US-C
ORD-001665,2025-06-06T20:21:36Z,mobile,40609,active,,US-W
ORD-001666,2025-10-26T17:33:13Z,mobile,72899,refunded,,US-W
ORD-001667,2025-06-30T17:46:35Z,mobile,89692,cancelled,,US-E
ORD-001668,2025-07-26T15:56:49Z,mobile,51820,cancelled,,US-C
ORD-001669,2025-11-20T19:50:39Z,mobile,72860,completed,,US-W
ORD-001670,2025-05-20T18:48:16Z,mobile,73937,cancelled,,US-C
ORD-001671,2025-02-19T22:05:04Z,mobile,21412,cancelled,,US-W
ORD-001672,2025-11-19T17:08:02Z,web,1339,refunded,,US-E
ORD-001673,2025-12-05T23:34:25Z,web,61680,completed,,US-C
ORD-001674,2025-09-08T17:37:21Z,partner,58431,cancelled,,US-W
ORD-001675,2025-12-12T16:28:01Z,partner,5557,cancelled,,US-E
ORD-001676,2025-05-24T19:08:27Z,legacy_pos,50298,completed,,US-C
ORD-001677,2025-09-07T14:09:56Z,partner,46297,cancelled,,US-C
ORD-001678,2025-03-23T16:53:15Z,mobile,7707,completed,,CA
ORD-001679,2025-02-10T22:58:57Z,mobile,22762,active,,US-E
ORD-001680,2025-08-04T22:35:53Z,mobile,19539,active,2025-08-05T03:35:53Z,CA
ORD-001681,2025-12-22T18:23:01Z,web,13859,completed,,US-W
ORD-001682,2025-03-14T16:33:42Z,web,42346,completed,,US-E
ORD-001683,2025-02-19T21:57:22Z,partner,44503,completed,,CA
ORD-001684,2025-03-10T19:18:00Z,partner,16072,active,,US-C
ORD-001685,2025-03-04T17:54:16Z,partner,41560,refunded,,CA
ORD-001686,2025-11-26T23:54:00Z,partner,69825,refunded,,US-E
ORD-001687,2025-05-26T19:22:59Z,web,70999,completed,,CA
ORD-001688,2025-10-08T17:15:32Z,mobile,22545,refunded,,CA
ORD-001689,2025-11-22T16:45:08Z,mobile,25449,completed,,CA
ORD-001690,2025-03-15T21:21:17Z,partner,77440,active,,US-W
ORD-001691,2025-03-10T21:42:41Z,partner,43325,active,2025-03-16T07:42:41Z,CA
ORD-001692,2025-04-23T18:23:17Z,web,7172,active,,CA
ORD-001693,2025-10-29T15:35:04Z,partner,27207,completed,,US-C
ORD-001694,2025-06-13T22:53:16Z,mobile,68680,cancelled,,US-C
ORD-001695,2025-07-04T20:39:00Z,mobile,88002,cancelled,,US-C
ORD-001696,2025-08-09T15:18:21Z,partner,75231,refunded,,US-C
ORD-001697,2025-08-02T18:50:13Z,partner,7580,active,,US-E
ORD-001698,2025-10-06T20:53:28Z,mobile,78156,refunded,,US-C
ORD-001699,2025-01-11T17:46:33Z,mobile,17772,active,,US-E
ORD-001700,2025-08-04T17:01:21Z,mobile,72836,refunded,,US-E
ORD-001701,2025-12-09T19:03:37Z,partner,30924,active,2025-12-15T02:03:37Z,US-W
ORD-001702,2025-06-02T20:57:35Z,mobile,28684,completed,,US-C
ORD-001703,2025-07-30T17:32:37Z,partner,36855,refunded,,US-W
ORD-001704,2025-01-15T21:10:18Z,web,13784,refunded,,US-C
ORD-001705,2025-03-13T17:47:40Z,partner,22630,active,,US-W
ORD-001706,2025-08-02T14:22:10Z,partner,71538,cancelled,,US-W
ORD-001707,2025-07-23T16:28:26Z,partner,21708,cancelled,,US-C
ORD-001708,2025-08-22T17:07:05Z,web,64191,active,,US-W
ORD-001709,2025-11-20T20:59:10Z,web,13583,cancelled,,CA
ORD-001710,2025-03-18T16:14:32Z,web,34307,refunded,,US-E
ORD-001711,2025-06-13T15:01:32Z,mobile,13230,refunded,,US-E
ORD-001712,2025-02-27T15:15:13Z,partner,19310,refunded,,US-E
ORD-001713,2025-06-15T14:29:31Z,mobile,11247,cancelled,,CA
ORD-001714,2025-02-07T19:31:00Z,web,59846,cancelled,,CA
ORD-001715,2025-09-12T17:56:52Z,mobile,59503,active,,CA
ORD-001716,2025-09-23T20:33:38Z,mobile,7746,cancelled,,US-W
ORD-001717,2025-06-19T15:43:01Z,mobile,62733,active,,US-C
ORD-001718,2025-10-18T14:05:32Z,web,28692,active,,CA
ORD-001719,2025-09-11T14:24:08Z,mobile,46245,refunded,,US-E
ORD-001720,2025-09-19T18:22:20Z,mobile,14846,active,,US-W
ORD-001721,2025-01-06T16:06:35Z,mobile,30633,completed,,US-E
ORD-001722,2025-05-28T21:25:40Z,partner,19682,refunded,,US-E
ORD-001723,2025-06-02T15:04:04Z,partner,13495,refunded,,US-C
ORD-001724,2025-07-14T20:51:17Z,partner,763,active,,US-E
ORD-001725,2025-10-19T07:11:18Z,partner,2698,active,,CA
ORD-001726,2025-06-06T18:59:32Z,web,57292,refunded,,US-W
ORD-001727,2025-04-17T21:26:41Z,web,54849,active,,CA
ORD-001728,2025-05-23T18:56:54Z,mobile,46436,active,,CA
ORD-001729,2025-12-18T23:09:58Z,mobile,31520,cancelled,,US-C
ORD-001730,2025-11-08T15:09:19Z,mobile,79529,cancelled,,US-E
ORD-001731,2025-06-12T17:12:35Z,partner,53424,active,,US-C
ORD-001732,2025-10-04T21:13:07Z,partner,77725,refunded,,CA
ORD-001733,2025-03-28T22:51:54Z,web,35749,cancelled,,CA
ORD-001734,2025-12-24T16:51:32Z,mobile,60816,completed,,US-W
ORD-001735,2025-08-13T19:25:33Z,partner,8546,cancelled,,US-E
ORD-001736,2025-01-25T22:40:13Z,web,60650,active,,CA
ORD-001737,2025-05-16T20:58:26Z,web,7408,cancelled,,US-C
ORD-001738,2025-07-26T22:54:39Z,web,13061,refunded,,US-W
ORD-001739,2025-11-29T15:18:14Z,mobile,32348,active,,CA
ORD-001740,2025-06-25T20:57:01Z,legacy_pos,34800,refunded,,CA
ORD-001741,2025-05-23T15:20:31Z,partner,17539,active,,CA
ORD-001742,2025-09-14T19:07:15Z,mobile,65096,cancelled,,US-W
ORD-001743,2025-07-08T02:22:55Z,web,11335,cancelled,,US-W
ORD-001744,2025-02-19T17:14:21Z,mobile,69206,active,,US-W
ORD-001745,2025-07-15T18:51:07Z,web,76861,refunded,,US-E
ORD-001746,2025-11-27T15:43:31Z,web,89736,active,,CA
ORD-001747,2025-04-09T17:20:10Z,mobile,82877,active,,US-E
ORD-001748,2025-07-04T16:11:11Z,mobile,12528,refunded,,US-E
ORD-001749,2025-04-12T20:01:30Z,mobile,50098,completed,,US-C
ORD-001750,2025-04-28T17:38:31Z,partner,89347,cancelled,,US-E
ORD-001751,2025-12-28T21:01:34Z,web,82993,active,,US-E
ORD-001752,2025-12-24T16:54:01Z,partner,82016,cancelled,,US-C
ORD-001753,2025-03-15T15:45:29Z,legacy_pos,23600,active,,US-W
ORD-001754,2025-03-26T21:36:06Z,mobile,60897,active,,US-C
ORD-001755,2025-04-23T20:05:41Z,mobile,54122,active,,US-C
ORD-001756,2025-12-31T15:23:30Z,web,74604,cancelled,,US-E
ORD-001757,2025-01-05T19:50:44Z,legacy_pos,500,active,,US-W
ORD-001758,2025-05-26T18:31:34Z,legacy_pos,62300,refunded,,US-C
ORD-001759,2025-06-23T18:37:51Z,web,76167,refunded,,CA
ORD-001760,2025-09-18T22:03:54Z,web,89358,cancelled,,US-C
ORD-001761,2025-02-01T22:33:36Z,web,40573,refunded,,US-W
ORD-001762,2025-07-30T18:52:51Z,web,72735,completed,,US-C
ORD-001763,2025-05-03T19:47:49Z,web,14946,refunded,,US-W
ORD-001764,2025-12-01T15:46:01Z,web,4065,completed,,US-E
ORD-001765,2025-05-25T21:22:38Z,partner,49843,active,,US-E
ORD-001766,2025-09-26T20:56:01Z,mobile,44189,active,,US-W
ORD-001767,2025-03-16T16:16:35Z,web,42413,cancelled,,US-E
ORD-001768,2025-10-13T20:00:32Z,legacy_pos,55800,cancelled,,US-W
ORD-001769,2025-03-09T14:55:48Z,web,2702,cancelled,,US-W
ORD-001770,2025-10-07T18:10:46Z,web,10886,completed,,US-W
ORD-001771,2025-03-03T17:31:16Z,partner,22686,active,,US-E
ORD-001772,2025-09-26T07:55:40Z,mobile,75438,refunded,,US-E
ORD-001773,2025-02-21T22:15:16Z,partner,57142,completed,,US-C
ORD-001774,2025-05-20T21:52:01Z,mobile,87260,cancelled,,CA
ORD-001775,2025-02-10T17:07:47Z,web,9240,completed,,US-C
ORD-001776,2025-01-11T20:41:29Z,web,81297,completed,,US-W
ORD-001777,2025-11-21T17:16:49Z,partner,70177,completed,,US-W
ORD-001778,2025-06-01T18:37:10Z,mobile,59365,completed,,US-W
ORD-001779,2025-04-14T17:55:36Z,partner,34686,completed,,CA
ORD-001780,2025-12-10T20:14:18Z,web,12941,active,,US-E
ORD-001781,2025-12-20T00:09:02Z,web,56257,refunded,,CA
ORD-001782,2025-08-26T17:29:03Z,mobile,69242,completed,2025-08-28T08:29:03Z,CA
ORD-001783,2025-09-27T22:36:36Z,web,60315,active,,US-W
ORD-001784,2025-01-17T18:54:00Z,partner,47215,completed,,US-W
ORD-001785,2025-02-09T16:19:59Z,partner,22158,active,,US-C
ORD-001786,2025-05-20T21:29:34Z,mobile,20470,refunded,,CA
ORD-001787,2025-09-12T20:25:14Z,partner,18005,refunded,,US-E
ORD-001788,2025-07-09T19:54:47Z,mobile,11201,completed,,US-E
ORD-001789,2025-07-30T19:04:23Z,mobile,11879,completed,,US-E
ORD-001790,2025-07-21T17:37:02Z,partner,12036,active,,US-E
ORD-001791,2025-06-24T15:38:17Z,partner,5192,cancelled,,US-W
ORD-001792,2025-01-31T23:58:47Z,partner,5169,completed,,CA
ORD-001793,2025-09-24T21:55:47Z,partner,18170,cancelled,,US-C
ORD-001794,2025-04-09T19:16:06Z,partner,1797,active,,US-W
ORD-001795,2025-09-12T20:04:40Z,partner,72192,completed,,US-C
ORD-001796,2025-01-15T23:27:26Z,mobile,34437,refunded,,CA
ORD-001797,2025-11-29T16:25:10Z,mobile,88964,cancelled,,CA
ORD-001798,2025-10-06T14:31:34Z,partner,21332,cancelled,,US-C
ORD-001799,2025-05-01T14:08:40Z,mobile,20405,completed,,US-C
ORD-001800,2025-04-27T21:19:09Z,web,86631,completed,,US-E
ORD-001801,2025-08-26T18:42:56Z,partner,12229,refunded,,US-W
ORD-001802,2025-01-25T15:46:49Z,web,32263,active,,CA
ORD-001803,2025-10-06T19:08:48Z,web,48951,refunded,,CA
ORD-001804,2025-02-22T19:26:25Z,mobile,84256,active,,US-C
ORD-001805,2025-09-25T15:11:32Z,mobile,85287,refunded,,US-E
ORD-001806,2025-02-28T22:12:47Z,mobile,78930,refunded,2025-03-01T05:12:47Z,US-E
ORD-001807,2025-03-16T19:29:13Z,web,69095,completed,,US-C
ORD-001808,2025-12-30T21:27:04Z,partner,80852,cancelled,,US-E
ORD-001809,2025-01-30T21:48:06Z,partner,56117,completed,,US-C
ORD-001810,2025-01-25T16:39:19Z,web,3837,cancelled,,US-W
ORD-001811,2025-02-11T18:43:22Z,legacy_pos,31200,completed,,CA
ORD-001812,2025-04-22T16:42:03Z,web,59738,cancelled,,US-W
ORD-001813,2025-06-12T00:42:07Z,web,33625,active,,US-E
ORD-001814,2025-10-25T20:39:46Z,legacy_pos,34611,refunded,,US-W
ORD-001815,2025-06-22T18:56:34Z,mobile,41548,completed,,CA
ORD-001816,2025-11-03T22:37:33Z,mobile,3256,completed,,CA
ORD-001817,2025-02-24T15:38:43Z,partner,71811,active,,CA
ORD-001818,2025-05-20T19:28:02Z,partner,88267,cancelled,,US-W
ORD-001819,2025-08-29T16:34:14Z,web,82758,cancelled,,CA
ORD-001820,2025-02-04T20:16:25Z,legacy_pos,700,active,,CA
ORD-001821,2025-11-19T15:44:17Z,web,57609,refunded,,US-E
ORD-001822,2025-11-01T20:58:19Z,mobile,62091,refunded,,US-C
ORD-001823,2025-06-17T21:52:49Z,web,38006,completed,,US-E
ORD-001824,2025-11-28T19:50:10Z,mobile,89566,active,,US-W
ORD-001825,2025-04-15T16:04:05Z,mobile,46018,completed,,CA
ORD-001826,2025-09-22T22:23:57Z,legacy_pos,11900,refunded,,US-C
ORD-001827,2025-06-18T19:58:44Z,web,29576,active,,US-C
ORD-001828,2025-02-01T16:39:36Z,partner,73318,refunded,,US-C
ORD-001829,2025-11-15T18:04:20Z,partner,46342,refunded,,US-W
ORD-001830,2025-07-11T15:11:10Z,mobile,33133,active,,US-C
ORD-001831,2025-03-06T23:47:11Z,partner,49410,refunded,,US-C
ORD-001832,2025-04-18T18:37:30Z,web,71790,active,,US-E
ORD-001833,2025-09-10T20:52:06Z,web,40784,cancelled,,US-E
ORD-001834,2025-01-08T22:31:50Z,partner,43125,completed,,US-E
ORD-001835,2025-08-20T16:35:35Z,mobile,34029,refunded,,US-E
ORD-001836,2025-09-08T19:52:30Z,mobile,77339,refunded,,US-W
ORD-001837,2025-07-08T15:10:03Z,web,53921,active,,US-W
ORD-001838,2025-08-08T14:11:04Z,mobile,23281,refunded,,US-E
ORD-001839,2025-11-20T20:08:55Z,partner,70278,cancelled,,US-W
ORD-001840,2025-09-19T18:26:10Z,partner,18633,active,,US-C
ORD-001841,2025-11-15T19:59:13Z,mobile,79253,cancelled,,CA
ORD-001842,2025-12-17T15:03:09Z,legacy_pos,84932,active,,US-C
ORD-001843,2025-03-10T15:23:05Z,partner,27539,active,,CA
ORD-001844,2025-05-31T14:39:32Z,partner,32322,active,,US-E
ORD-001845,2025-08-28T15:13:46Z,partner,89032,refunded,,CA
ORD-001846,2025-10-26T20:00:39Z,web,75744,refunded,,US-C
ORD-001847,2025-08-20T16:59:40Z,partner,2711,cancelled,,US-E
ORD-001848,2025-02-20T19:31:57Z,web,83142,refunded,,US-W
ORD-001849,2025-11-12T19:17:26Z,web,7607,active,,US-E
ORD-001850,2025-06-29T20:12:20Z,partner,12623,cancelled,,US-W
ORD-001851,2025-06-18T20:15:11Z,partner,60864,active,,CA
ORD-001852,2025-09-15T22:11:13Z,web,16408,cancelled,,US-E
ORD-001853,2025-01-08T19:59:34Z,web,21059,active,,US-W
ORD-001854,2025-03-24T17:04:32Z,mobile,26636,active,,US-E
ORD-001855,2025-09-17T22:19:09Z,mobile,61756,refunded,,CA
ORD-001856,2025-10-27T18:04:34Z,mobile,66450,completed,,CA
ORD-001857,2025-12-23T19:55:32Z,web,36104,refunded,,US-E
ORD-001858,2025-05-17T14:01:28Z,partner,85755,active,,US-E
ORD-001859,2025-07-25T17:02:10Z,web,15363,refunded,,US-W
ORD-001860,2025-08-07T15:50:26Z,web,62770,cancelled,,US-W
ORD-001861,2025-01-15T21:57:52Z,mobile,82789,active,,CA
ORD-001862,2025-08-25T15:42:35Z,mobile,52061,refunded,,US-E
ORD-001863,2025-12-19T22:39:08Z,partner,55658,refunded,,US-C
ORD-001864,2025-01-10T18:46:16Z,web,2906,active,,US-E
ORD-001865,2025-05-03T21:45:55Z,web,69220,cancelled,,US-C
ORD-001866,2025-10-30T22:43:39Z,partner,32923,active,,CA
ORD-001867,2025-05-02T21:01:24Z,mobile,38182,refunded,,US-C
ORD-001868,2025-10-03T18:36:37Z,mobile,58490,active,,US-C
ORD-001869,2025-04-01T14:56:16Z,partner,984,refunded,,CA
ORD-001870,2025-07-12T14:58:54Z,web,13088,cancelled,,US-W
ORD-001871,2025-12-19T17:48:03Z,web,56278,cancelled,,US-C
ORD-001872,2025-12-16T16:57:33Z,partner,82272,active,,US-C
ORD-001873,2025-11-17T21:37:00Z,web,34529,refunded,2025-11-23T03:37:00Z,US-W
ORD-001874,2025-02-13T17:02:24Z,partner,20911,refunded,,US-E
ORD-001875,2025-04-27T21:02:58Z,legacy_pos,42257,completed,,CA
ORD-001876,2025-08-23T15:06:20Z,partner,39414,completed,,US-E
ORD-001877,2025-02-26T18:15:17Z,mobile,65392,completed,,US-W
ORD-001878,2025-10-17T20:03:12Z,legacy_pos,26455,refunded,,CA
ORD-001879,2025-04-21T21:58:36Z,web,8820,completed,,US-E
ORD-001880,2025-05-15T22:47:34Z,partner,24824,refunded,,CA
ORD-001881,2025-07-16T20:52:16Z,mobile,80236,completed,,US-C
ORD-001882,2025-02-16T20:24:53Z,mobile,19638,cancelled,,US-C
ORD-001883,2025-12-09T16:29:15Z,web,84005,cancelled,,US-C
ORD-001884,2025-07-31T22:55:19Z,partner,77472,completed,,US-W
ORD-001885,2025-03-17T21:09:57Z,partner,59644,cancelled,,US-W
ORD-001886,2025-10-22T14:53:24Z,mobile,47180,active,,US-W
ORD-001887,2025-06-25T19:48:49Z,mobile,32185,completed,,CA
ORD-001888,2025-10-30T17:08:24Z,mobile,77436,active,,US-W
ORD-001889,2025-10-27T14:56:03Z,mobile,57626,completed,,CA
ORD-001890,2025-12-27T16:11:29Z,partner,61102,active,,CA
ORD-001891,2025-10-18T20:19:36Z,partner,35713,completed,,US-E
ORD-001892,2025-11-09T17:24:22Z,web,44238,active,,US-C
ORD-001893,2025-09-25T22:49:14Z,web,3753,active,,US-E
ORD-001894,2025-03-24T14:02:45Z,mobile,24910,completed,,US-C
ORD-001895,2025-12-20T19:06:10Z,partner,81318,refunded,,CA
ORD-001896,2025-07-15T15:35:03Z,partner,48054,cancelled,,US-C
ORD-001897,2025-12-21T21:51:30Z,legacy_pos,21491,completed,,US-C
ORD-001898,2025-02-22T21:17:23Z,web,84063,active,,US-E
ORD-001899,2025-01-21T15:24:59Z,partner,8928,completed,,US-W
ORD-001900,2025-08-21T21:47:25Z,web,49657,cancelled,,US-W
ORD-001901,2025-12-27T20:55:06Z,partner,52716,active,,US-E
ORD-001902,2025-10-29T20:01:03Z,web,62662,cancelled,,US-W
ORD-001903,2025-08-14T22:57:34Z,web,28294,refunded,,US-W
ORD-001904,2025-09-04T21:57:41Z,mobile,49948,cancelled,,US-E
ORD-001905,2025-04-15T17:38:52Z,partner,69473,active,,CA
ORD-001906,2025-10-17T18:28:40Z,partner,17685,completed,,CA
ORD-001907,2025-12-02T15:48:08Z,web,58055,cancelled,,CA
ORD-001908,2025-01-18T23:57:05Z,partner,41813,active,,US-C
ORD-001909,2025-12-10T15:11:34Z,web,83098,completed,,US-W
ORD-001910,2025-01-15T20:33:51Z,partner,54399,refunded,,US-E
ORD-001911,2025-01-24T16:23:21Z,mobile,45013,active,,US-C
ORD-001912,2025-01-18T23:53:57Z,mobile,48202,active,,US-W
ORD-001913,2025-11-04T17:12:50Z,web,86373,active,,US-E
ORD-001914,2025-04-29T22:00:50Z,mobile,87501,cancelled,,US-E
ORD-001915,2025-11-15T22:05:36Z,web,88433,cancelled,,US-E
ORD-001916,2025-04-23T17:43:47Z,partner,89706,completed,,US-E
ORD-001917,2025-10-28T00:09:40Z,legacy_pos,34543,completed,,US-C
ORD-001918,2025-11-05T23:23:29Z,mobile,73428,active,,US-E
ORD-001919,2025-08-16T22:55:37Z,partner,57339,active,,US-W
ORD-001920,2025-08-28T21:06:02Z,mobile,6315,active,,US-E
ORD-001921,2025-10-30T19:58:54Z,mobile,32026,cancelled,,US-E
ORD-001922,2025-10-30T18:10:22Z,partner,48120,refunded,,US-C
ORD-001923,2025-05-17T14:32:14Z,partner,13274,refunded,,CA
ORD-001924,2025-09-13T15:46:32Z,legacy_pos,85300,cancelled,,CA
ORD-001925,2025-10-13T18:23:13Z,web,45384,cancelled,,US-E
ORD-001926,2025-11-22T17:49:04Z,web,49166,completed,,US-C
ORD-001927,2025-04-30T14:44:45Z,partner,43947,completed,,CA
ORD-001928,2025-06-12T17:14:47Z,partner,80982,cancelled,,US-C
ORD-001929,2025-08-03T18:41:52Z,partner,53819,refunded,,US-W
ORD-001930,2025-08-15T21:27:20Z,web,37025,cancelled,,US-E
ORD-001931,2025-12-16T22:38:28Z,mobile,48589,cancelled,,CA
ORD-001932,2025-12-29T22:23:30Z,web,49406,completed,,US-W
ORD-001933,2025-12-17T21:58:47Z,mobile,52311,completed,,US-C
ORD-001934,2025-10-11T18:37:45Z,web,18909,cancelled,,US-E
ORD-001935,2025-06-20T21:31:53Z,partner,67200,completed,,US-W
ORD-001936,2025-06-29T15:40:28Z,mobile,750,refunded,,US-W
ORD-001937,2025-10-07T20:01:08Z,mobile,82090,refunded,,US-W
ORD-001938,2025-10-27T15:45:45Z,partner,68007,completed,,CA
ORD-001939,2025-04-28T14:58:50Z,mobile,81511,refunded,,CA
ORD-001940,2025-04-23T20:44:32Z,web,34263,active,,US-C
ORD-001941,2025-01-26T18:30:31Z,partner,3038,completed,,US-W
ORD-001942,2025-04-19T20:39:05Z,web,68409,active,,US-C
ORD-001943,2025-06-26T16:19:29Z,mobile,81708,completed,,US-E
ORD-001944,2025-07-10T22:21:11Z,mobile,46394,cancelled,,US-C
ORD-001945,2025-09-28T19:54:40Z,partner,36247,cancelled,,US-W
ORD-001946,2025-11-11T16:32:10Z,mobile,40254,completed,2025-11-14T23:32:10Z,US-C
ORD-001947,2025-12-09T15:33:23Z,partner,85164,completed,,CA
ORD-001948,2025-11-17T15:53:51Z,partner,28061,active,,US-C
ORD-001949,2025-03-25T16:45:12Z,mobile,86127,cancelled,,US-W
ORD-001950,2025-06-26T18:36:02Z,partner,74950,completed,,CA
ORD-001951,2025-02-07T21:22:38Z,partner,46495,cancelled,,US-E
ORD-001952,2025-10-07T17:07:09Z,mobile,29739,completed,,US-W
ORD-001953,2025-04-18T20:56:13Z,partner,72582,active,,US-E
ORD-001954,2025-12-20T15:31:37Z,mobile,28057,completed,,US-C
ORD-001955,2025-12-25T18:51:07Z,partner,14104,completed,,US-W
ORD-001956,2025-01-30T21:53:40Z,web,69056,refunded,,US-E
ORD-001957,2025-11-19T21:11:23Z,mobile,38615,completed,,CA
ORD-001958,2025-04-18T20:25:02Z,partner,47420,refunded,,US-C
ORD-001959,2025-11-07T21:42:31Z,partner,67066,completed,,US-E
ORD-001960,2025-10-04T14:35:38Z,mobile,63776,active,,US-C
ORD-001961,2025-11-24T23:06:36Z,partner,65271,active,,CA
ORD-001962,2025-11-03T21:54:14Z,web,44754,cancelled,,US-W
ORD-001963,2025-02-25T20:00:02Z,partner,74907,active,,US-W
ORD-001964,2025-08-12T16:55:20Z,partner,1054,active,2025-08-19T23:55:20Z,CA
ORD-001965,2025-08-27T14:47:07Z,web,56128,active,,US-C
ORD-001966,2025-07-05T18:15:46Z,web,55709,completed,,CA
ORD-001967,2025-05-13T18:25:33Z,partner,34691,cancelled,,US-C
ORD-001968,2025-10-04T18:53:07Z,partner,85306,active,,CA
ORD-001969,2025-05-07T16:48:50Z,mobile,68795,completed,,US-C
ORD-001970,2025-03-25T19:03:29Z,web,66697,active,,US-E
ORD-001971,2025-03-04T23:18:49Z,mobile,67957,refunded,,US-C
ORD-001972,2025-12-22T19:02:14Z,web,59945,completed,,US-E
ORD-001973,2025-11-23T18:50:23Z,partner,30943,cancelled,,US-W
ORD-001974,2025-03-27T22:08:06Z,partner,57564,completed,,US-C
ORD-001975,2025-12-09T19:01:50Z,web,61768,completed,,US-E
ORD-001976,2025-10-15T21:38:18Z,partner,19566,refunded,,US-W
ORD-001977,2025-02-08T23:19:56Z,web,51539,refunded,,CA
ORD-001978,2025-05-14T17:50:05Z,mobile,31477,cancelled,,US-C
ORD-001979,2025-05-14T03:56:28Z,mobile,62073,active,,US-C
ORD-001980,2025-11-28T15:59:43Z,mobile,83394,refunded,,US-C
ORD-001981,2025-02-02T16:02:54Z,mobile,2783,cancelled,,CA
ORD-001982,2025-12-13T16:12:51Z,mobile,40765,active,,CA
ORD-001983,2025-10-27T20:03:43Z,mobile,79965,completed,,US-C
ORD-001984,2025-06-27T18:52:27Z,web,70270,completed,,US-E
ORD-001985,2025-06-11T20:38:25Z,mobile,61374,completed,,US-C
ORD-001986,2025-02-08T15:35:10Z,partner,76744,refunded,,US-W
ORD-001987,2025-03-11T17:03:32Z,mobile,85493,completed,,US-E
ORD-001988,2025-03-19T17:01:05Z,web,9607,active,,US-C
ORD-001989,2025-07-04T21:42:32Z,mobile,15319,refunded,,US-C
ORD-001990,2025-07-09T17:26:41Z,web,12411,active,,US-W
ORD-001991,2025-04-25T17:04:03Z,mobile,25728,cancelled,,US-C
ORD-001992,2025-11-05T21:36:12Z,web,34632,completed,,CA
ORD-001993,2025-09-22T20:45:16Z,web,66746,active,,US-E
ORD-001994,2025-11-13T17:14:51Z,web,68729,cancelled,,CA
ORD-001995,2025-11-16T22:33:37Z,web,50802,cancelled,,CA
ORD-001996,2025-06-09T16:36:51Z,mobile,58462,completed,,US-E
ORD-001997,2025-10-15T22:29:09Z,mobile,69906,active,,US-E
ORD-001998,2025-04-21T17:01:55Z,partner,52703,completed,,US-E
ORD-001999,2025-09-16T20:51:37Z,web,74498,active,,US-E
ORD-002000,2025-01-01T22:08:00Z,web,64163,cancelled,,US-W
ORD-002001,2025-02-26T18:02:34Z,web,1373,active,,US-E
ORD-002002,2025-09-12T18:45:48Z,partner,72497,active,,US-W
ORD-002003,2025-12-08T20:43:21Z,web,78272,active,,US-C
ORD-002004,2025-05-18T04:33:39Z,partner,2143,cancelled,,US-C
ORD-002005,2025-04-16T20:21:02Z,partner,24469,cancelled,,CA
ORD-002006,2025-07-24T21:03:01Z,web,44460,active,,CA
ORD-002007,2025-04-14T14:29:16Z,web,34574,active,,US-E
ORD-002008,2025-05-31T20:15:56Z,mobile,54249,refunded,,CA
ORD-002009,2025-09-23T14:42:13Z,web,59499,completed,2025-09-30T20:42:13Z,US-C
ORD-002010,2025-01-25T22:21:52Z,partner,21999,refunded,2025-01-29T19:21:52Z,US-W
ORD-002011,2025-11-03T18:18:00Z,partner,60630,active,,US-C
ORD-002012,2025-07-29T17:30:39Z,web,37899,completed,,US-E
ORD-002013,2025-02-02T20:05:37Z,partner,41402,active,,US-W
ORD-002014,2025-06-03T18:17:58Z,mobile,83780,completed,,US-W
ORD-002015,2025-07-17T19:16:07Z,partner,62691,completed,,US-C
ORD-002016,2025-03-04T16:27:53Z,mobile,80606,refunded,,CA
ORD-002017,2025-03-29T20:47:19Z,web,41164,active,,US-E
ORD-002018,2025-06-19T14:16:46Z,partner,66505,completed,,CA
ORD-002019,2025-08-28T21:26:15Z,partner,13899,refunded,,CA
ORD-002020,2025-05-14T14:30:56Z,mobile,28320,cancelled,,CA
ORD-002021,2025-11-09T19:57:58Z,partner,54110,completed,,US-C
ORD-002022,2025-10-07T22:42:02Z,web,46735,active,,US-C
ORD-002023,2025-12-31T22:30:24Z,web,7213,completed,,US-C
ORD-002024,2025-10-11T14:29:03Z,mobile,30348,completed,,US-W
ORD-002025,2025-02-13T21:54:44Z,mobile,81575,cancelled,,CA
ORD-002026,2025-12-22T19:32:01Z,mobile,19081,refunded,,US-C
ORD-002027,2025-12-20T19:49:13Z,mobile,41486,cancelled,,CA
ORD-002028,2025-05-10T16:41:47Z,mobile,83703,refunded,,US-W
ORD-002029,2025-09-23T14:34:39Z,mobile,51720,cancelled,,CA
ORD-002030,2025-11-30T21:40:58Z,mobile,7684,active,,US-E
ORD-002031,2025-05-12T22:38:22Z,partner,74419,cancelled,,US-E
ORD-002032,2025-10-31T22:14:10Z,partner,13450,completed,,CA
ORD-002033,2025-08-29T22:22:23Z,mobile,44875,refunded,,US-W
ORD-002034,2025-07-15T22:41:11Z,web,41281,active,,CA
ORD-002035,2025-02-28T15:27:57Z,partner,82517,active,,US-W
ORD-002036,2025-09-01T21:29:53Z,web,84386,completed,,US-E
ORD-002037,2025-04-04T15:20:43Z,mobile,4701,cancelled,,US-E
ORD-002038,2025-12-22T18:02:42Z,web,10132,cancelled,,US-C
ORD-002039,2025-11-27T20:52:34Z,legacy_pos,44900,active,,US-W
ORD-002040,2025-08-31T15:28:22Z,mobile,37331,completed,,US-E
ORD-002041,2025-05-21T19:05:48Z,partner,48363,completed,,US-E
ORD-002042,2025-04-21T18:16:39Z,web,65650,active,,CA
ORD-002043,2025-02-01T18:37:39Z,web,51003,completed,,US-W
ORD-002044,2025-09-11T20:57:51Z,web,64750,refunded,,US-W
ORD-002045,2025-05-25T16:49:50Z,mobile,67343,cancelled,,US-W
ORD-002046,2025-01-30T17:18:40Z,partner,66657,completed,,CA
ORD-002047,2025-08-27T19:29:04Z,mobile,17661,completed,,CA
ORD-002048,2025-03-01T19:19:59Z,web,66451,completed,2025-03-09T12:19:59Z,CA
ORD-002049,2025-06-27T16:29:28Z,web,19467,completed,,US-C
ORD-002050,2025-10-19T19:23:34Z,mobile,66836,active,,CA
ORD-002051,2025-07-08T15:33:17Z,mobile,80753,cancelled,,US-C
ORD-002052,2025-02-15T16:55:38Z,partner,69038,completed,,US-E
ORD-002053,2025-01-29T17:51:07Z,partner,84841,completed,,US-W
ORD-002054,2025-05-01T20:59:30Z,partner,69337,completed,,CA
ORD-002055,2025-10-09T16:09:25Z,mobile,9391,active,,US-E
ORD-002056,2025-05-25T15:07:58Z,mobile,52722,refunded,,CA
ORD-002057,2025-03-19T17:08:58Z,mobile,14104,completed,,CA
ORD-002058,2025-12-14T19:30:34Z,partner,46916,refunded,,CA
ORD-002059,2025-11-09T16:35:46Z,partner,71109,active,,CA
ORD-002060,2025-09-28T20:54:56Z,mobile,36036,completed,,US-C
ORD-002061,2025-04-07T21:35:09Z,web,18012,refunded,,US-C
ORD-002062,2025-07-17T22:09:25Z,partner,31844,cancelled,,US-C
ORD-002063,2025-02-01T23:36:50Z,partner,25975,refunded,,US-E
ORD-002064,2025-09-16T17:33:38Z,mobile,81828,cancelled,,US-C
ORD-002065,2025-06-17T17:54:50Z,mobile,9860,active,,US-E
ORD-002066,2025-07-25T22:52:50Z,partner,30068,refunded,,CA
ORD-002067,2025-01-02T18:43:19Z,mobile,50068,cancelled,,US-E
ORD-002068,2025-12-17T16:48:54Z,web,35629,completed,,CA
ORD-002069,2025-06-26T15:51:10Z,partner,26326,active,,US-E
ORD-002070,2025-02-14T04:53:58Z,mobile,73988,completed,,US-E
ORD-002071,2025-11-16T23:41:39Z,web,83634,cancelled,,US-E
ORD-002072,2025-10-18T15:34:51Z,mobile,38992,active,,US-E
ORD-002073,2025-02-09T19:47:09Z,web,28205,active,,US-C
ORD-002074,2025-04-08T22:30:02Z,partner,21950,completed,,CA
ORD-002075,2025-09-18T14:02:56Z,web,79357,refunded,,US-E
ORD-002076,2025-10-24T20:21:44Z,partner,18020,cancelled,,US-E
ORD-002077,2025-06-14T07:53:17Z,web,82953,active,,US-W
ORD-002078,2025-06-09T21:33:45Z,mobile,11025,completed,,CA
ORD-002079,2025-02-22T18:01:15Z,mobile,70896,active,,US-W
ORD-002080,2025-02-15T18:56:13Z,partner,16341,active,,US-W
ORD-002081,2025-01-05T16:52:46Z,partner,11060,cancelled,,US-W
ORD-002082,2025-09-12T22:36:13Z,partner,86593,refunded,,US-E
ORD-002083,2025-07-20T19:30:02Z,partner,52393,refunded,,US-E
ORD-002084,2025-05-31T02:24:33Z,web,7759,cancelled,,US-W
ORD-002085,2025-03-13T17:57:38Z,mobile,42327,cancelled,,US-E
ORD-002086,2025-01-06T22:14:02Z,mobile,15104,active,,US-C
ORD-002087,2025-02-09T20:48:04Z,mobile,87669,cancelled,,US-W
ORD-002088,2025-01-11T03:50:49Z,legacy_pos,22345,active,,US-E
ORD-002089,2025-12-05T22:19:39Z,web,72501,cancelled,,CA
ORD-002090,2025-02-09T16:07:08Z,partner,43447,cancelled,,US-E
ORD-002091,2025-11-01T15:33:09Z,mobile,56866,cancelled,,US-W
ORD-002092,2025-07-08T19:41:13Z,legacy_pos,48331,cancelled,,CA
ORD-002093,2025-03-21T16:30:29Z,web,28792,completed,,US-C
ORD-002094,2025-04-17T16:27:21Z,mobile,56194,refunded,,US-C
ORD-002095,2025-06-01T21:23:00Z,web,57814,refunded,,US-W
ORD-002096,2025-06-09T21:10:47Z,mobile,30526,cancelled,,CA
ORD-002097,2025-03-16T14:35:13Z,mobile,11197,completed,,CA
ORD-002098,2025-07-02T18:39:07Z,web,86585,completed,,US-C
ORD-002099,2025-02-07T16:02:25Z,mobile,36578,active,,CA
ORD-002100,2025-07-01T16:39:29Z,web,7481,completed,,CA
ORD-002101,2025-12-30T23:28:08Z,mobile,57297,cancelled,,US-E
ORD-002102,2025-06-26T21:24:27Z,mobile,24607,cancelled,,US-W
ORD-002103,2025-02-25T15:07:05Z,web,40254,completed,,US-E
ORD-002104,2025-02-21T23:57:04Z,partner,87471,active,,US-E
ORD-002105,2025-07-10T22:35:17Z,web,23029,active,,US-C
ORD-002106,2025-04-02T18:04:07Z,web,26416,refunded,,US-W
ORD-002107,2025-06-22T22:02:15Z,partner,89331,refunded,,US-E
ORD-002108,2025-03-16T18:11:23Z,partner,53050,cancelled,,US-E
ORD-002109,2025-10-06T14:53:51Z,partner,64181,refunded,,CA
ORD-002110,2025-06-07T15:01:11Z,partner,55339,refunded,,US-E
ORD-002111,2025-08-21T14:43:58Z,partner,39473,completed,,US-E
ORD-002112,2025-09-23T17:44:59Z,web,46719,completed,,US-E
ORD-002113,2025-01-27T20:13:45Z,web,86813,cancelled,,US-W
ORD-002114,2025-09-04T14:50:26Z,mobile,39615,active,,CA
ORD-002115,2025-01-04T19:15:04Z,web,51225,active,,US-W
ORD-002116,2025-07-26T17:01:33Z,mobile,24902,cancelled,2025-08-03T20:01:33Z,US-W
ORD-002117,2025-08-31T15:35:33Z,mobile,7284,completed,,US-C
ORD-002118,2025-03-29T16:38:46Z,mobile,24338,refunded,,US-W
ORD-002119,2025-10-08T18:02:07Z,mobile,61997,completed,,CA
ORD-002120,2025-04-20T16:11:55Z,web,82769,completed,,US-E
ORD-002121,2025-03-14T14:27:55Z,mobile,8770,cancelled,,US-C
ORD-002122,2025-10-17T15:30:02Z,web,38430,cancelled,,US-W
ORD-002123,2025-06-12T17:27:06Z,partner,88129,refunded,,US-W
ORD-002124,2025-02-12T18:54:12Z,partner,52149,cancelled,,US-W
ORD-002125,2025-02-08T22:51:54Z,web,21446,completed,,CA
ORD-002126,2025-08-09T15:37:39Z,web,51463,active,,US-E
ORD-002127,2025-04-03T17:14:12Z,mobile,28086,active,,US-E
ORD-002128,2025-08-29T19:47:16Z,web,4768,active,,US-E
ORD-002129,2025-12-15T20:30:42Z,partner,16291,cancelled,,US-W
ORD-002130,2025-07-20T14:19:23Z,mobile,84309,active,,US-W
ORD-002131,2025-12-07T15:00:37Z,partner,54759,refunded,,US-W
ORD-002132,2025-08-01T22:24:42Z,legacy_pos,26800,active,,CA
ORD-002133,2025-09-25T17:39:17Z,partner,50472,active,,US-E
ORD-002134,2025-01-04T22:33:44Z,partner,45777,completed,,US-E
ORD-002135,2025-01-06T19:54:56Z,web,68567,active,,CA
ORD-002136,2025-04-11T16:16:52Z,mobile,22036,cancelled,,US-W
ORD-002137,2025-11-23T19:02:41Z,partner,87810,active,,US-W
ORD-002138,2025-12-28T18:09:23Z,mobile,61194,completed,,US-W
ORD-002139,2025-08-25T19:51:25Z,mobile,55609,cancelled,,US-W
ORD-002140,2025-05-06T22:32:24Z,mobile,82065,completed,,US-C
ORD-002141,2025-07-07T15:02:55Z,web,51518,refunded,,US-E
ORD-002142,2025-06-21T22:43:07Z,partner,56451,completed,,US-C
ORD-002143,2025-07-05T17:21:29Z,mobile,25649,cancelled,,US-C
ORD-002144,2025-04-09T19:39:01Z,partner,26503,refunded,,CA
ORD-002145,2025-11-12T17:32:43Z,partner,86666,active,,US-E
ORD-002146,2025-03-28T19:24:51Z,partner,80177,cancelled,,US-E
ORD-002147,2025-06-03T19:25:22Z,partner,17685,active,,US-C
ORD-002148,2025-01-26T19:21:37Z,partner,21762,completed,2025-02-02T00:21:37Z,US-E
ORD-002149,2025-06-05T15:26:33Z,mobile,69904,active,,US-E
ORD-002150,2025-11-19T16:58:04Z,mobile,65977,cancelled,,CA
ORD-002151,2025-08-04T20:14:13Z,partner,79947,completed,,US-E
ORD-002152,2025-03-20T22:07:28Z,partner,79867,active,,US-E
ORD-002153,2025-05-25T18:07:23Z,partner,5424,refunded,,US-C
ORD-002154,2025-04-24T17:18:40Z,web,75649,active,,CA
ORD-002155,2025-03-12T19:14:55Z,mobile,9284,active,,CA
ORD-002156,2025-03-08T19:44:37Z,partner,79508,completed,,CA
ORD-002157,2025-02-18T17:18:38Z,mobile,3355,cancelled,2025-02-26T13:18:38Z,US-W
ORD-002158,2025-04-16T15:49:04Z,web,7352,completed,,CA
ORD-002159,2025-08-18T14:32:12Z,partner,76959,cancelled,,US-C
ORD-002160,2025-02-03T15:03:03Z,partner,32025,active,,US-E
ORD-002161,2025-01-29T22:23:59Z,mobile,20521,refunded,,CA
ORD-002162,2025-06-23T21:45:00Z,mobile,47293,cancelled,,US-C
ORD-002163,2025-01-16T15:18:23Z,web,43120,refunded,,US-C
ORD-002164,2025-11-23T20:23:21Z,web,12304,active,,US-W
ORD-002165,2025-07-15T20:16:04Z,partner,33062,active,,CA
ORD-002166,2025-02-12T18:13:47Z,mobile,16484,cancelled,,US-E
ORD-002167,2025-03-08T23:53:38Z,mobile,88898,cancelled,,CA
ORD-002168,2025-04-19T16:56:12Z,web,76940,active,,CA
ORD-002169,2025-02-09T22:18:44Z,web,21575,active,,US-W
ORD-002170,2025-08-12T18:57:21Z,mobile,54256,active,,US-C
ORD-002171,2025-06-20T18:47:30Z,partner,46631,completed,,CA
ORD-002172,2025-03-06T23:18:45Z,partner,58105,completed,,CA
ORD-002173,2025-05-20T19:38:04Z,web,14836,completed,,US-C
ORD-002174,2025-03-19T16:39:31Z,partner,68975,refunded,,CA
ORD-002175,2025-08-29T15:12:43Z,web,32182,active,,US-C
ORD-002176,2025-05-04T20:46:55Z,partner,57563,cancelled,,US-C
ORD-002177,2025-02-18T17:37:10Z,mobile,71098,refunded,2025-02-20T18:37:10Z,CA
ORD-002178,2025-06-21T18:28:48Z,mobile,66977,active,,US-E
ORD-002179,2025-03-03T16:27:16Z,web,5798,active,,US-E
ORD-002180,2025-10-23T17:10:30Z,mobile,24428,active,,US-W
ORD-002181,2025-01-13T07:25:59Z,web,85804,cancelled,,CA
ORD-002182,2025-11-23T18:10:04Z,partner,74502,active,,US-W
ORD-002183,2025-05-10T16:53:04Z,mobile,52559,cancelled,,US-W
ORD-002184,2025-09-16T20:58:39Z,partner,63115,active,,US-E
ORD-002185,2025-07-13T20:18:09Z,partner,64724,completed,,US-C
ORD-002186,2025-07-22T19:11:55Z,partner,61195,refunded,,CA
ORD-002187,2025-06-22T22:21:46Z,web,15803,completed,,US-W
ORD-002188,2025-01-28T23:44:05Z,mobile,50213,completed,,US-E
ORD-002189,2025-09-02T17:44:04Z,mobile,48701,refunded,,CA
ORD-002190,2025-06-21T15:31:50Z,partner,17060,cancelled,,US-C
ORD-002191,2025-09-12T22:26:56Z,partner,51133,cancelled,,US-E
ORD-002192,2025-05-14T22:56:05Z,mobile,81745,cancelled,,CA
ORD-002193,2025-12-02T21:44:45Z,mobile,26084,refunded,2025-12-04T01:44:45Z,CA
ORD-002194,2025-11-18T23:01:14Z,partner,20785,completed,,US-E
ORD-002195,2025-09-06T14:09:59Z,mobile,49739,refunded,,US-W
ORD-002196,2025-12-11T23:58:52Z,web,3095,cancelled,,US-E
ORD-002197,2025-03-22T17:54:42Z,mobile,43446,cancelled,,CA
ORD-002198,2025-09-06T22:29:33Z,web,23603,active,,US-E
ORD-002199,2025-09-24T17:58:28Z,web,33616,cancelled,,US-C
ORD-002200,2025-03-06T16:03:57Z,partner,38205,active,,US-C
ORD-002201,2025-06-30T20:48:10Z,mobile,71854,completed,,US-E
ORD-002202,2025-09-08T14:38:27Z,partner,30883,cancelled,,US-W
ORD-002203,2025-03-10T14:54:52Z,partner,58553,completed,,US-C
ORD-002204,2025-06-15T16:04:16Z,partner,3933,refunded,,US-E
ORD-002205,2025-04-18T19:47:32Z,mobile,33671,cancelled,,US-E
ORD-002206,2025-08-27T20:53:36Z,partner,52590,active,,US-W
ORD-002207,2025-09-05T15:15:15Z,web,72419,cancelled,,US-E
ORD-002208,2025-09-01T19:37:34Z,partner,16594,active,,US-C
ORD-002209,2025-12-26T21:34:44Z,partner,22088,active,,US-W
ORD-002210,2025-07-18T14:46:57Z,mobile,47422,refunded,,US-W
ORD-002211,2025-02-14T15:01:33Z,partner,18454,completed,,US-W
ORD-002212,2025-06-18T15:38:32Z,web,65404,cancelled,2025-06-24T15:38:32Z,US-E
ORD-002213,2025-05-25T15:37:38Z,partner,9252,active,,CA
ORD-002214,2025-06-30T18:30:02Z,partner,1285,completed,,CA
ORD-002215,2025-07-02T21:19:15Z,partner,15179,completed,,US-C
ORD-002216,2025-03-14T22:01:29Z,mobile,9208,cancelled,,US-C
ORD-002217,2025-04-24T22:31:08Z,mobile,45365,active,,US-E
ORD-002218,2025-03-26T19:09:16Z,mobile,83071,completed,,US-E
ORD-002219,2025-05-22T18:38:05Z,web,79617,active,,US-W
ORD-002220,2025-03-12T22:19:16Z,mobile,42858,completed,2025-03-15T15:19:16Z,CA
ORD-002221,2025-08-22T21:20:09Z,web,30606,active,,US-C
ORD-002222,2025-03-06T20:35:44Z,web,61285,cancelled,,US-W
ORD-002223,2025-01-20T21:37:08Z,partner,39879,completed,,US-E
ORD-002224,2025-06-14T19:04:15Z,web,86060,active,,US-W
ORD-002225,2025-09-30T18:23:08Z,web,66950,cancelled,,US-C
ORD-002226,2025-08-24T15:25:11Z,partner,14269,refunded,,CA
ORD-002227,2025-09-20T15:13:50Z,web,68247,refunded,,CA
ORD-002228,2025-11-24T21:29:35Z,mobile,33273,cancelled,,US-E
ORD-002229,2025-03-08T19:27:03Z,web,87822,active,,CA
ORD-002230,2025-10-09T19:11:03Z,mobile,11552,active,,US-E
ORD-002231,2025-09-09T17:42:39Z,partner,75594,completed,,US-W
ORD-002232,2025-10-23T16:09:19Z,mobile,86474,cancelled,,US-C
ORD-002233,2025-04-18T19:03:37Z,mobile,51718,refunded,,CA
ORD-002234,2025-03-13T17:21:34Z,web,63763,completed,,US-W
ORD-002235,2025-08-15T21:11:44Z,partner,16986,completed,,CA
ORD-002236,2025-02-25T20:17:53Z,partner,50197,refunded,,CA
ORD-002237,2025-05-07T22:02:21Z,mobile,58763,cancelled,,US-E
ORD-002238,2025-11-23T15:49:26Z,partner,32932,refunded,,US-C
ORD-002239,2025-05-21T19:19:37Z,mobile,7997,refunded,,US-E
ORD-002240,2025-06-14T20:39:27Z,partner,78087,refunded,,US-W
ORD-002241,2025-08-16T15:50:27Z,mobile,27834,completed,,US-C
ORD-002242,2025-09-11T15:45:49Z,partner,47369,completed,,US-C
ORD-002243,2025-08-27T20:13:17Z,web,61859,refunded,,US-C
ORD-002244,2025-08-03T18:16:20Z,web,55687,active,,US-E
ORD-002245,2025-10-27T07:02:23Z,web,35214,active,,US-C
ORD-002246,2025-04-02T19:59:42Z,mobile,816,refunded,,CA
ORD-002247,2025-10-10T17:34:56Z,web,44209,completed,,US-E
ORD-002248,2025-06-22T15:21:50Z,partner,51297,completed,,US-E
ORD-002249,2025-03-07T19:44:11Z,partner,51478,active,,US-C
ORD-002250,2025-12-11T21:59:39Z,partner,36642,completed,,CA
ORD-002251,2025-03-18T20:08:24Z,mobile,56634,active,,CA
ORD-002252,2025-03-22T19:42:42Z,web,34735,refunded,,US-C
ORD-002253,2025-08-04T19:15:00Z,mobile,85878,completed,,US-C
ORD-002254,2025-10-29T20:37:54Z,partner,12076,cancelled,,CA
ORD-002255,2025-07-02T17:21:11Z,web,83015,active,,US-E
ORD-002256,2025-03-16T21:27:25Z,partner,23342,cancelled,,US-C
ORD-002257,2025-02-12T21:57:09Z,web,6184,refunded,,US-W
ORD-002258,2025-10-29T15:23:05Z,partner,11881,cancelled,,US-E
ORD-002259,2025-07-17T16:23:54Z,partner,55925,cancelled,2025-07-21T06:23:54Z,US-W
ORD-002260,2025-01-10T22:32:28Z,mobile,68920,active,,US-W
ORD-002261,2025-11-17T23:47:26Z,partner,64098,active,,US-E
ORD-002262,2025-01-23T20:39:05Z,partner,77160,cancelled,,US-E
ORD-002263,2025-09-05T14:17:12Z,mobile,47783,cancelled,,US-C
ORD-002264,2025-02-08T19:25:08Z,web,3600,completed,,CA
ORD-002265,2025-05-03T16:11:21Z,web,45787,cancelled,,US-E
ORD-002266,2025-09-21T16:31:49Z,partner,39985,refunded,,CA
ORD-002267,2025-04-01T16:31:16Z,web,75102,completed,,US-W
ORD-002268,2025-04-29T22:22:21Z,partner,4889,active,,CA
ORD-002269,2025-07-05T22:18:13Z,web,40681,cancelled,,CA
ORD-002270,2025-09-27T21:49:17Z,mobile,52186,active,,CA
ORD-002271,2025-06-12T22:20:33Z,web,84426,active,,US-E
ORD-002272,2025-12-18T18:46:48Z,mobile,81404,refunded,,CA
ORD-002273,2025-07-20T18:39:47Z,web,20356,completed,,US-W
ORD-002274,2025-05-06T21:11:13Z,legacy_pos,1900,cancelled,,US-E
ORD-002275,2025-03-20T18:11:42Z,mobile,72527,cancelled,,US-W
ORD-002276,2025-07-05T20:58:56Z,partner,50281,completed,,US-C
ORD-002277,2025-08-30T19:29:58Z,mobile,19360,completed,,US-E
ORD-002278,2025-09-11T21:20:11Z,web,3993,refunded,,US-W
ORD-002279,2025-09-27T20:58:01Z,partner,53132,active,,US-W
ORD-002280,2025-09-27T18:04:38Z,mobile,80894,refunded,,CA
ORD-002281,2025-07-03T17:24:22Z,mobile,15380,completed,,US-W
ORD-002282,2025-05-06T20:59:14Z,web,15784,cancelled,2025-05-08T12:59:14Z,US-C
ORD-002283,2025-06-24T14:21:42Z,mobile,10203,refunded,,CA
ORD-002284,2025-03-18T18:09:27Z,web,50877,refunded,,CA
ORD-002285,2025-05-12T20:35:57Z,partner,59703,active,,CA
ORD-002286,2025-11-29T21:39:19Z,mobile,75421,completed,,CA
ORD-002287,2025-02-26T00:25:43Z,partner,59382,completed,,US-C
ORD-002288,2025-10-03T21:38:09Z,web,54990,cancelled,,US-W
ORD-002289,2025-03-29T18:50:01Z,web,60039,cancelled,,CA
ORD-002290,2025-02-18T22:58:56Z,partner,62118,completed,,US-C
ORD-002291,2025-12-14T22:50:50Z,mobile,14009,completed,,US-C
ORD-002292,2025-09-30T17:26:43Z,partner,67205,refunded,,US-W
ORD-002293,2025-04-13T15:57:23Z,partner,63382,completed,,US-W
ORD-002294,2025-11-24T18:07:51Z,web,75552,cancelled,,US-E
ORD-002295,2025-10-23T16:14:33Z,partner,64811,active,,US-C
ORD-002296,2025-09-11T17:35:57Z,mobile,58046,refunded,,US-C
ORD-002297,2025-02-12T15:50:59Z,web,72096,active,,CA
ORD-002298,2025-08-30T18:14:05Z,web,62721,completed,,US-C
ORD-002299,2025-10-14T19:01:54Z,web,70348,completed,,CA
ORD-002300,2025-06-28T18:32:31Z,partner,21496,cancelled,,US-W
ORD-002301,2025-10-12T19:01:31Z,web,24306,refunded,,CA
ORD-002302,2025-02-24T15:38:28Z,mobile,29420,refunded,,CA
ORD-002303,2025-11-01T18:26:44Z,mobile,27265,active,,US-C
ORD-002304,2025-10-07T18:41:11Z,web,72669,cancelled,,US-C
ORD-002305,2025-10-28T15:36:08Z,web,34827,cancelled,,US-C
ORD-002306,2025-08-17T18:26:05Z,web,49731,refunded,,CA
ORD-002307,2025-08-29T22:38:33Z,partner,88107,cancelled,,US-W
ORD-002308,2025-06-22T15:34:15Z,mobile,39861,cancelled,,US-W
ORD-002309,2025-05-07T17:18:18Z,web,86832,cancelled,,US-C
ORD-002310,2025-02-21T17:15:57Z,partner,29023,completed,,CA
ORD-002311,2025-10-06T15:11:14Z,mobile,79252,completed,,US-E
ORD-002312,2025-10-09T15:42:34Z,partner,47527,cancelled,,CA
ORD-002313,2025-07-20T17:49:02Z,partner,20708,cancelled,,US-C
ORD-002314,2025-03-11T22:35:59Z,legacy_pos,51800,active,,US-E
ORD-002315,2025-12-25T22:01:33Z,web,1169,cancelled,,US-C
ORD-002316,2025-06-28T19:43:58Z,web,13067,active,,US-C
ORD-002317,2025-01-22T07:07:38Z,partner,28757,refunded,,US-E
ORD-002318,2025-10-17T15:39:51Z,mobile,31904,cancelled,,CA
ORD-002319,2025-07-09T07:27:03Z,partner,18040,completed,,US-C
ORD-002320,2025-02-02T21:16:17Z,mobile,15419,completed,2025-02-05T23:16:17Z,US-W
ORD-002321,2025-05-23T16:09:01Z,web,45713,refunded,,US-C
ORD-002322,2025-01-18T16:56:36Z,partner,10423,cancelled,,CA
ORD-002323,2025-02-27T22:39:01Z,web,48204,refunded,,US-C
ORD-002324,2025-05-18T14:03:52Z,partner,66417,cancelled,,US-C
ORD-002325,2025-03-30T14:23:39Z,partner,60585,completed,,US-E
ORD-002326,2025-10-07T21:40:56Z,partner,35864,refunded,,US-E
ORD-002327,2025-04-13T17:30:50Z,mobile,72738,cancelled,,CA
ORD-002328,2025-07-16T17:09:58Z,mobile,43205,active,,US-C
ORD-002329,2025-02-28T23:44:11Z,web,13303,active,,CA
ORD-002330,2025-04-06T21:40:55Z,mobile,67115,completed,,US-C
ORD-002331,2025-06-06T22:36:20Z,mobile,26828,completed,,US-E
ORD-002332,2025-10-19T21:53:08Z,partner,80800,completed,,US-W
ORD-002333,2025-07-03T20:40:40Z,partner,57985,active,,US-E
ORD-002334,2025-04-03T18:28:23Z,mobile,88923,refunded,,US-E
ORD-002335,2025-10-26T14:29:09Z,web,21916,active,,US-C
ORD-002336,2025-02-11T15:23:54Z,web,69070,cancelled,,US-C
ORD-002337,2025-01-01T20:25:13Z,partner,53867,cancelled,,US-E
ORD-002338,2025-01-26T23:31:04Z,mobile,35180,completed,,US-W
ORD-002339,2025-05-14T14:34:18Z,web,87446,cancelled,,US-C
ORD-002340,2025-07-08T17:04:15Z,mobile,66941,refunded,,US-C
ORD-002341,2025-02-28T19:47:24Z,web,3673,refunded,,CA
ORD-002342,2025-10-07T19:17:06Z,partner,64968,refunded,,US-C
ORD-002343,2025-03-21T17:32:25Z,web,5048,completed,,US-W
ORD-002344,2025-02-05T22:06:46Z,web,69553,completed,,CA
ORD-002345,2025-02-22T21:42:51Z,mobile,1383,cancelled,,US-E
ORD-002346,2025-02-21T16:26:58Z,mobile,89127,cancelled,,US-E
ORD-002347,2025-10-06T16:32:20Z,web,21349,refunded,,CA
ORD-002348,2025-09-11T14:12:16Z,mobile,61022,completed,,CA
ORD-002349,2025-05-08T19:56:51Z,mobile,41543,cancelled,,US-E
ORD-002350,2025-04-15T16:41:41Z,partner,45647,refunded,,US-W
ORD-002351,2025-01-17T21:38:40Z,partner,36973,completed,,US-W
ORD-002352,2025-12-27T23:59:53Z,mobile,47091,active,,CA
ORD-002353,2025-05-08T14:10:02Z,mobile,11826,completed,,CA
ORD-002354,2025-10-30T22:42:46Z,partner,52735,active,,CA
ORD-002355,2025-10-23T07:23:09Z,partner,7225,cancelled,,CA
ORD-002356,2025-09-22T20:49:40Z,mobile,72851,refunded,,US-W
ORD-002357,2025-07-18T20:06:22Z,partner,27257,completed,,CA
ORD-002358,2025-11-02T19:05:35Z,web,49572,completed,,US-W
ORD-002359,2025-06-15T17:23:10Z,partner,19287,cancelled,,CA
ORD-002360,2025-01-10T23:28:35Z,mobile,20006,refunded,,CA
ORD-002361,2025-10-31T20:32:58Z,partner,38889,active,,US-C
ORD-002362,2025-09-02T20:07:00Z,partner,7691,completed,,US-C
ORD-002363,2025-02-20T22:40:23Z,partner,612,refunded,,US-C
ORD-002364,2025-02-27T15:20:58Z,partner,2456,cancelled,,US-C
ORD-002365,2025-05-20T17:50:18Z,web,85078,completed,,US-C
ORD-002366,2025-08-04T17:57:15Z,web,73527,completed,,US-C
ORD-002367,2025-09-12T19:30:18Z,mobile,80794,cancelled,,US-C
ORD-002368,2025-09-28T21:21:47Z,partner,2185,active,,US-C
ORD-002369,2025-06-12T19:23:28Z,partner,19332,cancelled,,US-C
ORD-002370,2025-11-08T16:17:53Z,partner,63609,cancelled,,US-E
ORD-002371,2025-10-13T18:41:27Z,web,88678,active,,US-C
ORD-002372,2025-07-29T16:40:35Z,mobile,76207,refunded,,US-C
ORD-002373,2025-07-23T19:51:07Z,legacy_pos,50365,active,,US-W
ORD-002374,2025-07-25T15:33:08Z,partner,13921,refunded,,CA
ORD-002375,2025-05-08T15:57:48Z,web,11627,cancelled,,US-E
ORD-002376,2025-12-20T23:47:22Z,partner,67893,refunded,,US-C
ORD-002377,2025-06-13T16:51:07Z,mobile,74228,completed,,US-W
ORD-002378,2025-05-05T21:17:32Z,partner,12628,completed,,US-W
ORD-002379,2025-11-30T19:24:51Z,partner,42075,cancelled,,US-E
ORD-002380,2025-10-26T17:10:52Z,web,41198,completed,,CA
ORD-002381,2025-07-20T17:47:17Z,mobile,58788,refunded,,CA
ORD-002382,2025-10-10T15:50:46Z,partner,32635,active,,US-W
ORD-002383,2025-11-29T20:47:57Z,mobile,81350,cancelled,,US-W
ORD-002384,2025-09-11T18:40:07Z,legacy_pos,16587,active,,US-C
ORD-002385,2025-03-16T19:15:42Z,partner,82146,active,,US-E
ORD-002386,2025-08-26T18:30:02Z,web,57707,active,,US-W
ORD-002387,2025-10-19T20:45:36Z,partner,80396,cancelled,,US-W
ORD-002388,2025-08-02T20:45:41Z,mobile,61091,completed,,US-W
ORD-002389,2025-02-08T19:49:17Z,web,15029,refunded,,US-C
ORD-002390,2025-02-04T15:14:03Z,partner,57519,refunded,,CA
ORD-002391,2025-03-18T21:15:33Z,mobile,54975,completed,,US-E
ORD-002392,2025-04-26T19:25:45Z,mobile,62251,cancelled,,US-E
ORD-002393,2025-03-14T15:28:25Z,mobile,2386,completed,,CA
ORD-002394,2025-06-30T17:02:33Z,mobile,46131,completed,,US-E
ORD-002395,2025-03-25T21:17:06Z,partner,50345,completed,,US-E
ORD-002396,2025-05-10T20:29:51Z,web,65803,refunded,,US-W
ORD-002397,2025-01-07T22:53:12Z,partner,25079,active,,CA
ORD-002398,2025-10-17T05:17:49Z,partner,43026,active,,US-E
ORD-002399,2025-03-12T16:05:43Z,partner,4161,refunded,,US-W
ORD-002400,2025-01-21T18:51:36Z,partner,9048,completed,,US-C
ORD-002401,2025-12-07T18:24:34Z,partner,28991,completed,,US-W
ORD-002402,2025-09-07T17:59:43Z,web,49584,completed,,US-W
ORD-002403,2025-08-16T18:52:34Z,partner,69922,completed,,US-C
ORD-002404,2025-08-30T16:18:12Z,partner,47822,cancelled,,CA
ORD-002405,2025-12-16T19:55:20Z,mobile,14434,refunded,,US-C
ORD-002406,2025-01-28T22:19:54Z,web,24455,refunded,,US-C
ORD-002407,2025-07-11T21:44:37Z,partner,44563,active,,CA
ORD-002408,2025-04-15T17:22:05Z,web,20323,refunded,,US-W
ORD-002409,2025-02-18T15:10:28Z,mobile,36876,cancelled,,CA
ORD-002410,2025-04-16T20:16:02Z,web,783,refunded,,CA
ORD-002411,2025-04-05T15:41:39Z,web,19261,completed,,US-W
ORD-002412,2025-08-09T17:05:37Z,mobile,65344,completed,,US-E
ORD-002413,2025-12-08T17:45:40Z,web,18512,cancelled,,US-W
ORD-002414,2025-06-04T16:05:20Z,legacy_pos,46200,completed,,US-W
ORD-002415,2025-06-07T22:36:33Z,partner,65755,completed,,US-W
ORD-002416,2025-01-03T22:48:54Z,web,81670,cancelled,,US-C
ORD-002417,2025-01-09T19:05:47Z,partner,56208,active,,US-W
ORD-002418,2025-03-06T19:11:06Z,partner,38622,completed,,US-C
ORD-002419,2025-04-23T19:52:36Z,mobile,30205,cancelled,,US-W
ORD-002420,2025-09-17T17:12:07Z,mobile,66676,refunded,,CA
ORD-002421,2025-02-19T15:40:53Z,partner,22552,refunded,,US-E
ORD-002422,2025-04-04T20:15:42Z,web,6839,refunded,,US-C
ORD-002423,2025-10-15T22:56:35Z,partner,2574,cancelled,,US-W
ORD-002424,2025-01-22T21:18:13Z,mobile,14925,cancelled,,US-C
ORD-002425,2025-09-18T14:37:21Z,mobile,2758,completed,,CA
ORD-002426,2025-03-08T18:57:49Z,mobile,50775,refunded,,CA
ORD-002427,2025-12-14T23:49:14Z,web,81156,cancelled,,US-W
ORD-002428,2025-05-14T14:17:20Z,web,15107,refunded,2025-05-21T04:17:20Z,US-E
ORD-002429,2025-08-14T20:45:56Z,web,75779,active,,US-W
ORD-002430,2025-03-03T16:57:26Z,partner,35926,refunded,,CA
ORD-002431,2025-09-16T15:41:12Z,web,46385,active,,CA
ORD-002432,2025-04-18T14:42:03Z,mobile,11892,active,,US-E
ORD-002433,2025-03-19T15:47:14Z,partner,67922,completed,,CA
ORD-002434,2025-05-07T19:05:22Z,partner,35062,refunded,2025-05-10T07:05:22Z,US-E
ORD-002435,2025-09-09T19:36:10Z,partner,38303,cancelled,,US-E
ORD-002436,2025-08-25T19:44:42Z,mobile,75658,completed,,US-E
ORD-002437,2025-12-03T20:49:25Z,mobile,45423,cancelled,,US-E
ORD-002438,2025-03-12T22:23:39Z,partner,48168,completed,,US-C
ORD-002439,2025-10-12T21:25:07Z,partner,24924,cancelled,,US-C
ORD-002440,2025-05-22T18:11:14Z,partner,3137,completed,,US-E
ORD-002441,2025-04-01T18:21:16Z,partner,2343,refunded,,CA
ORD-002442,2025-11-30T18:05:10Z,partner,34346,cancelled,,US-W
ORD-002443,2025-05-21T15:15:02Z,partner,56569,active,,US-W
ORD-002444,2025-10-18T18:02:17Z,partner,16438,cancelled,,US-E
ORD-002445,2025-10-14T21:28:12Z,mobile,25478,cancelled,,CA
ORD-002446,2025-06-25T15:41:53Z,web,9982,active,,US-W
ORD-002447,2025-05-21T22:21:51Z,partner,77432,completed,,US-C
ORD-002448,2025-02-16T23:02:01Z,partner,87163,refunded,,US-W
ORD-002449,2025-09-26T20:49:07Z,mobile,63632,active,,US-E
ORD-002450,2025-09-19T15:15:30Z,web,64058,active,,US-E
ORD-002451,2025-07-02T19:35:45Z,web,23485,cancelled,,CA
ORD-002452,2025-01-04T21:31:36Z,partner,82155,cancelled,,US-C
ORD-002453,2025-08-16T06:52:20Z,partner,46328,cancelled,,US-W
ORD-002454,2025-09-27T14:00:36Z,partner,60570,active,,US-W
ORD-002455,2025-10-02T16:55:58Z,web,69271,active,,US-C
ORD-002456,2025-03-28T16:08:04Z,partner,48669,cancelled,,US-W
ORD-002457,2025-08-21T20:18:06Z,web,51989,cancelled,,CA
ORD-002458,2025-11-19T21:23:16Z,web,86210,cancelled,,CA
ORD-002459,2025-11-23T17:29:21Z,web,5725,completed,,CA
ORD-002460,2025-11-24T18:20:18Z,mobile,24999,refunded,,US-C
ORD-002461,2025-04-18T20:03:27Z,mobile,20149,completed,,US-C
ORD-002462,2025-06-06T20:01:57Z,partner,79094,cancelled,,US-W
ORD-002463,2025-02-01T22:19:50Z,mobile,62119,active,,US-W
ORD-002464,2025-08-03T15:41:58Z,mobile,48188,cancelled,,US-C
ORD-002465,2025-05-02T15:47:17Z,mobile,89481,refunded,,US-C
ORD-002466,2025-10-19T19:01:13Z,legacy_pos,45152,completed,,US-C
ORD-002467,2025-07-06T22:53:37Z,legacy_pos,68400,cancelled,,US-C
ORD-002468,2025-11-15T16:29:05Z,partner,55483,completed,,US-W
ORD-002469,2025-08-19T18:26:13Z,web,37144,completed,,CA
ORD-002470,2025-05-05T18:10:01Z,partner,85528,active,,US-E
ORD-002471,2025-01-02T19:19:09Z,web,33605,active,,US-E
ORD-002472,2025-07-06T19:51:51Z,web,69487,refunded,,US-C
ORD-002473,2025-09-08T07:34:52Z,web,67820,refunded,,CA
ORD-002474,2025-06-23T17:46:43Z,partner,17595,cancelled,,CA
ORD-002475,2025-04-02T22:30:33Z,mobile,19065,active,,CA
ORD-002476,2025-03-02T17:18:13Z,web,78473,refunded,,US-E
ORD-002477,2025-10-11T15:19:13Z,mobile,65889,active,,US-C
ORD-002478,2025-10-29T16:48:51Z,partner,2939,refunded,,US-C
ORD-002479,2025-12-09T17:17:47Z,partner,36376,active,,US-C
ORD-002480,2025-07-28T20:58:58Z,partner,12921,refunded,,US-C
ORD-002481,2025-01-06T18:39:35Z,web,23644,cancelled,,US-C
ORD-002482,2025-07-02T14:35:29Z,partner,83369,cancelled,,CA
ORD-002483,2025-04-18T15:25:27Z,web,8674,active,,US-E
ORD-002484,2025-09-30T16:05:14Z,mobile,88603,active,,US-W
ORD-002485,2025-04-09T18:14:17Z,partner,63978,active,,US-C
ORD-002486,2025-12-02T17:39:53Z,web,12341,cancelled,2025-12-06T06:39:53Z,CA
ORD-002487,2025-07-15T19:02:26Z,mobile,15604,active,,CA
ORD-002488,2025-11-29T19:03:07Z,mobile,60275,cancelled,,US-E
ORD-002489,2025-03-12T14:46:06Z,web,51887,refunded,,US-E
ORD-002490,2025-02-25T21:37:16Z,web,87923,refunded,,US-C
ORD-002491,2025-04-13T17:33:27Z,partner,2377,refunded,,US-E
ORD-002492,2025-06-13T22:39:59Z,web,41075,cancelled,,US-C
ORD-002493,2025-09-24T21:39:27Z,web,30902,active,,US-W
ORD-002494,2025-05-25T21:14:36Z,partner,74754,completed,,CA
ORD-002495,2025-10-26T16:49:40Z,web,47173,completed,,US-C
ORD-002496,2025-10-20T18:52:25Z,web,7105,active,,CA
ORD-002497,2025-12-14T17:51:04Z,legacy_pos,75000,refunded,,US-W
ORD-002498,2025-01-30T21:51:02Z,partner,58856,cancelled,,US-C
ORD-002499,2025-04-09T19:29:10Z,mobile,62124,refunded,,US-E
ORD-002500,2025-05-21T17:51:53Z,partner,29150,refunded,,US-W
ORD-002501,2025-09-07T17:08:31Z,web,14792,active,,CA
ORD-002502,2025-10-29T15:31:08Z,web,37793,refunded,,CA
ORD-002503,2025-06-25T22:33:07Z,web,78873,refunded,,US-W
ORD-002504,2025-10-21T18:27:06Z,web,51758,cancelled,,US-E
ORD-002505,2025-04-05T16:52:55Z,partner,48207,refunded,,US-C
ORD-002506,2025-02-14T16:17:29Z,mobile,46867,cancelled,,US-W
ORD-002507,2025-02-08T18:01:54Z,mobile,19516,refunded,,US-W
ORD-002508,2025-06-13T22:12:01Z,web,16622,refunded,,US-E
ORD-002509,2025-07-04T14:06:29Z,mobile,24281,cancelled,,US-C
ORD-002510,2025-06-05T19:53:01Z,mobile,53423,refunded,,US-E
ORD-002511,2025-09-26T14:13:41Z,mobile,48592,refunded,,US-C
ORD-002512,2025-11-18T22:30:20Z,mobile,50613,cancelled,,US-E
ORD-002513,2025-08-15T16:49:50Z,mobile,39650,cancelled,,CA
ORD-002514,2025-02-28T18:44:23Z,web,84379,completed,,US-C
ORD-002515,2025-12-28T23:36:08Z,partner,68026,refunded,,CA
ORD-002516,2025-01-11T19:42:26Z,web,16899,cancelled,,US-C
ORD-002517,2025-10-16T22:51:06Z,web,12463,refunded,,US-W
ORD-002518,2025-06-02T20:35:59Z,web,85983,active,,US-W
ORD-002519,2025-12-01T16:51:20Z,mobile,59243,cancelled,2025-12-06T10:51:20Z,US-C
ORD-002520,2025-01-10T20:41:59Z,partner,61246,cancelled,,CA
ORD-002521,2025-04-01T18:08:15Z,mobile,33108,completed,,US-C
ORD-002522,2025-11-30T20:28:20Z,web,70235,completed,,US-C
ORD-002523,2025-12-14T23:54:22Z,web,24294,active,,US-W
ORD-002524,2025-07-16T20:01:18Z,mobile,11361,cancelled,,US-W
ORD-002525,2025-04-04T18:54:21Z,mobile,60068,completed,,US-E
ORD-002526,2025-07-18T21:36:15Z,mobile,58086,refunded,,US-C
ORD-002527,2025-06-22T14:41:00Z,partner,65665,completed,,US-C
ORD-002528,2025-05-03T18:53:46Z,mobile,74490,active,,US-W
ORD-002529,2025-01-27T21:00:37Z,mobile,21871,active,,US-E
ORD-002530,2025-05-24T17:46:59Z,web,53168,refunded,,US-W
ORD-002531,2025-02-12T15:07:39Z,mobile,75211,completed,,CA
ORD-002532,2025-04-04T14:56:26Z,web,28719,completed,,US-C
ORD-002533,2025-07-28T20:11:35Z,partner,79815,completed,,US-C
ORD-002534,2025-05-04T17:52:55Z,web,11051,active,,US-W
ORD-002535,2025-10-05T16:02:25Z,partner,25766,active,,US-E
ORD-002536,2025-04-21T16:48:03Z,mobile,9112,refunded,,US-W
ORD-002537,2025-04-19T18:10:34Z,web,13479,active,,US-W
ORD-002538,2025-06-07T22:51:41Z,partner,86536,refunded,,CA
ORD-002539,2025-11-16T19:07:38Z,web,13729,cancelled,,US-E
ORD-002540,2025-07-11T18:32:50Z,web,77457,completed,,US-E
ORD-002541,2025-01-29T17:30:39Z,partner,62283,active,,CA
ORD-002542,2025-09-16T20:12:16Z,mobile,56104,completed,,CA
ORD-002543,2025-06-06T15:38:08Z,web,55666,completed,,CA
ORD-002544,2025-06-22T18:56:24Z,mobile,3793,active,,CA
ORD-002545,2025-08-24T21:12:33Z,mobile,53187,cancelled,,CA
ORD-002546,2025-09-11T17:43:55Z,partner,71668,active,,CA
ORD-002547,2025-01-20T19:30:03Z,mobile,66029,active,,CA
ORD-002548,2025-08-08T19:36:29Z,partner,23980,refunded,,CA
ORD-002549,2025-04-25T22:08:06Z,mobile,72458,active,,US-E
ORD-002550,2025-02-01T18:37:00Z,partner,17196,refunded,,US-C
ORD-002551,2025-03-06T15:24:23Z,partner,4068,active,,US-C
ORD-002552,2025-03-30T17:40:09Z,web,27808,refunded,,US-E
ORD-002553,2025-06-22T20:04:19Z,partner,20226,cancelled,,CA
ORD-002554,2025-09-14T22:29:59Z,partner,34268,completed,,US-E
ORD-002555,2025-08-14T14:26:41Z,mobile,84275,completed,,CA
ORD-002556,2025-04-12T19:29:05Z,partner,71551,refunded,,US-E
ORD-002557,2025-06-13T15:02:27Z,mobile,62506,cancelled,,US-W
ORD-002558,2025-08-23T19:52:24Z,mobile,19485,cancelled,,US-C
ORD-002559,2025-09-30T20:20:36Z,mobile,80268,active,,US-E
ORD-002560,2025-11-06T23:50:28Z,partner,16367,active,,US-E
ORD-002561,2025-06-05T15:21:47Z,partner,31617,cancelled,,US-E
ORD-002562,2025-01-11T02:59:59Z,partner,11673,refunded,,US-W
ORD-002563,2025-08-08T22:06:14Z,web,53926,active,,CA
ORD-002564,2025-07-14T17:47:05Z,mobile,66601,completed,,CA
ORD-002565,2025-11-19T18:28:52Z,partner,66974,refunded,,US-E
ORD-002566,2025-12-16T19:52:10Z,partner,40732,cancelled,,US-W
ORD-002567,2025-12-12T21:24:13Z,partner,70536,refunded,,US-W
ORD-002568,2025-07-18T19:26:57Z,partner,76324,refunded,,US-C
ORD-002569,2025-05-02T01:57:16Z,web,22920,refunded,,US-E
ORD-002570,2025-12-10T23:42:15Z,web,63551,active,,US-C
ORD-002571,2025-11-21T18:27:31Z,mobile,69078,refunded,,US-W
ORD-002572,2025-12-11T17:46:38Z,partner,77868,refunded,,CA
ORD-002573,2025-03-31T14:59:56Z,web,85146,refunded,,US-W
ORD-002574,2025-08-15T21:23:37Z,mobile,35019,completed,,US-E
ORD-002575,2025-02-11T20:51:27Z,mobile,27904,refunded,2025-02-15T06:51:27Z,US-W
ORD-002576,2025-02-20T21:33:23Z,mobile,50174,active,,US-E
ORD-002577,2025-06-18T07:10:47Z,partner,85356,cancelled,,US-E
ORD-002578,2025-11-26T17:09:18Z,partner,14938,cancelled,,US-C
ORD-002579,2025-10-01T20:27:23Z,mobile,64830,completed,,US-E
ORD-002580,2025-02-15T16:45:40Z,mobile,19290,active,,CA
ORD-002581,2025-04-22T02:03:37Z,partner,8434,cancelled,,CA
ORD-002582,2025-09-10T14:05:39Z,web,53100,active,,CA
ORD-002583,2025-06-10T14:34:44Z,web,15090,completed,,US-C
ORD-002584,2025-12-01T16:24:33Z,partner,4554,refunded,,US-C
ORD-002585,2025-12-04T18:28:47Z,web,14155,completed,,US-E
ORD-002586,2025-06-12T19:34:12Z,partner,88027,cancelled,,US-W
ORD-002587,2025-08-29T17:04:10Z,mobile,76174,completed,,US-E
ORD-002588,2025-12-20T19:38:16Z,mobile,24809,active,,US-C
ORD-002589,2025-05-08T19:46:41Z,web,82502,cancelled,,CA
ORD-002590,2025-10-18T19:59:36Z,partner,30149,refunded,,US-E
ORD-002591,2025-10-21T17:16:12Z,partner,22457,cancelled,,US-E
ORD-002592,2025-05-02T21:51:57Z,mobile,21001,active,,US-C
ORD-002593,2025-03-15T16:21:35Z,partner,23458,refunded,,CA
ORD-002594,2025-04-14T15:28:59Z,web,56969,active,,US-W
ORD-002595,2025-01-05T17:00:53Z,web,32974,cancelled,,US-W
ORD-002596,2025-10-10T18:02:28Z,partner,15469,refunded,,US-E
ORD-002597,2025-04-08T20:40:10Z,mobile,77891,cancelled,,US-C
ORD-002598,2025-04-19T21:41:34Z,mobile,4418,refunded,,US-C
ORD-002599,2025-12-06T21:18:26Z,mobile,6663,active,,US-E
ORD-002600,2025-01-02T20:19:22Z,partner,78008,active,,US-C
ORD-002601,2025-01-02T19:27:44Z,web,2418,completed,,CA
ORD-002602,2025-07-31T22:21:30Z,mobile,36291,active,2025-08-03T02:21:30Z,US-W
ORD-002603,2025-04-05T15:56:00Z,mobile,24444,active,,US-W
ORD-002604,2025-02-06T16:55:25Z,mobile,19066,cancelled,,CA
ORD-002605,2025-02-20T22:19:03Z,mobile,13040,active,,US-W
ORD-002606,2025-08-12T16:05:00Z,partner,32342,active,,US-W
ORD-002607,2025-07-31T22:54:41Z,partner,48009,cancelled,,US-E
ORD-002608,2025-11-04T15:54:13Z,web,28623,active,,US-E
ORD-002609,2025-03-31T22:09:38Z,mobile,12770,completed,,US-C
ORD-002610,2025-06-16T19:19:01Z,web,88145,cancelled,,CA
ORD-002611,2025-05-12T17:57:42Z,web,7348,completed,,US-E
ORD-002612,2025-01-04T21:08:05Z,mobile,13863,refunded,,CA
ORD-002613,2025-10-16T15:40:49Z,mobile,76223,completed,,US-W
ORD-002614,2025-02-16T19:32:19Z,mobile,75537,cancelled,,US-E
ORD-002615,2025-05-29T19:32:20Z,mobile,19977,completed,,US-C
ORD-002616,2025-05-13T17:21:31Z,mobile,24592,refunded,,US-C
ORD-002617,2025-09-23T16:24:19Z,web,45681,refunded,,US-W
ORD-002618,2025-01-11T16:01:29Z,web,77817,active,,US-W
ORD-002619,2025-07-12T17:40:24Z,partner,78459,refunded,,US-E
ORD-002620,2025-09-03T22:19:20Z,mobile,74110,active,,US-E
ORD-002621,2025-03-22T15:51:51Z,web,20730,completed,,US-E
ORD-002622,2025-07-03T15:02:07Z,web,54833,refunded,,US-E
ORD-002623,2025-01-15T16:42:06Z,legacy_pos,20111,completed,,CA
ORD-002624,2025-07-20T14:00:56Z,partner,65903,completed,,US-W
ORD-002625,2025-12-22T22:09:39Z,mobile,17460,active,,US-C
ORD-002626,2025-07-23T15:09:36Z,web,8808,completed,,CA
ORD-002627,2025-09-12T22:30:50Z,mobile,65278,cancelled,2025-09-18T09:30:50Z,US-W
ORD-002628,2025-11-07T19:17:43Z,partner,21330,refunded,,CA
ORD-002629,2025-12-06T22:40:54Z,web,25255,completed,,US-W
ORD-002630,2025-09-10T18:20:38Z,mobile,59933,cancelled,,US-E
ORD-002631,2025-09-27T18:34:30Z,web,55434,refunded,,CA
ORD-002632,2025-01-01T22:26:44Z,web,68852,cancelled,,US-W
ORD-002633,2025-06-27T21:54:33Z,partner,44024,refunded,,US-E
ORD-002634,2025-11-24T21:33:46Z,mobile,56957,active,,US-C
ORD-002635,2025-11-09T23:15:05Z,partner,28779,completed,,US-E
ORD-002636,2025-12-01T19:14:04Z,mobile,20739,cancelled,,CA
ORD-002637,2025-10-12T20:31:54Z,web,15479,completed,,CA
ORD-002638,2025-12-19T16:35:55Z,partner,60349,refunded,,CA
ORD-002639,2025-10-28T22:39:15Z,partner,6400,completed,,US-C
ORD-002640,2025-08-09T22:28:55Z,partner,65660,refunded,,CA
ORD-002641,2025-03-13T20:39:45Z,web,1463,refunded,,US-E
ORD-002642,2025-10-04T17:45:05Z,partner,43540,cancelled,,US-E
ORD-002643,2025-11-25T16:58:16Z,partner,57025,cancelled,,US-W
ORD-002644,2025-08-11T14:38:52Z,mobile,73295,active,,US-W
ORD-002645,2025-09-07T18:18:07Z,partner,10087,cancelled,,US-E
ORD-002646,2025-06-01T21:47:53Z,legacy_pos,39700,active,,US-E
ORD-002647,2025-10-14T21:52:28Z,mobile,85439,active,,US-C
ORD-002648,2025-09-22T22:16:18Z,mobile,85642,cancelled,,CA
ORD-002649,2025-03-14T15:02:52Z,mobile,74463,active,,US-W
ORD-002650,2025-03-21T22:30:06Z,mobile,60703,cancelled,,CA
ORD-002651,2025-03-14T17:28:12Z,partner,23185,cancelled,,US-C
ORD-002652,2025-11-28T20:07:48Z,partner,66030,refunded,,US-C
ORD-002653,2025-09-21T21:11:25Z,mobile,50737,refunded,,CA
ORD-002654,2025-11-08T15:06:48Z,web,23407,active,,US-C
ORD-002655,2025-05-10T21:45:09Z,mobile,85725,cancelled,,US-W
ORD-002656,2025-09-19T20:25:07Z,partner,54549,active,,CA
ORD-002657,2025-10-14T16:42:38Z,partner,73979,completed,,US-W
ORD-002658,2025-07-11T07:57:40Z,web,82431,completed,,US-E
ORD-002659,2025-09-20T18:47:28Z,partner,10264,cancelled,,US-C
ORD-002660,2025-02-13T20:38:49Z,partner,34677,cancelled,,US-W
ORD-002661,2025-10-08T20:38:10Z,mobile,14932,cancelled,,US-W
ORD-002662,2025-07-14T14:57:15Z,mobile,84082,cancelled,,US-W
ORD-002663,2025-01-21T20:02:17Z,web,15872,cancelled,,US-W
ORD-002664,2025-09-17T17:07:19Z,partner,73233,active,,US-C
ORD-002665,2025-12-03T22:47:50Z,mobile,7243,completed,,CA
ORD-002666,2025-02-11T23:13:59Z,web,15319,active,,US-E
ORD-002667,2025-11-10T07:23:39Z,mobile,11369,active,,US-W
ORD-002668,2025-07-29T14:09:30Z,legacy_pos,50900,active,,US-W
ORD-002669,2025-05-05T21:27:48Z,partner,584,active,,US-W
ORD-002670,2025-10-21T17:32:05Z,partner,70501,active,,US-C
ORD-002671,2025-08-28T22:19:32Z,web,87417,refunded,2025-09-02T06:19:32Z,US-C
ORD-002672,2025-01-06T23:04:26Z,web,69160,refunded,,CA
ORD-002673,2025-02-25T19:44:22Z,web,79854,completed,,US-E
ORD-002674,2025-11-23T17:46:39Z,mobile,7763,completed,,US-C
ORD-002675,2025-12-22T18:39:28Z,mobile,23849,refunded,,CA
ORD-002676,2025-01-27T20:00:04Z,web,56254,active,,CA
ORD-002677,2025-05-08T22:50:18Z,partner,35712,refunded,,CA
ORD-002678,2025-07-08T15:30:36Z,web,72121,refunded,,CA
ORD-002679,2025-12-02T23:32:33Z,mobile,26739,active,,US-W
ORD-002680,2025-07-18T21:51:20Z,partner,45613,refunded,,US-W
ORD-002681,2025-07-24T16:54:37Z,web,15004,completed,,US-C
ORD-002682,2025-07-24T19:43:09Z,mobile,51158,cancelled,,US-E
ORD-002683,2025-05-31T04:38:47Z,mobile,76910,active,,US-C
ORD-002684,2025-11-29T17:07:09Z,partner,75366,cancelled,,US-C
ORD-002685,2025-02-12T18:19:59Z,web,72431,completed,,US-E
ORD-002686,2025-02-13T16:46:36Z,web,17065,refunded,,US-E
ORD-002687,2025-07-30T14:40:54Z,mobile,35660,refunded,,US-C
ORD-002688,2025-05-26T22:23:57Z,legacy_pos,16728,active,,US-E
ORD-002689,2025-05-31T21:24:55Z,mobile,27491,refunded,,CA
ORD-002690,2025-08-19T16:56:19Z,mobile,9470,completed,,US-E
ORD-002691,2025-02-01T22:26:46Z,partner,68777,completed,,US-C
ORD-002692,2025-12-06T19:46:08Z,mobile,6079,cancelled,,US-E
ORD-002693,2025-11-02T17:05:31Z,web,36938,cancelled,,US-W
ORD-002694,2025-10-06T17:47:53Z,mobile,88100,cancelled,,CA
ORD-002695,2025-10-06T16:28:06Z,partner,37875,cancelled,,US-C
ORD-002696,2025-05-06T21:03:18Z,mobile,60680,completed,,US-C
ORD-002697,2025-01-05T15:00:24Z,partner,16037,refunded,,US-E
ORD-002698,2025-02-18T21:13:09Z,partner,675,cancelled,,US-W
ORD-002699,2025-10-05T17:41:26Z,mobile,25175,active,,US-E
ORD-002700,2025-10-17T16:04:20Z,mobile,10560,completed,,US-E
ORD-002701,2025-08-16T15:41:03Z,legacy_pos,69100,refunded,,US-E
ORD-002702,2025-11-18T20:19:31Z,web,26961,active,,US-E
ORD-002703,2025-12-11T21:45:41Z,mobile,18890,completed,,US-W
ORD-002704,2025-06-10T16:33:34Z,web,68976,completed,,US-E
ORD-002705,2025-05-16T15:38:21Z,mobile,20671,cancelled,,US-W
ORD-002706,2025-02-06T17:32:40Z,mobile,47243,refunded,,US-E
ORD-002707,2025-11-26T18:05:18Z,mobile,46620,cancelled,,US-W
ORD-002708,2025-10-26T20:04:46Z,partner,69354,active,,US-C
ORD-002709,2025-01-06T21:58:35Z,web,47183,refunded,,US-W
ORD-002710,2025-01-04T18:14:38Z,partner,40342,cancelled,,CA
ORD-002711,2025-06-05T16:49:25Z,mobile,88331,completed,,US-W
ORD-002712,2025-07-20T14:59:06Z,mobile,32274,refunded,,US-E
ORD-002713,2025-05-12T19:17:27Z,mobile,30163,completed,2025-05-16T12:17:27Z,US-E
ORD-002714,2025-09-03T21:43:18Z,web,63320,refunded,,US-C
ORD-002715,2025-06-03T21:31:31Z,legacy_pos,75800,active,,US-W
ORD-002716,2025-09-15T18:22:39Z,mobile,31979,completed,,US-C
ORD-002717,2025-03-28T17:53:12Z,partner,86699,completed,,US-C
ORD-002718,2025-10-16T20:17:08Z,web,5956,completed,,US-C
ORD-002719,2025-06-22T22:57:50Z,web,63515,completed,,CA
ORD-002720,2025-01-27T19:19:34Z,partner,20081,cancelled,,US-E
ORD-002721,2025-06-30T21:51:11Z,web,22717,cancelled,,CA
ORD-002722,2025-04-02T20:40:56Z,web,10354,refunded,,US-C
ORD-002723,2025-01-09T19:13:13Z,partner,31971,active,,US-C
ORD-002724,2025-06-04T18:56:07Z,web,64866,cancelled,,US-C
ORD-002725,2025-12-31T22:10:54Z,mobile,89031,refunded,,US-C
ORD-002726,2025-07-20T15:15:04Z,partner,61265,completed,2025-07-24T15:15:04Z,CA
ORD-002727,2025-03-09T15:51:30Z,web,16407,cancelled,,US-C
ORD-002728,2025-02-22T23:23:05Z,mobile,81711,active,,US-E
ORD-002729,2025-06-15T15:10:57Z,web,62180,refunded,,CA
ORD-002730,2025-01-28T18:05:08Z,web,62800,active,,US-E
ORD-002731,2025-10-01T21:18:14Z,web,55260,refunded,,US-E
ORD-002732,2025-01-25T21:30:53Z,partner,19686,cancelled,,CA
ORD-002733,2025-10-02T15:06:01Z,web,67007,cancelled,,US-E
ORD-002734,2025-09-10T15:23:21Z,partner,76702,completed,,US-C
ORD-002735,2025-05-22T16:14:30Z,legacy_pos,27700,active,,US-E
ORD-002736,2025-06-20T15:29:03Z,mobile,50764,completed,,CA
ORD-002737,2025-08-25T18:50:39Z,web,75886,cancelled,,US-C
ORD-002738,2025-11-14T16:36:26Z,web,59476,refunded,,CA
ORD-002739,2025-10-15T21:07:13Z,web,10387,cancelled,,CA
ORD-002740,2025-12-04T20:30:30Z,web,43232,completed,,CA
ORD-002741,2025-01-21T16:35:29Z,web,41617,refunded,,US-C
ORD-002742,2025-11-10T23:08:16Z,web,50169,active,,US-W
ORD-002743,2025-02-17T17:44:20Z,partner,69968,completed,,US-C
ORD-002744,2025-09-27T17:11:47Z,partner,7102,cancelled,,US-C
ORD-002745,2025-04-20T16:03:43Z,web,3321,completed,,US-E
ORD-002746,2025-08-19T16:58:34Z,web,28555,cancelled,,CA
ORD-002747,2025-02-09T16:15:03Z,mobile,14956,completed,,US-E
ORD-002748,2025-09-21T18:38:20Z,partner,31701,cancelled,,US-W
ORD-002749,2025-11-18T19:43:46Z,mobile,53615,active,,CA
ORD-002750,2025-08-15T14:26:18Z,partner,63576,cancelled,,US-W
ORD-002751,2025-09-25T14:37:00Z,mobile,63698,refunded,,US-W
ORD-002752,2025-02-18T23:53:58Z,mobile,17961,completed,,US-C
ORD-002753,2025-02-27T20:30:41Z,mobile,36502,cancelled,,CA
ORD-002754,2025-04-15T22:41:20Z,partner,26752,completed,,CA
ORD-002755,2025-07-19T19:00:33Z,partner,38857,cancelled,,US-E
ORD-002756,2025-06-16T07:45:26Z,partner,6888,refunded,,US-E
ORD-002757,2025-04-11T18:01:14Z,mobile,60298,active,,CA
ORD-002758,2025-07-30T19:23:48Z,partner,26628,cancelled,,US-C
ORD-002759,2025-01-18T18:36:34Z,partner,40616,active,,US-W
ORD-002760,2025-06-10T16:07:28Z,mobile,58891,refunded,,US-W
ORD-002761,2025-07-11T21:53:20Z,web,43151,active,,US-W
ORD-002762,2025-08-22T03:58:21Z,web,68259,cancelled,,US-C
ORD-002763,2025-03-24T16:46:03Z,mobile,39939,completed,,US-W
ORD-002764,2025-02-07T18:21:54Z,partner,58942,completed,,CA
ORD-002765,2025-10-20T07:18:26Z,web,38599,cancelled,,US-C
ORD-002766,2025-11-23T19:43:46Z,mobile,7107,refunded,,CA
ORD-002767,2025-10-12T16:58:16Z,partner,43848,cancelled,,US-W
ORD-002768,2025-10-04T16:54:11Z,web,86074,active,,US-E
ORD-002769,2025-11-21T18:59:20Z,partner,63029,completed,,CA
ORD-002770,2025-03-23T16:31:08Z,partner,84184,refunded,,US-C
ORD-002771,2025-03-27T21:45:04Z,partner,11147,cancelled,,US-C
ORD-002772,2025-12-21T17:06:53Z,web,87944,refunded,,US-E
ORD-002773,2025-11-18T19:27:38Z,web,5448,completed,,US-C
ORD-002774,2025-08-11T19:56:01Z,web,75126,cancelled,,US-C
ORD-002775,2025-01-30T20:43:36Z,partner,82309,refunded,,US-E
ORD-002776,2025-04-03T15:19:39Z,partner,76988,active,,US-C
ORD-002777,2025-05-18T15:37:25Z,mobile,85344,cancelled,,CA
ORD-002778,2025-04-24T15:51:00Z,partner,33338,completed,,US-C
ORD-002779,2025-01-19T06:50:10Z,mobile,79469,refunded,,US-E
ORD-002780,2025-12-24T16:17:00Z,mobile,36525,refunded,,CA
ORD-002781,2025-08-04T15:29:24Z,partner,48247,active,,US-C
ORD-002782,2025-07-24T20:03:50Z,partner,48694,cancelled,,US-W
ORD-002783,2025-08-28T22:53:49Z,mobile,82463,cancelled,,US-E
ORD-002784,2025-02-21T16:56:18Z,mobile,10073,refunded,,CA
ORD-002785,2025-10-14T19:24:22Z,web,33536,cancelled,,CA
ORD-002786,2025-12-24T22:43:48Z,web,13146,completed,,US-E
ORD-002787,2025-12-07T21:38:36Z,web,72604,refunded,,CA
ORD-002788,2025-09-03T18:39:34Z,web,53403,refunded,,US-W
ORD-002789,2025-05-18T20:26:58Z,mobile,47315,cancelled,,US-E
ORD-002790,2025-10-27T21:43:26Z,web,57479,active,,CA
ORD-002791,2025-10-28T22:40:03Z,partner,83069,cancelled,,CA
ORD-002792,2025-08-24T18:51:44Z,partner,69834,completed,,CA
ORD-002793,2025-05-02T17:24:25Z,web,64977,active,,US-E
ORD-002794,2025-09-14T22:06:46Z,web,26319,completed,2025-09-16T22:06:46Z,US-W
ORD-002795,2025-08-23T14:50:23Z,mobile,80958,refunded,,US-E
ORD-002796,2025-08-09T22:46:09Z,legacy_pos,7125,refunded,,US-E
ORD-002797,2025-11-06T20:49:42Z,partner,70561,cancelled,,CA
ORD-002798,2025-09-02T15:18:51Z,web,36065,refunded,,US-W
ORD-002799,2025-02-21T18:44:49Z,partner,38454,refunded,,US-E
ORD-002800,2025-05-01T16:44:27Z,mobile,46329,active,,US-W
ORD-002801,2025-10-22T20:42:32Z,partner,75636,cancelled,,US-E
ORD-002802,2025-08-24T19:54:09Z,mobile,77473,active,,US-C
ORD-002803,2025-06-01T19:51:43Z,partner,87533,completed,,US-E
ORD-002804,2025-02-16T16:58:04Z,partner,79563,cancelled,,US-C
ORD-002805,2025-02-03T17:46:42Z,web,77303,active,,US-C
ORD-002806,2025-04-01T06:03:56Z,web,79106,completed,,US-C
ORD-002807,2025-12-28T22:44:48Z,web,63562,cancelled,,US-C
ORD-002808,2025-03-29T15:16:02Z,mobile,42973,refunded,,US-E
ORD-002809,2025-09-11T15:54:38Z,mobile,42702,refunded,,US-E
ORD-002810,2025-03-16T17:28:09Z,partner,21562,refunded,,US-E
ORD-002811,2025-10-04T22:28:32Z,mobile,64884,completed,,US-E
ORD-002812,2025-01-03T19:15:22Z,partner,58212,cancelled,,CA
ORD-002813,2025-11-08T16:12:31Z,web,5711,active,,US-W
ORD-002814,2025-07-15T18:12:30Z,partner,33761,active,,CA
ORD-002815,2025-02-22T15:07:07Z,mobile,42811,completed,,US-C
ORD-002816,2025-11-05T17:17:49Z,mobile,81918,refunded,,US-C
ORD-002817,2025-11-16T18:09:07Z,mobile,72269,refunded,,US-W
ORD-002818,2025-01-06T18:52:22Z,partner,62254,refunded,,CA
ORD-002819,2025-04-13T22:33:08Z,mobile,82716,cancelled,,US-E
ORD-002820,2025-10-21T14:47:10Z,mobile,60357,refunded,,US-C
ORD-002821,2025-04-17T21:33:23Z,web,13511,active,,CA
ORD-002822,2025-08-20T19:53:59Z,web,52043,active,,CA
ORD-002823,2025-12-27T17:41:58Z,mobile,3355,refunded,,CA
ORD-002824,2025-08-19T16:30:59Z,mobile,83596,active,2025-08-27T17:30:59Z,US-C
ORD-002825,2025-05-26T20:14:59Z,web,7540,refunded,,US-W
ORD-002826,2025-03-31T17:51:33Z,mobile,53271,completed,,US-E
ORD-002827,2025-09-01T14:47:22Z,web,29987,cancelled,,US-W
ORD-002828,2025-01-15T17:55:26Z,partner,72348,cancelled,,CA
ORD-002829,2025-08-04T16:38:05Z,partner,33121,active,,US-W
ORD-002830,2025-04-11T17:04:32Z,web,38722,refunded,,CA
ORD-002831,2025-08-08T20:04:30Z,web,40433,cancelled,,CA
ORD-002832,2025-07-13T15:44:50Z,partner,31737,completed,,US-C
ORD-002833,2025-03-02T18:40:16Z,mobile,27185,active,,US-W
ORD-002834,2025-11-02T15:27:59Z,partner,40195,active,,US-W
ORD-002835,2025-05-10T16:56:25Z,partner,41983,refunded,,US-W
ORD-002836,2025-03-20T21:27:33Z,partner,40833,cancelled,,US-W
ORD-002837,2025-11-17T17:32:00Z,partner,1892,completed,,CA
ORD-002838,2025-08-22T18:59:52Z,mobile,70721,active,,CA
ORD-002839,2025-04-21T17:15:08Z,partner,9982,completed,,US-W
ORD-002840,2025-07-27T14:25:24Z,mobile,1831,refunded,,CA
ORD-002841,2025-04-09T01:54:43Z,web,43326,completed,,US-E
ORD-002842,2025-10-17T16:16:34Z,mobile,574,refunded,,US-W
ORD-002843,2025-02-08T23:44:17Z,partner,37948,completed,,CA
ORD-002844,2025-10-29T22:43:40Z,mobile,9250,refunded,,US-C
ORD-002845,2025-02-28T23:33:23Z,legacy_pos,78500,completed,,US-E
ORD-002846,2025-10-12T14:15:30Z,mobile,11547,cancelled,,US-C
ORD-002847,2025-05-31T19:45:42Z,web,17176,refunded,,CA
ORD-002848,2025-12-22T22:01:47Z,mobile,64649,refunded,,US-E
ORD-002849,2025-03-24T19:09:53Z,mobile,8203,refunded,,CA
ORD-002850,2025-06-16T20:38:18Z,mobile,56852,active,,US-W
ORD-002851,2025-12-06T18:40:04Z,mobile,83357,refunded,,CA
ORD-002852,2025-04-15T16:15:01Z,web,46261,cancelled,,US-E
ORD-002853,2025-02-26T15:24:28Z,web,61105,cancelled,,US-C
ORD-002854,2025-04-13T21:33:21Z,mobile,16313,active,,CA
ORD-002855,2025-05-04T19:22:05Z,partner,1402,refunded,,CA
ORD-002856,2025-04-22T20:01:47Z,partner,58388,completed,,CA
ORD-002857,2025-08-17T16:39:58Z,mobile,6350,completed,,US-E
ORD-002858,2025-07-04T22:52:24Z,partner,57336,completed,,US-W
ORD-002859,2025-03-23T17:22:43Z,mobile,71951,refunded,,US-W
ORD-002860,2025-06-23T16:38:40Z,partner,6812,active,,CA
ORD-002861,2025-02-02T15:36:51Z,mobile,20594,refunded,,US-W
ORD-002862,2025-11-15T20:29:33Z,mobile,27980,refunded,,US-E
ORD-002863,2025-05-10T21:42:07Z,partner,84177,completed,,US-W
ORD-002864,2025-12-08T16:43:57Z,partner,57964,cancelled,,US-E
ORD-002865,2025-05-13T16:20:47Z,partner,27396,refunded,,US-E
ORD-002866,2025-08-24T16:24:16Z,web,48962,active,,CA
ORD-002867,2025-12-26T18:35:30Z,web,44482,completed,,US-W
ORD-002868,2025-10-15T22:45:13Z,web,39650,refunded,,US-W
ORD-002869,2025-02-09T20:17:38Z,partner,24571,refunded,,US-E
ORD-002870,2025-08-12T15:13:01Z,legacy_pos,57413,refunded,,US-E
ORD-002871,2025-02-13T15:40:52Z,web,11758,refunded,,US-C
ORD-002872,2025-10-17T14:03:00Z,legacy_pos,88766,refunded,,CA
ORD-002873,2025-10-20T20:30:16Z,web,4009,cancelled,,CA
ORD-002874,2025-12-31T18:50:49Z,partner,20214,completed,,US-C
ORD-002875,2025-01-05T19:51:14Z,web,43896,completed,,US-W
ORD-002876,2025-11-10T22:13:46Z,web,88216,active,,US-W
ORD-002877,2025-06-17T18:53:48Z,mobile,62860,cancelled,,CA
ORD-002878,2025-05-03T21:27:37Z,web,76811,active,,US-E
ORD-002879,2025-10-30T14:36:16Z,mobile,28694,completed,,US-C
ORD-002880,2025-05-13T18:40:09Z,mobile,4581,refunded,,US-E
ORD-002881,2025-02-11T19:41:48Z,mobile,30317,refunded,,US-E
ORD-002882,2025-12-29T18:42:46Z,mobile,25226,completed,,US-C
ORD-002883,2025-01-15T22:54:31Z,web,60260,completed,,US-W
ORD-002884,2025-10-20T17:33:29Z,partner,1221,refunded,,US-W
ORD-002885,2025-01-20T21:45:11Z,partner,85874,active,,US-C
ORD-002886,2025-01-25T18:35:06Z,web,57938,completed,,US-E
ORD-002887,2025-11-29T20:45:14Z,web,41548,cancelled,,US-E
ORD-002888,2025-09-01T21:59:45Z,mobile,29188,active,,US-E
ORD-002889,2025-10-19T14:34:58Z,web,62123,cancelled,,US-E
ORD-002890,2025-04-29T14:18:14Z,partner,56890,completed,,US-C
ORD-002891,2025-05-19T22:24:11Z,mobile,82873,active,,CA
ORD-002892,2025-05-10T20:22:52Z,mobile,81690,completed,,CA
ORD-002893,2025-01-23T18:52:16Z,web,577,completed,2025-01-26T02:52:16Z,US-C
ORD-002894,2025-04-12T14:06:36Z,mobile,25265,completed,2025-04-18T01:06:36Z,US-E
ORD-002895,2025-03-12T22:32:35Z,mobile,33628,refunded,,US-E
ORD-002896,2025-07-31T15:19:25Z,mobile,10067,completed,,CA
ORD-002897,2025-03-18T14:47:21Z,mobile,66329,active,,US-C
ORD-002898,2025-03-14T16:41:21Z,mobile,26628,cancelled,,US-E
ORD-002899,2025-04-17T16:21:31Z,web,60559,cancelled,,US-W
ORD-002900,2025-08-26T19:12:32Z,mobile,44779,refunded,,US-C
ORD-002901,2025-02-24T18:51:16Z,web,30411,cancelled,,US-E
ORD-002902,2025-03-27T14:23:00Z,web,20537,completed,,CA
ORD-002903,2025-03-29T14:37:34Z,web,48116,active,,US-C
ORD-002904,2025-04-08T18:19:37Z,partner,72208,completed,,CA
ORD-002905,2025-03-24T14:09:19Z,web,37075,active,,CA
ORD-002906,2025-10-24T22:45:34Z,mobile,83276,active,,US-W
ORD-002907,2025-12-29T20:46:53Z,mobile,85039,active,,US-C
ORD-002908,2025-01-03T17:05:19Z,web,2120,refunded,,US-W
ORD-002909,2025-11-03T18:07:23Z,partner,84911,cancelled,,US-C
ORD-002910,2025-07-26T15:18:11Z,mobile,19051,cancelled,,CA
ORD-002911,2025-01-05T19:54:48Z,web,36629,completed,,CA
ORD-002912,2025-04-06T18:07:38Z,web,51726,active,,US-W
ORD-002913,2025-05-04T16:18:07Z,partner,6732,completed,,US-C
ORD-002914,2025-06-08T16:25:17Z,mobile,88840,cancelled,,CA
ORD-002915,2025-11-01T17:41:23Z,mobile,11397,completed,,US-E
ORD-002916,2025-05-16T16:46:58Z,partner,89992,active,,US-C
ORD-002917,2025-05-21T18:46:47Z,web,22396,active,,CA
ORD-002918,2025-11-06T23:02:55Z,partner,6925,refunded,,CA
ORD-002919,2025-06-06T22:57:41Z,web,83204,refunded,,US-E
ORD-002920,2025-01-01T15:19:54Z,partner,17114,active,,US-W
ORD-002921,2025-11-12T21:02:00Z,web,35705,refunded,,US-C
ORD-002922,2025-02-14T15:45:12Z,mobile,34785,cancelled,,US-C
ORD-002923,2025-12-08T19:07:38Z,partner,46825,active,,CA
ORD-002924,2025-06-16T15:21:20Z,partner,83226,refunded,,US-C
ORD-002925,2025-06-07T18:02:34Z,legacy_pos,65500,refunded,,US-C
ORD-002926,2025-05-05T21:41:27Z,mobile,28675,cancelled,,US-W
ORD-002927,2025-12-07T19:13:46Z,partner,29633,cancelled,,US-W
ORD-002928,2025-12-13T17:41:45Z,mobile,89759,active,,US-W
ORD-002929,2025-05-24T17:06:43Z,partner,49222,cancelled,,US-C
ORD-002930,2025-10-25T18:20:11Z,partner,84064,active,,US-W
ORD-002931,2025-09-30T17:15:43Z,web,73529,active,,US-E
ORD-002932,2025-01-21T17:40:38Z,web,6145,cancelled,,US-E
ORD-002933,2025-02-12T15:36:07Z,partner,63281,cancelled,,CA
ORD-002934,2025-05-06T19:17:19Z,web,36568,active,,US-W
ORD-002935,2025-05-25T21:12:34Z,mobile,19401,active,,US-E
ORD-002936,2025-05-28T00:36:51Z,web,67358,active,,CA
ORD-002937,2025-08-21T21:35:38Z,web,57172,completed,,US-C
ORD-002938,2025-12-19T21:11:07Z,web,35565,cancelled,,US-W
ORD-002939,2025-07-25T17:52:21Z,mobile,13361,refunded,,US-C
ORD-002940,2025-04-13T21:30:05Z,partner,43275,refunded,,US-W
ORD-002941,2025-05-12T21:43:20Z,partner,87168,cancelled,,US-E
ORD-002942,2025-02-02T18:01:45Z,mobile,21356,completed,,CA
ORD-002943,2025-06-14T22:50:48Z,mobile,3828,active,,US-E
ORD-002944,2025-01-28T07:47:50Z,partner,926,active,,CA
ORD-002945,2025-04-26T17:14:34Z,mobile,75945,cancelled,,US-E
ORD-002946,2025-03-08T16:07:41Z,legacy_pos,83900,cancelled,,US-E
ORD-002947,2025-02-28T20:46:35Z,web,46040,active,,CA
ORD-002948,2025-01-13T23:21:03Z,mobile,36209,cancelled,,US-C
ORD-002949,2025-07-21T19:37:00Z,mobile,76702,active,,US-C
ORD-002950,2025-03-26T17:02:37Z,mobile,21498,cancelled,,US-W
ORD-002951,2025-09-21T14:05:06Z,mobile,17339,cancelled,,US-E
ORD-002952,2025-11-06T23:05:31Z,partner,57803,refunded,,US-C
ORD-002953,2025-05-09T14:01:19Z,web,14589,completed,,US-W
ORD-002954,2025-10-14T18:51:07Z,mobile,62553,cancelled,,US-C
ORD-002955,2025-02-21T22:24:37Z,web,14053,refunded,,US-W
ORD-002956,2025-01-22T20:54:32Z,partner,30781,refunded,,US-E
ORD-002957,2025-09-01T17:27:16Z,partner,47429,completed,,US-E
ORD-002958,2025-04-15T18:36:43Z,web,83901,refunded,,US-W
ORD-002959,2025-03-17T15:43:05Z,partner,53732,completed,,US-C
ORD-002960,2025-07-04T22:28:34Z,mobile,48525,cancelled,,CA
ORD-002961,2025-07-01T21:50:27Z,web,55634,refunded,,US-C
ORD-002962,2025-01-27T16:47:57Z,web,9958,cancelled,,CA
ORD-002963,2025-10-07T21:32:21Z,partner,79480,refunded,,US-E
ORD-002964,2025-04-10T07:17:02Z,mobile,52759,refunded,,US-W
ORD-002965,2025-06-29T14:50:00Z,legacy_pos,86100,refunded,,US-E
ORD-002966,2025-09-24T19:53:34Z,partner,81767,active,,US-E
ORD-002967,2025-06-14T02:26:04Z,legacy_pos,89464,active,,US-E
ORD-002968,2025-06-27T18:47:11Z,partner,6706,completed,,CA
ORD-002969,2025-07-11T22:51:06Z,web,29727,active,,US-C
ORD-002970,2025-10-19T15:58:05Z,mobile,49454,cancelled,,US-W
ORD-002971,2025-04-23T18:38:51Z,mobile,5435,cancelled,,US-E
ORD-002972,2025-10-03T14:25:52Z,legacy_pos,14764,completed,,CA
ORD-002973,2025-12-19T22:42:36Z,partner,14740,active,2025-12-26T11:42:36Z,US-W
ORD-002974,2025-10-21T15:50:55Z,partner,88985,refunded,,US-C
ORD-002975,2025-01-21T19:13:34Z,web,80434,active,,US-W
ORD-002976,2025-11-24T20:59:31Z,partner,71488,completed,2025-11-26T14:59:31Z,US-E
ORD-002977,2025-05-30T14:35:37Z,mobile,37855,completed,,US-E
ORD-002978,2025-11-28T20:31:53Z,legacy_pos,6800,active,,CA
ORD-002979,2025-01-22T17:07:23Z,partner,74380,cancelled,,US-W
ORD-002980,2025-05-07T20:37:59Z,web,5117,completed,,CA
ORD-002981,2025-11-23T21:54:19Z,mobile,83016,refunded,,CA
ORD-002982,2025-09-29T19:56:35Z,mobile,1965,refunded,,US-E
ORD-002983,2025-08-26T22:44:28Z,partner,80033,completed,2025-09-03T10:44:28Z,US-E
ORD-002984,2025-02-24T22:28:37Z,partner,81012,active,,US-W
ORD-002985,2025-06-16T17:28:54Z,mobile,88885,active,,US-C
ORD-002986,2025-09-10T20:07:50Z,mobile,37101,cancelled,,US-C
ORD-002987,2025-01-04T18:41:05Z,web,40599,active,,US-E
ORD-002988,2025-09-21T16:12:01Z,web,70465,refunded,,CA
ORD-002989,2025-10-05T22:57:02Z,partner,4981,cancelled,2025-10-10T17:57:02Z,US-C
ORD-002990,2025-12-01T18:38:39Z,mobile,56820,completed,,CA
ORD-002991,2025-11-17T21:47:21Z,mobile,56453,completed,,US-E
ORD-002992,2025-10-25T20:28:35Z,mobile,3408,cancelled,,US-E
ORD-002993,2025-04-03T20:49:17Z,partner,71155,completed,,US-C
ORD-002994,2025-06-15T18:56:12Z,mobile,59081,cancelled,,US-C
ORD-002995,2025-05-10T16:50:21Z,web,43349,refunded,,US-E
ORD-002996,2025-05-02T14:02:31Z,mobile,71329,cancelled,,CA
ORD-002997,2025-10-01T16:33:35Z,legacy_pos,60181,cancelled,,US-C
ORD-002998,2025-06-17T17:14:20Z,mobile,12079,active,,US-C
ORD-002999,2025-08-16T15:48:16Z,web,12705,active,,CA
ORD-003000,2025-03-09T17:23:52Z,web,40212,active,,CA
ORD-003001,2025-11-12T20:04:15Z,web,64621,active,,CA
ORD-003002,2025-04-18T22:21:59Z,partner,12163,refunded,,US-E
ORD-003003,2025-10-04T17:22:17Z,web,62862,refunded,,US-C
ORD-003004,2025-01-25T20:00:36Z,legacy_pos,26600,refunded,,US-C
ORD-003005,2025-10-28T06:35:49Z,partner,85061,completed,,US-E
ORD-003006,2025-08-18T22:17:38Z,web,42483,refunded,,US-C
ORD-003007,2025-01-17T23:17:33Z,mobile,41055,completed,,US-C
ORD-003008,2025-05-17T20:03:33Z,web,70670,refunded,,CA
ORD-003009,2025-01-14T20:13:41Z,mobile,22388,cancelled,,US-C
ORD-003010,2025-12-23T15:01:22Z,mobile,84992,active,,US-E
ORD-003011,2025-04-11T19:17:16Z,mobile,88777,refunded,,US-C
ORD-003012,2025-10-04T21:22:42Z,web,25875,cancelled,,CA
ORD-003013,2025-07-24T21:53:37Z,legacy_pos,29369,active,,US-W
ORD-003014,2025-01-17T21:29:28Z,mobile,27619,completed,,US-E
ORD-003015,2025-01-20T04:12:35Z,web,20303,cancelled,,US-E
ORD-003016,2025-05-03T22:28:49Z,legacy_pos,64481,refunded,,US-C
ORD-003017,2025-07-03T22:28:36Z,web,87341,completed,,CA
ORD-003018,2025-08-06T14:59:08Z,web,54645,active,,US-C
ORD-003019,2025-03-24T17:39:25Z,mobile,5280,cancelled,,US-E
ORD-003020,2025-12-21T18:52:48Z,mobile,87137,refunded,,US-E
ORD-003021,2025-08-06T22:30:32Z,mobile,56958,active,,US-E
ORD-003022,2025-06-09T07:24:01Z,web,24532,cancelled,,CA
ORD-003023,2025-11-09T18:55:56Z,partner,68476,refunded,,US-E
ORD-003024,2025-07-31T15:10:35Z,legacy_pos,51500,refunded,,US-E
ORD-003025,2025-11-18T19:59:23Z,web,84409,cancelled,,US-W
ORD-003026,2025-10-19T16:05:22Z,web,17971,cancelled,,CA
ORD-003027,2025-09-20T17:31:52Z,web,55564,active,,US-C
ORD-003028,2025-05-14T21:15:57Z,partner,33972,cancelled,,CA
ORD-003029,2025-07-15T15:15:46Z,mobile,51854,completed,,US-C
ORD-003030,2025-04-05T15:53:09Z,mobile,49172,refunded,,US-W
ORD-003031,2025-06-17T21:20:12Z,web,71326,cancelled,,CA
ORD-003032,2025-04-30T17:03:58Z,mobile,33514,completed,,US-E
ORD-003033,2025-01-06T18:56:15Z,mobile,47801,refunded,,US-E
ORD-003034,2025-02-10T15:29:31Z,web,30715,completed,,US-W
ORD-003035,2025-03-21T20:38:19Z,web,11793,refunded,,US-W
ORD-003036,2025-01-29T19:16:06Z,legacy_pos,78916,active,,US-E
ORD-003037,2025-06-18T16:26:45Z,partner,16461,active,,US-W
ORD-003038,2025-11-22T19:14:15Z,mobile,64983,cancelled,,US-W
ORD-003039,2025-11-02T23:11:57Z,web,59120,active,2025-11-03T13:11:57Z,US-C
ORD-003040,2025-09-25T19:32:40Z,mobile,20102,active,,CA
ORD-003041,2025-12-03T19:58:05Z,mobile,70796,completed,,CA
ORD-003042,2025-03-14T19:57:30Z,web,67523,active,,US-C
ORD-003043,2025-07-24T15:11:14Z,mobile,33423,active,,US-C
ORD-003044,2025-01-29T16:49:09Z,web,36985,cancelled,,US-C
ORD-003045,2025-05-21T20:12:55Z,partner,70073,cancelled,,US-W
ORD-003046,2025-06-03T17:57:00Z,web,63113,cancelled,,CA
ORD-003047,2025-09-19T19:30:10Z,partner,28248,cancelled,,US-W
ORD-003048,2025-12-30T22:25:15Z,partner,52239,active,,CA
ORD-003049,2025-07-13T16:22:21Z,web,40622,refunded,,CA
ORD-003050,2025-12-16T21:30:24Z,mobile,53666,cancelled,,US-E
ORD-003051,2025-02-04T18:41:58Z,partner,80040,active,,US-C
ORD-003052,2025-08-12T17:06:47Z,partner,2730,cancelled,,US-C
ORD-003053,2025-10-29T17:07:48Z,web,56953,cancelled,,US-E
ORD-003054,2025-11-18T19:04:52Z,web,54667,active,,CA
ORD-003055,2025-06-29T19:32:42Z,web,12115,cancelled,,US-C
ORD-003056,2025-06-05T16:52:15Z,mobile,24362,active,,US-W
ORD-003057,2025-02-15T18:56:20Z,partner,73713,active,,US-W
ORD-003058,2025-04-02T21:15:58Z,mobile,89523,completed,,US-C
ORD-003059,2025-07-14T16:38:35Z,web,11252,active,,CA
ORD-003060,2025-12-08T21:10:14Z,web,43920,completed,,US-W
ORD-003061,2025-04-08T15:54:21Z,web,11395,completed,,CA
ORD-003062,2025-06-27T21:59:18Z,partner,7031,active,,US-W
ORD-003063,2025-11-24T20:25:12Z,partner,79208,completed,,CA
ORD-003064,2025-09-09T19:36:47Z,legacy_pos,14700,cancelled,,CA
ORD-003065,2025-07-17T17:23:47Z,legacy_pos,36400,cancelled,,US-W
ORD-003066,2025-12-06T23:27:55Z,mobile,87260,active,,US-W
ORD-003067,2025-07-09T20:14:52Z,mobile,28541,cancelled,,US-W
ORD-003068,2025-11-24T18:08:25Z,web,67288,completed,,US-W
ORD-003069,2025-02-28T17:26:43Z,web,7317,active,,US-C
ORD-003070,2025-09-16T14:37:29Z,web,4190,completed,,US-E
ORD-003071,2025-03-15T21:11:13Z,mobile,63427,completed,,US-W
ORD-003072,2025-01-30T20:37:05Z,mobile,76137,active,2025-02-02T00:37:05Z,CA
ORD-003073,2025-06-08T20:04:41Z,partner,10562,completed,,US-W
ORD-003074,2025-01-20T17:07:24Z,web,61545,refunded,,US-W
ORD-003075,2025-10-06T22:35:37Z,partner,12562,refunded,,US-E
ORD-003076,2025-04-18T16:02:13Z,mobile,18094,completed,,US-E
ORD-003077,2025-12-23T16:35:29Z,web,52209,active,,US-E
ORD-003078,2025-05-08T22:16:25Z,web,86073,completed,,US-W
ORD-003079,2025-05-03T14:26:59Z,legacy_pos,21300,active,,US-C
ORD-003080,2025-09-13T15:04:46Z,mobile,31936,completed,,US-E
ORD-003081,2025-03-18T15:43:28Z,web,55304,completed,,US-E
ORD-003082,2025-12-27T19:09:32Z,partner,41569,cancelled,,CA
ORD-003083,2025-04-30T16:22:22Z,mobile,85283,refunded,,US-W
ORD-003084,2025-09-02T21:24:33Z,partner,71173,completed,,CA
ORD-003085,2025-04-09T16:21:32Z,web,12084,active,,CA
ORD-003086,2025-11-03T19:04:42Z,web,34771,refunded,,US-W
ORD-003087,2025-09-01T19:06:47Z,web,61688,refunded,,US-C
ORD-003088,2025-11-26T18:33:05Z,mobile,17752,cancelled,,US-C
ORD-003089,2025-03-24T17:17:33Z,mobile,44183,completed,,US-W
ORD-003090,2025-10-07T18:44:09Z,partner,9610,refunded,,US-E
ORD-003091,2025-04-22T19:14:29Z,mobile,56411,active,,US-W
ORD-003092,2025-12-21T22:51:46Z,web,4263,refunded,,US-E
ORD-003093,2025-01-23T15:26:39Z,mobile,19025,completed,,US-C
ORD-003094,2025-04-11T19:33:18Z,web,23349,cancelled,,US-E
ORD-003095,2025-08-20T04:41:49Z,legacy_pos,55927,cancelled,,US-W
ORD-003096,2025-10-14T19:28:38Z,mobile,69446,cancelled,,CA
ORD-003097,2025-03-27T17:34:36Z,legacy_pos,60100,refunded,,US-E
ORD-003098,2025-06-17T17:40:28Z,partner,34936,active,,CA
ORD-003099,2025-11-20T16:26:31Z,mobile,23472,refunded,,US-C
ORD-003100,2025-01-14T22:29:25Z,mobile,68425,active,,US-C
ORD-003101,2025-11-03T21:35:31Z,mobile,13350,refunded,,CA
ORD-003102,2025-02-21T21:13:45Z,web,81311,cancelled,,US-W
ORD-003103,2025-07-22T14:38:52Z,mobile,28587,cancelled,,CA
ORD-003104,2025-12-13T19:21:11Z,partner,56606,cancelled,,US-W
ORD-003105,2025-02-25T20:44:10Z,partner,1762,active,,US-E
ORD-003106,2025-11-07T19:16:45Z,partner,52762,refunded,,CA
ORD-003107,2025-07-25T18:37:05Z,web,56154,completed,,CA
ORD-003108,2025-05-09T18:15:05Z,web,30468,completed,,CA
ORD-003109,2025-07-19T19:03:05Z,web,50340,active,,US-C
ORD-003110,2025-10-22T19:02:33Z,mobile,86936,cancelled,,US-W
ORD-003111,2025-08-06T15:12:59Z,mobile,44983,cancelled,,US-E
ORD-003112,2025-10-21T16:08:58Z,mobile,76648,cancelled,,US-E
ORD-003113,2025-06-14T14:54:23Z,mobile,36923,active,,CA
ORD-003114,2025-05-31T21:51:49Z,web,44287,cancelled,,CA
ORD-003115,2025-01-13T16:58:43Z,mobile,39443,active,,US-W
ORD-003116,2025-10-22T14:05:32Z,partner,13450,refunded,,US-C
ORD-003117,2025-06-22T14:54:08Z,mobile,33063,active,,US-W
ORD-003118,2025-02-13T20:27:16Z,partner,71581,refunded,,US-C
ORD-003119,2025-03-24T15:25:59Z,web,41576,cancelled,,US-C
ORD-003120,2025-05-16T14:44:18Z,mobile,79416,refunded,,US-E
ORD-003121,2025-07-10T17:40:33Z,mobile,39479,refunded,,US-C
ORD-003122,2025-02-17T22:28:22Z,partner,6160,active,,CA
ORD-003123,2025-07-26T19:28:49Z,partner,14592,completed,,CA
ORD-003124,2025-10-26T22:48:20Z,web,87568,refunded,,US-W
ORD-003125,2025-06-24T16:23:48Z,partner,28103,completed,,US-W
ORD-003126,2025-05-21T21:00:11Z,web,23988,cancelled,,US-C
ORD-003127,2025-08-04T20:51:58Z,partner,39151,cancelled,,US-E
ORD-003128,2025-02-02T23:54:34Z,mobile,19275,refunded,,US-W
ORD-003129,2025-05-29T14:10:40Z,mobile,22055,active,,US-E
ORD-003130,2025-06-17T19:55:03Z,mobile,59995,refunded,,US-C
ORD-003131,2025-12-28T21:00:22Z,mobile,49763,cancelled,,US-E
ORD-003132,2025-10-18T16:02:03Z,partner,5222,completed,,US-E
ORD-003133,2025-02-17T23:28:28Z,web,11545,active,,US-E
ORD-003134,2025-02-24T20:55:27Z,partner,52141,completed,,US-W
ORD-003135,2025-01-07T17:25:49Z,web,77883,completed,,US-E
ORD-003136,2025-12-27T22:41:45Z,web,43691,refunded,,US-C
ORD-003137,2025-07-03T14:04:45Z,web,899,refunded,,US-C
ORD-003138,2025-01-25T15:56:59Z,partner,26296,cancelled,2025-01-29T06:56:59Z,US-E
ORD-003139,2025-09-02T15:10:38Z,web,4913,refunded,,US-W
ORD-003140,2025-06-17T14:56:11Z,mobile,41707,refunded,,US-W
ORD-003141,2025-03-13T22:18:47Z,web,29237,active,,US-C
ORD-003142,2025-07-23T21:18:09Z,web,46289,completed,,US-W
ORD-003143,2025-05-02T19:10:34Z,partner,12105,completed,,US-W
ORD-003144,2025-08-24T21:24:09Z,partner,75529,completed,,US-W
ORD-003145,2025-05-09T22:30:54Z,legacy_pos,11645,active,,US-C
ORD-003146,2025-08-18T17:17:55Z,mobile,65534,active,,US-E
ORD-003147,2025-01-17T17:19:13Z,mobile,89881,cancelled,,US-E
ORD-003148,2025-08-25T07:14:28Z,web,25674,completed,,US-W
ORD-003149,2025-08-09T16:31:34Z,partner,13096,refunded,,CA
ORD-003150,2025-02-22T16:44:31Z,partner,50647,active,,US-E
ORD-003151,2025-09-13T19:11:48Z,mobile,89856,refunded,,US-W
ORD-003152,2025-12-19T17:07:43Z,partner,34378,refunded,,US-W
ORD-003153,2025-10-17T21:21:04Z,mobile,7493,completed,,US-E
ORD-003154,2025-10-25T21:37:57Z,partner,79789,completed,,US-E
ORD-003155,2025-11-27T16:09:58Z,web,87336,cancelled,,US-E
ORD-003156,2025-11-16T20:42:53Z,web,67853,refunded,,US-E
ORD-003157,2025-10-23T22:29:34Z,mobile,57968,refunded,,US-C
ORD-003158,2025-04-06T20:59:45Z,mobile,78959,active,,US-W
ORD-003159,2025-02-26T17:12:55Z,partner,60114,active,,US-W
ORD-003160,2025-11-22T22:04:42Z,web,53485,refunded,,US-C
ORD-003161,2025-11-08T16:56:39Z,partner,61187,cancelled,,US-E
ORD-003162,2025-05-12T21:40:21Z,mobile,88917,active,,US-W
ORD-003163,2025-09-15T14:43:35Z,partner,40803,cancelled,,US-C
ORD-003164,2025-06-23T16:55:18Z,mobile,86498,cancelled,,US-E
ORD-003165,2025-10-15T22:54:46Z,web,76132,active,,US-W
ORD-003166,2025-07-13T22:27:03Z,mobile,25019,completed,,US-C
ORD-003167,2025-01-17T18:39:18Z,mobile,13050,cancelled,,US-E
ORD-003168,2025-09-12T19:05:30Z,partner,13693,cancelled,,US-C
ORD-003169,2025-01-15T21:48:25Z,mobile,84373,active,,US-C
ORD-003170,2025-07-29T14:49:08Z,mobile,20424,completed,,US-E
ORD-003171,2025-09-10T22:00:39Z,web,67990,completed,,US-W
ORD-003172,2025-10-24T16:32:29Z,web,81333,active,,US-E
ORD-003173,2025-02-08T23:18:43Z,web,27116,refunded,,CA
ORD-003174,2025-09-07T17:57:20Z,web,74490,cancelled,,US-C
ORD-003175,2025-04-15T15:59:56Z,partner,58710,active,,US-C
ORD-003176,2025-07-26T19:30:30Z,web,49018,completed,,US-W
ORD-003177,2025-06-03T18:15:45Z,mobile,50975,cancelled,,CA
ORD-003178,2025-07-30T17:05:03Z,partner,33112,active,,CA
ORD-003179,2025-05-21T14:19:03Z,web,15833,refunded,,US-E
ORD-003180,2025-04-09T22:25:47Z,web,28272,active,,US-C
ORD-003181,2025-03-15T21:17:35Z,web,6313,completed,,US-W
ORD-003182,2025-03-18T19:38:31Z,partner,70529,cancelled,,US-C
ORD-003183,2025-12-03T21:47:23Z,partner,81793,completed,,US-E
ORD-003184,2025-02-13T21:14:45Z,mobile,14176,active,,US-C
ORD-003185,2025-09-27T18:17:30Z,mobile,87131,cancelled,,US-W
ORD-003186,2025-02-06T22:44:24Z,mobile,54332,refunded,,CA
ORD-003187,2025-04-30T19:19:15Z,web,58942,cancelled,,US-E
ORD-003188,2025-02-14T15:29:26Z,mobile,32376,refunded,,US-E
ORD-003189,2025-07-20T15:20:04Z,mobile,1205,cancelled,,US-C
ORD-003190,2025-01-28T19:28:53Z,web,61682,active,,US-E
ORD-003191,2025-09-09T20:55:17Z,mobile,23985,active,,US-C
ORD-003192,2025-01-04T18:58:08Z,web,24562,completed,,CA
ORD-003193,2025-03-23T15:22:01Z,partner,23976,active,,CA
ORD-003194,2025-02-16T20:00:49Z,partner,65599,completed,,US-W
ORD-003195,2025-04-14T20:56:52Z,web,42321,refunded,,US-C
ORD-003196,2025-02-06T15:31:36Z,partner,48542,active,,US-C
ORD-003197,2025-08-03T14:51:33Z,mobile,19227,completed,,US-W
ORD-003198,2025-12-24T23:57:12Z,web,48057,active,,CA
ORD-003199,2025-05-14T19:38:25Z,web,12367,active,,US-W
ORD-003200,2025-11-25T22:19:55Z,mobile,75065,active,,US-E
ORD-003201,2025-09-30T15:07:23Z,partner,3107,completed,,US-E
ORD-003202,2025-03-05T22:56:17Z,mobile,72098,refunded,,US-C
ORD-003203,2025-09-24T21:35:50Z,partner,76226,active,,US-W
ORD-003204,2025-09-01T18:15:56Z,mobile,3257,cancelled,,CA
ORD-003205,2025-03-05T21:09:07Z,partner,15235,completed,,US-E
ORD-003206,2025-02-12T03:17:47Z,mobile,3078,cancelled,,US-E
ORD-003207,2025-11-03T22:03:03Z,mobile,47118,cancelled,,CA
ORD-003208,2025-02-25T15:20:43Z,mobile,54344,active,,CA
ORD-003209,2025-02-19T20:25:58Z,partner,68317,active,,CA
ORD-003210,2025-01-05T19:04:01Z,mobile,89691,completed,,US-E
ORD-003211,2025-03-22T21:18:57Z,web,69520,completed,,US-C
ORD-003212,2025-06-19T18:43:41Z,web,71912,cancelled,,US-W
ORD-003213,2025-03-03T22:47:46Z,partner,30865,cancelled,,US-C
ORD-003214,2025-01-22T15:47:50Z,web,33671,refunded,,CA
ORD-003215,2025-08-29T16:51:28Z,partner,22956,refunded,,US-E
ORD-003216,2025-08-31T17:45:25Z,mobile,76553,active,,CA
ORD-003217,2025-06-22T16:23:42Z,mobile,5820,cancelled,,US-C
ORD-003218,2025-06-14T15:56:58Z,mobile,12175,refunded,,US-W
ORD-003219,2025-01-17T19:47:39Z,partner,6347,refunded,,US-W
ORD-003220,2025-06-07T17:52:38Z,legacy_pos,26300,active,,CA
ORD-003221,2025-01-04T23:18:21Z,mobile,32356,refunded,,CA
ORD-003222,2025-12-03T19:14:28Z,mobile,62225,refunded,,US-W
ORD-003223,2025-05-30T20:38:12Z,partner,80004,refunded,,US-E
ORD-003224,2025-07-16T19:30:44Z,web,4614,completed,,CA
ORD-003225,2025-08-09T14:58:13Z,mobile,59443,cancelled,,US-C
ORD-003226,2025-09-19T14:19:04Z,mobile,75674,cancelled,,CA
ORD-003227,2025-07-18T21:47:31Z,web,20505,refunded,,US-C
ORD-003228,2025-05-19T16:56:47Z,web,89325,cancelled,,US-E
ORD-003229,2025-03-31T20:16:26Z,partner,20964,cancelled,,US-W
ORD-003230,2025-10-22T18:30:48Z,partner,4485,completed,,US-W
ORD-003231,2025-09-01T22:12:46Z,mobile,88604,active,,US-E
ORD-003232,2025-07-17T18:21:32Z,mobile,67808,completed,,US-W
ORD-003233,2025-05-24T14:52:05Z,web,58883,completed,,US-C
ORD-003234,2025-04-29T15:33:22Z,partner,18699,active,,US-W
ORD-003235,2025-06-02T22:21:58Z,partner,6295,cancelled,,CA
ORD-003236,2025-03-19T18:52:32Z,web,49946,completed,,CA
ORD-003237,2025-04-23T14:06:31Z,partner,56988,refunded,,US-E
ORD-003238,2025-05-27T22:51:36Z,web,14470,cancelled,,CA
ORD-003239,2025-03-04T20:04:47Z,mobile,17288,completed,,US-C
ORD-003240,2025-11-28T20:12:04Z,partner,14887,active,,CA
ORD-003241,2025-10-06T18:16:45Z,web,47048,refunded,,CA
ORD-003242,2025-06-07T15:13:17Z,partner,71030,refunded,,US-W
ORD-003243,2025-04-07T22:56:16Z,web,34305,cancelled,,US-C
ORD-003244,2025-02-16T21:52:34Z,partner,32184,completed,,US-C
ORD-003245,2025-01-19T21:17:16Z,web,33250,completed,,CA
ORD-003246,2025-06-11T14:36:29Z,mobile,1643,active,,US-E
ORD-003247,2025-09-28T16:15:55Z,legacy_pos,18139,cancelled,,CA
ORD-003248,2025-10-11T19:43:54Z,web,24515,refunded,,CA
ORD-003249,2025-04-12T17:42:18Z,partner,3568,completed,,US-E
ORD-003250,2025-07-28T14:01:47Z,partner,60456,completed,,US-W
ORD-003251,2025-04-14T21:29:07Z,web,89214,refunded,,US-W
ORD-003252,2025-11-04T20:05:49Z,mobile,71559,completed,,US-E
ORD-003253,2025-12-13T19:26:15Z,partner,12063,active,,CA
ORD-003254,2025-11-11T15:53:47Z,partner,29150,active,,CA
ORD-003255,2025-06-21T15:13:46Z,mobile,31146,completed,,CA
ORD-003256,2025-01-30T21:20:15Z,web,76497,completed,,US-E
ORD-003257,2025-11-13T15:05:43Z,partner,53625,completed,,CA
ORD-003258,2025-09-24T14:22:26Z,partner,27159,refunded,,US-C
ORD-003259,2025-01-25T18:03:45Z,mobile,70936,completed,,US-C
ORD-003260,2025-09-07T21:56:14Z,mobile,56091,active,,CA
ORD-003261,2025-08-16T16:08:03Z,mobile,34401,active,,US-E
ORD-003262,2025-07-07T19:02:15Z,web,34168,completed,,US-E
ORD-003263,2025-06-08T14:59:54Z,partner,3796,completed,,US-E
ORD-003264,2025-12-04T21:35:49Z,web,16972,refunded,,US-W
ORD-003265,2025-10-25T07:56:20Z,partner,68040,cancelled,,US-C
ORD-003266,2025-04-14T21:11:07Z,web,60133,active,,US-W
ORD-003267,2025-03-02T23:22:48Z,mobile,41526,completed,,CA
ORD-003268,2025-01-14T16:25:26Z,mobile,82219,active,,US-E
ORD-003269,2025-05-30T15:05:13Z,partner,34063,active,,US-C
ORD-003270,2025-06-28T20:31:56Z,partner,5424,active,,US-E
ORD-003271,2025-11-15T19:49:44Z,web,1395,completed,,US-W
ORD-003272,2025-09-28T07:10:08Z,web,87152,refunded,,CA
ORD-003273,2025-09-19T14:34:14Z,mobile,68728,refunded,,US-W
ORD-003274,2025-01-25T15:50:14Z,web,28466,active,,US-E
ORD-003275,2025-01-19T15:57:52Z,partner,29350,cancelled,,US-W
ORD-003276,2025-04-24T18:26:39Z,partner,65300,completed,,US-W
ORD-003277,2025-11-21T19:43:10Z,partner,54980,active,,US-E
ORD-003278,2025-03-20T18:42:15Z,mobile,40194,active,,CA
ORD-003279,2025-09-23T22:30:37Z,mobile,45024,active,,CA
ORD-003280,2025-08-16T20:40:36Z,web,58848,completed,,CA
ORD-003281,2025-03-25T17:38:20Z,partner,88174,refunded,,US-C
ORD-003282,2025-10-09T18:59:07Z,mobile,29067,cancelled,,US-W
ORD-003283,2025-09-30T21:02:42Z,mobile,6949,refunded,,US-C
ORD-003284,2025-05-03T20:47:29Z,partner,17802,active,,US-E
ORD-003285,2025-08-05T21:18:11Z,partner,35129,refunded,,CA
ORD-003286,2025-09-26T16:59:47Z,web,60773,active,,US-E
ORD-003287,2025-01-01T15:48:06Z,web,50383,refunded,,US-E
ORD-003288,2025-01-18T19:08:29Z,web,31713,completed,,US-C
ORD-003289,2025-04-28T15:17:54Z,partner,32957,cancelled,,US-W
ORD-003290,2025-06-15T15:46:16Z,partner,66961,cancelled,,CA
ORD-003291,2025-05-09T14:11:23Z,web,30523,completed,,US-W
ORD-003292,2025-05-02T21:38:21Z,partner,85115,completed,,US-C
ORD-003293,2025-02-02T18:01:20Z,web,1203,cancelled,,US-C
ORD-003294,2025-10-01T17:51:05Z,web,65805,cancelled,,US-C
ORD-003295,2025-12-13T15:31:51Z,partner,45905,refunded,,US-W
ORD-003296,2025-04-02T19:26:59Z,web,31229,completed,,US-E
ORD-003297,2025-10-23T20:34:35Z,web,53242,cancelled,,CA
ORD-003298,2025-08-02T14:42:12Z,partner,11635,active,,US-C
ORD-003299,2025-03-14T17:36:04Z,partner,62736,cancelled,,US-C
ORD-003300,2025-09-28T22:31:29Z,web,79813,completed,,CA
ORD-003301,2025-08-29T19:25:40Z,mobile,83875,refunded,,US-W
ORD-003302,2025-01-17T23:50:01Z,partner,3399,active,,CA
ORD-003303,2025-10-03T16:37:15Z,mobile,72850,completed,,CA
ORD-003304,2025-09-12T14:35:20Z,web,6097,active,,US-C
ORD-003305,2025-09-30T16:49:02Z,mobile,55772,cancelled,,US-W
ORD-003306,2025-02-04T16:52:28Z,mobile,35878,refunded,,US-E
ORD-003307,2025-12-30T23:12:19Z,mobile,70821,active,,US-W
ORD-003308,2025-11-05T17:34:52Z,partner,5450,completed,2025-11-06T02:34:52Z,US-W
ORD-003309,2025-08-04T20:25:44Z,mobile,86293,completed,,US-W
ORD-003310,2025-07-26T14:13:19Z,mobile,41889,completed,,US-E
ORD-003311,2025-01-12T00:01:15Z,legacy_pos,64051,cancelled,,US-E
ORD-003312,2025-04-19T20:32:09Z,web,82879,cancelled,,CA
ORD-003313,2025-06-17T19:28:34Z,web,70901,completed,,US-W
ORD-003314,2025-06-30T17:36:40Z,mobile,65832,refunded,,CA
ORD-003315,2025-09-19T17:03:03Z,mobile,83176,cancelled,,US-W
ORD-003316,2025-10-17T14:17:27Z,web,58554,refunded,,US-E
ORD-003317,2025-11-26T05:32:00Z,web,28064,cancelled,,US-E
ORD-003318,2025-05-25T19:48:53Z,web,22615,active,,US-E
ORD-003319,2025-05-29T17:57:45Z,mobile,57438,completed,,US-C
ORD-003320,2025-04-30T22:16:24Z,partner,12566,active,,US-W
ORD-003321,2025-07-18T15:41:42Z,partner,42388,active,,US-W
ORD-003322,2025-04-13T22:54:20Z,mobile,80924,active,,CA
ORD-003323,2025-04-05T19:11:32Z,web,15633,refunded,,CA
ORD-003324,2025-09-08T20:16:24Z,partner,54820,active,,US-E
ORD-003325,2025-01-03T18:26:52Z,partner,31681,active,,CA
ORD-003326,2025-09-13T21:59:47Z,partner,32045,cancelled,,CA
ORD-003327,2025-07-30T19:02:07Z,partner,7356,cancelled,,CA
ORD-003328,2025-05-19T17:33:00Z,mobile,23097,cancelled,,CA
ORD-003329,2025-08-20T21:57:45Z,web,7140,active,,US-E
ORD-003330,2025-05-14T21:49:03Z,partner,12878,completed,,US-E
ORD-003331,2025-08-17T19:26:35Z,mobile,49562,refunded,,US-E
ORD-003332,2025-03-21T20:46:04Z,mobile,30463,completed,,US-W
ORD-003333,2025-02-27T15:47:11Z,partner,50842,active,,US-C
ORD-003334,2025-05-25T20:44:37Z,partner,78185,cancelled,,US-W
ORD-003335,2025-01-22T17:55:48Z,mobile,56845,completed,,CA
ORD-003336,2025-04-22T14:15:56Z,web,3273,active,,US-C
ORD-003337,2025-01-02T23:00:00Z,web,32484,refunded,,US-E
ORD-003338,2025-12-19T19:40:40Z,partner,54901,completed,,US-W
ORD-003339,2025-07-25T17:35:47Z,partner,85860,completed,,US-C
ORD-003340,2025-04-30T18:23:16Z,mobile,37087,refunded,,US-E
ORD-003341,2025-07-08T18:24:12Z,mobile,85059,completed,,US-E
ORD-003342,2025-10-02T21:52:49Z,partner,4522,cancelled,,CA
ORD-003343,2025-02-12T23:57:08Z,mobile,76810,refunded,,US-E
ORD-003344,2025-01-18T21:04:46Z,partner,27443,cancelled,,US-E
ORD-003345,2025-04-18T22:43:43Z,mobile,67000,cancelled,,CA
ORD-003346,2025-02-27T16:58:39Z,mobile,33920,active,,US-C
ORD-003347,2025-04-17T19:31:18Z,web,8814,active,,US-W
ORD-003348,2025-01-12T18:51:24Z,partner,26004,cancelled,,US-E
ORD-003349,2025-04-28T19:41:49Z,mobile,84836,cancelled,,US-C
ORD-003350,2025-07-06T14:44:26Z,web,87022,active,,US-W
ORD-003351,2025-08-12T16:24:32Z,partner,59999,completed,,US-W
ORD-003352,2025-04-28T21:16:28Z,web,39096,completed,,US-C
ORD-003353,2025-01-25T15:31:26Z,partner,57217,cancelled,,US-C
ORD-003354,2025-09-28T18:30:48Z,partner,67794,active,,CA
ORD-003355,2025-08-02T15:31:48Z,web,39083,active,,US-E
ORD-003356,2025-09-27T15:44:42Z,mobile,88690,cancelled,,US-E
ORD-003357,2025-11-26T18:13:28Z,mobile,70111,active,,CA
ORD-003358,2025-10-28T19:13:27Z,partner,32303,active,,CA
ORD-003359,2025-02-15T15:49:13Z,web,86571,refunded,2025-02-15T16:49:13Z,US-C
ORD-003360,2025-08-10T15:32:16Z,web,65964,refunded,,US-W
ORD-003361,2025-11-28T02:26:39Z,partner,40517,completed,,US-C
ORD-003362,2025-07-10T21:36:12Z,web,61297,active,,US-W
ORD-003363,2025-06-14T22:15:39Z,web,59125,refunded,,CA
ORD-003364,2025-11-12T17:31:05Z,web,30209,cancelled,,US-E
ORD-003365,2025-03-14T14:16:00Z,mobile,52219,refunded,,US-E
ORD-003366,2025-09-28T19:24:10Z,partner,63999,cancelled,,US-E
ORD-003367,2025-04-01T15:19:31Z,partner,30663,refunded,,US-E
ORD-003368,2025-01-06T21:16:30Z,web,14567,completed,,US-C
ORD-003369,2025-05-22T20:25:52Z,mobile,17516,active,,US-W
ORD-003370,2025-05-15T20:16:12Z,mobile,2580,completed,,US-C
ORD-003371,2025-06-18T18:27:58Z,partner,7048,active,,US-W
ORD-003372,2025-07-26T19:07:08Z,web,78745,cancelled,,US-W
ORD-003373,2025-02-22T16:11:42Z,partner,60514,completed,,US-E
ORD-003374,2025-07-22T20:35:50Z,web,52604,active,,US-C
ORD-003375,2025-01-22T20:32:59Z,web,61870,completed,,CA
ORD-003376,2025-11-14T21:32:15Z,mobile,14468,active,,CA
ORD-003377,2025-08-10T20:09:33Z,partner,53012,active,,CA
ORD-003378,2025-07-07T18:50:29Z,mobile,32500,completed,,CA
ORD-003379,2025-06-07T18:10:17Z,mobile,13536,active,,US-C
ORD-003380,2025-09-05T17:16:49Z,mobile,22100,completed,,US-E
ORD-003381,2025-03-27T19:03:36Z,web,3851,refunded,,CA
ORD-003382,2025-02-21T16:14:51Z,partner,3944,cancelled,,US-E
ORD-003383,2025-09-07T17:39:37Z,mobile,27200,cancelled,,US-W
ORD-003384,2025-11-24T19:55:46Z,partner,72766,refunded,,US-E
ORD-003385,2025-12-19T20:04:02Z,web,41313,completed,,US-W
ORD-003386,2025-01-27T19:26:31Z,web,10041,active,,US-W
ORD-003387,2025-10-23T04:18:29Z,partner,6906,active,,US-E
ORD-003388,2025-12-15T20:57:37Z,web,5080,completed,,US-W
ORD-003389,2025-07-02T14:28:14Z,mobile,68426,refunded,,CA
ORD-003390,2025-12-18T07:36:40Z,mobile,51305,cancelled,,US-C
ORD-003391,2025-03-10T14:29:16Z,web,84368,refunded,,US-E
ORD-003392,2025-02-02T15:19:53Z,web,11792,completed,,CA
ORD-003393,2025-09-28T17:53:17Z,mobile,62718,cancelled,,CA
ORD-003394,2025-10-02T14:25:14Z,partner,11762,refunded,,US-C
ORD-003395,2025-05-10T18:10:51Z,web,45648,refunded,,US-C
ORD-003396,2025-03-03T19:56:42Z,web,65464,completed,,CA
ORD-003397,2025-12-03T19:47:10Z,mobile,86771,completed,,CA
ORD-003398,2025-05-04T20:12:52Z,web,89014,completed,,US-C
ORD-003399,2025-09-02T21:07:11Z,mobile,85067,active,2025-09-08T04:07:11Z,CA
ORD-003400,2025-09-27T19:27:07Z,mobile,58493,refunded,,US-W
ORD-003401,2025-08-14T14:43:16Z,mobile,60474,active,,US-W
ORD-003402,2025-07-26T17:23:47Z,web,43956,active,,US-W
ORD-003403,2025-10-06T19:20:44Z,web,56592,active,,US-W
ORD-003404,2025-02-05T17:39:43Z,web,17938,completed,,US-C
ORD-003405,2025-09-06T14:21:44Z,partner,21167,refunded,,CA
ORD-003406,2025-08-23T20:49:48Z,mobile,22876,active,,US-C
ORD-003407,2025-03-23T19:09:20Z,web,76507,refunded,,CA
ORD-003408,2025-10-02T20:26:45Z,partner,17465,refunded,,US-C
ORD-003409,2025-05-20T18:19:46Z,web,15434,completed,,US-C
ORD-003410,2025-11-19T07:18:09Z,legacy_pos,3759,cancelled,,US-C
ORD-003411,2025-08-15T14:10:31Z,partner,33507,cancelled,,US-C
ORD-003412,2025-08-29T15:21:56Z,web,76127,completed,,US-C
ORD-003413,2025-02-10T20:37:45Z,partner,44214,completed,,US-E
ORD-003414,2025-08-02T16:14:52Z,mobile,78362,completed,,CA
ORD-003415,2025-02-27T18:01:32Z,mobile,69304,completed,,US-E
ORD-003416,2025-02-11T20:04:17Z,web,11542,active,,CA
ORD-003417,2025-03-07T21:08:34Z,partner,29127,cancelled,,US-E
ORD-003418,2025-02-08T21:28:54Z,web,75634,completed,,US-C
ORD-003419,2025-03-31T21:17:20Z,web,40559,completed,,US-E
ORD-003420,2025-11-24T23:43:00Z,web,50091,cancelled,,US-E
ORD-003421,2025-10-06T21:57:31Z,web,16281,completed,,US-W
ORD-003422,2025-12-28T16:30:18Z,partner,78739,completed,,CA
ORD-003423,2025-06-10T14:48:26Z,web,61032,active,,US-E
ORD-003424,2025-12-16T20:15:58Z,web,19169,refunded,,US-W
ORD-003425,2025-07-11T14:55:49Z,mobile,17619,refunded,,US-C
ORD-003426,2025-07-24T14:08:38Z,partner,77583,active,,US-W
ORD-003427,2025-02-06T22:54:26Z,mobile,42221,cancelled,,US-W
ORD-003428,2025-06-07T20:20:34Z,web,48698,cancelled,,CA
ORD-003429,2025-04-20T22:25:50Z,mobile,31789,completed,,CA
ORD-003430,2025-10-23T16:40:22Z,legacy_pos,2300,cancelled,,US-W
ORD-003431,2025-12-24T17:00:51Z,mobile,79925,completed,,US-W
ORD-003432,2025-02-23T16:38:57Z,mobile,63392,refunded,,US-C
ORD-003433,2025-09-23T21:38:04Z,mobile,13728,completed,,US-E
ORD-003434,2025-03-02T21:56:25Z,partner,34754,completed,,US-E
ORD-003435,2025-03-05T20:03:14Z,web,4155,refunded,,US-C
ORD-003436,2025-10-18T18:38:07Z,partner,27134,cancelled,,US-E
ORD-003437,2025-10-11T21:54:16Z,partner,49995,active,,US-E
ORD-003438,2025-06-04T17:56:14Z,web,45247,completed,,US-C
ORD-003439,2025-06-24T21:42:06Z,web,42131,refunded,,CA
ORD-003440,2025-07-16T15:01:38Z,partner,18857,refunded,,CA
ORD-003441,2025-04-07T18:07:58Z,web,20335,active,,CA
ORD-003442,2025-12-25T23:21:21Z,web,65234,active,,CA
ORD-003443,2025-03-10T19:12:23Z,mobile,63568,active,,US-C
ORD-003444,2025-12-19T17:49:39Z,partner,15691,completed,,US-W
ORD-003445,2025-10-19T17:04:40Z,mobile,8349,cancelled,,US-W
ORD-003446,2025-06-10T15:42:37Z,mobile,24413,refunded,,US-W
ORD-003447,2025-09-29T19:56:23Z,web,27278,refunded,,US-W
ORD-003448,2025-09-11T16:58:36Z,mobile,33975,refunded,,US-W
ORD-003449,2025-03-05T17:54:46Z,web,23379,active,,US-C
ORD-003450,2025-12-21T19:49:28Z,web,1494,cancelled,2025-12-25T14:49:28Z,US-E
ORD-003451,2025-01-31T21:13:11Z,mobile,21013,active,,US-C
ORD-003452,2025-06-09T20:22:09Z,partner,77093,cancelled,,US-C
ORD-003453,2025-08-27T15:10:07Z,web,50666,cancelled,,US-E
ORD-003454,2025-07-26T19:21:32Z,mobile,81566,active,,US-C
ORD-003455,2025-07-14T22:53:34Z,web,34099,active,,US-C
ORD-003456,2025-09-05T22:22:01Z,web,43341,completed,,US-C
ORD-003457,2025-02-15T18:10:52Z,mobile,59792,active,,CA
ORD-003458,2025-08-12T21:22:41Z,web,42268,completed,,CA
ORD-003459,2025-07-08T03:35:51Z,legacy_pos,74834,refunded,,US-E
ORD-003460,2025-03-06T23:45:10Z,mobile,44155,refunded,,US-E
ORD-003461,2025-01-27T15:24:37Z,mobile,81406,cancelled,,US-W
ORD-003462,2025-06-10T01:20:37Z,partner,69192,cancelled,,CA
ORD-003463,2025-03-28T16:12:57Z,partner,74959,active,,US-C
ORD-003464,2025-07-10T14:13:28Z,mobile,44239,refunded,,CA
ORD-003465,2025-05-02T15:20:59Z,partner,33608,refunded,,US-C
ORD-003466,2025-07-16T19:27:05Z,web,71556,completed,,CA
ORD-003467,2025-09-29T15:20:25Z,partner,39829,cancelled,,US-W
ORD-003468,2025-09-27T21:22:40Z,mobile,66060,cancelled,,US-W
ORD-003469,2025-05-11T20:32:10Z,legacy_pos,10900,active,,US-C
ORD-003470,2025-08-29T22:55:13Z,web,4123,completed,,US-W
ORD-003471,2025-05-22T18:10:22Z,mobile,76930,refunded,,US-C
ORD-003472,2025-11-19T18:28:32Z,mobile,21219,refunded,,US-E
ORD-003473,2025-01-09T23:25:15Z,partner,84475,cancelled,,CA
ORD-003474,2025-10-10T22:06:56Z,partner,2630,completed,,US-C
ORD-003475,2025-07-26T15:02:32Z,mobile,34793,cancelled,,US-E
ORD-003476,2025-05-12T17:45:40Z,web,77141,active,,US-C
ORD-003477,2025-06-10T19:57:04Z,mobile,17302,completed,,US-C
ORD-003478,2025-04-20T14:40:14Z,mobile,20033,completed,,US-C
ORD-003479,2025-11-03T18:28:10Z,mobile,1212,cancelled,,CA
ORD-003480,2025-04-01T18:41:06Z,web,79264,refunded,,US-C
ORD-003481,2025-09-20T14:46:04Z,partner,42754,refunded,,US-E
ORD-003482,2025-08-02T20:01:07Z,partner,35001,completed,,US-C
ORD-003483,2025-12-29T22:02:52Z,mobile,89413,completed,,CA
ORD-003484,2025-12-28T07:35:47Z,partner,52703,completed,,US-C
ORD-003485,2025-02-23T18:59:43Z,partner,57458,refunded,,US-C
ORD-003486,2025-06-15T20:44:43Z,partner,33002,completed,,CA
ORD-003487,2025-01-15T19:06:45Z,web,69896,active,,CA
ORD-003488,2025-11-22T16:39:33Z,mobile,81279,active,,US-W
ORD-003489,2025-12-26T15:31:21Z,web,46273,active,,US-C
ORD-003490,2025-03-30T18:19:12Z,partner,51851,refunded,,US-W
ORD-003491,2025-07-01T14:34:48Z,partner,63954,cancelled,,CA
ORD-003492,2025-07-13T15:37:35Z,partner,13589,cancelled,,CA
ORD-003493,2025-06-19T22:08:29Z,mobile,82654,active,,US-E
ORD-003494,2025-07-24T22:42:19Z,partner,46303,cancelled,,US-C
ORD-003495,2025-04-15T15:35:00Z,web,84268,refunded,,US-C
ORD-003496,2025-07-12T21:36:06Z,mobile,19244,completed,,CA
ORD-003497,2025-06-17T22:09:55Z,partner,22006,refunded,,US-C
ORD-003498,2025-03-05T20:46:06Z,mobile,56010,active,,US-C
ORD-003499,2025-06-30T16:40:10Z,partner,14872,active,,US-C
ORD-003500,2025-02-08T21:12:36Z,partner,43602,refunded,,US-W
ORD-003501,2025-10-17T22:48:01Z,web,61984,completed,,US-E
ORD-003502,2025-10-15T18:14:45Z,mobile,39509,active,,CA
ORD-003503,2025-02-01T18:12:19Z,legacy_pos,28063,cancelled,,CA
ORD-003504,2025-03-15T15:16:38Z,partner,67119,refunded,,US-C
ORD-003505,2025-10-16T17:55:09Z,partner,56315,cancelled,,US-C
ORD-003506,2025-02-09T00:53:25Z,partner,17203,cancelled,,US-E
ORD-003507,2025-08-20T19:38:44Z,partner,44652,completed,,US-C
ORD-003508,2025-11-25T15:22:53Z,partner,47490,cancelled,,CA
ORD-003509,2025-11-06T19:19:53Z,partner,55013,active,,CA
ORD-003510,2025-05-26T16:53:48Z,web,54972,refunded,,US-E
ORD-003511,2025-04-30T21:25:49Z,partner,73295,cancelled,,US-E
ORD-003512,2025-04-22T18:12:06Z,mobile,60144,cancelled,,US-W
ORD-003513,2025-11-03T15:31:28Z,web,11484,active,,US-W
ORD-003514,2025-03-30T17:02:50Z,partner,86953,completed,,US-W
ORD-003515,2025-10-27T16:04:24Z,mobile,87363,refunded,,CA
ORD-003516,2025-04-05T16:33:01Z,mobile,3871,cancelled,,US-E
ORD-003517,2025-11-09T18:00:54Z,mobile,28056,active,,US-E
ORD-003518,2025-04-19T04:45:43Z,mobile,34193,cancelled,,CA
ORD-003519,2025-05-17T16:33:05Z,web,21347,active,,US-C
ORD-003520,2025-06-13T14:37:05Z,partner,78415,refunded,,US-W
ORD-003521,2025-05-28T19:50:09Z,mobile,76735,completed,,US-C
ORD-003522,2025-03-12T21:01:26Z,mobile,13760,refunded,,CA
ORD-003523,2025-08-06T15:51:21Z,legacy_pos,77600,completed,,US-E
ORD-003524,2025-02-16T17:54:06Z,mobile,72395,refunded,,US-E
ORD-003525,2025-07-18T15:02:20Z,web,9534,active,,US-W
ORD-003526,2025-05-20T22:49:25Z,partner,35132,refunded,,US-C
ORD-003527,2025-06-01T14:21:17Z,mobile,9782,active,,US-E
ORD-003528,2025-10-24T20:30:04Z,web,31858,cancelled,,US-E
ORD-003529,2025-10-09T20:24:48Z,partner,14118,cancelled,,US-C
ORD-003530,2025-01-05T17:50:45Z,web,3170,cancelled,,CA
ORD-003531,2025-01-09T23:57:22Z,web,7894,cancelled,,CA
ORD-003532,2025-01-09T20:22:32Z,partner,34738,completed,,CA
ORD-003533,2025-01-13T23:09:41Z,partner,16468,completed,,US-E
ORD-003534,2025-03-07T15:31:28Z,mobile,47145,completed,,US-C
ORD-003535,2025-12-21T15:50:44Z,partner,50510,active,,US-W
ORD-003536,2025-02-24T18:03:23Z,partner,31048,active,,US-E
ORD-003537,2025-08-30T22:16:45Z,mobile,48956,completed,,US-W
ORD-003538,2025-12-02T18:43:42Z,partner,52067,completed,,CA
ORD-003539,2025-09-26T18:20:21Z,web,32517,active,,US-C
ORD-003540,2025-11-13T22:09:57Z,partner,64128,cancelled,,US-E
ORD-003541,2025-06-18T18:44:15Z,partner,51368,active,,US-E
ORD-003542,2025-09-05T21:54:24Z,web,33919,cancelled,,US-E
ORD-003543,2025-08-25T16:38:34Z,mobile,35240,completed,,CA
ORD-003544,2025-03-28T20:53:56Z,web,7647,refunded,,CA
ORD-003545,2025-09-28T19:45:06Z,partner,19976,refunded,,US-C
ORD-003546,2025-03-24T18:31:42Z,web,29483,refunded,,CA
ORD-003547,2025-02-02T19:25:27Z,web,40079,active,,US-W
ORD-003548,2025-02-02T22:46:28Z,partner,76106,cancelled,,US-E
ORD-003549,2025-06-19T15:17:27Z,partner,68334,completed,,US-E
ORD-003550,2025-11-11T17:50:28Z,mobile,12491,cancelled,,US-E
ORD-003551,2025-11-10T21:37:34Z,mobile,64112,completed,2025-11-11T01:37:34Z,US-C
ORD-003552,2025-02-18T20:39:10Z,mobile,18256,completed,,CA
ORD-003553,2025-12-23T20:49:56Z,web,13991,refunded,,CA
ORD-003554,2025-02-15T19:13:54Z,partner,47615,refunded,,US-W
ORD-003555,2025-02-09T22:18:17Z,partner,22455,cancelled,,US-E
ORD-003556,2025-11-22T20:13:35Z,partner,10516,active,,CA
ORD-003557,2025-12-22T22:22:35Z,web,75817,cancelled,,US-C
ORD-003558,2025-07-29T19:32:16Z,partner,88155,cancelled,,CA
ORD-003559,2025-05-04T22:12:16Z,web,51924,completed,,US-E
ORD-003560,2025-03-16T21:41:42Z,mobile,50987,refunded,,US-E
ORD-003561,2025-08-25T16:40:02Z,partner,78403,refunded,,US-C
ORD-003562,2025-12-29T15:34:30Z,mobile,32757,completed,,US-E
ORD-003563,2025-10-01T15:58:27Z,partner,56602,completed,,US-E
ORD-003564,2025-03-02T22:53:37Z,web,38463,refunded,,CA
ORD-003565,2025-03-11T22:49:04Z,mobile,69815,active,,US-W
ORD-003566,2025-01-24T19:28:53Z,partner,40060,refunded,,CA
ORD-003567,2025-07-15T15:01:36Z,web,64329,active,,US-E
ORD-003568,2025-10-08T19:55:48Z,partner,32627,active,,US-W
ORD-003569,2025-02-18T22:30:01Z,legacy_pos,8900,refunded,,CA
ORD-003570,2025-12-17T16:01:36Z,partner,60126,refunded,,CA
ORD-003571,2025-12-05T16:52:23Z,mobile,32690,active,,US-E
ORD-003572,2025-08-09T16:18:10Z,partner,4483,cancelled,,US-W
ORD-003573,2025-08-23T16:21:26Z,web,17219,refunded,,US-W
ORD-003574,2025-11-18T17:42:42Z,partner,22187,active,,US-C
ORD-003575,2025-08-12T19:18:37Z,web,84759,completed,,US-W
ORD-003576,2025-02-10T15:42:46Z,web,46058,active,,US-W
ORD-003577,2025-10-18T14:34:54Z,partner,37864,cancelled,,US-E
ORD-003578,2025-02-11T23:53:02Z,partner,34040,completed,2025-02-19T20:53:02Z,US-W
ORD-003579,2025-09-13T21:25:57Z,mobile,67624,completed,,US-E
ORD-003580,2025-10-25T21:51:04Z,partner,86343,active,,US-C
ORD-003581,2025-04-15T15:44:03Z,web,56117,refunded,,US-E
ORD-003582,2025-03-06T19:19:44Z,mobile,12503,refunded,,US-C
ORD-003583,2025-05-13T22:18:56Z,web,4143,cancelled,,CA
ORD-003584,2025-09-27T20:46:50Z,partner,57525,completed,,US-W
ORD-003585,2025-02-12T21:08:46Z,mobile,71063,completed,,US-E
ORD-003586,2025-08-02T15:59:55Z,mobile,30509,completed,,US-E
ORD-003587,2025-01-07T16:55:35Z,web,78996,cancelled,,US-E
ORD-003588,2025-11-01T18:25:52Z,mobile,41482,refunded,,CA
ORD-003589,2025-11-30T20:03:39Z,partner,26520,refunded,,US-E
ORD-003590,2025-03-29T03:24:49Z,partner,67072,active,,US-W
ORD-003591,2025-11-14T23:15:42Z,web,49998,active,,US-E
ORD-003592,2025-07-30T20:07:29Z,mobile,49185,active,,US-E
ORD-003593,2025-10-12T17:54:14Z,partner,3098,cancelled,,US-C
ORD-003594,2025-05-18T14:03:16Z,partner,24005,completed,,US-C
ORD-003595,2025-01-25T20:43:43Z,web,29040,active,2025-01-30T03:43:43Z,US-E
ORD-003596,2025-12-04T21:15:17Z,mobile,51848,active,,CA
ORD-003597,2025-10-06T20:58:30Z,web,78146,completed,,US-W
ORD-003598,2025-06-22T15:39:39Z,web,57054,cancelled,,CA
ORD-003599,2025-05-13T18:41:49Z,mobile,80276,refunded,,US-W
ORD-003600,2025-06-26T14:47:37Z,mobile,24483,active,,US-C
ORD-003601,2025-12-22T21:55:29Z,web,20701,active,,CA
ORD-003602,2025-10-30T16:52:44Z,web,30856,active,,US-W
ORD-003603,2025-11-25T18:34:55Z,mobile,4618,completed,,US-C
ORD-003604,2025-01-31T23:27:49Z,mobile,24698,completed,,US-W
ORD-003605,2025-02-03T23:17:13Z,web,25155,completed,,US-C
ORD-003606,2025-03-02T17:16:12Z,mobile,63725,refunded,,US-C
ORD-003607,2025-12-21T22:03:38Z,partner,4028,refunded,,US-E
ORD-003608,2025-12-09T17:58:36Z,mobile,37944,active,,US-W
ORD-003609,2025-04-01T16:19:40Z,partner,35979,completed,,US-W
ORD-003610,2025-12-27T23:45:36Z,partner,59039,cancelled,,US-C
ORD-003611,2025-11-13T16:25:35Z,partner,53289,completed,,US-C
ORD-003612,2025-12-08T17:06:47Z,web,29230,active,,US-C
ORD-003613,2025-06-12T17:21:26Z,web,78876,completed,,US-W
ORD-003614,2025-05-02T15:38:37Z,web,46840,completed,,US-E
ORD-003615,2025-12-18T21:37:26Z,web,33490,cancelled,,US-E
ORD-003616,2025-02-24T19:49:53Z,mobile,34762,active,,US-C
ORD-003617,2025-12-31T21:08:16Z,web,52376,refunded,,US-E
ORD-003618,2025-11-01T19:01:09Z,web,4577,active,,CA
ORD-003619,2025-11-21T18:20:33Z,web,89159,refunded,,CA
ORD-003620,2025-12-01T18:47:00Z,web,54181,completed,,US-E
ORD-003621,2025-07-29T19:04:36Z,mobile,66217,cancelled,,CA
ORD-003622,2025-03-23T14:52:30Z,web,49328,active,,US-W
ORD-003623,2025-08-08T15:36:29Z,web,54351,active,2025-08-15T00:36:29Z,US-E
ORD-003624,2025-01-23T23:05:52Z,partner,50338,refunded,,US-E
ORD-003625,2025-09-09T18:20:14Z,mobile,44685,completed,,US-W
ORD-003626,2025-06-01T18:44:44Z,mobile,29503,cancelled,,CA
ORD-003627,2025-09-16T17:17:17Z,partner,9830,completed,,CA
ORD-003628,2025-06-22T20:52:27Z,mobile,13004,refunded,,US-W
ORD-003629,2025-09-08T15:22:24Z,web,89052,refunded,,US-W
ORD-003630,2025-02-15T21:12:13Z,partner,50296,cancelled,,US-W
ORD-003631,2025-04-08T21:43:26Z,web,65676,refunded,,US-C
ORD-003632,2025-12-02T20:29:39Z,partner,43568,completed,,US-E
ORD-003633,2025-12-23T21:41:05Z,mobile,70892,cancelled,,US-W
ORD-003634,2025-09-22T22:35:08Z,web,52065,completed,,US-W
ORD-003635,2025-06-12T15:26:00Z,mobile,27873,active,,US-W
ORD-003636,2025-12-18T18:12:16Z,web,74190,refunded,,US-C
ORD-003637,2025-03-20T21:48:51Z,partner,4289,completed,,US-W
ORD-003638,2025-12-30T17:59:43Z,mobile,78408,cancelled,,US-W
ORD-003639,2025-08-06T14:31:51Z,partner,89298,completed,,US-C
ORD-003640,2025-02-10T18:21:59Z,web,42163,refunded,,US-C
ORD-003641,2025-10-11T21:08:10Z,partner,48134,active,,US-C
ORD-003642,2025-02-26T23:42:41Z,web,89815,refunded,,US-E
ORD-003643,2025-08-10T15:05:42Z,mobile,74827,cancelled,,US-E
ORD-003644,2025-11-27T19:34:05Z,partner,33900,active,,US-E
ORD-003645,2025-07-24T16:06:49Z,mobile,2406,active,,US-C
ORD-003646,2025-11-18T06:06:03Z,mobile,85755,cancelled,,US-E
ORD-003647,2025-06-28T17:31:15Z,web,23279,cancelled,,US-W
ORD-003648,2025-06-24T21:18:39Z,web,89001,cancelled,,US-C
ORD-003649,2025-12-06T16:10:37Z,partner,17096,refunded,,US-W
ORD-003650,2025-03-16T17:53:02Z,mobile,65271,refunded,,US-C
ORD-003651,2025-12-29T22:53:04Z,partner,65835,cancelled,,US-C
ORD-003652,2025-07-23T20:28:18Z,mobile,80906,refunded,,US-E
ORD-003653,2025-11-08T23:33:17Z,partner,36166,refunded,,US-E
ORD-003654,2025-03-18T15:46:13Z,mobile,13293,completed,,US-E
ORD-003655,2025-10-03T14:45:59Z,mobile,77033,cancelled,,US-W
ORD-003656,2025-06-05T15:31:32Z,partner,88453,completed,,US-C
ORD-003657,2025-06-12T14:45:02Z,mobile,29254,refunded,,CA
ORD-003658,2025-08-04T17:30:21Z,web,29903,active,,US-W
ORD-003659,2025-04-29T16:27:30Z,partner,22800,cancelled,,US-W
ORD-003660,2025-05-22T20:38:26Z,mobile,7893,completed,,US-C
ORD-003661,2025-04-08T21:14:26Z,web,29507,active,,US-C
ORD-003662,2025-04-20T04:06:37Z,legacy_pos,7737,cancelled,,US-W
ORD-003663,2025-10-30T18:10:44Z,mobile,81785,refunded,,US-W
ORD-003664,2025-02-11T23:15:04Z,mobile,87581,completed,,US-E
ORD-003665,2025-10-28T14:44:51Z,web,12987,refunded,,US-W
ORD-003666,2025-02-03T20:14:55Z,partner,12280,active,,US-W
ORD-003667,2025-08-07T15:49:01Z,web,26853,completed,,US-C
ORD-003668,2025-07-16T16:22:02Z,partner,60474,completed,,US-W
ORD-003669,2025-03-21T07:21:13Z,partner,42207,cancelled,,US-W
ORD-003670,2025-10-03T18:52:03Z,web,66284,completed,,CA
ORD-003671,2025-08-02T16:33:04Z,partner,10471,completed,,CA
ORD-003672,2025-09-08T20:47:31Z,mobile,70623,cancelled,,CA
ORD-003673,2025-07-27T16:42:24Z,mobile,21492,cancelled,,US-C
ORD-003674,2025-02-06T18:34:56Z,web,70864,cancelled,,US-C
ORD-003675,2025-10-29T21:37:28Z,mobile,85698,active,,CA
ORD-003676,2025-11-12T16:20:59Z,partner,56280,active,,US-W
ORD-003677,2025-05-14T21:20:50Z,partner,27600,active,,CA
ORD-003678,2025-05-30T15:18:19Z,mobile,82349,refunded,,US-C
ORD-003679,2025-08-30T07:24:13Z,web,34076,completed,,CA
ORD-003680,2025-12-20T18:15:11Z,partner,68487,completed,,US-E
ORD-003681,2025-10-16T20:35:20Z,web,28681,completed,,US-W
ORD-003682,2025-08-05T21:22:42Z,web,79226,cancelled,,US-E
ORD-003683,2025-12-28T22:56:39Z,partner,16579,cancelled,,US-W
ORD-003684,2025-04-14T18:11:12Z,partner,62703,cancelled,,US-C
ORD-003685,2025-02-08T18:52:06Z,mobile,6491,completed,2025-02-12T00:52:06Z,US-W
ORD-003686,2025-05-13T20:46:35Z,mobile,17029,refunded,2025-05-20T06:46:35Z,US-E
ORD-003687,2025-12-25T21:46:57Z,partner,41521,cancelled,,CA
ORD-003688,2025-06-04T17:21:42Z,mobile,89507,completed,,CA
ORD-003689,2025-02-21T17:04:15Z,mobile,9099,active,,US-C
ORD-003690,2025-11-27T17:11:13Z,web,79786,refunded,,US-E
ORD-003691,2025-02-04T19:32:28Z,mobile,12118,cancelled,,US-C
ORD-003692,2025-08-04T15:42:16Z,partner,24203,refunded,,CA
ORD-003693,2025-10-20T19:45:25Z,web,7283,refunded,,CA
ORD-003694,2025-01-07T21:46:56Z,mobile,31320,completed,,US-C
ORD-003695,2025-04-02T14:59:05Z,web,84497,cancelled,,CA
ORD-003696,2025-10-01T18:17:54Z,partner,81607,active,,US-E
ORD-003697,2025-08-21T16:05:09Z,partner,38378,cancelled,,US-W
ORD-003698,2025-06-07T17:23:33Z,mobile,18716,active,,US-W
ORD-003699,2025-02-10T22:25:24Z,web,55943,active,,US-C
ORD-003700,2025-04-27T21:59:21Z,web,44692,refunded,,US-C
ORD-003701,2025-05-07T14:47:13Z,partner,72591,completed,,US-E
ORD-003702,2025-03-09T14:49:56Z,web,71938,active,,US-C
ORD-003703,2025-06-25T21:53:35Z,mobile,68010,completed,,CA
ORD-003704,2025-04-23T22:10:13Z,web,6075,active,,US-C
ORD-003705,2025-07-16T22:11:39Z,partner,17998,cancelled,,US-E
ORD-003706,2025-03-15T18:18:14Z,mobile,54367,cancelled,,US-W
ORD-003707,2025-06-04T15:45:11Z,web,48716,completed,,US-W
ORD-003708,2025-02-11T15:53:35Z,web,7201,active,,CA
ORD-003709,2025-03-08T18:19:43Z,web,33646,refunded,,CA
ORD-003710,2025-10-03T18:36:58Z,partner,56830,active,,US-E
ORD-003711,2025-04-16T17:38:57Z,mobile,7095,cancelled,,US-W
ORD-003712,2025-09-21T18:16:40Z,partner,65149,cancelled,,US-C
ORD-003713,2025-04-17T21:44:57Z,partner,19422,cancelled,,US-W
ORD-003714,2025-12-08T16:39:53Z,legacy_pos,5600,completed,,US-W
ORD-003715,2025-10-16T14:52:26Z,mobile,53004,completed,2025-10-24T08:52:26Z,US-E
ORD-003716,2025-01-09T19:38:29Z,mobile,62711,refunded,,US-W
ORD-003717,2025-07-14T20:01:10Z,partner,87082,refunded,,CA
ORD-003718,2025-08-17T19:10:41Z,partner,5848,active,,US-C
ORD-003719,2025-03-14T22:55:03Z,partner,87089,cancelled,,US-C
ORD-003720,2025-11-09T21:39:05Z,mobile,65208,completed,,US-W
ORD-003721,2025-01-29T18:40:59Z,web,3749,cancelled,,CA
ORD-003722,2025-04-11T22:41:19Z,mobile,36938,cancelled,,US-W
ORD-003723,2025-04-04T17:23:42Z,legacy_pos,23200,refunded,,US-E
ORD-003724,2025-01-17T23:11:31Z,web,53447,completed,,US-E
ORD-003725,2025-04-28T22:47:25Z,web,16933,cancelled,,US-W
ORD-003726,2025-05-09T15:47:47Z,web,25999,refunded,2025-05-17T17:47:47Z,US-E
ORD-003727,2025-01-07T20:17:25Z,mobile,45303,active,,US-C
ORD-003728,2025-09-18T17:01:55Z,legacy_pos,70454,active,,US-E
ORD-003729,2025-10-30T19:08:10Z,partner,46593,cancelled,,US-C
ORD-003730,2025-11-28T18:43:41Z,web,76900,refunded,,CA
ORD-003731,2025-05-20T17:10:24Z,web,38030,cancelled,,US-E
ORD-003732,2025-06-17T20:22:08Z,mobile,35090,refunded,,US-E
ORD-003733,2025-02-27T16:10:06Z,web,34930,refunded,,US-W
ORD-003734,2025-11-30T22:19:03Z,partner,68663,completed,,US-E
ORD-003735,2025-03-03T23:08:05Z,web,23519,completed,,US-W
ORD-003736,2025-07-10T21:21:26Z,web,69286,cancelled,,US-W
ORD-003737,2025-06-24T20:54:23Z,web,85009,refunded,,US-C
ORD-003738,2025-02-01T15:02:03Z,web,45111,refunded,,US-W
ORD-003739,2025-06-29T19:09:14Z,mobile,31685,cancelled,,US-W
ORD-003740,2025-01-11T22:21:03Z,web,3755,completed,,US-W
ORD-003741,2025-10-25T19:54:20Z,mobile,35935,cancelled,,CA
ORD-003742,2025-10-02T19:32:26Z,mobile,46114,completed,,US-W
ORD-003743,2025-12-21T22:18:59Z,web,71620,refunded,,US-E
ORD-003744,2025-12-19T21:01:55Z,partner,2287,cancelled,,CA
ORD-003745,2025-09-17T16:53:18Z,mobile,87499,completed,,US-C
ORD-003746,2025-08-16T20:19:53Z,mobile,49422,refunded,,US-W
ORD-003747,2025-11-19T17:58:06Z,web,17620,refunded,,US-W
ORD-003748,2025-03-06T23:55:54Z,mobile,69394,cancelled,,US-C
ORD-003749,2025-11-04T15:32:07Z,web,20752,active,,US-C
ORD-003750,2025-07-12T16:26:31Z,mobile,75839,refunded,,US-C
ORD-003751,2025-01-31T16:19:34Z,partner,39469,active,,US-E
ORD-003752,2025-11-19T22:18:01Z,web,44555,cancelled,,US-E
ORD-003753,2025-08-11T15:46:27Z,web,67904,refunded,,US-E
ORD-003754,2025-09-21T14:27:59Z,web,35921,refunded,,CA
ORD-003755,2025-02-09T17:56:11Z,web,24144,active,,US-W
ORD-003756,2025-11-19T23:56:52Z,partner,15688,completed,,CA
ORD-003757,2025-04-06T19:49:56Z,partner,76342,cancelled,,US-C
ORD-003758,2025-06-06T22:37:41Z,web,15372,completed,,US-C
ORD-003759,2025-03-03T23:16:19Z,mobile,24008,cancelled,,US-E
ORD-003760,2025-04-04T20:49:19Z,partner,34306,active,,US-E
ORD-003761,2025-08-12T20:50:27Z,legacy_pos,65000,cancelled,,US-E
ORD-003762,2025-03-09T16:22:52Z,mobile,29644,refunded,,US-E
ORD-003763,2025-07-05T19:25:59Z,mobile,6578,refunded,,US-W
ORD-003764,2025-01-05T19:13:46Z,web,18603,refunded,,CA
ORD-003765,2025-07-19T14:14:47Z,web,69440,refunded,,US-W
ORD-003766,2025-11-06T17:49:41Z,legacy_pos,9053,cancelled,,US-W
ORD-003767,2025-12-29T20:53:54Z,web,5282,refunded,,US-C
ORD-003768,2025-07-14T14:48:18Z,mobile,5653,refunded,,US-C
ORD-003769,2025-01-14T18:14:36Z,mobile,514,refunded,2025-01-20T17:14:36Z,US-E
ORD-003770,2025-04-03T21:06:27Z,partner,40559,cancelled,,US-C
ORD-003771,2025-03-31T15:53:13Z,web,68480,refunded,,US-W
ORD-003772,2025-12-06T23:51:57Z,mobile,41379,refunded,,CA
ORD-003773,2025-11-23T21:42:00Z,partner,62741,refunded,,CA
ORD-003774,2025-12-23T15:09:08Z,partner,36492,cancelled,,US-W
ORD-003775,2025-09-04T20:18:45Z,partner,25131,cancelled,,US-E
ORD-003776,2025-06-15T20:06:37Z,mobile,19005,completed,,US-E
ORD-003777,2025-07-04T17:30:05Z,web,5767,refunded,,US-W
ORD-003778,2025-04-28T19:54:43Z,web,67884,refunded,,CA
ORD-003779,2025-07-15T14:31:30Z,web,75892,cancelled,,US-E
ORD-003780,2025-04-27T19:10:02Z,partner,19721,completed,,US-C
ORD-003781,2025-08-29T21:16:01Z,mobile,51286,cancelled,,US-W
ORD-003782,2025-03-19T14:31:19Z,legacy_pos,47000,refunded,,US-C
ORD-003783,2025-07-27T18:26:02Z,web,974,completed,,US-C
ORD-003784,2025-06-14T16:48:37Z,web,71588,completed,,US-E
ORD-003785,2025-01-26T17:53:14Z,partner,6247,active,,US-C
ORD-003786,2025-11-06T23:21:53Z,mobile,77714,cancelled,,CA
ORD-003787,2025-07-30T16:23:05Z,partner,14350,completed,,CA
ORD-003788,2025-04-15T16:04:30Z,web,7224,completed,,US-C
ORD-003789,2025-08-31T20:23:57Z,web,10465,cancelled,,CA
ORD-003790,2025-04-04T22:29:55Z,mobile,47057,completed,,CA
ORD-003791,2025-08-07T16:06:01Z,partner,32653,cancelled,,US-E
ORD-003792,2025-04-07T19:01:38Z,partner,41845,active,,US-W
ORD-003793,2025-10-03T14:48:44Z,partner,62466,completed,,US-W
ORD-003794,2025-07-03T21:39:18Z,mobile,41232,active,,US-W
ORD-003795,2025-07-13T16:51:44Z,web,43263,refunded,,CA
ORD-003796,2025-05-09T16:44:18Z,mobile,10210,completed,,CA
ORD-003797,2025-03-02T20:52:40Z,web,56134,cancelled,,CA
ORD-003798,2025-10-07T22:40:27Z,partner,71346,cancelled,,US-C
ORD-003799,2025-12-05T19:12:43Z,partner,82230,refunded,2025-12-12T22:12:43Z,US-E
ORD-003800,2025-12-06T21:18:19Z,legacy_pos,66900,refunded,,US-E
ORD-003801,2025-10-04T14:34:20Z,mobile,5779,cancelled,,US-W
ORD-003802,2025-12-05T15:18:18Z,web,89885,active,,US-E
ORD-003803,2025-09-16T16:23:59Z,partner,33783,completed,,CA
ORD-003804,2025-07-12T15:27:02Z,mobile,79872,completed,,CA
ORD-003805,2025-10-13T18:21:01Z,partner,46311,cancelled,,US-W
ORD-003806,2025-06-29T21:36:37Z,web,43083,cancelled,,CA
ORD-003807,2025-08-07T15:25:01Z,mobile,57038,active,,US-E
ORD-003808,2025-10-01T15:19:34Z,web,25391,active,,US-C
ORD-003809,2025-06-11T22:02:41Z,partner,67976,cancelled,,US-C
ORD-003810,2025-01-17T17:41:43Z,web,39301,active,,US-E
ORD-003811,2025-07-10T16:52:14Z,partner,88085,completed,,US-E
ORD-003812,2025-01-18T15:56:35Z,mobile,45461,active,,US-W
ORD-003813,2025-07-01T18:08:29Z,mobile,10729,completed,,CA
ORD-003814,2025-06-28T19:59:07Z,web,21383,active,,US-E
ORD-003815,2025-05-16T22:38:13Z,mobile,5953,refunded,,US-C
ORD-003816,2025-05-27T17:25:02Z,web,70207,cancelled,,CA
ORD-003817,2025-12-25T16:35:07Z,partner,56441,completed,,US-C
ORD-003818,2025-07-25T20:32:16Z,partner,88153,active,,US-C
ORD-003819,2025-03-28T16:24:32Z,partner,70594,completed,,US-W
ORD-003820,2025-04-05T16:34:19Z,mobile,61500,refunded,,US-E
ORD-003821,2025-03-29T16:22:11Z,mobile,73352,active,,US-C
ORD-003822,2025-05-05T22:05:23Z,mobile,28564,active,,CA
ORD-003823,2025-01-24T22:54:38Z,partner,72506,completed,2025-01-29T18:54:38Z,US-W
ORD-003824,2025-01-17T15:18:51Z,web,71625,cancelled,,US-C
ORD-003825,2025-01-17T21:33:55Z,partner,88302,active,,US-E
ORD-003826,2025-11-09T18:55:58Z,web,65903,refunded,,US-C
ORD-003827,2025-08-19T20:54:37Z,partner,89228,cancelled,,US-E
ORD-003828,2025-03-07T15:54:02Z,mobile,69743,refunded,,CA
ORD-003829,2025-04-22T16:07:14Z,web,63673,refunded,,US-E
ORD-003830,2025-03-07T21:35:27Z,partner,1091,refunded,,US-E
ORD-003831,2025-10-17T22:09:02Z,partner,2273,refunded,,US-E
ORD-003832,2025-09-19T17:00:14Z,web,35120,cancelled,,US-C
ORD-003833,2025-02-17T22:25:10Z,web,68151,active,,US-E
ORD-003834,2025-03-25T17:37:43Z,mobile,19016,completed,,US-E
ORD-003835,2025-02-23T18:24:15Z,web,31805,completed,,US-W
ORD-003836,2025-01-20T20:18:23Z,mobile,83424,active,,US-E
ORD-003837,2025-02-03T21:11:03Z,web,63520,cancelled,,US-W
ORD-003838,2025-09-12T14:19:53Z,web,85948,cancelled,,US-C
ORD-003839,2025-09-11T21:19:47Z,partner,28969,refunded,,US-E
ORD-003840,2025-02-02T15:57:25Z,web,72530,cancelled,,US-W
ORD-003841,2025-10-16T14:55:16Z,partner,56911,completed,,CA
ORD-003842,2025-10-29T15:09:36Z,web,21138,completed,,US-C
ORD-003843,2025-04-20T16:32:36Z,mobile,22489,completed,,US-W
ORD-003844,2025-07-21T16:22:34Z,web,81210,active,,US-C
ORD-003845,2025-09-09T21:41:41Z,partner,39758,cancelled,,US-E
ORD-003846,2025-06-21T22:36:51Z,mobile,44650,cancelled,,US-C
ORD-003847,2025-05-25T14:10:46Z,mobile,6655,refunded,,CA
ORD-003848,2025-06-04T19:19:04Z,partner,9987,cancelled,,US-C
ORD-003849,2025-05-02T21:57:26Z,partner,50002,active,,US-C
ORD-003850,2025-07-15T19:40:23Z,partner,79967,refunded,,CA
ORD-003851,2025-04-26T20:00:16Z,web,8342,active,,US-E
ORD-003852,2025-12-19T20:58:31Z,web,29597,completed,,US-W
ORD-003853,2025-01-11T16:08:11Z,web,45640,active,,US-W
ORD-003854,2025-08-15T19:57:44Z,partner,6765,completed,,US-E
ORD-003855,2025-07-20T18:15:51Z,mobile,31833,completed,,US-W
ORD-003856,2025-07-12T22:13:06Z,web,59236,active,,US-E
ORD-003857,2025-09-16T20:48:45Z,partner,88221,active,,CA
ORD-003858,2025-05-29T16:21:20Z,web,88291,active,,US-C
ORD-003859,2025-02-27T17:51:34Z,mobile,41180,completed,,US-C
ORD-003860,2025-02-26T15:16:02Z,mobile,9165,active,,US-W
ORD-003861,2025-07-18T14:53:02Z,mobile,58173,completed,,CA
ORD-003862,2025-05-21T19:34:30Z,web,59367,refunded,,US-W
ORD-003863,2025-02-14T23:15:42Z,partner,14044,refunded,,US-C
ORD-003864,2025-11-25T20:27:07Z,mobile,12572,completed,,US-E
ORD-003865,2025-03-10T20:46:25Z,mobile,22208,completed,,US-C
ORD-003866,2025-05-22T18:54:42Z,web,84617,completed,,US-C
ORD-003867,2025-03-23T15:44:46Z,web,62272,active,,US-E
ORD-003868,2025-12-15T17:05:59Z,partner,53219,cancelled,,CA
ORD-003869,2025-03-18T19:55:45Z,web,4155,cancelled,,CA
ORD-003870,2025-01-23T15:40:07Z,web,30471,completed,,US-W
ORD-003871,2025-03-13T14:26:57Z,partner,86385,completed,,US-E
ORD-003872,2025-06-08T17:33:33Z,mobile,89199,completed,,US-E
ORD-003873,2025-12-21T20:31:59Z,partner,71959,completed,,US-E
ORD-003874,2025-02-07T21:34:42Z,partner,67162,cancelled,,US-W
ORD-003875,2025-10-14T20:01:57Z,web,3571,refunded,,CA
ORD-003876,2025-12-11T18:12:42Z,web,85023,refunded,,US-C
ORD-003877,2025-02-08T16:08:06Z,mobile,42262,completed,,US-E
ORD-003878,2025-05-20T20:15:50Z,partner,6797,completed,,US-E
ORD-003879,2025-08-20T21:24:28Z,web,69409,refunded,,US-W
ORD-003880,2025-08-04T20:48:35Z,web,82202,active,2025-08-06T10:48:35Z,US-W
ORD-003881,2025-12-03T20:48:27Z,web,89218,cancelled,,US-W
ORD-003882,2025-10-25T19:33:25Z,legacy_pos,14200,active,,US-W
ORD-003883,2025-11-25T16:24:51Z,partner,34423,refunded,,US-W
ORD-003884,2025-01-02T23:30:46Z,web,66472,refunded,,CA
ORD-003885,2025-11-28T20:33:16Z,mobile,26414,refunded,,US-W
ORD-003886,2025-04-07T20:06:12Z,mobile,55317,active,,CA
ORD-003887,2025-10-29T22:02:48Z,mobile,41352,cancelled,,US-W
ORD-003888,2025-09-16T18:52:27Z,partner,69900,completed,,CA
ORD-003889,2025-11-27T20:49:00Z,partner,1230,active,,CA
ORD-003890,2025-06-26T14:50:13Z,partner,11159,active,,CA
ORD-003891,2025-03-05T17:31:54Z,partner,40918,refunded,,CA
ORD-003892,2025-12-04T15:02:42Z,mobile,18154,refunded,,US-W
ORD-003893,2025-04-04T20:00:55Z,web,57246,completed,,US-W
ORD-003894,2025-06-12T16:15:50Z,web,21208,refunded,,US-C
ORD-003895,2025-09-30T14:28:39Z,legacy_pos,83500,cancelled,,US-E
ORD-003896,2025-02-27T21:28:24Z,web,7274,completed,,CA
ORD-003897,2025-06-14T20:45:56Z,web,39372,cancelled,,US-C
ORD-003898,2025-09-19T15:16:45Z,partner,49123,completed,2025-09-24T15:16:45Z,US-C
ORD-003899,2025-04-19T16:54:07Z,partner,71715,completed,,US-W
ORD-003900,2025-09-27T16:51:22Z,partner,60570,refunded,,US-C
ORD-003901,2025-09-29T17:53:38Z,web,37707,active,,US-W
ORD-003902,2025-08-25T20:41:17Z,partner,62256,cancelled,,CA
ORD-003903,2025-06-18T15:31:32Z,web,25744,cancelled,,US-E
ORD-003904,2025-08-11T16:06:12Z,web,38043,active,,US-E
ORD-003905,2025-07-26T22:08:34Z,partner,21444,refunded,,US-W
ORD-003906,2025-08-24T17:34:47Z,web,62455,refunded,2025-08-27T13:34:47Z,US-W
ORD-003907,2025-02-08T20:12:16Z,web,66369,completed,,US-C
ORD-003908,2025-12-07T21:02:27Z,legacy_pos,65300,refunded,,CA
ORD-003909,2025-01-01T16:00:44Z,partner,14899,completed,,US-E
ORD-003910,2025-01-01T19:27:03Z,mobile,80608,completed,,US-W
ORD-003911,2025-08-16T14:08:56Z,mobile,1501,active,,CA
ORD-003912,2025-06-25T18:17:33Z,mobile,29828,cancelled,,US-W
ORD-003913,2025-11-21T23:19:59Z,web,51239,completed,,US-C
ORD-003914,2025-07-04T15:59:11Z,mobile,20217,active,,US-W
ORD-003915,2025-11-27T20:14:09Z,partner,60363,cancelled,2025-12-01T06:14:09Z,CA
ORD-003916,2025-05-26T14:00:09Z,web,47133,active,,CA
ORD-003917,2025-10-10T17:22:01Z,partner,68494,active,,US-W
ORD-003918,2025-07-15T19:51:09Z,web,58665,completed,,US-E
ORD-003919,2025-08-04T18:46:59Z,web,72888,refunded,,US-C
ORD-003920,2025-02-16T23:23:15Z,mobile,28361,refunded,,US-W
ORD-003921,2025-11-24T23:19:47Z,partner,77608,refunded,,US-W
ORD-003922,2025-03-06T15:11:59Z,partner,42370,completed,,CA
ORD-003923,2025-02-05T19:00:07Z,web,35183,completed,,US-E
ORD-003924,2025-01-08T21:27:22Z,web,8710,cancelled,,US-E
ORD-003925,2025-04-08T20:20:24Z,mobile,12075,completed,,US-C
ORD-003926,2025-04-12T15:55:51Z,web,57505,completed,,US-C
ORD-003927,2025-05-23T22:08:34Z,partner,1282,cancelled,,US-W
ORD-003928,2025-11-18T07:21:01Z,mobile,71742,completed,,US-W
ORD-003929,2025-11-24T19:50:56Z,web,86702,refunded,,US-E
ORD-003930,2025-07-05T22:19:43Z,partner,79572,refunded,,US-C
ORD-003931,2025-07-31T22:48:32Z,partner,73282,active,,US-E
ORD-003932,2025-10-21T16:59:10Z,web,51131,active,,US-W
ORD-003933,2025-07-17T17:58:23Z,partner,66201,completed,,CA
ORD-003934,2025-10-30T18:10:26Z,mobile,68727,active,,US-E
ORD-003935,2025-06-03T14:42:58Z,web,48719,refunded,,US-W
ORD-003936,2025-02-10T19:22:17Z,web,3778,active,,CA
ORD-003937,2025-03-26T22:28:12Z,partner,9161,cancelled,,US-E
ORD-003938,2025-03-04T16:00:48Z,web,43836,active,,US-W
ORD-003939,2025-12-08T19:52:00Z,partner,67101,cancelled,,US-W
ORD-003940,2025-03-25T17:06:49Z,partner,42673,refunded,,CA
ORD-003941,2025-11-03T17:12:47Z,web,78559,refunded,,CA
ORD-003942,2025-11-23T23:49:57Z,mobile,63276,active,,US-W
ORD-003943,2025-04-28T14:09:27Z,mobile,40630,active,,US-W
ORD-003944,2025-12-17T18:15:35Z,web,42728,refunded,,CA
ORD-003945,2025-09-19T19:19:07Z,partner,43945,refunded,,US-C
ORD-003946,2025-12-14T15:18:51Z,web,89837,completed,,US-W
ORD-003947,2025-09-20T22:29:10Z,mobile,25798,refunded,,US-W
ORD-003948,2025-05-30T17:01:42Z,mobile,14318,cancelled,,US-C
ORD-003949,2025-09-27T20:38:31Z,mobile,12297,refunded,,CA
ORD-003950,2025-05-21T16:56:31Z,mobile,23632,active,,CA
ORD-003951,2025-11-06T22:39:27Z,legacy_pos,79700,completed,,US-W
ORD-003952,2025-10-18T18:50:44Z,mobile,26679,refunded,,US-C
ORD-003953,2025-06-05T18:47:26Z,mobile,44324,completed,,CA
ORD-003954,2025-10-31T18:53:14Z,web,57028,active,,US-E
ORD-003955,2025-02-20T22:22:52Z,partner,69850,completed,,US-E
ORD-003956,2025-02-02T22:50:19Z,partner,58403,refunded,,US-E
ORD-003957,2025-03-27T19:15:52Z,web,22688,cancelled,,US-C
ORD-003958,2025-04-07T21:31:55Z,partner,29799,completed,,CA
ORD-003959,2025-11-28T21:18:59Z,web,21204,refunded,,US-E
ORD-003960,2025-12-04T19:03:36Z,legacy_pos,13059,refunded,,US-W
ORD-003961,2025-01-11T19:25:37Z,partner,79066,active,,US-E
ORD-003962,2025-02-03T23:57:44Z,partner,76292,cancelled,,CA
ORD-003963,2025-03-28T21:45:50Z,web,39666,active,,CA
ORD-003964,2025-07-14T20:42:17Z,web,85839,completed,,US-E
ORD-003965,2025-01-18T20:56:24Z,web,58659,completed,,CA
ORD-003966,2025-09-30T16:07:54Z,mobile,4610,active,,US-W
ORD-003967,2025-09-22T14:03:05Z,web,48032,refunded,,US-W
ORD-003968,2025-01-17T21:49:26Z,mobile,12744,completed,,US-E
ORD-003969,2025-06-27T17:03:59Z,mobile,79143,completed,,US-W
ORD-003970,2025-10-13T17:26:53Z,partner,85669,refunded,,US-W
ORD-003971,2025-05-12T15:28:28Z,legacy_pos,20900,refunded,,US-W
ORD-003972,2025-12-20T15:15:46Z,mobile,29001,cancelled,,CA
ORD-003973,2025-04-14T15:34:17Z,web,53904,cancelled,,US-W
ORD-003974,2025-05-10T14:30:45Z,partner,78905,active,,CA
ORD-003975,2025-04-09T14:14:10Z,mobile,84932,cancelled,,US-W
ORD-003976,2025-10-06T07:27:55Z,mobile,74274,completed,,US-C
ORD-003977,2025-02-05T20:08:27Z,mobile,69963,refunded,,US-E
ORD-003978,2025-05-28T15:15:06Z,mobile,67187,active,,CA
ORD-003979,2025-01-05T22:52:45Z,web,67189,cancelled,,US-W
ORD-003980,2025-07-04T19:09:49Z,mobile,22494,cancelled,,US-W
ORD-003981,2025-06-13T16:21:53Z,partner,4676,refunded,,US-C
ORD-003982,2025-03-04T16:10:40Z,web,10157,active,,US-W
ORD-003983,2025-09-06T14:20:31Z,web,78720,active,,US-E
ORD-003984,2025-05-23T03:38:36Z,legacy_pos,83478,active,,US-C
ORD-003985,2025-06-19T14:43:49Z,web,59087,refunded,,CA
ORD-003986,2025-06-30T17:50:20Z,mobile,63292,cancelled,,US-W
ORD-003987,2025-09-17T17:57:35Z,partner,60860,refunded,,US-C
ORD-003988,2025-04-01T14:23:05Z,mobile,6056,refunded,,US-C
ORD-003989,2025-05-27T22:41:07Z,web,72939,cancelled,,US-W
ORD-003990,2025-06-08T20:31:33Z,partner,4701,completed,,US-W
ORD-003991,2025-02-03T20:53:23Z,web,17886,active,,US-W
ORD-003992,2025-08-08T17:43:55Z,web,15784,completed,,US-W
ORD-003993,2025-12-15T21:03:23Z,web,85641,completed,,CA
ORD-003994,2025-10-24T17:40:17Z,mobile,73572,active,,US-C
ORD-003995,2025-11-01T07:09:47Z,mobile,61742,completed,,US-E
ORD-003996,2025-03-13T15:36:13Z,partner,82936,completed,,US-E
ORD-003997,2025-05-09T17:38:22Z,partner,9869,cancelled,,CA
ORD-003998,2025-01-29T21:46:16Z,partner,47943,cancelled,,CA
ORD-003999,2025-07-22T16:36:17Z,web,37636,active,,CA
ORD-004000,2025-06-23T19:18:46Z,mobile,57834,refunded,,US-E
ORD-004001,2025-10-29T07:38:35Z,web,44398,completed,,US-W
ORD-004002,2025-01-25T20:11:08Z,partner,76819,refunded,,US-C
ORD-004003,2025-02-18T16:42:03Z,partner,32484,completed,,US-C
ORD-004004,2025-09-15T15:50:18Z,partner,68349,refunded,,US-E
ORD-004005,2025-12-05T23:26:25Z,partner,40769,completed,,CA
ORD-004006,2025-08-07T19:27:23Z,mobile,43850,active,,CA
ORD-004007,2025-10-20T18:22:21Z,web,13557,completed,,US-W
ORD-004008,2025-01-18T17:56:40Z,partner,58918,cancelled,,US-C
ORD-004009,2025-11-24T20:02:15Z,mobile,5911,completed,,US-W
ORD-004010,2025-11-09T16:49:27Z,partner,30195,active,,US-C
ORD-004011,2025-09-23T15:07:02Z,web,24007,active,,CA
ORD-004012,2025-05-14T22:21:02Z,mobile,54704,completed,2025-05-17T11:21:02Z,US-C
ORD-004013,2025-08-11T22:03:57Z,mobile,58955,completed,2025-08-17T08:03:57Z,US-C
ORD-004014,2025-12-25T22:20:06Z,partner,59411,cancelled,,US-W
ORD-004015,2025-04-23T15:04:53Z,web,34696,refunded,,US-W
ORD-004016,2025-05-13T18:00:26Z,mobile,41545,refunded,,CA
ORD-004017,2025-12-27T07:41:25Z,web,73146,cancelled,,CA
ORD-004018,2025-01-27T18:58:45Z,mobile,45150,completed,,US-C
ORD-004019,2025-01-02T18:07:34Z,partner,76678,refunded,,US-E
ORD-004020,2025-10-20T20:00:33Z,web,85890,refunded,,US-W
ORD-004021,2025-08-21T22:44:42Z,mobile,69305,active,,US-W
ORD-004022,2025-10-11T20:49:13Z,web,39453,refunded,,US-E
ORD-004023,2025-11-02T18:08:09Z,partner,64644,refunded,,US-W
ORD-004024,2025-09-11T17:45:57Z,mobile,23105,completed,,US-E
ORD-004025,2025-07-31T19:08:32Z,mobile,80717,completed,,US-E
ORD-004026,2025-12-22T19:02:25Z,web,61526,active,,US-W
ORD-004027,2025-03-05T20:05:43Z,web,35849,refunded,,US-C
ORD-004028,2025-08-06T14:11:53Z,web,24591,refunded,,US-W
ORD-004029,2025-03-23T16:46:53Z,mobile,46411,refunded,2025-03-31T13:46:53Z,US-C
ORD-004030,2025-07-17T21:38:29Z,web,12281,active,,US-C
ORD-004031,2025-10-29T18:32:31Z,partner,75216,cancelled,,US-W
ORD-004032,2025-04-21T17:14:55Z,web,8918,active,,US-W
ORD-004033,2025-10-24T22:32:49Z,web,80877,refunded,,US-E
ORD-004034,2025-02-01T16:42:47Z,partner,73438,refunded,,CA
ORD-004035,2025-10-24T19:25:27Z,partner,77243,active,,US-E
ORD-004036,2025-01-05T19:17:37Z,partner,3307,active,,US-C
ORD-004037,2025-11-29T22:12:10Z,mobile,86685,refunded,,US-E
ORD-004038,2025-01-08T17:34:34Z,partner,42993,completed,,US-C
ORD-004039,2025-07-24T14:21:36Z,mobile,85842,refunded,2025-07-25T23:21:36Z,US-W
ORD-004040,2025-12-12T21:15:03Z,partner,72219,refunded,,US-C
ORD-004041,2025-08-10T20:16:38Z,mobile,31022,completed,,CA
ORD-004042,2025-11-23T02:00:19Z,web,24941,cancelled,,CA
ORD-004043,2025-04-25T14:49:39Z,partner,37505,refunded,,US-W
ORD-004044,2025-05-06T15:35:23Z,web,64131,active,,US-C
ORD-004045,2025-02-22T22:42:36Z,mobile,65457,cancelled,,CA
ORD-004046,2025-05-26T17:00:39Z,partner,29133,active,,US-E
ORD-004047,2025-11-25T16:45:01Z,partner,18283,refunded,,US-E
ORD-004048,2025-01-13T21:00:44Z,legacy_pos,83000,cancelled,,US-W
ORD-004049,2025-10-07T14:13:26Z,partner,83547,refunded,,CA
ORD-004050,2025-02-05T16:55:04Z,partner,5937,active,,US-E
ORD-004051,2025-04-28T15:40:56Z,mobile,70893,cancelled,,US-W
ORD-004052,2025-08-11T15:06:10Z,web,42469,completed,,US-E
ORD-004053,2025-12-13T18:03:46Z,web,84171,completed,,US-C
ORD-004054,2025-11-01T20:58:02Z,mobile,66793,refunded,,US-E
ORD-004055,2025-10-25T18:35:01Z,web,21915,refunded,,CA
ORD-004056,2025-01-09T15:56:52Z,mobile,10697,cancelled,,US-E
ORD-004057,2025-04-28T16:34:49Z,partner,57652,cancelled,,CA
ORD-004058,2025-08-02T20:03:21Z,partner,86638,completed,,CA
ORD-004059,2025-09-25T16:58:48Z,web,54236,completed,,US-E
ORD-004060,2025-03-08T19:11:51Z,web,41177,cancelled,,US-W
ORD-004061,2025-08-21T16:11:16Z,mobile,66139,active,,US-C
ORD-004062,2025-08-27T18:38:49Z,web,51454,cancelled,,CA
ORD-004063,2025-02-12T23:51:27Z,partner,13819,cancelled,,US-C
ORD-004064,2025-11-16T18:03:47Z,legacy_pos,3229,cancelled,,CA
ORD-004065,2025-08-11T22:58:11Z,mobile,9978,active,,US-E
ORD-004066,2025-02-10T16:01:05Z,web,61059,active,,US-E
ORD-004067,2025-11-02T15:43:05Z,web,80655,refunded,,CA
ORD-004068,2025-12-06T20:25:03Z,partner,20990,active,,US-W
ORD-004069,2025-05-09T19:19:51Z,mobile,37129,completed,,US-E
ORD-004070,2025-02-06T23:59:33Z,web,35350,cancelled,,US-C
ORD-004071,2025-09-12T19:35:29Z,mobile,59347,completed,,US-W
ORD-004072,2025-10-07T19:47:08Z,partner,32734,cancelled,,CA
ORD-004073,2025-06-03T20:21:25Z,mobile,51348,refunded,,US-W
ORD-004074,2025-05-11T18:10:18Z,legacy_pos,23838,completed,,US-C
ORD-004075,2025-11-22T16:37:40Z,partner,18929,refunded,,US-W
ORD-004076,2025-12-14T21:44:39Z,web,15361,completed,,US-E
ORD-004077,2025-02-04T19:19:41Z,web,38152,refunded,,US-W
ORD-004078,2025-12-26T20:50:35Z,partner,24452,refunded,,CA
ORD-004079,2025-09-10T16:52:34Z,partner,73667,active,,US-W
ORD-004080,2025-11-26T18:06:55Z,web,73143,completed,,US-W
ORD-004081,2025-01-25T23:46:54Z,mobile,76457,active,,US-E
ORD-004082,2025-01-19T23:50:16Z,mobile,3600,active,,US-W
ORD-004083,2025-11-08T21:38:58Z,mobile,44427,active,,CA
ORD-004084,2025-08-15T17:02:20Z,mobile,9342,cancelled,,US-E
ORD-004085,2025-02-18T22:40:35Z,web,59691,active,,CA
ORD-004086,2025-07-10T14:50:54Z,legacy_pos,59600,active,,US-C
ORD-004087,2025-05-30T14:11:36Z,mobile,29168,completed,,US-W
ORD-004088,2025-01-16T21:12:57Z,mobile,80876,refunded,,US-W
ORD-004089,2025-01-22T21:32:19Z,web,56494,completed,,CA
ORD-004090,2025-09-04T19:19:01Z,mobile,87761,refunded,,CA
ORD-004091,2025-07-14T14:01:56Z,web,54460,cancelled,,US-W
ORD-004092,2025-01-14T00:31:30Z,web,33230,cancelled,,US-C
ORD-004093,2025-06-17T22:45:29Z,partner,47493,refunded,,US-C
ORD-004094,2025-03-26T15:51:07Z,web,34338,cancelled,,CA
ORD-004095,2025-10-11T17:45:34Z,web,63807,active,,US-C
ORD-004096,2025-07-23T16:55:09Z,mobile,42946,completed,,US-W
ORD-004097,2025-03-01T15:33:05Z,partner,82519,active,,US-C
ORD-004098,2025-10-26T16:20:49Z,mobile,77917,completed,,US-C
ORD-004099,2025-12-23T16:16:05Z,web,25845,refunded,,CA
ORD-004100,2025-01-21T21:26:32Z,mobile,1730,active,,US-C
ORD-004101,2025-07-16T14:43:42Z,partner,35632,active,,US-C
ORD-004102,2025-07-01T22:37:40Z,web,60007,active,,US-C
ORD-004103,2025-01-10T23:29:39Z,legacy_pos,3641,refunded,,US-C
ORD-004104,2025-01-15T20:22:47Z,partner,49937,refunded,,CA
ORD-004105,2025-10-21T22:22:21Z,partner,19116,completed,,US-C
ORD-004106,2025-05-23T19:44:46Z,mobile,36917,active,,US-W
ORD-004107,2025-06-12T19:02:01Z,legacy_pos,48604,refunded,,US-C
ORD-004108,2025-08-27T22:19:04Z,partner,63063,active,,CA
ORD-004109,2025-12-25T22:25:29Z,mobile,67703,cancelled,,US-C
ORD-004110,2025-07-28T22:34:03Z,web,83352,refunded,,US-W
ORD-004111,2025-10-14T17:52:55Z,partner,12221,cancelled,,CA
ORD-004112,2025-08-24T17:39:16Z,mobile,11586,refunded,,US-W
ORD-004113,2025-11-08T16:32:01Z,mobile,17900,completed,,US-E
ORD-004114,2025-02-02T18:43:41Z,partner,81805,refunded,,US-W
ORD-004115,2025-01-18T15:57:50Z,partner,54904,completed,,US-E
ORD-004116,2025-11-24T21:45:54Z,web,82730,active,,US-E
ORD-004117,2025-02-16T15:08:59Z,web,75514,cancelled,,CA
ORD-004118,2025-10-27T14:07:40Z,mobile,41596,completed,,US-E
ORD-004119,2025-07-01T14:42:00Z,mobile,41192,refunded,2025-07-04T03:42:00Z,US-E
ORD-004120,2025-12-23T20:53:58Z,partner,86202,active,,US-E
ORD-004121,2025-10-17T22:31:17Z,web,34655,cancelled,,CA
ORD-004122,2025-03-24T20:52:47Z,mobile,73122,completed,,US-C
ORD-004123,2025-11-17T19:56:57Z,mobile,18026,completed,,US-E
ORD-004124,2025-01-27T18:39:52Z,mobile,20061,completed,,US-E
ORD-004125,2025-04-18T16:35:25Z,web,11961,completed,,US-E
ORD-004126,2025-07-02T16:09:35Z,web,72280,completed,,CA
ORD-004127,2025-06-13T18:03:26Z,web,46162,refunded,,US-W
ORD-004128,2025-05-26T21:52:16Z,mobile,12915,active,,CA
ORD-004129,2025-11-04T20:05:40Z,mobile,72441,cancelled,,US-C
ORD-004130,2025-09-17T16:24:53Z,mobile,82577,refunded,,US-C
ORD-004131,2025-08-03T20:12:20Z,mobile,22752,cancelled,,US-E
ORD-004132,2025-12-24T22:25:38Z,mobile,46625,active,,US-C
ORD-004133,2025-07-07T22:31:46Z,partner,43616,completed,,CA
ORD-004134,2025-05-12T21:50:02Z,legacy_pos,48000,cancelled,,US-E
ORD-004135,2025-11-28T02:01:21Z,mobile,76658,active,,CA
ORD-004136,2025-07-21T16:18:01Z,partner,33123,cancelled,,US-W
ORD-004137,2025-11-06T15:15:18Z,web,24585,cancelled,,CA
ORD-004138,2025-09-28T20:33:02Z,web,13301,active,,US-C
ORD-004139,2025-01-31T22:16:05Z,mobile,70569,completed,,US-E
ORD-004140,2025-05-11T21:26:45Z,mobile,73524,cancelled,,US-W
ORD-004141,2025-08-18T21:22:40Z,web,63414,completed,,US-E
ORD-004142,2025-08-31T14:30:20Z,partner,86849,active,,US-E
ORD-004143,2025-05-15T20:02:05Z,partner,46877,refunded,,US-C
ORD-004144,2025-02-13T15:02:26Z,mobile,66967,refunded,,CA
ORD-004145,2025-10-01T16:57:01Z,partner,48390,active,,US-E
ORD-004146,2025-04-15T21:58:14Z,mobile,46912,completed,,US-W
ORD-004147,2025-12-08T20:33:37Z,mobile,35642,refunded,,US-W
ORD-004148,2025-12-18T16:07:23Z,partner,42056,active,,US-C
ORD-004149,2025-04-14T14:36:31Z,mobile,53403,completed,,CA
ORD-004150,2025-02-20T23:01:39Z,web,5206,active,,CA
ORD-004151,2025-07-01T18:46:21Z,web,44918,cancelled,,US-E
ORD-004152,2025-12-07T17:52:46Z,web,42695,refunded,,CA
ORD-004153,2025-05-23T21:38:53Z,mobile,61368,cancelled,,US-W
ORD-004154,2025-04-09T16:11:25Z,web,79497,refunded,,US-C
ORD-004155,2025-05-19T14:00:01Z,mobile,1161,active,,US-C
ORD-004156,2025-04-11T14:18:57Z,mobile,63574,cancelled,,CA
ORD-004157,2025-11-29T16:33:45Z,web,73394,cancelled,,CA
ORD-004158,2025-03-10T21:49:50Z,web,52556,refunded,,US-E
ORD-004159,2025-02-22T17:47:34Z,legacy_pos,68200,active,,US-W
ORD-004160,2025-02-09T16:32:00Z,partner,44422,active,,CA
ORD-004161,2025-03-10T07:39:34Z,partner,6006,cancelled,,CA
ORD-004162,2025-03-14T16:19:39Z,web,75251,cancelled,,US-C
ORD-004163,2025-11-17T22:10:22Z,web,33452,refunded,,US-C
ORD-004164,2025-03-03T23:55:39Z,mobile,48686,cancelled,,CA
ORD-004165,2025-09-27T20:30:10Z,web,77332,completed,,CA
ORD-004166,2025-07-10T20:06:59Z,partner,62442,active,,US-C
ORD-004167,2025-02-12T18:51:46Z,mobile,43213,active,,CA
ORD-004168,2025-09-18T21:21:36Z,web,85869,refunded,,US-C
ORD-004169,2025-06-28T21:55:17Z,web,60844,completed,,CA
ORD-004170,2025-11-24T16:06:36Z,web,50422,active,,US-C
ORD-004171,2025-08-29T22:22:48Z,mobile,68063,refunded,,US-W
ORD-004172,2025-12-18T20:35:32Z,mobile,10965,completed,,US-C
ORD-004173,2025-08-24T16:53:23Z,partner,27801,completed,,US-W
ORD-004174,2025-06-12T07:11:08Z,web,12347,cancelled,,US-W
ORD-004175,2025-10-18T17:09:35Z,mobile,73040,cancelled,,CA
ORD-004176,2025-11-20T19:09:31Z,partner,31015,completed,,US-E
ORD-004177,2025-06-26T14:23:44Z,web,71671,completed,,US-E
ORD-004178,2025-09-07T14:02:17Z,mobile,23467,completed,,US-W
ORD-004179,2025-12-16T19:16:31Z,mobile,77273,active,,US-E
ORD-004180,2025-04-13T18:08:48Z,mobile,37246,refunded,,CA
ORD-004181,2025-09-12T17:32:44Z,web,60130,active,,US-E
ORD-004182,2025-01-27T21:22:32Z,web,17840,refunded,,US-W
ORD-004183,2025-05-06T15:59:24Z,partner,13800,active,,CA
ORD-004184,2025-09-04T21:30:21Z,mobile,15902,refunded,,US-W
ORD-004185,2025-12-14T18:54:06Z,partner,48723,refunded,,US-W
ORD-004186,2025-05-01T17:25:47Z,web,58567,active,,US-E
ORD-004187,2025-12-04T19:08:36Z,partner,4863,cancelled,2025-12-10T05:08:36Z,US-C
ORD-004188,2025-04-17T16:28:52Z,mobile,60350,refunded,,US-W
ORD-004189,2025-05-01T14:13:56Z,web,14878,completed,,US-C
ORD-004190,2025-10-20T22:47:56Z,partner,20293,completed,2025-10-23T01:47:56Z,CA
ORD-004191,2025-10-01T16:34:50Z,partner,4005,completed,,CA
ORD-004192,2025-10-25T15:12:35Z,partner,62737,cancelled,,US-W
ORD-004193,2025-02-05T15:49:12Z,web,87242,completed,,CA
ORD-004194,2025-03-20T15:14:19Z,mobile,88227,refunded,,US-W
ORD-004195,2025-09-07T14:56:17Z,web,45932,active,,US-C
ORD-004196,2025-02-19T15:04:12Z,partner,59711,active,,CA
ORD-004197,2025-04-27T22:09:47Z,partner,36543,cancelled,,US-C
ORD-004198,2025-01-31T22:23:04Z,web,21649,refunded,,CA
ORD-004199,2025-02-21T18:03:56Z,mobile,87426,completed,,US-W
ORD-004200,2025-09-28T16:41:09Z,web,71132,refunded,,US-E
ORD-004201,2025-11-21T01:19:58Z,mobile,70498,completed,,US-E
ORD-004202,2025-06-07T19:20:38Z,partner,64322,refunded,,US-C
ORD-004203,2025-09-19T16:36:15Z,web,72799,completed,,US-W
ORD-004204,2025-11-21T21:10:16Z,web,45811,completed,,US-C
ORD-004205,2025-08-03T21:02:12Z,mobile,22452,completed,,US-C
ORD-004206,2025-07-30T21:21:29Z,partner,81758,cancelled,,US-W
ORD-004207,2025-08-09T18:40:11Z,mobile,21766,completed,,US-W
ORD-004208,2025-10-16T17:20:26Z,partner,70732,cancelled,,US-E
ORD-004209,2025-05-26T19:18:40Z,mobile,39216,refunded,,US-W
ORD-004210,2025-07-31T19:39:36Z,web,9562,cancelled,,US-W
ORD-004211,2025-04-28T15:04:29Z,mobile,43502,active,,US-C
ORD-004212,2025-05-16T17:55:27Z,web,42402,active,,US-C
ORD-004213,2025-06-19T17:58:23Z,web,45767,refunded,,CA
ORD-004214,2025-11-02T20:47:26Z,mobile,85504,refunded,,CA
ORD-004215,2025-07-15T14:47:27Z,mobile,85294,completed,,US-W
ORD-004216,2025-08-17T18:42:14Z,mobile,17353,completed,,US-C
ORD-004217,2025-05-04T22:03:25Z,partner,82802,active,,US-C
ORD-004218,2025-05-12T19:37:03Z,mobile,41399,active,,US-W
ORD-004219,2025-04-22T16:17:38Z,mobile,27140,refunded,,CA
ORD-004220,2025-11-26T07:37:49Z,web,68335,active,,CA
ORD-004221,2025-09-16T19:41:24Z,partner,25739,active,,CA
ORD-004222,2025-01-31T15:24:41Z,web,8014,cancelled,,CA
ORD-004223,2025-09-12T18:33:05Z,legacy_pos,28200,refunded,,US-E
ORD-004224,2025-04-19T16:15:10Z,mobile,75572,completed,,US-E
ORD-004225,2025-07-06T20:55:25Z,web,65009,active,,US-C
ORD-004226,2025-08-28T15:22:49Z,partner,49065,refunded,,US-W
ORD-004227,2025-09-20T21:13:38Z,mobile,55920,refunded,,CA
ORD-004228,2025-07-18T16:37:17Z,partner,79789,refunded,2025-07-25T14:37:17Z,CA
ORD-004229,2025-02-17T16:21:53Z,mobile,84145,refunded,,US-C
ORD-004230,2025-02-10T19:17:18Z,web,70935,active,,US-C
ORD-004231,2025-02-15T20:07:59Z,legacy_pos,35900,refunded,,US-C
ORD-004232,2025-12-10T22:02:01Z,mobile,65453,active,,US-E
ORD-004233,2025-12-11T19:15:16Z,web,52900,active,,US-C
ORD-004234,2025-05-25T19:06:13Z,partner,83736,active,,CA
ORD-004235,2025-06-17T22:22:25Z,mobile,49735,active,,US-C
ORD-004236,2025-03-14T17:28:50Z,partner,25672,active,,US-C
ORD-004237,2025-02-24T16:03:26Z,partner,9509,cancelled,,US-E
ORD-004238,2025-03-10T16:49:51Z,partner,6232,completed,,US-E
ORD-004239,2025-02-01T16:17:31Z,partner,62790,active,,US-C
ORD-004240,2025-01-24T22:26:05Z,legacy_pos,5000,cancelled,,US-E
ORD-004241,2025-01-25T23:14:38Z,mobile,63161,completed,,CA
ORD-004242,2025-01-31T15:57:09Z,partner,67001,active,,US-E
ORD-004243,2025-08-24T17:41:25Z,partner,81784,completed,,US-E
ORD-004244,2025-12-28T16:53:56Z,partner,36652,refunded,,US-C
ORD-004245,2025-01-22T16:39:57Z,web,69060,cancelled,,CA
ORD-004246,2025-08-25T22:08:15Z,mobile,39417,active,,US-W
ORD-004247,2025-03-08T21:12:10Z,web,16303,cancelled,,CA
ORD-004248,2025-03-24T20:04:48Z,partner,80364,completed,,US-W
ORD-004249,2025-12-06T15:14:17Z,web,12337,completed,,CA
ORD-004250,2025-11-23T21:04:35Z,mobile,43759,active,,CA
ORD-004251,2025-11-30T16:05:25Z,web,41550,active,,US-E
ORD-004252,2025-02-18T19:01:08Z,partner,14679,active,,US-W
ORD-004253,2025-11-14T15:27:42Z,web,40611,active,,US-E
ORD-004254,2025-02-24T19:16:46Z,mobile,57426,active,,US-W
ORD-004255,2025-01-27T21:56:08Z,partner,5904,completed,,US-C
ORD-004256,2025-03-31T14:45:17Z,partner,32479,active,,US-C
ORD-004257,2025-10-03T22:30:25Z,partner,89937,completed,,CA
ORD-004258,2025-11-12T17:17:14Z,web,33798,cancelled,,CA
ORD-004259,2025-05-16T17:48:43Z,mobile,31985,active,,US-W
ORD-004260,2025-06-22T18:20:33Z,partner,24404,completed,,US-W
ORD-004261,2025-04-25T15:38:53Z,web,24478,refunded,,US-C
ORD-004262,2025-07-08T22:19:38Z,mobile,12019,completed,,US-W
ORD-004263,2025-06-01T15:13:02Z,partner,81899,active,,CA
ORD-004264,2025-12-25T18:27:04Z,legacy_pos,69204,refunded,,US-W
ORD-004265,2025-11-06T20:08:18Z,partner,32411,active,,US-W
ORD-004266,2025-01-28T19:19:45Z,web,68574,refunded,,CA
ORD-004267,2025-12-12T23:04:53Z,partner,27565,active,,CA
ORD-004268,2025-12-27T21:44:16Z,partner,71515,refunded,,CA
ORD-004269,2025-09-04T17:40:01Z,partner,77491,active,,US-C
ORD-004270,2025-01-20T22:32:34Z,web,15734,completed,,US-C
ORD-004271,2025-02-01T22:41:06Z,partner,20900,cancelled,,US-E
ORD-004272,2025-05-17T21:51:18Z,web,2521,cancelled,,CA
ORD-004273,2025-08-07T16:38:58Z,partner,22031,refunded,,US-C
ORD-004274,2025-09-22T20:57:50Z,mobile,41780,cancelled,,CA
ORD-004275,2025-06-02T21:58:08Z,web,37999,cancelled,,US-E
ORD-004276,2025-01-27T17:27:22Z,partner,89330,completed,,US-W
ORD-004277,2025-01-21T21:43:28Z,mobile,45622,cancelled,,US-C
ORD-004278,2025-01-21T20:39:25Z,web,37335,refunded,,US-C
ORD-004279,2025-10-29T07:54:11Z,mobile,64357,completed,,US-E
ORD-004280,2025-06-15T17:19:27Z,partner,75291,active,,US-W
ORD-004281,2025-07-30T14:46:30Z,mobile,79368,cancelled,,US-C
ORD-004282,2025-11-04T21:05:56Z,web,71403,refunded,,CA
ORD-004283,2025-08-23T21:40:26Z,partner,65560,active,,US-C
ORD-004284,2025-03-20T14:50:50Z,partner,1603,cancelled,,US-W
ORD-004285,2025-11-14T22:33:00Z,mobile,33867,refunded,,CA
ORD-004286,2025-03-09T15:34:38Z,mobile,5056,active,,US-W
ORD-004287,2025-11-29T23:30:29Z,web,1938,cancelled,,US-E
ORD-004288,2025-07-16T16:36:44Z,web,54904,completed,,US-E
ORD-004289,2025-03-24T14:39:43Z,web,23036,cancelled,,CA
ORD-004290,2025-04-12T20:00:52Z,mobile,32496,cancelled,,US-W
ORD-004291,2025-09-23T16:24:07Z,partner,42585,completed,,US-W
ORD-004292,2025-01-14T19:40:33Z,web,55763,cancelled,,US-E
ORD-004293,2025-04-23T15:20:33Z,partner,81432,active,,US-C
ORD-004294,2025-12-30T18:13:48Z,web,3739,completed,,US-W
ORD-004295,2025-02-04T20:15:29Z,mobile,75809,refunded,,US-W
ORD-004296,2025-09-08T18:42:39Z,web,12693,refunded,,US-W
ORD-004297,2025-10-24T18:45:16Z,mobile,43163,active,,US-E
ORD-004298,2025-09-27T15:47:15Z,web,70474,refunded,,US-C
ORD-004299,2025-04-08T21:00:33Z,legacy_pos,28300,active,,CA
ORD-004300,2025-08-26T22:24:26Z,partner,40262,cancelled,,US-C
ORD-004301,2025-09-26T18:12:41Z,web,46138,completed,,US-C
ORD-004302,2025-01-05T22:16:50Z,web,80545,cancelled,,US-E
ORD-004303,2025-02-06T21:36:29Z,web,9318,active,,CA
ORD-004304,2025-02-26T22:22:36Z,partner,25709,cancelled,,CA
ORD-004305,2025-09-29T19:32:55Z,mobile,52867,completed,,US-C
ORD-004306,2025-07-07T14:50:35Z,mobile,12507,active,,CA
ORD-004307,2025-09-15T16:15:49Z,mobile,8541,refunded,,US-E
ORD-004308,2025-01-10T16:00:50Z,mobile,40374,completed,,US-W
ORD-004309,2025-10-29T16:59:51Z,web,63298,cancelled,,US-W
ORD-004310,2025-05-14T15:15:08Z,partner,24391,completed,,US-E
ORD-004311,2025-01-16T15:05:44Z,web,31811,cancelled,,US-C
ORD-004312,2025-05-25T14:05:33Z,partner,49808,completed,,CA
ORD-004313,2025-03-17T19:01:45Z,partner,70445,active,,US-E
ORD-004314,2025-02-28T19:36:26Z,partner,18994,active,,CA
ORD-004315,2025-09-03T22:34:41Z,mobile,29979,refunded,,US-C
ORD-004316,2025-04-16T16:33:56Z,partner,41608,cancelled,,US-C
ORD-004317,2025-01-22T16:02:30Z,mobile,33899,cancelled,,US-C
ORD-004318,2025-09-01T19:55:55Z,mobile,48385,refunded,,US-E
ORD-004319,2025-12-26T18:21:10Z,web,20975,active,,US-E
ORD-004320,2025-07-22T16:41:41Z,mobile,24735,refunded,,US-C
ORD-004321,2025-07-24T20:01:33Z,mobile,88703,active,,US-W
ORD-004322,2025-03-12T15:20:34Z,mobile,73795,active,2025-03-16T07:20:34Z,CA
ORD-004323,2025-07-30T14:59:27Z,mobile,12915,refunded,,US-W
ORD-004324,2025-09-28T20:34:53Z,mobile,71370,active,,US-W
ORD-004325,2025-10-20T22:30:41Z,web,2640,refunded,,US-W
ORD-004326,2025-01-31T18:25:03Z,web,63643,completed,,CA
ORD-004327,2025-07-01T19:33:38Z,legacy_pos,23400,active,,CA
ORD-004328,2025-01-04T16:50:11Z,web,22299,refunded,,US-C
ORD-004329,2025-01-28T17:08:56Z,mobile,79877,cancelled,,US-W
ORD-004330,2025-11-02T20:54:48Z,partner,64732,active,,US-W
ORD-004331,2025-12-07T19:23:33Z,web,65392,refunded,,US-C
ORD-004332,2025-02-28T18:50:15Z,legacy_pos,77200,refunded,,CA
ORD-004333,2025-07-13T17:19:40Z,web,38520,cancelled,,US-C
ORD-004334,2025-11-12T19:19:07Z,mobile,43003,completed,,CA
ORD-004335,2025-08-08T17:15:02Z,web,70775,completed,,US-E
ORD-004336,2025-10-23T07:02:09Z,partner,610,completed,,US-W
ORD-004337,2025-02-20T22:42:38Z,web,48677,active,,CA
ORD-004338,2025-01-09T20:59:55Z,web,59006,refunded,2025-01-14T23:59:55Z,US-C
ORD-004339,2025-02-02T22:51:02Z,legacy_pos,37400,completed,,CA
ORD-004340,2025-04-07T18:57:18Z,web,84612,completed,,US-W
ORD-004341,2025-06-02T15:37:26Z,mobile,48897,cancelled,,CA
ORD-004342,2025-07-09T21:05:53Z,web,10094,completed,,US-W
ORD-004343,2025-08-25T15:52:34Z,web,11312,cancelled,,CA
ORD-004344,2025-06-18T20:44:38Z,mobile,82898,cancelled,,US-E
ORD-004345,2025-10-26T15:54:07Z,web,57498,refunded,,US-C
ORD-004346,2025-01-19T21:11:09Z,partner,26097,completed,,US-E
ORD-004347,2025-08-05T19:42:47Z,partner,75417,refunded,,US-C
ORD-004348,2025-06-14T17:28:14Z,web,44858,refunded,,CA
ORD-004349,2025-06-13T15:18:19Z,mobile,49029,cancelled,,US-W
ORD-004350,2025-12-25T22:08:00Z,partner,53227,active,,CA
ORD-004351,2025-11-18T17:54:45Z,partner,4189,active,,US-W
ORD-004352,2025-09-08T18:48:36Z,web,28862,active,,US-W
ORD-004353,2025-08-22T14:12:29Z,partner,67081,cancelled,,CA
ORD-004354,2025-05-19T21:37:59Z,mobile,41533,completed,,US-W
ORD-004355,2025-10-09T21:27:10Z,legacy_pos,30586,active,,US-C
ORD-004356,2025-02-09T18:23:41Z,mobile,63643,refunded,,US-C
ORD-004357,2025-01-12T18:49:52Z,partner,39681,completed,,US-C
ORD-004358,2025-04-07T21:13:51Z,web,28252,active,,US-E
ORD-004359,2025-11-14T19:09:00Z,mobile,23427,completed,,CA
ORD-004360,2025-12-20T19:01:34Z,partner,9846,completed,,CA
ORD-004361,2025-08-21T19:32:02Z,legacy_pos,18600,refunded,,US-W
ORD-004362,2025-06-04T17:58:32Z,partner,87994,refunded,,CA
ORD-004363,2025-05-31T15:34:05Z,partner,64045,cancelled,,US-C
ORD-004364,2025-08-12T20:52:16Z,web,72584,active,,US-E
ORD-004365,2025-12-20T16:25:07Z,mobile,89473,refunded,,US-E
ORD-004366,2025-02-16T15:44:24Z,partner,10342,cancelled,,US-C
ORD-004367,2025-03-03T21:44:42Z,web,55381,refunded,,CA
ORD-004368,2025-07-23T20:09:36Z,partner,52558,active,,US-C
ORD-004369,2025-07-29T16:39:57Z,mobile,7328,active,,CA
ORD-004370,2025-07-11T18:20:58Z,web,62373,active,,US-W
ORD-004371,2025-01-18T15:00:52Z,web,37010,refunded,2025-01-21T17:00:52Z,US-W
ORD-004372,2025-05-28T22:47:32Z,partner,58644,cancelled,,US-E
ORD-004373,2025-10-18T16:30:10Z,mobile,31293,refunded,,US-C
ORD-004374,2025-02-22T17:48:28Z,web,37042,cancelled,,CA
ORD-004375,2025-04-01T15:01:17Z,mobile,1521,refunded,,US-E
ORD-004376,2025-12-28T15:07:14Z,partner,55853,completed,,US-W
ORD-004377,2025-01-12T19:47:45Z,mobile,6831,completed,,US-W
ORD-004378,2025-04-15T18:32:53Z,partner,43991,completed,,US-W
ORD-004379,2025-03-18T18:40:35Z,mobile,82000,refunded,,US-C
ORD-004380,2025-03-07T18:20:12Z,partner,71949,refunded,,CA
ORD-004381,2025-09-07T07:38:01Z,web,13736,completed,,US-C
ORD-004382,2025-09-30T20:00:49Z,partner,51451,active,,CA
ORD-004383,2025-01-27T21:55:21Z,partner,57352,cancelled,,CA
ORD-004384,2025-09-12T16:28:35Z,mobile,40716,refunded,,US-C
ORD-004385,2025-02-12T21:15:06Z,web,54832,active,,US-W
ORD-004386,2025-02-01T23:08:48Z,partner,72563,active,,US-C
ORD-004387,2025-06-02T14:46:42Z,web,68422,active,,US-E
ORD-004388,2025-01-20T22:31:54Z,mobile,45440,active,,CA
ORD-004389,2025-09-28T14:48:24Z,web,73250,active,,US-W
ORD-004390,2025-01-23T17:02:29Z,mobile,74304,active,,US-C
ORD-004391,2025-02-05T15:58:03Z,mobile,78806,cancelled,,CA
ORD-004392,2025-03-29T21:50:25Z,partner,51320,completed,,US-E
ORD-004393,2025-10-17T14:21:02Z,web,5354,refunded,,CA
ORD-004394,2025-11-04T23:43:22Z,mobile,10543,refunded,,US-E
ORD-004395,2025-02-08T18:10:40Z,partner,76246,completed,,US-E
ORD-004396,2025-05-22T20:48:23Z,web,53428,cancelled,,US-W
ORD-004397,2025-06-11T18:56:01Z,mobile,69323,refunded,,CA
ORD-004398,2025-07-28T03:32:22Z,legacy_pos,22268,completed,,US-E
ORD-004399,2025-08-23T18:13:26Z,partner,25933,cancelled,,US-W
ORD-004400,2025-06-19T17:48:20Z,partner,38027,completed,,US-W
ORD-004401,2025-10-27T22:31:51Z,mobile,21486,completed,,CA
ORD-004402,2025-08-03T21:49:17Z,legacy_pos,67600,completed,,US-C
ORD-004403,2025-05-20T21:04:29Z,mobile,20657,cancelled,,US-C
ORD-004404,2025-01-22T17:10:58Z,web,27680,active,,US-W
ORD-004405,2025-03-18T18:45:28Z,partner,59805,cancelled,,CA
ORD-004406,2025-11-13T22:46:13Z,partner,60820,active,,US-C
ORD-004407,2025-12-15T21:37:32Z,partner,4012,refunded,,US-E
ORD-004408,2025-06-10T18:54:48Z,mobile,58286,completed,,US-C
ORD-004409,2025-03-27T17:54:02Z,partner,68392,cancelled,,US-C
ORD-004410,2025-02-16T19:18:53Z,legacy_pos,16900,active,,US-W
ORD-004411,2025-10-09T14:17:31Z,partner,35745,completed,,CA
ORD-004412,2025-05-03T16:52:31Z,mobile,49948,completed,,US-C
ORD-004413,2025-03-11T17:03:19Z,partner,66447,cancelled,,US-E
ORD-004414,2025-04-18T18:49:08Z,web,1396,active,,CA
ORD-004415,2025-08-25T18:01:28Z,web,29216,cancelled,,US-W
ORD-004416,2025-08-22T18:18:01Z,partner,13457,completed,,US-W
ORD-004417,2025-04-19T21:08:48Z,partner,41209,completed,,US-C
ORD-004418,2025-03-07T18:57:55Z,web,37829,refunded,,US-W
ORD-004419,2025-02-26T15:33:58Z,web,48589,active,,US-W
ORD-004420,2025-08-15T16:02:53Z,web,21591,completed,,US-C
ORD-004421,2025-05-10T17:57:43Z,mobile,41548,completed,,US-E
ORD-004422,2025-04-23T14:34:30Z,partner,52013,completed,,US-C
ORD-004423,2025-11-01T21:11:59Z,mobile,14188,refunded,,US-E
ORD-004424,2025-09-04T15:40:06Z,web,17593,refunded,,US-C
ORD-004425,2025-09-10T03:43:50Z,partner,66133,active,,US-W
ORD-004426,2025-12-03T23:59:33Z,web,77146,cancelled,,US-W
ORD-004427,2025-12-11T17:01:47Z,partner,87605,completed,,US-W
ORD-004428,2025-01-10T23:36:13Z,partner,822,cancelled,,US-W
ORD-004429,2025-09-24T22:35:49Z,mobile,44177,completed,,CA
ORD-004430,2025-09-06T14:58:33Z,mobile,87481,refunded,,CA
ORD-004431,2025-03-08T17:17:39Z,web,37283,active,,US-C
ORD-004432,2025-04-03T20:02:16Z,partner,45071,completed,,CA
ORD-004433,2025-07-06T15:31:48Z,web,29124,refunded,,CA
ORD-004434,2025-01-07T22:17:37Z,mobile,40778,refunded,,US-W
ORD-004435,2025-01-10T23:31:58Z,web,22220,completed,,US-C
ORD-004436,2025-06-09T16:01:25Z,mobile,63495,refunded,,CA
ORD-004437,2025-12-06T18:20:46Z,partner,79282,refunded,,US-C
ORD-004438,2025-05-15T17:19:15Z,mobile,45443,active,,CA
ORD-004439,2025-01-22T17:38:54Z,mobile,10278,completed,,US-W
ORD-004440,2025-04-01T14:26:20Z,web,21206,active,,CA
ORD-004441,2025-08-28T17:30:08Z,partner,9340,completed,,US-W
ORD-004442,2025-07-11T17:22:19Z,mobile,26946,refunded,,CA
ORD-004443,2025-08-08T22:33:47Z,mobile,32915,refunded,,US-C
ORD-004444,2025-11-05T18:29:06Z,mobile,39279,refunded,,US-W
ORD-004445,2025-08-23T17:42:01Z,mobile,23759,active,,CA
ORD-004446,2025-05-04T16:25:14Z,web,83424,refunded,,US-E
ORD-004447,2025-05-25T14:37:40Z,web,21526,cancelled,,US-W
ORD-004448,2025-09-30T15:41:16Z,mobile,49746,refunded,,US-C
ORD-004449,2025-06-04T22:42:22Z,partner,68100,completed,,US-W
ORD-004450,2025-06-10T17:54:32Z,web,8920,refunded,,US-E
ORD-004451,2025-10-05T15:36:43Z,mobile,2033,active,,US-E
ORD-004452,2025-03-06T18:49:12Z,mobile,70168,active,,US-E
ORD-004453,2025-02-21T21:14:05Z,web,4973,cancelled,,US-C
ORD-004454,2025-03-06T15:05:59Z,partner,69894,refunded,,CA
ORD-004455,2025-03-16T14:36:03Z,web,87993,active,,US-W
ORD-004456,2025-09-29T22:56:36Z,partner,19530,cancelled,,US-C
ORD-004457,2025-10-14T14:50:19Z,web,76370,completed,,US-E
ORD-004458,2025-08-30T19:01:40Z,partner,10680,refunded,,CA
ORD-004459,2025-10-04T16:55:03Z,web,85798,cancelled,,CA
ORD-004460,2025-01-21T15:15:32Z,web,33618,completed,,US-C
ORD-004461,2025-04-18T22:02:21Z,web,71063,cancelled,,US-C
ORD-004462,2025-09-25T20:11:37Z,web,78580,completed,,CA
ORD-004463,2025-03-01T22:26:19Z,web,15519,active,,US-W
ORD-004464,2025-01-28T23:56:02Z,mobile,3940,completed,,US-W
ORD-004465,2025-11-11T07:45:35Z,web,52315,active,,CA
ORD-004466,2025-02-15T17:32:16Z,mobile,14763,cancelled,,CA
ORD-004467,2025-01-30T21:25:51Z,partner,86926,active,,US-E
ORD-004468,2025-10-02T17:02:22Z,web,34659,completed,,US-E
ORD-004469,2025-05-28T18:09:56Z,mobile,38793,completed,,US-E
ORD-004470,2025-10-23T22:18:17Z,web,5996,completed,,US-C
ORD-004471,2025-06-14T20:03:28Z,web,67950,cancelled,,US-C
ORD-004472,2025-03-30T19:19:33Z,web,26781,completed,,US-C
ORD-004473,2025-07-18T14:37:07Z,legacy_pos,55500,refunded,,CA
ORD-004474,2025-09-23T15:42:07Z,legacy_pos,80119,refunded,,US-E
ORD-004475,2025-05-01T21:05:33Z,web,65401,active,,US-E
ORD-004476,2025-02-26T20:33:04Z,web,34418,active,,US-W
ORD-004477,2025-11-19T20:40:38Z,web,23979,refunded,,US-E
ORD-004478,2025-11-25T22:37:15Z,web,21242,refunded,2025-12-01T05:37:15Z,US-C
ORD-004479,2025-05-15T20:53:18Z,mobile,39749,completed,,CA
ORD-004480,2025-09-06T17:05:15Z,mobile,15630,active,,US-E
ORD-004481,2025-02-11T21:38:00Z,web,21448,active,,CA
ORD-004482,2025-04-02T21:17:56Z,mobile,3192,cancelled,,US-C
ORD-004483,2025-01-28T21:46:00Z,web,85086,refunded,,US-C
ORD-004484,2025-09-08T15:53:12Z,web,21729,cancelled,,US-W
ORD-004485,2025-11-29T23:27:42Z,partner,44578,active,,US-C
ORD-004486,2025-03-01T22:16:11Z,mobile,32252,active,,US-E
ORD-004487,2025-11-27T19:45:06Z,mobile,47541,completed,,US-C
ORD-004488,2025-04-25T21:08:03Z,mobile,50437,cancelled,,US-E
ORD-004489,2025-07-04T14:35:14Z,partner,8943,completed,,US-C
ORD-004490,2025-06-11T18:13:26Z,web,24662,refunded,,CA
ORD-004491,2025-08-24T17:24:15Z,web,76158,refunded,,CA
ORD-004492,2025-12-27T20:09:43Z,web,78148,refunded,,US-E
ORD-004493,2025-02-07T15:49:32Z,mobile,89199,refunded,2025-02-08T07:49:32Z,US-E
ORD-004494,2025-09-02T16:51:20Z,web,84441,active,,US-C
ORD-004495,2025-07-19T22:52:50Z,partner,81021,refunded,,US-W
ORD-004496,2025-03-02T17:39:13Z,partner,2267,cancelled,,CA
ORD-004497,2025-03-05T17:29:05Z,mobile,76847,completed,,US-C
ORD-004498,2025-09-22T18:37:28Z,web,89279,refunded,,US-C
ORD-004499,2025-03-04T23:50:34Z,partner,72278,completed,,CA
ORD-004500,2025-06-26T20:36:01Z,partner,42593,active,,US-C
ORD-004501,2025-03-01T17:40:29Z,partner,62475,active,,CA
ORD-004502,2025-09-27T17:49:28Z,web,77657,active,,CA
ORD-004503,2025-10-11T20:22:41Z,partner,68102,completed,,US-C
ORD-004504,2025-09-28T19:13:09Z,web,67912,cancelled,,US-C
ORD-004505,2025-02-22T17:29:00Z,mobile,40216,active,,US-W
ORD-004506,2025-08-27T15:10:20Z,partner,71200,refunded,,US-W
ORD-004507,2025-12-23T20:51:21Z,web,27018,completed,,US-E
ORD-004508,2025-02-13T19:38:53Z,mobile,49061,refunded,,US-C
ORD-004509,2025-02-13T15:32:21Z,partner,32022,active,,CA
ORD-004510,2025-12-11T18:17:28Z,web,42973,active,,US-W
ORD-004511,2025-09-21T22:15:29Z,web,60844,active,,US-C
ORD-004512,2025-04-07T19:43:28Z,mobile,19254,refunded,,US-C
ORD-004513,2025-03-30T19:04:40Z,web,58027,active,,CA
ORD-004514,2025-07-15T20:23:20Z,web,31458,completed,,US-E
ORD-004515,2025-10-04T18:08:41Z,legacy_pos,45800,refunded,,US-C
ORD-004516,2025-09-05T18:20:54Z,partner,13432,refunded,,CA
ORD-004517,2025-11-01T22:42:30Z,legacy_pos,78500,active,,CA
ORD-004518,2025-01-06T22:02:34Z,web,36983,refunded,,US-W
ORD-004519,2025-05-11T19:28:45Z,partner,77682,active,,US-C
ORD-004520,2025-08-30T16:51:16Z,partner,34348,cancelled,,CA
ORD-004521,2025-04-26T22:34:16Z,mobile,2061,completed,,CA
ORD-004522,2025-06-09T15:46:54Z,legacy_pos,57200,active,,US-E
ORD-004523,2025-04-17T16:33:44Z,mobile,49661,completed,,US-E
ORD-004524,2025-11-08T19:13:51Z,partner,42634,active,,US-C
ORD-004525,2025-05-22T19:57:24Z,web,54205,refunded,,CA
ORD-004526,2025-01-24T20:36:58Z,mobile,68271,completed,,US-W
ORD-004527,2025-05-13T18:32:04Z,partner,31166,completed,,CA
ORD-004528,2025-11-12T18:53:18Z,web,12842,active,,CA
ORD-004529,2025-07-21T20:54:52Z,web,57994,active,,US-E
ORD-004530,2025-06-25T15:03:13Z,mobile,29658,active,,CA
ORD-004531,2025-12-30T19:47:16Z,mobile,18997,active,,US-W
ORD-004532,2025-03-04T18:30:26Z,mobile,29249,refunded,2025-03-06T17:30:26Z,US-E
ORD-004533,2025-05-27T17:10:16Z,partner,555,completed,,US-C
ORD-004534,2025-11-28T15:45:05Z,web,38798,cancelled,,US-E
ORD-004535,2025-10-08T18:43:10Z,mobile,23106,active,,US-W
ORD-004536,2025-06-27T20:18:50Z,mobile,31900,active,,US-E
ORD-004537,2025-06-06T22:46:01Z,partner,78820,refunded,,US-C
ORD-004538,2025-09-14T03:10:16Z,mobile,61795,completed,,US-E
ORD-004539,2025-07-07T17:27:13Z,web,45353,refunded,,US-C
ORD-004540,2025-02-19T22:04:05Z,web,681,active,,US-W
ORD-004541,2025-11-06T19:27:44Z,web,26068,active,,CA
ORD-004542,2025-09-12T20:11:39Z,web,63703,cancelled,,CA
ORD-004543,2025-02-17T18:12:06Z,mobile,55659,completed,,US-E
ORD-004544,2025-03-16T18:35:32Z,mobile,2327,refunded,,US-E
ORD-004545,2025-05-07T21:21:16Z,mobile,9137,cancelled,,CA
ORD-004546,2025-06-03T15:51:36Z,web,10721,active,,CA
ORD-004547,2025-05-12T07:32:12Z,mobile,43914,active,,CA
ORD-004548,2025-03-19T16:39:13Z,partner,36560,completed,,US-W
ORD-004549,2025-09-06T17:33:38Z,mobile,45611,refunded,,US-W
ORD-004550,2025-10-11T18:51:39Z,mobile,81067,refunded,,US-W
ORD-004551,2025-02-14T20:10:36Z,mobile,82214,completed,,CA
ORD-004552,2025-04-23T20:53:04Z,partner,79015,active,,CA
ORD-004553,2025-10-14T20:20:25Z,partner,64143,completed,,US-W
ORD-004554,2025-02-05T23:55:13Z,mobile,5667,cancelled,,US-E
ORD-004555,2025-02-01T22:20:14Z,partner,39281,completed,,US-C
ORD-004556,2025-06-16T14:38:58Z,web,64375,completed,,US-E
ORD-004557,2025-10-31T22:25:47Z,mobile,84168,active,,US-C
ORD-004558,2025-06-13T22:55:18Z,partner,1023,completed,,US-W
ORD-004559,2025-12-10T20:52:06Z,partner,54840,completed,,US-C
ORD-004560,2025-12-26T17:52:07Z,web,40200,cancelled,,US-C
ORD-004561,2025-11-16T23:50:17Z,partner,72234,completed,,US-C
ORD-004562,2025-10-24T20:08:28Z,partner,63681,active,,US-E
ORD-004563,2025-12-14T23:04:10Z,mobile,11983,cancelled,,US-W
ORD-004564,2025-02-23T21:18:22Z,mobile,7551,cancelled,,CA
ORD-004565,2025-07-02T17:08:40Z,partner,6637,active,,CA
ORD-004566,2025-08-15T20:09:03Z,mobile,85405,active,,CA
ORD-004567,2025-05-06T22:14:25Z,mobile,59690,cancelled,,US-W
ORD-004568,2025-06-02T14:51:34Z,web,87876,cancelled,,US-C
ORD-004569,2025-05-19T01:04:19Z,partner,54979,active,,US-C
ORD-004570,2025-07-10T22:32:12Z,partner,3640,completed,,US-E
ORD-004571,2025-03-28T17:34:45Z,mobile,3976,active,,US-W
ORD-004572,2025-11-24T20:58:24Z,web,60536,refunded,,US-E
ORD-004573,2025-10-25T17:09:33Z,web,71078,cancelled,,US-C
ORD-004574,2025-06-13T17:08:46Z,web,50608,cancelled,,US-C
ORD-004575,2025-08-03T14:00:42Z,partner,58999,completed,2025-08-03T20:00:42Z,US-W
ORD-004576,2025-06-04T18:01:15Z,partner,38110,active,,US-W
ORD-004577,2025-08-19T14:52:10Z,partner,36149,active,2025-08-26T11:52:10Z,CA
ORD-004578,2025-10-19T17:27:18Z,web,19660,refunded,,US-W
ORD-004579,2025-10-13T21:12:58Z,web,3907,active,,US-W
ORD-004580,2025-10-17T22:14:59Z,mobile,52731,active,,US-C
ORD-004581,2025-11-20T20:52:32Z,web,24024,refunded,,US-W
ORD-004582,2025-11-30T21:42:09Z,partner,87075,active,,CA
ORD-004583,2025-05-24T21:34:56Z,partner,29266,cancelled,,US-W
ORD-004584,2025-05-15T22:25:33Z,mobile,32152,refunded,,US-E
ORD-004585,2025-06-17T14:34:22Z,mobile,65568,active,,US-W
ORD-004586,2025-01-01T15:20:12Z,mobile,13139,active,,US-C
ORD-004587,2025-07-24T20:16:10Z,mobile,13237,completed,,US-W
ORD-004588,2025-08-13T15:59:22Z,mobile,77662,cancelled,,US-W
ORD-004589,2025-11-12T17:24:57Z,mobile,86858,active,,US-C
ORD-004590,2025-02-06T16:17:49Z,web,17318,active,,US-W
ORD-004591,2025-06-21T18:08:36Z,web,55036,refunded,,US-W
ORD-004592,2025-08-19T06:02:18Z,partner,81684,cancelled,,US-E
ORD-004593,2025-04-06T19:06:31Z,mobile,26592,refunded,,US-W
ORD-004594,2025-05-23T14:36:51Z,partner,28473,active,,US-W
ORD-004595,2025-03-01T22:51:21Z,mobile,82497,cancelled,,CA
ORD-004596,2025-11-11T15:38:20Z,web,13787,cancelled,,US-W
ORD-004597,2025-01-30T23:54:24Z,web,54081,completed,,US-C
ORD-004598,2025-05-08T15:25:08Z,mobile,12192,refunded,,US-C
ORD-004599,2025-04-11T21:55:54Z,mobile,60374,cancelled,,CA
ORD-004600,2025-06-27T21:27:19Z,mobile,38896,cancelled,,US-W
ORD-004601,2025-09-10T17:37:47Z,web,20026,refunded,,US-W
ORD-004602,2025-04-22T20:13:19Z,web,24498,cancelled,2025-04-24T18:13:19Z,US-C
ORD-004603,2025-04-29T14:42:03Z,legacy_pos,56500,refunded,,US-C
ORD-004604,2025-02-26T23:45:22Z,mobile,41116,refunded,,CA
ORD-004605,2025-10-31T19:01:25Z,mobile,44692,active,,US-E
ORD-004606,2025-02-05T07:06:28Z,legacy_pos,33341,completed,,US-E
ORD-004607,2025-11-19T21:18:11Z,web,40043,active,,US-W
ORD-004608,2025-04-15T16:42:20Z,web,25103,active,,CA
ORD-004609,2025-05-08T22:04:52Z,mobile,17392,cancelled,,US-E
ORD-004610,2025-11-08T20:18:00Z,web,39620,completed,,US-W
ORD-004611,2025-07-28T18:57:59Z,partner,22227,cancelled,,US-C
ORD-004612,2025-01-31T20:01:27Z,web,45982,active,,US-W
ORD-004613,2025-05-20T14:42:11Z,web,78378,completed,,CA
ORD-004614,2025-07-10T20:44:27Z,web,8525,completed,,US-W
ORD-004615,2025-05-01T20:48:09Z,web,86552,cancelled,,CA
ORD-004616,2025-06-18T14:01:04Z,web,49573,cancelled,,US-C
ORD-004617,2025-07-10T16:37:53Z,mobile,55221,active,,US-C
ORD-004618,2025-02-09T17:47:38Z,partner,45613,completed,,CA
ORD-004619,2025-06-16T20:26:36Z,web,16871,completed,,US-W
ORD-004620,2025-11-28T15:44:13Z,web,37885,cancelled,,US-W
ORD-004621,2025-10-04T16:52:54Z,partner,86454,completed,,US-W
ORD-004622,2025-11-15T19:29:45Z,partner,75640,refunded,,US-C
ORD-004623,2025-11-05T21:43:20Z,mobile,17953,cancelled,,US-W
ORD-004624,2025-03-17T22:14:37Z,web,67286,active,,US-C
ORD-004625,2025-03-27T15:05:26Z,partner,47892,active,,US-C
ORD-004626,2025-04-05T15:48:33Z,web,63971,cancelled,,CA
ORD-004627,2025-04-20T21:27:07Z,mobile,17208,cancelled,2025-04-21T18:27:07Z,US-W
ORD-004628,2025-03-15T20:26:33Z,mobile,66398,cancelled,,US-E
ORD-004629,2025-06-08T20:55:48Z,partner,45079,active,,US-E
ORD-004630,2025-06-21T14:23:19Z,web,62693,refunded,,US-W
ORD-004631,2025-11-25T20:00:58Z,web,32803,refunded,,US-C
ORD-004632,2025-07-28T18:14:48Z,web,84290,completed,,US-W
ORD-004633,2025-04-10T20:53:23Z,partner,16201,active,,US-E
ORD-004634,2025-12-15T15:54:36Z,partner,31117,completed,,US-C
ORD-004635,2025-06-21T15:34:56Z,partner,81691,active,,US-W
ORD-004636,2025-12-31T22:10:18Z,mobile,70440,active,,US-W
ORD-004637,2025-08-04T20:30:25Z,partner,25206,refunded,,CA
ORD-004638,2025-10-09T21:28:02Z,web,35495,refunded,,US-C
ORD-004639,2025-09-30T20:28:02Z,web,22942,active,,CA
ORD-004640,2025-09-01T18:12:16Z,mobile,1252,refunded,,CA
ORD-004641,2025-07-08T14:16:51Z,partner,29762,refunded,,US-C
ORD-004642,2025-12-12T18:49:56Z,partner,16373,active,,CA
ORD-004643,2025-08-07T17:00:32Z,web,86894,cancelled,,US-E
ORD-004644,2025-10-18T21:34:59Z,partner,15793,cancelled,,CA
ORD-004645,2025-04-26T22:19:49Z,web,8378,active,,US-W
ORD-004646,2025-09-02T19:49:08Z,mobile,81906,refunded,,US-C
ORD-004647,2025-02-09T19:15:00Z,legacy_pos,87900,active,,CA
ORD-004648,2025-07-15T17:24:51Z,web,78789,cancelled,,US-C
ORD-004649,2025-09-09T16:29:46Z,web,31718,cancelled,,US-C
ORD-004650,2025-09-24T14:40:18Z,mobile,87917,cancelled,2025-09-29T04:40:18Z,CA
ORD-004651,2025-04-12T14:02:17Z,mobile,46259,active,,US-E
ORD-004652,2025-11-16T22:31:16Z,mobile,39668,refunded,,US-E
ORD-004653,2025-02-16T21:36:35Z,mobile,33447,active,,US-C
ORD-004654,2025-08-01T22:18:05Z,partner,2659,cancelled,,CA
ORD-004655,2025-10-03T21:07:31Z,partner,10578,cancelled,,US-C
ORD-004656,2025-04-12T21:09:59Z,web,73177,refunded,,US-W
ORD-004657,2025-04-06T20:45:04Z,web,967,completed,,US-E
ORD-004658,2025-01-16T22:59:25Z,legacy_pos,64383,completed,,US-C
ORD-004659,2025-12-11T23:26:01Z,mobile,49216,refunded,,US-E
ORD-004660,2025-11-17T18:26:12Z,web,10262,active,,US-W
ORD-004661,2025-10-13T22:58:04Z,mobile,68013,refunded,,US-W
ORD-004662,2025-01-23T20:33:11Z,mobile,51383,active,,US-W
ORD-004663,2025-04-07T18:40:57Z,partner,63618,completed,,US-E
ORD-004664,2025-02-28T15:34:44Z,web,57168,completed,,US-C
ORD-004665,2025-05-31T14:38:18Z,mobile,42222,cancelled,,US-W
ORD-004666,2025-05-22T17:09:43Z,mobile,88210,cancelled,,US-C
ORD-004667,2025-08-12T07:38:02Z,partner,73932,refunded,,US-E
ORD-004668,2025-01-18T22:33:09Z,partner,62199,cancelled,,US-C
ORD-004669,2025-04-25T18:31:10Z,partner,77740,cancelled,,US-W
ORD-004670,2025-09-23T16:54:35Z,partner,82398,cancelled,,US-E
ORD-004671,2025-08-18T15:49:10Z,web,57771,cancelled,,CA
ORD-004672,2025-02-26T19:06:42Z,partner,5253,active,,CA
ORD-004673,2025-09-17T17:53:41Z,web,71400,active,,US-E
ORD-004674,2025-06-01T17:16:11Z,web,12690,cancelled,,US-W
ORD-004675,2025-08-13T16:16:55Z,partner,56215,cancelled,,CA
ORD-004676,2025-06-12T21:15:45Z,partner,68799,active,,US-C
ORD-004677,2025-02-18T16:50:33Z,partner,6159,completed,,US-C
ORD-004678,2025-06-12T18:24:38Z,partner,80373,active,,US-C
ORD-004679,2025-01-04T19:14:50Z,mobile,1147,active,,CA
ORD-004680,2025-11-29T23:36:36Z,partner,27646,completed,,CA
ORD-004681,2025-09-15T15:47:34Z,partner,46710,refunded,,US-E
ORD-004682,2025-09-06T20:07:22Z,web,68473,completed,,US-W
ORD-004683,2025-06-27T18:14:05Z,mobile,56205,cancelled,,US-E
ORD-004684,2025-03-22T21:12:43Z,mobile,47468,active,,CA
ORD-004685,2025-04-08T17:07:23Z,web,6987,completed,,US-C
ORD-004686,2025-07-01T14:28:14Z,web,61725,active,,US-C
ORD-004687,2025-05-21T14:29:32Z,web,39692,refunded,,CA
ORD-004688,2025-11-10T20:57:57Z,partner,24937,cancelled,,US-C
ORD-004689,2025-05-18T14:41:53Z,mobile,89347,completed,2025-05-19T14:41:53Z,US-W
ORD-004690,2025-11-06T19:21:49Z,legacy_pos,80800,completed,,US-E
ORD-004691,2025-01-22T17:58:48Z,mobile,51259,active,,CA
ORD-004692,2025-11-16T17:21:48Z,web,3074,active,,CA
ORD-004693,2025-02-23T15:03:52Z,web,15600,refunded,,CA
ORD-004694,2025-07-24T16:02:05Z,web,15252,completed,,CA
ORD-004695,2025-12-19T07:19:35Z,web,8015,cancelled,,US-W
ORD-004696,2025-07-20T21:53:16Z,mobile,44526,cancelled,,CA
ORD-004697,2025-05-31T20:28:58Z,web,46314,cancelled,,US-W
ORD-004698,2025-02-12T23:50:08Z,partner,64185,completed,,US-E
ORD-004699,2025-08-12T14:23:13Z,mobile,27462,cancelled,,US-E
ORD-004700,2025-01-30T21:14:48Z,partner,21391,refunded,,CA
ORD-004701,2025-03-30T17:14:39Z,mobile,2313,active,,US-E
ORD-004702,2025-06-14T15:40:59Z,mobile,13578,completed,,CA
ORD-004703,2025-09-06T20:39:47Z,partner,43399,active,,US-C
ORD-004704,2025-04-22T15:37:11Z,partner,12612,refunded,,US-W
ORD-004705,2025-11-03T21:34:37Z,web,42728,active,,CA
ORD-004706,2025-11-17T16:09:34Z,partner,1348,active,,US-W
ORD-004707,2025-08-03T18:27:56Z,web,30095,active,,US-W
ORD-004708,2025-01-03T16:07:53Z,web,51495,refunded,,US-W
ORD-004709,2025-08-18T15:56:07Z,mobile,70143,active,,CA
ORD-004710,2025-09-03T16:53:24Z,partner,67726,cancelled,,US-E
ORD-004711,2025-01-21T23:30:27Z,mobile,89678,completed,,CA
ORD-004712,2025-02-10T16:18:00Z,web,25560,cancelled,,US-E
ORD-004713,2025-05-07T20:11:04Z,legacy_pos,42000,refunded,,US-W
ORD-004714,2025-09-25T19:33:55Z,web,38097,cancelled,,US-C
ORD-004715,2025-06-09T15:38:24Z,mobile,62572,completed,,US-C
ORD-004716,2025-05-14T15:23:40Z,partner,64126,active,,US-E
ORD-004717,2025-11-14T19:38:37Z,partner,50973,refunded,,US-C
ORD-004718,2025-01-27T20:36:16Z,web,25777,completed,,US-E
ORD-004719,2025-10-08T20:55:16Z,partner,89638,active,,CA
ORD-004720,2025-04-19T22:02:57Z,partner,12626,refunded,,US-C
ORD-004721,2025-05-30T14:12:05Z,mobile,8047,refunded,,US-C
ORD-004722,2025-03-19T16:47:33Z,mobile,30247,active,,US-E
ORD-004723,2025-03-15T20:32:00Z,mobile,45663,refunded,,US-W
ORD-004724,2025-02-11T18:49:16Z,web,73105,completed,,US-W
ORD-004725,2025-03-10T17:53:14Z,web,83695,refunded,,CA
ORD-004726,2025-07-22T20:38:08Z,mobile,33041,active,,US-E
ORD-004727,2025-10-27T14:42:17Z,mobile,80621,refunded,,US-C
ORD-004728,2025-03-29T15:51:01Z,web,24727,active,,US-C
ORD-004729,2025-02-21T19:19:34Z,mobile,4713,cancelled,,US-W
ORD-004730,2025-06-11T16:27:45Z,partner,39627,active,,US-W
ORD-004731,2025-04-15T16:41:20Z,web,43305,active,,CA
ORD-004732,2025-08-16T17:38:59Z,partner,63433,refunded,,US-C
ORD-004733,2025-12-01T17:30:52Z,mobile,39579,completed,,US-W
ORD-004734,2025-06-28T15:40:21Z,partner,43079,cancelled,,CA
ORD-004735,2025-04-25T20:08:23Z,mobile,58888,refunded,,US-C
ORD-004736,2025-10-27T20:23:58Z,partner,76075,refunded,,CA
ORD-004737,2025-12-13T21:40:00Z,web,79365,active,,US-E
ORD-004738,2025-08-13T18:17:55Z,partner,33434,active,,US-E
ORD-004739,2025-02-18T16:22:29Z,mobile,78780,active,,US-E
ORD-004740,2025-06-16T21:20:27Z,web,4154,cancelled,,CA
ORD-004741,2025-02-18T18:02:17Z,partner,35713,completed,,US-W
ORD-004742,2025-12-06T18:40:51Z,mobile,16851,refunded,,CA
ORD-004743,2025-01-13T23:45:27Z,web,17078,refunded,,CA
ORD-004744,2025-10-13T14:16:34Z,partner,38944,refunded,,US-C
ORD-004745,2025-03-28T14:47:25Z,web,54534,refunded,,US-W
ORD-004746,2025-11-14T20:55:40Z,web,23406,completed,,US-W
ORD-004747,2025-11-11T18:38:01Z,mobile,67468,cancelled,,US-W
ORD-004748,2025-05-03T17:08:07Z,mobile,58296,active,,US-C
ORD-004749,2025-09-26T18:06:39Z,mobile,53270,active,,US-W
ORD-004750,2025-05-23T14:59:39Z,legacy_pos,1427,completed,,US-C
ORD-004751,2025-10-09T14:36:51Z,mobile,21071,active,,CA
ORD-004752,2025-11-27T18:30:57Z,partner,27230,refunded,,US-C
ORD-004753,2025-06-01T17:21:31Z,mobile,11443,cancelled,,US-C
ORD-004754,2025-05-26T21:27:39Z,web,62624,completed,,US-W
ORD-004755,2025-07-07T21:55:14Z,mobile,24536,cancelled,,CA
ORD-004756,2025-07-06T22:46:57Z,mobile,46409,cancelled,,US-E
ORD-004757,2025-11-07T23:03:12Z,web,61410,completed,,CA
ORD-004758,2025-10-07T16:41:03Z,web,62021,refunded,,US-W
ORD-004759,2025-09-10T19:40:05Z,mobile,55237,completed,,US-C
ORD-004760,2025-11-08T20:12:33Z,web,21817,active,,US-C
ORD-004761,2025-08-04T22:48:00Z,web,52714,cancelled,,US-E
ORD-004762,2025-03-06T19:26:40Z,partner,27375,active,,US-W
ORD-004763,2025-04-13T17:16:34Z,mobile,18657,cancelled,,US-E
ORD-004764,2025-07-04T21:02:09Z,web,2172,refunded,,US-E
ORD-004765,2025-08-19T14:34:49Z,partner,71809,refunded,,US-C
ORD-004766,2025-11-06T21:04:28Z,legacy_pos,74783,completed,,US-E
ORD-004767,2025-07-19T22:30:24Z,partner,50914,refunded,,CA
ORD-004768,2025-04-22T20:28:53Z,legacy_pos,24157,completed,,US-E
ORD-004769,2025-06-10T20:21:21Z,partner,80704,completed,,US-C
ORD-004770,2025-03-24T18:14:35Z,partner,89435,refunded,,CA
ORD-004771,2025-03-16T17:35:45Z,web,62916,active,,US-W
ORD-004772,2025-03-31T16:29:20Z,mobile,50990,refunded,,US-C
ORD-004773,2025-10-18T21:40:59Z,legacy_pos,74644,active,,US-E
ORD-004774,2025-05-05T19:29:36Z,web,55998,refunded,,US-E
ORD-004775,2025-11-23T19:11:05Z,legacy_pos,16900,completed,,US-E
ORD-004776,2025-10-19T20:08:38Z,mobile,39650,active,,US-W
ORD-004777,2025-07-05T19:23:48Z,mobile,78109,active,,CA
ORD-004778,2025-01-26T19:57:39Z,mobile,10933,refunded,,US-C
ORD-004779,2025-03-04T23:53:34Z,web,45683,active,,US-W
ORD-004780,2025-03-17T17:34:16Z,web,79506,cancelled,,US-C
ORD-004781,2025-07-13T14:16:26Z,partner,62471,refunded,,US-E
ORD-004782,2025-03-08T21:44:11Z,partner,67946,completed,,CA
ORD-004783,2025-12-30T22:42:53Z,partner,86637,refunded,,CA
ORD-004784,2025-12-20T21:06:33Z,partner,23708,cancelled,,US-E
ORD-004785,2025-12-22T07:27:50Z,partner,36635,active,,US-C
ORD-004786,2025-07-15T14:18:48Z,partner,3374,cancelled,,US-C
ORD-004787,2025-07-10T17:01:47Z,mobile,39492,active,,US-W
ORD-004788,2025-09-05T18:11:08Z,mobile,66020,completed,,CA
ORD-004789,2025-12-28T23:16:23Z,mobile,33435,refunded,,US-W
ORD-004790,2025-10-13T19:17:04Z,web,50265,completed,,US-E
ORD-004791,2025-03-27T21:27:30Z,partner,52972,refunded,,US-E
ORD-004792,2025-12-11T21:39:13Z,web,34881,refunded,,US-C
ORD-004793,2025-04-20T19:24:03Z,web,41166,refunded,,CA
ORD-004794,2025-05-01T15:20:31Z,partner,67098,refunded,,US-W
ORD-004795,2025-05-26T21:16:45Z,partner,85115,active,,US-C
ORD-004796,2025-12-10T20:18:25Z,mobile,61819,cancelled,,US-C
ORD-004797,2025-12-22T23:22:42Z,partner,86885,active,,US-C
ORD-004798,2025-09-18T22:31:48Z,partner,36106,completed,,CA
ORD-004799,2025-01-23T18:16:42Z,partner,3505,refunded,,US-C
ORD-004800,2025-01-25T23:15:14Z,partner,14268,refunded,,US-E
ORD-004801,2025-09-25T22:02:43Z,partner,72024,active,,US-W
ORD-004802,2025-08-26T17:53:38Z,mobile,45431,cancelled,,US-E
ORD-004803,2025-08-19T15:47:31Z,partner,59952,active,,US-W
ORD-004804,2025-05-25T15:31:26Z,web,43338,refunded,,US-E
ORD-004805,2025-11-08T21:42:10Z,mobile,17168,cancelled,2025-11-14T11:42:10Z,US-C
ORD-004806,2025-01-17T21:13:02Z,partner,62267,active,,US-W
ORD-004807,2025-04-18T15:07:49Z,partner,52485,refunded,,US-C
ORD-004808,2025-02-24T23:45:42Z,web,86739,active,,US-E
ORD-004809,2025-11-21T21:52:16Z,partner,11321,cancelled,,CA
ORD-004810,2025-01-29T20:41:22Z,web,48558,cancelled,,CA
ORD-004811,2025-07-07T18:34:54Z,web,69931,cancelled,,CA
ORD-004812,2025-07-12T21:06:07Z,partner,77521,completed,,CA
ORD-004813,2025-10-25T18:45:43Z,web,73113,completed,,US-C
ORD-004814,2025-03-24T16:20:14Z,partner,1889,active,,US-W
ORD-004815,2025-03-02T21:22:45Z,mobile,71594,refunded,,CA
ORD-004816,2025-07-07T15:54:00Z,mobile,78269,refunded,,US-W
ORD-004817,2025-02-24T23:23:12Z,web,9582,cancelled,,CA
ORD-004818,2025-09-02T21:05:53Z,web,46311,cancelled,,US-W
ORD-004819,2025-07-29T15:32:03Z,partner,60035,refunded,,CA
ORD-004820,2025-12-15T22:15:21Z,web,57469,refunded,,CA
ORD-004821,2025-10-11T19:41:31Z,mobile,35553,active,,US-E
ORD-004822,2025-02-06T17:22:11Z,mobile,41115,completed,,US-E
ORD-004823,2025-03-29T15:44:28Z,partner,73489,completed,,CA
ORD-004824,2025-09-12T20:07:08Z,web,75730,active,,US-E
ORD-004825,2025-10-20T17:21:46Z,mobile,36683,active,,US-E
ORD-004826,2025-05-08T17:22:25Z,mobile,14235,cancelled,,CA
ORD-004827,2025-04-09T16:11:09Z,legacy_pos,8152,refunded,,US-E
ORD-004828,2025-08-13T14:37:26Z,legacy_pos,23000,refunded,,US-W
ORD-004829,2025-10-15T22:47:50Z,web,68968,active,,US-C
ORD-004830,2025-10-24T21:34:59Z,web,20219,cancelled,,CA
ORD-004831,2025-10-30T17:51:12Z,partner,68770,refunded,,US-C
ORD-004832,2025-05-25T19:07:18Z,web,43142,completed,,CA
ORD-004833,2025-06-11T18:35:04Z,partner,30092,cancelled,,US-C
ORD-004834,2025-12-27T22:45:57Z,web,72265,active,,CA
ORD-004835,2025-01-29T18:06:17Z,partner,51107,active,,US-W
ORD-004836,2025-08-19T19:24:38Z,partner,12051,active,,US-C
ORD-004837,2025-03-07T22:44:08Z,mobile,78598,completed,,US-W
ORD-004838,2025-06-01T18:59:27Z,web,8012,active,,US-E
ORD-004839,2025-11-20T19:50:36Z,partner,8396,refunded,,CA
ORD-004840,2025-12-10T18:24:23Z,partner,10201,active,,CA
ORD-004841,2025-02-15T23:57:54Z,partner,18309,cancelled,,US-C
ORD-004842,2025-02-18T22:01:20Z,mobile,88846,completed,2025-02-27T01:01:20Z,US-E
ORD-004843,2025-07-27T15:17:16Z,partner,32721,cancelled,,US-C
ORD-004844,2025-01-23T20:12:56Z,mobile,58631,active,,US-C
ORD-004845,2025-01-08T21:33:14Z,web,88356,active,,US-C
ORD-004846,2025-01-25T16:21:06Z,web,82656,cancelled,,US-E
ORD-004847,2025-03-09T15:57:25Z,partner,87752,completed,,US-E
ORD-004848,2025-02-22T19:57:24Z,mobile,1727,completed,,US-E
ORD-004849,2025-05-25T14:16:23Z,partner,84658,cancelled,,US-C
ORD-004850,2025-03-06T20:22:14Z,web,77763,active,,US-W
ORD-004851,2025-10-24T16:48:56Z,web,68027,active,,US-W
ORD-004852,2025-08-18T22:09:02Z,mobile,87955,completed,,CA
ORD-004853,2025-04-04T17:48:05Z,web,29121,refunded,,US-C
ORD-004854,2025-11-13T20:59:30Z,partner,48700,active,,US-W
ORD-004855,2025-03-04T23:54:38Z,web,64646,completed,,US-C
ORD-004856,2025-04-19T18:21:59Z,mobile,34241,refunded,,US-E
ORD-004857,2025-05-22T18:24:25Z,web,1481,cancelled,,US-E
ORD-004858,2025-02-20T16:50:34Z,web,49274,completed,,US-C
ORD-004859,2025-04-29T15:45:16Z,mobile,64674,refunded,,US-W
ORD-004860,2025-07-30T19:18:17Z,mobile,55227,cancelled,,US-C
ORD-004861,2025-02-28T22:33:28Z,mobile,13044,active,,US-W
ORD-004862,2025-02-23T19:36:43Z,web,56490,refunded,2025-02-27T05:36:43Z,US-C
ORD-004863,2025-01-23T16:47:36Z,partner,37083,active,,CA
ORD-004864,2025-02-13T15:50:22Z,web,54606,completed,,US-C
ORD-004865,2025-12-30T22:17:01Z,mobile,80075,cancelled,,CA
ORD-004866,2025-08-20T20:54:10Z,web,69394,completed,,US-E
ORD-004867,2025-02-03T21:10:40Z,web,2137,active,,US-W
ORD-004868,2025-07-19T20:43:02Z,web,22434,refunded,,US-C
ORD-004869,2025-03-10T18:48:00Z,mobile,51209,completed,,CA
ORD-004870,2025-08-06T22:47:33Z,web,78772,cancelled,,CA
ORD-004871,2025-08-09T17:09:50Z,web,13163,active,,US-C
ORD-004872,2025-04-25T19:45:52Z,partner,35952,active,,US-W
ORD-004873,2025-07-20T17:22:22Z,partner,64018,refunded,,US-E
ORD-004874,2025-04-06T14:50:15Z,mobile,22518,completed,,CA
ORD-004875,2025-09-08T18:08:41Z,partner,14935,refunded,,US-C
ORD-004876,2025-08-31T18:22:23Z,partner,73084,cancelled,,US-W
ORD-004877,2025-08-13T21:23:29Z,web,87570,cancelled,,CA
ORD-004878,2025-06-06T07:08:34Z,mobile,55417,completed,,US-C
ORD-004879,2025-12-27T18:55:22Z,mobile,25975,completed,,CA
ORD-004880,2025-07-01T22:16:53Z,mobile,79392,completed,,CA
ORD-004881,2025-08-29T15:41:39Z,web,64621,cancelled,,US-C
ORD-004882,2025-07-07T14:28:10Z,mobile,26846,completed,,US-E
ORD-004883,2025-04-12T20:01:45Z,mobile,80346,cancelled,,US-C
ORD-004884,2025-04-06T15:56:53Z,mobile,77026,refunded,,US-W
ORD-004885,2025-09-05T20:27:43Z,mobile,26630,active,,US-E
ORD-004886,2025-12-21T17:01:01Z,web,9853,active,2025-12-25T09:01:01Z,US-C
ORD-004887,2025-12-25T17:11:23Z,partner,37758,completed,,US-W
ORD-004888,2025-07-10T14:17:09Z,web,32740,refunded,,US-W
ORD-004889,2025-09-10T14:50:07Z,mobile,33159,refunded,,US-C
ORD-004890,2025-07-31T17:48:23Z,partner,19613,refunded,,US-C
ORD-004891,2025-06-18T22:03:04Z,web,82188,cancelled,,CA
ORD-004892,2025-05-08T19:22:34Z,web,48119,completed,,US-E
ORD-004893,2025-02-09T22:40:26Z,partner,23710,completed,,US-C
ORD-004894,2025-07-05T22:10:17Z,mobile,54694,cancelled,,US-W
ORD-004895,2025-05-09T14:23:02Z,mobile,62785,cancelled,,US-C
ORD-004896,2025-06-10T16:40:10Z,partner,59283,completed,,US-E
ORD-004897,2025-07-05T22:59:26Z,mobile,71070,completed,,US-W
ORD-004898,2025-06-09T14:36:35Z,partner,19899,completed,,CA
ORD-004899,2025-10-19T16:34:00Z,mobile,43268,completed,,CA
ORD-004900,2025-03-18T20:09:39Z,web,12908,active,,US-W
ORD-004901,2025-05-23T21:18:31Z,web,77764,active,,US-W
ORD-004902,2025-09-01T21:43:39Z,web,47738,cancelled,,US-C
ORD-004903,2025-02-11T23:48:51Z,web,23230,active,,US-E
ORD-004904,2025-07-13T15:04:31Z,mobile,61072,cancelled,,US-C
ORD-004905,2025-05-08T22:59:43Z,mobile,1667,completed,,US-W
ORD-004906,2025-01-08T16:28:43Z,partner,79042,active,2025-01-12T04:28:43Z,US-C
ORD-004907,2025-02-02T21:56:45Z,web,2219,completed,,CA
ORD-004908,2025-11-20T20:31:37Z,web,19288,active,,US-E
ORD-004909,2025-10-26T18:35:01Z,partner,73049,active,,US-C
ORD-004910,2025-12-27T22:26:20Z,partner,6883,refunded,,US-C
ORD-004911,2025-12-03T21:00:40Z,partner,46734,completed,,US-W
ORD-004912,2025-07-10T14:56:55Z,mobile,61618,active,,US-C
ORD-004913,2025-12-01T22:44:35Z,web,21184,refunded,,US-E
ORD-004914,2025-02-20T21:25:43Z,partner,75029,completed,,US-W
ORD-004915,2025-07-02T15:14:57Z,mobile,75193,refunded,,US-W
ORD-004916,2025-08-10T20:00:21Z,web,17103,completed,,CA
ORD-004917,2025-07-22T21:52:49Z,mobile,45731,cancelled,,US-C
ORD-004918,2025-07-20T17:41:32Z,mobile,75233,cancelled,,CA
ORD-004919,2025-11-07T18:23:37Z,web,60562,completed,,CA
ORD-004920,2025-07-03T21:17:04Z,mobile,69837,refunded,,US-W
ORD-004921,2025-02-13T18:37:22Z,mobile,87634,refunded,,US-E
ORD-004922,2025-04-27T15:56:20Z,mobile,10897,cancelled,,US-C
ORD-004923,2025-08-18T18:20:49Z,web,8040,completed,,US-E
ORD-004924,2025-05-11T22:52:17Z,mobile,21852,cancelled,,CA
ORD-004925,2025-04-10T04:52:28Z,partner,82042,active,,US-E
ORD-004926,2025-11-10T16:36:59Z,mobile,18435,refunded,,CA
ORD-004927,2025-10-09T15:37:05Z,partner,21944,cancelled,,US-C
ORD-004928,2025-02-27T16:33:29Z,partner,14315,refunded,,CA
ORD-004929,2025-10-01T22:02:09Z,partner,13481,active,,US-E
ORD-004930,2025-12-25T21:00:08Z,mobile,69028,active,,CA
ORD-004931,2025-02-04T17:56:29Z,web,23185,cancelled,,US-W
ORD-004932,2025-06-21T16:47:55Z,partner,7900,completed,,US-W
ORD-004933,2025-12-14T23:23:01Z,partner,46328,cancelled,,US-E
ORD-004934,2025-12-13T15:02:16Z,mobile,13959,completed,,CA
ORD-004935,2025-02-04T23:10:47Z,partner,7287,active,,CA
ORD-004936,2025-10-11T07:24:39Z,partner,46160,cancelled,,US-E
ORD-004937,2025-07-30T14:15:52Z,partner,12114,refunded,,US-E
ORD-004938,2025-09-04T22:07:28Z,partner,25517,cancelled,,CA
ORD-004939,2025-01-29T07:58:41Z,partner,89134,active,,US-E
ORD-004940,2025-03-15T18:57:17Z,legacy_pos,81000,completed,,CA
ORD-004941,2025-11-03T20:41:06Z,partner,65997,active,,US-E
ORD-004942,2025-10-21T18:39:30Z,web,66916,completed,,CA
ORD-004943,2025-03-13T21:34:23Z,partner,81785,active,,CA
ORD-004944,2025-04-30T14:54:03Z,web,34369,completed,,US-C
ORD-004945,2025-09-21T21:39:37Z,web,32645,active,,US-E
ORD-004946,2025-03-13T02:28:40Z,web,51777,active,,CA
ORD-004947,2025-12-14T22:50:29Z,partner,69244,completed,,US-W
ORD-004948,2025-06-19T21:50:45Z,mobile,63140,refunded,,US-E
ORD-004949,2025-09-14T21:33:44Z,mobile,13477,active,,US-C
ORD-004950,2025-04-04T20:07:14Z,partner,86347,completed,,US-W
ORD-004951,2025-05-05T15:03:11Z,web,42829,completed,,US-W
ORD-004952,2025-05-16T18:39:04Z,web,75305,completed,,CA
ORD-004953,2025-06-19T17:49:05Z,mobile,71409,completed,,US-W
ORD-004954,2025-04-03T16:17:22Z,web,59189,active,,CA
ORD-004955,2025-02-04T22:36:11Z,partner,25709,refunded,,CA
ORD-004956,2025-10-14T02:02:49Z,mobile,24354,active,,US-W
ORD-004957,2025-06-27T21:41:02Z,mobile,2348,refunded,,US-E
ORD-004958,2025-08-19T19:22:20Z,partner,57719,cancelled,,US-C
ORD-004959,2025-01-04T17:25:50Z,partner,43177,refunded,,CA
ORD-004960,2025-07-14T14:04:36Z,mobile,66600,completed,,US-W
ORD-004961,2025-12-04T21:31:13Z,partner,41567,refunded,,CA
ORD-004962,2025-08-21T15:39:00Z,web,28115,refunded,,US-C
ORD-004963,2025-08-18T16:42:29Z,partner,6707,cancelled,,US-E
ORD-004964,2025-11-22T21:42:40Z,partner,64091,cancelled,,US-W
ORD-004965,2025-12-08T20:31:13Z,partner,64562,active,,US-W
ORD-004966,2025-06-04T18:00:36Z,web,27402,completed,,US-W
ORD-004967,2025-10-28T19:25:12Z,web,16890,refunded,,CA
ORD-004968,2025-10-18T18:13:12Z,mobile,7922,active,,CA
ORD-004969,2025-11-19T16:26:15Z,partner,36049,cancelled,,US-W
ORD-004970,2025-12-12T20:31:42Z,partner,37112,active,,US-C
ORD-004971,2025-07-27T20:41:40Z,web,6342,active,,US-C
ORD-004972,2025-09-20T15:16:09Z,partner,85987,completed,,US-E
ORD-004973,2025-01-04T16:44:14Z,mobile,57406,cancelled,,US-C
ORD-004974,2025-11-07T16:24:04Z,partner,60737,refunded,,CA
ORD-004975,2025-01-05T17:30:40Z,web,79645,active,,US-W
ORD-004976,2025-11-23T23:07:33Z,mobile,50586,refunded,,US-W
ORD-004977,2025-06-06T19:51:37Z,web,37653,cancelled,,US-E
ORD-004978,2025-01-26T21:35:03Z,mobile,63472,completed,,US-W
ORD-004979,2025-05-06T16:44:52Z,mobile,86177,completed,,US-E
ORD-004980,2025-11-05T16:57:03Z,web,38952,refunded,,US-W
ORD-004981,2025-04-01T22:57:44Z,web,37376,refunded,,US-W
ORD-004982,2025-02-09T21:47:24Z,web,51700,cancelled,,US-E
ORD-004983,2025-01-30T23:19:32Z,partner,60552,active,,US-C
ORD-004984,2025-09-07T21:57:19Z,web,10861,completed,,US-C
ORD-004985,2025-05-05T22:02:20Z,mobile,53958,active,,CA
ORD-004986,2025-06-07T21:44:15Z,mobile,25133,completed,,US-E
ORD-004987,2025-11-16T07:51:30Z,mobile,61173,active,,US-W
ORD-004988,2025-07-31T18:21:56Z,mobile,56101,refunded,,CA
ORD-004989,2025-03-27T16:20:14Z,mobile,80560,refunded,,US-E
ORD-004990,2025-02-15T21:33:07Z,partner,75969,cancelled,,US-W
ORD-004991,2025-09-12T14:27:16Z,web,14287,completed,,US-W
ORD-004992,2025-11-13T18:03:44Z,web,51961,active,,CA
ORD-004993,2025-11-30T23:25:58Z,web,78119,refunded,,US-C
ORD-004994,2025-02-22T20:29:52Z,web,6304,completed,,US-C
ORD-004995,2025-12-06T16:58:41Z,web,68123,completed,,CA
ORD-004996,2025-09-25T17:57:21Z,partner,69919,active,,US-E
ORD-004997,2025-10-02T22:33:51Z,partner,40585,active,,US-E
ORD-004998,2025-01-16T20:15:54Z,mobile,35075,cancelled,,US-W
ORD-004999,2025-11-19T16:32:29Z,web,22389,completed,,CA
ORD-005000,2025-07-12T14:33:58Z,partner,68522,completed,,US-E
ORD-005001,2025-10-21T00:56:17Z,legacy_pos,12540,cancelled,,US-E
ORD-005002,2025-03-17T16:51:02Z,partner,87172,completed,,CA
ORD-005003,2025-07-28T20:13:33Z,partner,38199,active,,US-C
ORD-005004,2025-01-23T18:02:42Z,mobile,64511,completed,,US-W
ORD-005005,2025-08-20T16:44:14Z,partner,39201,completed,,CA
ORD-005006,2025-12-14T23:58:18Z,web,30052,completed,,US-E
ORD-005007,2025-01-03T15:51:36Z,partner,10887,completed,,US-E
ORD-005008,2025-11-05T23:14:19Z,mobile,71976,refunded,,US-C
ORD-005009,2025-08-06T18:06:28Z,web,69187,cancelled,2025-08-06T21:06:28Z,US-E
ORD-005010,2025-10-12T20:10:54Z,partner,30161,completed,,US-E
ORD-005011,2025-06-09T20:18:15Z,partner,68232,cancelled,,US-W
ORD-005012,2025-07-29T19:33:47Z,web,75441,refunded,,US-C
ORD-005013,2025-02-01T22:39:19Z,web,10693,active,,US-W
ORD-005014,2025-05-10T19:10:10Z,partner,38479,cancelled,,US-C
ORD-005015,2025-06-12T18:38:49Z,mobile,39726,refunded,,US-W
ORD-005016,2025-08-17T14:12:31Z,partner,68290,refunded,,CA
ORD-005017,2025-01-30T19:51:25Z,partner,10419,refunded,,US-W
ORD-005018,2025-05-30T21:25:06Z,web,48240,refunded,,US-E
ORD-005019,2025-05-07T19:22:45Z,legacy_pos,20037,active,,US-C
ORD-005020,2025-04-15T18:52:23Z,web,37543,completed,,CA
ORD-005021,2025-02-17T18:31:30Z,partner,52022,completed,,US-E
ORD-005022,2025-02-01T21:56:37Z,partner,60571,active,,US-C
ORD-005023,2025-06-02T15:28:54Z,mobile,32336,cancelled,2025-06-05T22:28:54Z,CA
ORD-005024,2025-03-07T20:41:59Z,partner,18837,active,,US-C
ORD-005025,2025-10-14T18:41:26Z,partner,88510,cancelled,,US-W
ORD-005026,2025-08-21T20:40:51Z,partner,69448,refunded,,US-E
ORD-005027,2025-11-26T21:07:44Z,mobile,82959,completed,,US-C
ORD-005028,2025-01-01T18:18:32Z,mobile,43475,active,,US-W
ORD-005029,2025-10-05T19:35:30Z,partner,11610,active,,CA
ORD-005030,2025-11-03T16:06:27Z,mobile,28193,completed,,CA
ORD-005031,2025-07-11T14:56:31Z,mobile,83427,refunded,,US-E
ORD-005032,2025-06-07T17:52:04Z,partner,10416,completed,,US-E
ORD-005033,2025-08-30T17:10:53Z,mobile,936,active,,US-C
ORD-005034,2025-06-03T14:06:25Z,partner,33420,active,,US-C
ORD-005035,2025-04-19T19:56:36Z,web,14527,active,,US-W
ORD-005036,2025-06-25T20:34:58Z,web,55198,active,,CA
ORD-005037,2025-03-17T21:47:13Z,legacy_pos,24288,active,,CA
ORD-005038,2025-05-27T19:59:57Z,partner,10461,active,,US-E
ORD-005039,2025-06-16T16:07:37Z,web,9823,completed,,US-W
ORD-005040,2025-09-06T19:10:12Z,mobile,14269,active,,CA
ORD-005041,2025-02-25T18:14:36Z,web,24052,completed,,US-C
ORD-005042,2025-11-12T19:18:05Z,web,53597,completed,,US-C
ORD-005043,2025-10-31T19:17:27Z,partner,76274,refunded,,US-C
ORD-005044,2025-04-28T20:52:54Z,partner,5852,completed,,US-C
ORD-005045,2025-04-24T19:56:13Z,partner,77601,cancelled,,US-W
ORD-005046,2025-06-13T19:58:04Z,web,3158,refunded,,US-C
ORD-005047,2025-09-09T16:03:54Z,web,58009,cancelled,,CA
ORD-005048,2025-05-17T15:08:24Z,mobile,69546,completed,,CA
ORD-005049,2025-10-12T16:24:02Z,mobile,43008,cancelled,,US-C
ORD-005050,2025-01-17T17:27:56Z,mobile,16976,completed,,CA
ORD-005051,2025-02-20T17:48:33Z,legacy_pos,26400,completed,,US-C
ORD-005052,2025-09-08T15:28:35Z,web,79692,cancelled,,US-C
ORD-005053,2025-08-01T16:31:13Z,partner,41276,completed,,US-C
ORD-005054,2025-02-10T22:59:34Z,web,73248,cancelled,,US-C
ORD-005055,2025-02-08T20:21:32Z,partner,7488,active,,US-E
ORD-005056,2025-05-14T20:11:41Z,partner,39299,cancelled,,US-C
ORD-005057,2025-09-18T15:32:35Z,partner,82685,cancelled,,US-E
ORD-005058,2025-05-21T15:17:57Z,partner,24020,active,,CA
ORD-005059,2025-05-06T14:26:07Z,web,11540,completed,,US-C
ORD-005060,2025-10-09T14:50:29Z,partner,76425,active,,US-W
ORD-005061,2025-04-18T20:37:50Z,web,21995,active,2025-04-25T03:37:50Z,US-C
ORD-005062,2025-01-03T21:31:52Z,web,49935,refunded,2025-01-04T02:31:52Z,US-E
ORD-005063,2025-12-20T17:47:43Z,partner,78685,active,,US-W
ORD-005064,2025-04-02T17:56:26Z,web,64899,active,,US-E
ORD-005065,2025-08-01T18:41:50Z,web,62887,refunded,,US-E
ORD-005066,2025-06-02T21:30:54Z,mobile,16415,active,,CA
ORD-005067,2025-07-29T16:01:59Z,partner,21442,completed,,CA
ORD-005068,2025-09-02T14:49:37Z,partner,47262,active,,US-C
ORD-005069,2025-06-29T18:25:49Z,web,88689,cancelled,,US-W
ORD-005070,2025-03-26T22:17:12Z,web,34277,cancelled,,US-W
ORD-005071,2025-12-08T21:56:05Z,web,3525,completed,,US-C
ORD-005072,2025-09-17T19:30:29Z,partner,18067,active,,US-E
ORD-005073,2025-10-29T22:34:44Z,web,66155,completed,,CA
ORD-005074,2025-01-27T19:45:49Z,web,23006,active,,US-C
ORD-005075,2025-05-01T21:58:21Z,partner,70456,active,,US-E
ORD-005076,2025-03-07T19:01:07Z,partner,47511,active,,CA
ORD-005077,2025-10-31T21:17:29Z,web,82491,refunded,,CA
ORD-005078,2025-11-25T21:16:11Z,mobile,921,completed,,US-W
ORD-005079,2025-03-18T19:35:18Z,partner,2116,active,,US-C
ORD-005080,2025-10-07T15:00:03Z,web,59499,refunded,,US-C
ORD-005081,2025-10-29T18:42:15Z,partner,34976,cancelled,,US-E
ORD-005082,2025-04-25T22:49:48Z,web,68757,completed,,US-C
ORD-005083,2025-06-03T07:48:03Z,web,64044,completed,,CA
ORD-005084,2025-04-11T21:30:59Z,web,48774,completed,,US-C
ORD-005085,2025-04-13T15:31:14Z,mobile,8221,completed,,CA
ORD-005086,2025-08-27T19:35:34Z,mobile,58713,completed,,US-C
ORD-005087,2025-05-10T20:28:35Z,partner,17528,refunded,2025-05-18T09:28:35Z,US-W
ORD-005088,2025-02-05T21:30:23Z,partner,54188,completed,,CA
ORD-005089,2025-09-18T21:19:29Z,mobile,41904,cancelled,,US-W
ORD-005090,2025-04-11T17:49:18Z,legacy_pos,8860,cancelled,,US-W
ORD-005091,2025-11-09T23:33:44Z,web,68099,completed,,CA
ORD-005092,2025-10-29T17:51:13Z,partner,15299,active,,US-W
ORD-005093,2025-01-06T20:43:14Z,web,5449,refunded,,US-E
ORD-005094,2025-02-12T21:26:12Z,partner,6506,completed,,CA
ORD-005095,2025-01-24T07:51:49Z,mobile,78479,completed,,US-C
ORD-005096,2025-04-24T19:50:54Z,web,43441,active,,CA
ORD-005097,2025-10-09T16:11:01Z,partner,29492,completed,,US-W
ORD-005098,2025-02-10T18:12:01Z,mobile,58594,cancelled,,US-W
ORD-005099,2025-07-09T16:33:05Z,partner,53495,completed,,US-C
ORD-005100,2025-05-07T16:16:22Z,web,48618,cancelled,,US-E
ORD-005101,2025-11-26T18:49:21Z,web,73344,completed,,US-E
ORD-005102,2025-06-30T17:16:23Z,web,6596,completed,,US-E
ORD-005103,2025-05-08T14:02:43Z,legacy_pos,48900,active,,US-C
ORD-005104,2025-07-20T16:49:11Z,web,77971,active,,US-E
ORD-005105,2025-03-15T16:05:34Z,partner,39542,refunded,,US-E
ORD-005106,2025-08-10T16:39:03Z,partner,24243,completed,,US-E
ORD-005107,2025-05-21T14:03:30Z,partner,77178,active,,US-C
ORD-005108,2025-03-18T19:50:55Z,web,37695,cancelled,,US-W
ORD-005109,2025-01-23T16:00:46Z,web,87401,cancelled,,US-W
ORD-005110,2025-11-01T20:42:52Z,partner,43679,completed,,US-E
ORD-005111,2025-06-07T21:31:13Z,mobile,24656,completed,,US-C
ORD-005112,2025-03-27T21:31:18Z,partner,57961,cancelled,,US-E
ORD-005113,2025-05-10T22:30:17Z,legacy_pos,36900,active,,US-E
ORD-005114,2025-10-08T22:45:12Z,mobile,71745,cancelled,,CA
ORD-005115,2025-10-14T17:43:00Z,partner,43872,refunded,,CA
ORD-005116,2025-07-30T18:02:22Z,mobile,12687,refunded,,US-W
ORD-005117,2025-08-26T18:44:04Z,web,21351,refunded,,CA
ORD-005118,2025-11-04T19:25:59Z,partner,61917,cancelled,,US-C
ORD-005119,2025-08-03T19:19:32Z,partner,84354,cancelled,,US-E
ORD-005120,2025-03-10T20:10:08Z,web,8942,active,,US-C
ORD-005121,2025-11-16T23:32:39Z,web,84647,cancelled,,US-W
ORD-005122,2025-11-11T20:49:50Z,web,45610,cancelled,,CA
ORD-005123,2025-05-26T20:43:22Z,mobile,46593,cancelled,,CA
ORD-005124,2025-01-02T18:18:39Z,mobile,38345,active,,US-C
ORD-005125,2025-05-05T15:27:59Z,partner,63244,completed,,US-E
ORD-005126,2025-11-24T18:50:24Z,partner,70739,cancelled,,CA
ORD-005127,2025-03-15T14:14:15Z,web,26123,cancelled,,US-W
ORD-005128,2025-11-19T18:41:57Z,partner,40845,refunded,,CA
ORD-005129,2025-01-30T16:40:49Z,partner,78702,cancelled,,US-W
ORD-005130,2025-08-01T22:46:17Z,partner,7999,cancelled,,US-W
ORD-005131,2025-07-21T16:32:48Z,mobile,25680,completed,,CA
ORD-005132,2025-06-25T17:58:57Z,partner,30132,completed,,US-C
ORD-005133,2025-12-11T04:58:31Z,mobile,11428,refunded,,US-C
ORD-005134,2025-12-22T15:29:30Z,partner,85036,active,,US-E
ORD-005135,2025-03-10T18:51:09Z,mobile,36303,refunded,,US-E
ORD-005136,2025-07-31T19:27:30Z,mobile,28393,active,,US-E
ORD-005137,2025-01-02T19:15:20Z,partner,14262,cancelled,,US-E
ORD-005138,2025-12-18T17:22:13Z,partner,29629,refunded,,US-W
ORD-005139,2025-09-15T22:25:10Z,mobile,20098,active,,US-W
ORD-005140,2025-08-05T15:36:13Z,web,73503,refunded,,US-E
ORD-005141,2025-04-14T15:44:44Z,partner,36026,cancelled,,US-C
ORD-005142,2025-01-19T15:57:49Z,partner,88739,completed,,US-E
ORD-005143,2025-05-27T16:20:26Z,web,71605,refunded,,US-E
ORD-005144,2025-02-17T15:18:25Z,partner,15872,cancelled,,US-W
ORD-005145,2025-04-11T19:20:02Z,mobile,4011,refunded,,US-C
ORD-005146,2025-01-06T17:05:13Z,partner,74479,refunded,,CA
ORD-005147,2025-06-20T16:49:39Z,web,6977,completed,,US-E
ORD-005148,2025-12-10T15:58:30Z,web,52010,completed,2025-12-13T06:58:30Z,US-E
ORD-005149,2025-01-07T17:10:23Z,web,2630,cancelled,,US-W
ORD-005150,2025-08-04T21:24:21Z,mobile,58341,completed,,US-W
ORD-005151,2025-05-13T18:37:05Z,partner,56953,active,,CA
ORD-005152,2025-05-27T17:51:39Z,web,11054,refunded,,US-C
ORD-005153,2025-04-08T22:37:37Z,mobile,44577,active,,US-C
ORD-005154,2025-02-02T20:50:38Z,partner,28485,refunded,,US-E
ORD-005155,2025-10-14T21:19:15Z,partner,33020,refunded,,CA
ORD-005156,2025-10-10T18:03:20Z,mobile,21658,refunded,,CA
ORD-005157,2025-06-01T22:42:48Z,web,13610,completed,,US-W
ORD-005158,2025-10-18T19:02:45Z,partner,10795,completed,,US-E
ORD-005159,2025-02-17T20:27:40Z,mobile,82031,refunded,,US-W
ORD-005160,2025-12-01T23:22:19Z,partner,72592,refunded,,US-C
ORD-005161,2025-02-19T15:04:50Z,mobile,3052,refunded,,CA
ORD-005162,2025-11-01T21:56:19Z,mobile,50187,cancelled,,US-C
ORD-005163,2025-05-04T14:44:17Z,mobile,30308,cancelled,,US-C
ORD-005164,2025-11-22T18:32:58Z,web,31713,refunded,,US-C
ORD-005165,2025-10-26T17:59:44Z,mobile,8154,completed,2025-10-30T22:59:44Z,CA
ORD-005166,2025-09-08T17:12:27Z,mobile,22756,refunded,,US-E
ORD-005167,2025-02-11T15:36:20Z,web,80973,completed,,US-C
ORD-005168,2025-03-30T18:34:19Z,web,47032,active,,US-E
ORD-005169,2025-08-15T20:33:13Z,partner,22730,refunded,,CA
ORD-005170,2025-05-26T16:32:50Z,web,43724,refunded,,US-E
ORD-005171,2025-08-01T21:29:48Z,web,34916,cancelled,,US-W
ORD-005172,2025-08-10T19:58:46Z,web,72765,refunded,,US-C
ORD-005173,2025-08-19T15:43:34Z,partner,30289,refunded,,US-W
ORD-005174,2025-12-08T22:12:08Z,mobile,11429,active,,CA
ORD-005175,2025-09-26T18:58:35Z,mobile,81066,completed,,CA
ORD-005176,2025-07-14T15:39:27Z,partner,62818,active,,US-W
ORD-005177,2025-06-10T18:34:50Z,mobile,72893,refunded,,US-W
ORD-005178,2025-06-09T14:41:50Z,partner,76197,cancelled,,CA
ORD-005179,2025-08-14T22:44:41Z,mobile,37704,cancelled,,US-E
ORD-005180,2025-03-27T14:14:15Z,web,7107,completed,,US-W
ORD-005181,2025-08-29T14:17:09Z,mobile,76479,completed,,US-W
ORD-005182,2025-12-23T18:40:28Z,partner,79536,completed,,US-C
ORD-005183,2025-10-07T21:31:55Z,web,32784,completed,,CA
ORD-005184,2025-04-02T22:40:24Z,partner,34175,refunded,,CA
ORD-005185,2025-07-18T15:58:54Z,partner,85239,completed,,US-E
ORD-005186,2025-01-28T19:21:02Z,legacy_pos,13900,cancelled,,CA
ORD-005187,2025-12-22T22:07:03Z,mobile,29800,completed,,CA
ORD-005188,2025-11-22T06:57:33Z,legacy_pos,43070,active,,US-W
ORD-005189,2025-05-18T17:40:18Z,web,67471,refunded,,CA
ORD-005190,2025-02-11T23:10:27Z,web,65900,refunded,,CA
ORD-005191,2025-12-09T18:40:10Z,web,11332,refunded,,US-W
ORD-005192,2025-08-05T18:07:28Z,mobile,54677,active,,CA
ORD-005193,2025-06-24T20:53:58Z,partner,22005,active,,US-W
ORD-005194,2025-11-29T17:44:49Z,mobile,57854,refunded,,US-C
ORD-005195,2025-11-10T21:43:27Z,mobile,51507,cancelled,,US-C
ORD-005196,2025-11-17T17:08:34Z,mobile,52612,cancelled,,US-W
ORD-005197,2025-04-16T21:46:08Z,legacy_pos,82435,completed,,US-W
ORD-005198,2025-04-13T16:48:47Z,partner,6089,completed,,US-C
ORD-005199,2025-06-21T16:18:38Z,partner,85586,active,,US-E
ORD-005200,2025-12-27T15:59:32Z,web,36562,completed,,US-E
ORD-005201,2025-07-24T20:56:09Z,partner,74334,completed,,US-W
ORD-005202,2025-03-14T22:56:21Z,mobile,63552,refunded,,US-W
ORD-005203,2025-05-16T16:57:24Z,mobile,11507,active,,US-W
ORD-005204,2025-09-06T19:39:21Z,partner,75848,completed,,CA
ORD-005205,2025-12-18T16:00:55Z,web,17247,cancelled,,US-C
ORD-005206,2025-05-07T17:57:17Z,web,79031,completed,,CA
ORD-005207,2025-01-08T18:04:52Z,partner,80934,cancelled,,US-E
ORD-005208,2025-01-14T16:43:14Z,mobile,28276,active,,CA
ORD-005209,2025-12-25T15:13:24Z,web,66203,completed,,US-W
ORD-005210,2025-07-23T14:51:15Z,web,47696,active,,US-C
ORD-005211,2025-06-22T22:58:31Z,web,57448,refunded,,US-E
ORD-005212,2025-05-13T14:50:36Z,web,70625,completed,,US-C
ORD-005213,2025-01-28T21:22:45Z,partner,38721,refunded,,US-E
ORD-005214,2025-04-02T20:59:21Z,mobile,15663,completed,,US-E
ORD-005215,2025-07-02T20:26:08Z,web,84287,completed,,US-C
ORD-005216,2025-03-24T16:32:18Z,web,33343,completed,,US-W
ORD-005217,2025-02-04T20:31:37Z,mobile,42724,active,,US-W
ORD-005218,2025-11-01T18:17:20Z,mobile,8030,completed,,US-C
ORD-005219,2025-02-07T21:26:02Z,web,40024,completed,,US-C
ORD-005220,2025-05-03T14:40:49Z,mobile,88876,completed,,US-C
ORD-005221,2025-06-29T20:55:34Z,web,58378,active,,CA
ORD-005222,2025-04-06T20:05:55Z,web,27569,cancelled,,CA
ORD-005223,2025-01-19T20:16:23Z,mobile,48248,completed,,US-W
ORD-005224,2025-10-30T20:51:34Z,web,72906,active,,US-C
ORD-005225,2025-08-20T17:50:26Z,partner,72165,completed,,US-W
ORD-005226,2025-05-15T20:22:36Z,mobile,4041,refunded,,US-C
ORD-005227,2025-10-22T15:11:59Z,mobile,3396,cancelled,,US-E
ORD-005228,2025-05-19T14:40:43Z,partner,44484,active,,US-W
ORD-005229,2025-02-17T17:04:09Z,mobile,5118,completed,,US-W
ORD-005230,2025-08-15T14:29:33Z,web,44705,active,,US-C
ORD-005231,2025-11-15T22:03:18Z,mobile,35491,cancelled,,US-C
ORD-005232,2025-05-29T16:14:09Z,web,24006,completed,,US-E
ORD-005233,2025-11-19T21:50:19Z,mobile,10239,refunded,,US-E
ORD-005234,2025-12-16T19:11:45Z,partner,16915,active,,US-W
ORD-005235,2025-05-18T16:30:38Z,partner,32603,cancelled,,US-W
ORD-005236,2025-09-11T17:39:00Z,mobile,47843,completed,,US-E
ORD-005237,2025-06-05T16:07:10Z,web,61395,refunded,,US-E
ORD-005238,2025-07-03T15:14:17Z,mobile,25625,active,,US-C
ORD-005239,2025-09-28T18:20:38Z,partner,35694,cancelled,,US-C
ORD-005240,2025-05-19T21:57:03Z,partner,10067,refunded,,US-W
ORD-005241,2025-11-24T19:49:49Z,partner,89330,completed,,US-C
ORD-005242,2025-06-05T18:47:36Z,mobile,3110,active,,CA
ORD-005243,2025-11-23T23:56:18Z,web,37546,refunded,,US-W
ORD-005244,2025-03-23T19:21:31Z,mobile,66165,active,,US-C
ORD-005245,2025-12-19T22:04:45Z,web,8608,completed,,US-C
ORD-005246,2025-05-18T14:45:05Z,partner,68493,refunded,,US-E
ORD-005247,2025-01-15T23:11:24Z,mobile,84599,cancelled,,CA
ORD-005248,2025-08-06T22:02:49Z,web,1004,completed,,US-E
ORD-005249,2025-03-22T14:55:39Z,mobile,17788,cancelled,,US-E
ORD-005250,2025-02-06T23:08:31Z,mobile,46597,cancelled,,US-W
ORD-005251,2025-06-10T15:32:05Z,mobile,75389,cancelled,,US-E
ORD-005252,2025-01-13T20:24:25Z,mobile,9224,active,,US-W
ORD-005253,2025-12-25T17:40:16Z,mobile,81636,active,,US-W
ORD-005254,2025-10-10T20:51:22Z,web,73729,refunded,,US-C
ORD-005255,2025-03-15T18:45:06Z,partner,2365,cancelled,,CA
ORD-005256,2025-08-03T16:52:17Z,web,47885,active,,US-W
ORD-005257,2025-09-25T20:42:49Z,mobile,34820,cancelled,,US-E
ORD-005258,2025-10-17T21:02:35Z,mobile,9537,active,,US-E
ORD-005259,2025-09-22T20:35:56Z,partner,17953,active,,US-W
ORD-005260,2025-10-07T21:04:29Z,partner,83343,cancelled,,US-W
ORD-005261,2025-08-14T21:40:59Z,partner,7160,active,,US-W
ORD-005262,2025-08-09T21:33:15Z,partner,53647,completed,2025-08-10T13:33:15Z,US-W
ORD-005263,2025-11-19T19:56:28Z,mobile,50395,refunded,,US-E
ORD-005264,2025-08-09T14:29:07Z,mobile,79033,refunded,,US-W
ORD-005265,2025-09-06T19:47:57Z,web,2464,active,,CA
ORD-005266,2025-11-12T16:27:09Z,partner,41436,cancelled,,US-E
ORD-005267,2025-06-19T21:55:02Z,web,42108,active,,US-E
ORD-005268,2025-11-07T17:34:01Z,partner,78285,completed,,US-C
ORD-005269,2025-09-06T16:13:26Z,web,41919,active,,US-C
ORD-005270,2025-11-24T22:07:52Z,web,36148,active,,US-C
ORD-005271,2025-08-17T17:49:17Z,partner,38072,refunded,,CA
ORD-005272,2025-07-13T18:14:59Z,web,76009,completed,,US-W
ORD-005273,2025-02-03T15:37:30Z,web,88000,completed,,CA
ORD-005274,2025-03-03T21:42:49Z,mobile,36647,active,,US-W
ORD-005275,2025-08-06T18:49:50Z,partner,55669,refunded,,US-C
ORD-005276,2025-05-06T20:11:03Z,mobile,63138,cancelled,,US-W
ORD-005277,2025-05-19T15:26:02Z,web,40452,refunded,,US-E
ORD-005278,2025-11-07T22:12:26Z,web,27902,refunded,,US-E
ORD-005279,2025-05-07T19:00:02Z,web,7701,completed,,US-E
ORD-005280,2025-07-11T15:14:56Z,web,88844,refunded,,US-C
ORD-005281,2025-08-15T17:45:18Z,legacy_pos,2300,active,,CA
ORD-005282,2025-06-07T18:48:47Z,partner,63064,completed,,US-E
ORD-005283,2025-05-31T20:01:00Z,mobile,42142,completed,,CA
ORD-005284,2025-03-10T19:30:56Z,web,62213,completed,,US-E
ORD-005285,2025-06-03T19:37:17Z,partner,2204,completed,,US-C
ORD-005286,2025-07-18T19:16:35Z,mobile,56660,cancelled,,US-C
ORD-005287,2025-10-09T14:32:56Z,partner,56277,completed,,CA
ORD-005288,2025-11-10T15:20:30Z,partner,11852,completed,,US-W
ORD-005289,2025-12-06T19:39:01Z,web,17444,refunded,,US-W
ORD-005290,2025-08-31T21:06:43Z,partner,4532,cancelled,,US-W
ORD-005291,2025-12-12T17:53:46Z,web,48632,completed,,CA
ORD-005292,2025-01-22T15:46:32Z,mobile,17419,active,2025-01-24T20:46:32Z,CA
ORD-005293,2025-10-21T14:04:52Z,web,3269,cancelled,,CA
ORD-005294,2025-08-06T18:28:59Z,mobile,64213,active,,US-W
ORD-005295,2025-11-28T22:12:54Z,legacy_pos,15500,refunded,,US-C
ORD-005296,2025-04-24T20:57:51Z,mobile,86052,active,,US-W
ORD-005297,2025-12-11T22:27:43Z,mobile,51501,refunded,,CA
ORD-005298,2025-10-04T16:02:33Z,mobile,41866,completed,,US-C
ORD-005299,2025-03-18T22:52:36Z,partner,49106,cancelled,,US-W
ORD-005300,2025-09-26T14:53:18Z,web,30236,refunded,,CA
ORD-005301,2025-05-20T19:12:04Z,web,28843,completed,,CA
ORD-005302,2025-03-01T17:25:14Z,mobile,53916,completed,,US-E
ORD-005303,2025-01-21T20:03:15Z,mobile,50295,active,,CA
ORD-005304,2025-02-27T20:14:56Z,partner,33654,completed,,US-C
ORD-005305,2025-08-03T14:29:18Z,mobile,28705,refunded,,US-W
ORD-005306,2025-04-11T16:30:18Z,mobile,37679,cancelled,,US-C
ORD-005307,2025-02-10T20:50:45Z,web,61325,active,,US-C
ORD-005308,2025-04-28T07:02:12Z,web,50076,cancelled,,US-E
ORD-005309,2025-11-23T21:56:00Z,mobile,40886,refunded,,US-E
ORD-005310,2025-02-18T21:57:01Z,web,18431,cancelled,,US-C
ORD-005311,2025-08-16T14:06:46Z,partner,27007,active,,CA
ORD-005312,2025-09-03T21:05:21Z,partner,42356,refunded,,US-W
ORD-005313,2025-09-24T16:00:13Z,mobile,63015,cancelled,,US-W
ORD-005314,2025-04-15T15:17:47Z,web,12947,active,,US-C
ORD-005315,2025-09-11T16:25:47Z,web,11485,refunded,,US-W
ORD-005316,2025-12-15T23:35:41Z,web,56851,active,,US-C
ORD-005317,2025-05-19T19:24:35Z,partner,3969,refunded,,US-W
ORD-005318,2025-01-03T21:37:59Z,mobile,86962,completed,,US-W
ORD-005319,2025-11-13T21:55:57Z,partner,87455,completed,,CA
ORD-005320,2025-05-24T22:20:23Z,web,50623,refunded,,CA
ORD-005321,2025-02-17T19:37:11Z,mobile,16045,cancelled,,US-W
ORD-005322,2025-03-02T16:52:16Z,partner,741,completed,,US-W
ORD-005323,2025-07-05T21:25:51Z,mobile,36586,cancelled,2025-07-12T19:25:51Z,CA
ORD-005324,2025-11-10T17:31:15Z,mobile,36610,refunded,,US-C
ORD-005325,2025-10-25T14:11:10Z,mobile,77888,refunded,,US-C
ORD-005326,2025-12-03T16:12:01Z,web,28625,active,,US-W
ORD-005327,2025-06-02T20:39:06Z,partner,60872,completed,,US-E
ORD-005328,2025-05-09T18:10:49Z,mobile,15110,refunded,,US-W
ORD-005329,2025-01-29T15:09:45Z,legacy_pos,16400,active,,US-E
ORD-005330,2025-11-13T20:59:34Z,mobile,23018,refunded,,US-W
ORD-005331,2025-10-20T17:31:24Z,partner,14578,completed,,US-C
ORD-005332,2025-07-11T22:37:33Z,web,88517,refunded,,US-W
ORD-005333,2025-08-15T14:24:08Z,mobile,26832,refunded,,US-C
ORD-005334,2025-02-03T20:17:23Z,mobile,81623,cancelled,,US-W
ORD-005335,2025-03-13T17:29:49Z,web,14080,refunded,,US-E
ORD-005336,2025-08-15T18:02:42Z,web,78002,active,,US-W
ORD-005337,2025-12-17T15:40:20Z,web,39788,refunded,,US-W
ORD-005338,2025-10-26T15:33:32Z,legacy_pos,85200,active,,US-E
ORD-005339,2025-02-05T21:45:25Z,partner,57662,cancelled,,CA
ORD-005340,2025-07-28T17:35:40Z,web,13011,active,,US-C
ORD-005341,2025-12-30T23:09:32Z,mobile,30688,refunded,,US-W
ORD-005342,2025-02-04T16:59:18Z,web,40021,completed,,CA
ORD-005343,2025-09-08T21:28:30Z,mobile,16263,cancelled,,CA
ORD-005344,2025-12-31T20:39:20Z,web,33822,active,,US-W
ORD-005345,2025-12-22T20:37:51Z,web,22685,active,,CA
ORD-005346,2025-11-21T18:15:38Z,web,21879,completed,,US-C
ORD-005347,2025-02-14T06:57:40Z,partner,24273,cancelled,,US-C
ORD-005348,2025-10-17T20:12:41Z,web,80822,cancelled,,US-C
ORD-005349,2025-04-23T14:24:44Z,partner,41942,refunded,,US-W
ORD-005350,2025-01-26T17:36:14Z,web,75365,active,,US-C
ORD-005351,2025-10-02T20:39:37Z,web,7538,active,,CA
ORD-005352,2025-04-17T22:16:53Z,mobile,51598,cancelled,,US-W
ORD-005353,2025-01-04T21:04:04Z,web,14769,refunded,,US-E
ORD-005354,2025-12-17T20:04:18Z,partner,48228,refunded,,US-W
ORD-005355,2025-02-02T19:22:18Z,mobile,84731,cancelled,,US-C
ORD-005356,2025-03-24T22:59:30Z,web,39325,refunded,,US-E
ORD-005357,2025-09-30T14:35:54Z,partner,63598,refunded,,CA
ORD-005358,2025-08-04T19:21:13Z,legacy_pos,62172,refunded,,US-C
ORD-005359,2025-01-07T16:42:39Z,mobile,67982,completed,,US-W
ORD-005360,2025-12-14T18:20:33Z,mobile,78604,active,,US-W
ORD-005361,2025-10-10T22:07:55Z,mobile,51381,cancelled,,US-W
ORD-005362,2025-04-07T21:15:14Z,mobile,28556,refunded,,US-E
ORD-005363,2025-10-07T16:46:43Z,partner,28321,completed,,US-E
ORD-005364,2025-05-15T20:56:15Z,web,64330,completed,,US-E
ORD-005365,2025-08-13T20:40:53Z,mobile,503,cancelled,,US-E
ORD-005366,2025-11-28T16:21:23Z,web,59939,cancelled,,CA
ORD-005367,2025-06-15T20:34:54Z,partner,47074,refunded,,US-E
ORD-005368,2025-08-01T19:01:35Z,mobile,18520,active,,US-C
ORD-005369,2025-09-05T01:25:59Z,partner,55004,refunded,,US-W
ORD-005370,2025-04-05T14:09:21Z,partner,19712,completed,,US-E
ORD-005371,2025-10-09T14:46:09Z,web,11409,completed,,US-W
ORD-005372,2025-10-16T16:12:31Z,mobile,14305,cancelled,,CA
ORD-005373,2025-08-09T16:30:09Z,web,28571,active,,US-E
ORD-005374,2025-06-04T20:14:11Z,mobile,88023,refunded,,US-W
ORD-005375,2025-02-24T17:09:14Z,web,49948,completed,,CA
ORD-005376,2025-04-01T18:58:52Z,partner,4032,refunded,,US-E
ORD-005377,2025-08-14T16:18:35Z,web,73811,refunded,,CA
ORD-005378,2025-09-12T19:38:13Z,web,52341,cancelled,,US-E
ORD-005379,2025-02-28T16:37:15Z,mobile,16855,active,,CA
ORD-005380,2025-11-20T19:54:46Z,web,81989,cancelled,,CA
ORD-005381,2025-03-14T14:54:37Z,partner,31487,completed,,CA
ORD-005382,2025-12-05T02:24:15Z,mobile,47454,cancelled,,US-W
ORD-005383,2025-03-09T21:55:04Z,partner,2034,completed,2025-03-14T05:55:04Z,US-C
ORD-005384,2025-05-20T21:11:07Z,mobile,18354,cancelled,,US-C
ORD-005385,2025-10-10T07:10:58Z,partner,3328,active,,CA
ORD-005386,2025-11-26T23:42:36Z,partner,73944,refunded,,US-W
ORD-005387,2025-09-05T21:53:46Z,mobile,73226,cancelled,,US-W
ORD-005388,2025-01-10T16:47:23Z,partner,33035,active,,CA
ORD-005389,2025-01-06T16:12:03Z,web,78604,cancelled,,US-C
ORD-005390,2025-08-19T21:47:59Z,mobile,7343,cancelled,,US-C
ORD-005391,2025-05-18T19:55:09Z,web,59122,cancelled,,US-W
ORD-005392,2025-10-17T16:11:31Z,partner,39124,refunded,2025-10-21T12:11:31Z,US-W
ORD-005393,2025-03-31T19:14:29Z,mobile,42700,active,,US-C
ORD-005394,2025-09-22T16:11:26Z,mobile,7556,active,,US-W
ORD-005395,2025-12-12T20:00:32Z,web,88723,completed,,US-C
ORD-005396,2025-03-21T21:04:49Z,partner,8178,completed,,CA
ORD-005397,2025-04-28T07:42:35Z,partner,78886,cancelled,,US-E
ORD-005398,2025-09-01T15:52:23Z,mobile,6470,active,,US-W
ORD-005399,2025-10-29T21:56:18Z,partner,12619,active,,US-E
ORD-005400,2025-02-13T15:32:49Z,partner,73796,completed,,US-W
ORD-005401,2025-12-11T18:43:37Z,web,40204,completed,,CA
ORD-005402,2025-10-17T22:36:15Z,mobile,13526,active,,US-C
ORD-005403,2025-06-21T16:30:31Z,web,72208,cancelled,,US-E
ORD-005404,2025-10-10T17:42:44Z,partner,86432,active,,US-W
ORD-005405,2025-06-09T15:04:45Z,web,87156,cancelled,,CA
ORD-005406,2025-02-19T23:24:58Z,web,54167,refunded,,US-C
ORD-005407,2025-07-24T07:06:58Z,partner,56534,completed,,US-W
ORD-005408,2025-09-13T21:24:45Z,mobile,89164,refunded,2025-09-17T23:24:45Z,CA
ORD-005409,2025-12-05T23:37:02Z,mobile,62164,refunded,,US-E
ORD-005410,2025-02-28T21:32:08Z,web,38108,cancelled,,CA
ORD-005411,2025-02-07T18:54:17Z,mobile,64890,refunded,,CA
ORD-005412,2025-08-05T14:49:45Z,partner,10482,cancelled,,CA
ORD-005413,2025-07-31T17:26:35Z,legacy_pos,59101,active,,US-C
ORD-005414,2025-03-13T22:22:54Z,partner,18316,refunded,,CA
ORD-005415,2025-07-15T16:06:12Z,web,1626,refunded,,CA
ORD-005416,2025-01-27T23:56:55Z,web,8685,refunded,2025-02-03T09:56:55Z,CA
ORD-005417,2025-05-25T22:26:44Z,partner,48473,active,,US-W
ORD-005418,2025-03-09T16:23:05Z,partner,78427,completed,,US-C
ORD-005419,2025-11-10T21:03:05Z,web,77388,refunded,,US-C
ORD-005420,2025-12-14T21:13:43Z,partner,24177,refunded,,US-E
ORD-005421,2025-12-10T20:09:39Z,partner,44102,completed,,CA
ORD-005422,2025-01-23T00:48:34Z,web,74243,refunded,,CA
ORD-005423,2025-07-09T18:40:27Z,partner,10060,active,,US-E
ORD-005424,2025-05-26T15:36:14Z,partner,57864,completed,,US-E
ORD-005425,2025-05-11T15:08:43Z,partner,54577,completed,,CA
ORD-005426,2025-07-31T16:50:01Z,web,75982,active,,US-C
ORD-005427,2025-09-15T20:55:19Z,partner,46271,cancelled,,US-E
ORD-005428,2025-08-05T17:51:33Z,partner,12984,completed,,CA
ORD-005429,2025-10-11T22:28:23Z,partner,37231,cancelled,,US-E
ORD-005430,2025-12-30T17:06:18Z,partner,68987,completed,,US-W
ORD-005431,2025-07-13T18:48:28Z,mobile,45489,active,,US-C
ORD-005432,2025-08-12T14:22:03Z,partner,32009,refunded,,US-W
ORD-005433,2025-05-06T14:43:09Z,partner,25192,completed,,US-C
ORD-005434,2025-06-10T21:45:59Z,mobile,29609,cancelled,,US-W
ORD-005435,2025-10-23T20:12:29Z,web,13540,completed,,US-W
ORD-005436,2025-12-08T19:16:39Z,partner,80865,cancelled,,US-C
ORD-005437,2025-06-22T15:32:19Z,mobile,21756,active,,US-W
ORD-005438,2025-07-23T22:13:55Z,web,44829,active,,CA
ORD-005439,2025-11-01T16:23:15Z,partner,87366,active,,US-C
ORD-005440,2025-10-01T14:53:57Z,partner,45977,completed,,US-E
ORD-005441,2025-02-02T20:20:07Z,partner,59281,refunded,,US-W
ORD-005442,2025-06-27T18:23:49Z,mobile,19314,completed,,US-C
ORD-005443,2025-02-14T20:08:47Z,web,87806,active,,US-C
ORD-005444,2025-08-19T20:30:10Z,web,34262,completed,,US-E
ORD-005445,2025-08-31T21:07:56Z,web,56208,active,,US-E
ORD-005446,2025-08-03T22:19:04Z,web,39841,completed,,US-W
ORD-005447,2025-07-09T17:55:45Z,partner,69753,active,,US-C
ORD-005448,2025-08-25T22:51:53Z,web,13566,cancelled,,US-E
ORD-005449,2025-04-03T18:07:29Z,web,20190,active,,CA
ORD-005450,2025-09-09T21:42:33Z,mobile,35558,active,,US-C
ORD-005451,2025-12-16T23:59:40Z,mobile,76871,completed,,US-C
ORD-005452,2025-07-02T21:29:33Z,web,23564,refunded,2025-07-03T01:29:33Z,US-C
ORD-005453,2025-11-20T23:58:18Z,web,44269,cancelled,,US-C
ORD-005454,2025-10-02T14:12:42Z,web,39936,completed,2025-10-10T03:12:42Z,US-C
ORD-005455,2025-04-03T21:36:16Z,partner,82449,cancelled,,US-E
ORD-005456,2025-05-21T21:07:09Z,partner,74822,active,,CA
ORD-005457,2025-04-21T20:02:32Z,mobile,83266,cancelled,2025-04-26T07:02:32Z,CA
ORD-005458,2025-07-28T19:28:20Z,web,53850,refunded,,US-C
ORD-005459,2025-02-28T20:39:16Z,partner,52454,active,,US-W
ORD-005460,2025-08-02T18:52:11Z,mobile,68597,refunded,,CA
ORD-005461,2025-11-02T15:20:12Z,web,15412,refunded,,US-W
ORD-005462,2025-08-28T16:55:53Z,partner,34620,refunded,,US-C
ORD-005463,2025-12-02T17:16:28Z,mobile,68395,refunded,,US-E
ORD-005464,2025-11-28T18:05:13Z,partner,25186,completed,,CA
ORD-005465,2025-10-15T19:28:06Z,mobile,6055,cancelled,2025-10-17T00:28:06Z,CA
ORD-005466,2025-05-13T15:48:43Z,mobile,71904,active,,CA
ORD-005467,2025-10-02T14:32:43Z,web,64292,completed,,US-E
ORD-005468,2025-07-04T20:10:49Z,partner,64099,cancelled,,US-E
ORD-005469,2025-11-08T21:57:29Z,mobile,55359,completed,,US-W
ORD-005470,2025-08-15T20:00:29Z,web,4103,cancelled,,CA
ORD-005471,2025-11-08T16:08:53Z,partner,8122,refunded,,US-C
ORD-005472,2025-04-17T19:56:12Z,mobile,81134,active,,US-W
ORD-005473,2025-02-20T17:57:30Z,web,37876,cancelled,,CA
ORD-005474,2025-01-28T18:25:39Z,partner,77439,refunded,,US-C
ORD-005475,2025-01-20T16:49:09Z,mobile,39898,refunded,,US-W
ORD-005476,2025-06-08T20:09:58Z,web,25890,completed,,US-W
ORD-005477,2025-09-26T22:52:58Z,partner,24867,active,,US-E
ORD-005478,2025-02-10T16:35:48Z,web,19567,cancelled,,US-E
ORD-005479,2025-12-31T23:14:04Z,partner,38026,cancelled,,CA
ORD-005480,2025-04-11T19:54:05Z,mobile,87793,completed,,US-E
ORD-005481,2025-05-08T21:59:41Z,partner,61639,cancelled,,US-C
ORD-005482,2025-10-02T17:27:07Z,mobile,47324,completed,,US-C
ORD-005483,2025-11-08T16:51:01Z,partner,43167,cancelled,,CA
ORD-005484,2025-04-05T17:24:41Z,mobile,73375,completed,,CA
ORD-005485,2025-07-20T17:12:43Z,web,83163,refunded,,US-C
ORD-005486,2025-08-04T18:48:01Z,web,75659,completed,2025-08-05T07:48:01Z,CA
ORD-005487,2025-08-02T22:19:34Z,partner,89819,completed,,US-E
ORD-005488,2025-07-07T21:11:45Z,web,25939,active,,US-W
ORD-005489,2025-04-16T19:28:25Z,web,53585,active,,US-W
ORD-005490,2025-09-08T19:04:31Z,web,43298,cancelled,,CA
ORD-005491,2025-07-29T20:04:25Z,mobile,38418,cancelled,,CA
ORD-005492,2025-11-06T16:24:46Z,web,13952,active,,CA
ORD-005493,2025-07-05T20:15:28Z,mobile,31101,refunded,,US-E
ORD-005494,2025-11-29T23:29:12Z,partner,19439,cancelled,,CA
ORD-005495,2025-02-07T15:33:17Z,partner,67995,cancelled,,US-E
ORD-005496,2025-09-24T20:11:09Z,partner,18125,cancelled,,US-W
ORD-005497,2025-09-14T15:24:19Z,web,80862,active,,US-C
ORD-005498,2025-09-22T15:47:11Z,mobile,74205,refunded,,US-W
ORD-005499,2025-04-20T19:39:30Z,mobile,80771,completed,,US-W
ORD-005500,2025-07-02T21:14:57Z,partner,59361,cancelled,,US-E
ORD-005501,2025-12-26T17:56:25Z,mobile,49506,cancelled,,CA
ORD-005502,2025-06-09T20:15:43Z,web,84057,completed,,US-E
ORD-005503,2025-01-27T22:30:38Z,partner,64582,refunded,,US-C
ORD-005504,2025-09-22T14:48:23Z,web,25495,refunded,,CA
ORD-005505,2025-09-27T15:17:27Z,web,26085,completed,,US-E
ORD-005506,2025-09-02T20:49:29Z,mobile,40632,refunded,,US-C
ORD-005507,2025-04-30T16:17:01Z,mobile,10012,completed,,US-E
ORD-005508,2025-08-20T21:12:53Z,partner,58283,active,,US-E
ORD-005509,2025-11-02T01:25:15Z,partner,14918,cancelled,,US-C
ORD-005510,2025-04-19T14:50:47Z,partner,16711,completed,,US-C
ORD-005511,2025-10-13T15:20:19Z,web,37713,active,,US-W
ORD-005512,2025-08-26T20:11:16Z,web,78971,refunded,,US-W
ORD-005513,2025-08-26T19:25:15Z,legacy_pos,61400,cancelled,,CA
ORD-005514,2025-05-14T15:07:46Z,mobile,51773,cancelled,,US-C
ORD-005515,2025-10-02T19:38:52Z,web,42285,refunded,,CA
ORD-005516,2025-05-28T16:19:20Z,mobile,76930,refunded,,CA
ORD-005517,2025-09-04T21:51:45Z,web,17366,cancelled,,US-W
ORD-005518,2025-10-02T20:27:25Z,web,9533,cancelled,,US-W
ORD-005519,2025-03-30T17:15:30Z,partner,47618,cancelled,,US-E
ORD-005520,2025-10-08T16:08:08Z,web,84064,active,,US-E
ORD-005521,2025-02-26T21:44:42Z,partner,27765,completed,,CA
ORD-005522,2025-03-21T06:17:39Z,partner,19730,active,,CA
ORD-005523,2025-08-21T14:53:22Z,partner,64037,completed,,US-E
ORD-005524,2025-08-19T16:47:03Z,web,37136,refunded,,US-W
ORD-005525,2025-08-14T19:18:01Z,mobile,37021,refunded,,CA
ORD-005526,2025-04-25T20:17:15Z,web,26814,active,,US-C
ORD-005527,2025-12-12T16:33:43Z,mobile,65861,active,,CA
ORD-005528,2025-08-26T20:47:16Z,partner,74561,cancelled,,CA
ORD-005529,2025-01-11T17:32:31Z,web,8421,refunded,,US-E
ORD-005530,2025-05-07T19:30:50Z,web,51485,completed,,CA
ORD-005531,2025-01-20T15:38:32Z,mobile,38837,completed,,US-W
ORD-005532,2025-02-09T15:06:15Z,web,17570,refunded,,US-C
ORD-005533,2025-10-20T16:26:56Z,web,69961,completed,,US-W
ORD-005534,2025-08-30T14:52:31Z,mobile,11515,refunded,,CA
ORD-005535,2025-12-06T19:54:10Z,mobile,5198,completed,,CA
ORD-005536,2025-02-19T19:29:43Z,mobile,49456,cancelled,,CA
ORD-005537,2025-05-10T20:57:34Z,partner,86985,completed,,CA
ORD-005538,2025-10-12T17:20:58Z,mobile,73352,completed,,US-W
ORD-005539,2025-12-12T16:57:19Z,partner,82971,cancelled,,US-E
ORD-005540,2025-09-09T17:55:54Z,web,86782,cancelled,,US-E
ORD-005541,2025-07-27T20:39:15Z,partner,38083,refunded,,CA
ORD-005542,2025-07-31T14:33:16Z,legacy_pos,22000,cancelled,,CA
ORD-005543,2025-06-18T16:27:39Z,partner,72503,completed,,US-W
ORD-005544,2025-03-11T14:38:27Z,web,84270,refunded,,US-C
ORD-005545,2025-08-27T16:36:39Z,web,4408,completed,,US-C
ORD-005546,2025-02-25T22:32:14Z,partner,49921,active,2025-03-02T18:32:14Z,US-C
ORD-005547,2025-04-04T19:20:28Z,mobile,51565,completed,,US-C
ORD-005548,2025-01-01T18:30:27Z,web,60690,refunded,,CA
ORD-005549,2025-02-18T16:32:40Z,mobile,75664,cancelled,,US-E
ORD-005550,2025-06-19T07:15:43Z,partner,63738,refunded,,US-C
ORD-005551,2025-07-17T14:18:52Z,mobile,35902,completed,,US-W
ORD-005552,2025-06-30T17:47:58Z,web,68705,completed,,CA
ORD-005553,2025-08-08T17:34:10Z,mobile,16111,refunded,,US-W
ORD-005554,2025-08-10T16:44:05Z,web,49554,cancelled,,US-E
ORD-005555,2025-04-28T14:40:40Z,web,21353,refunded,,US-E
ORD-005556,2025-12-09T22:06:24Z,partner,64190,active,,US-C
ORD-005557,2025-03-08T19:15:13Z,web,35930,cancelled,,US-E
ORD-005558,2025-09-18T14:08:36Z,mobile,19813,refunded,,US-E
ORD-005559,2025-03-21T17:36:11Z,partner,1361,active,,CA
ORD-005560,2025-06-13T20:11:44Z,mobile,72501,refunded,,US-C
ORD-005561,2025-04-10T17:41:12Z,partner,11037,cancelled,,US-W
ORD-005562,2025-09-14T20:57:12Z,partner,27816,refunded,,US-E
ORD-005563,2025-12-11T16:02:38Z,web,74996,active,,US-C
ORD-005564,2025-06-04T16:53:04Z,partner,75820,active,,US-C
ORD-005565,2025-03-16T17:59:17Z,mobile,21476,completed,,US-W
ORD-005566,2025-08-06T19:15:27Z,partner,81863,refunded,,CA
ORD-005567,2025-10-18T19:32:48Z,web,10600,active,,US-C
ORD-005568,2025-03-30T14:09:07Z,web,35593,refunded,,CA
ORD-005569,2025-05-13T22:08:01Z,mobile,46360,cancelled,,CA
ORD-005570,2025-07-02T19:50:24Z,mobile,51670,completed,,US-W
ORD-005571,2025-07-29T21:35:51Z,partner,58751,cancelled,,US-W
ORD-005572,2025-04-10T15:04:40Z,mobile,52895,refunded,,US-C
ORD-005573,2025-08-31T20:00:28Z,mobile,87349,refunded,,CA
ORD-005574,2025-09-07T17:56:15Z,mobile,56549,completed,,CA
ORD-005575,2025-01-20T16:02:31Z,mobile,35077,completed,,US-E
ORD-005576,2025-06-05T19:07:44Z,web,64049,cancelled,,US-W
ORD-005577,2025-08-09T21:43:57Z,partner,75621,cancelled,,US-C
ORD-005578,2025-07-27T21:31:30Z,mobile,16759,completed,,US-E
ORD-005579,2025-09-28T17:11:26Z,web,68477,cancelled,,US-E
ORD-005580,2025-12-05T23:47:38Z,web,56396,refunded,2025-12-09T09:47:38Z,US-W
ORD-005581,2025-01-23T21:20:51Z,mobile,11435,cancelled,2025-01-24T04:20:51Z,US-C
ORD-005582,2025-10-07T21:21:44Z,mobile,68356,cancelled,,CA
ORD-005583,2025-09-10T14:07:24Z,mobile,16157,active,,US-W
ORD-005584,2025-01-21T18:18:11Z,mobile,81078,completed,,US-C
ORD-005585,2025-06-03T21:23:12Z,mobile,76724,refunded,,CA
ORD-005586,2025-04-11T17:09:47Z,mobile,17350,cancelled,,US-C
ORD-005587,2025-01-14T21:09:58Z,web,86016,active,,US-C
ORD-005588,2025-10-19T14:42:14Z,partner,8809,cancelled,,CA
ORD-005589,2025-04-04T14:10:53Z,mobile,45399,completed,,US-W
ORD-005590,2025-01-30T21:28:45Z,partner,30112,cancelled,,US-C
ORD-005591,2025-12-15T19:34:46Z,partner,55971,completed,,US-C
ORD-005592,2025-06-26T14:24:09Z,partner,73401,active,,US-E
ORD-005593,2025-05-20T05:42:55Z,legacy_pos,83067,cancelled,,US-E
ORD-005594,2025-09-10T15:11:10Z,mobile,35304,active,,CA
ORD-005595,2025-04-07T17:02:03Z,partner,34145,active,,US-C
ORD-005596,2025-08-29T16:51:26Z,partner,9447,completed,,US-E
ORD-005597,2025-11-29T20:00:18Z,web,7463,refunded,,US-W
ORD-005598,2025-04-30T21:46:42Z,web,71786,refunded,,CA
ORD-005599,2025-05-07T14:10:14Z,mobile,35199,completed,,US-E
ORD-005600,2025-05-26T16:52:10Z,legacy_pos,67600,cancelled,,US-W
ORD-005601,2025-10-05T14:53:14Z,partner,29452,refunded,,CA
ORD-005602,2025-11-16T16:39:38Z,mobile,5138,refunded,,US-W
ORD-005603,2025-05-16T20:17:55Z,web,76830,completed,,US-C
ORD-005604,2025-07-31T21:49:05Z,web,44855,refunded,,US-W
ORD-005605,2025-10-01T22:08:52Z,partner,33735,active,,US-C
ORD-005606,2025-11-10T20:21:54Z,partner,50555,completed,,CA
ORD-005607,2025-08-05T17:14:18Z,mobile,12710,completed,,US-W
ORD-005608,2025-09-23T16:42:58Z,web,65900,cancelled,,CA
ORD-005609,2025-09-07T20:53:53Z,partner,68614,cancelled,,CA
ORD-005610,2025-12-23T17:05:19Z,web,88955,refunded,,CA
ORD-005611,2025-02-01T18:28:02Z,mobile,14184,active,,US-W
ORD-005612,2025-10-17T20:17:11Z,mobile,72713,cancelled,,US-W
ORD-005613,2025-04-13T18:11:11Z,partner,86577,active,,US-C
ORD-005614,2025-12-27T21:30:34Z,mobile,10411,refunded,,US-E
ORD-005615,2025-08-28T17:52:26Z,mobile,31233,cancelled,,US-W
ORD-005616,2025-04-16T21:20:34Z,web,58350,cancelled,,US-W
ORD-005617,2025-09-20T18:34:45Z,legacy_pos,33739,cancelled,,US-E
ORD-005618,2025-10-03T15:48:44Z,web,33764,completed,,US-E
ORD-005619,2025-08-29T15:47:20Z,web,44135,refunded,,US-C
ORD-005620,2025-01-08T20:53:07Z,web,79484,active,,US-W
ORD-005621,2025-09-26T17:46:23Z,mobile,63451,cancelled,,CA
ORD-005622,2025-06-14T14:03:04Z,web,73008,active,,US-C
ORD-005623,2025-09-23T22:38:41Z,web,33332,completed,,CA
ORD-005624,2025-03-18T21:03:36Z,partner,89608,active,,US-E
ORD-005625,2025-09-16T15:57:35Z,mobile,32822,active,,CA
ORD-005626,2025-06-12T22:07:29Z,web,48649,cancelled,,CA
ORD-005627,2025-07-22T21:06:08Z,web,57623,cancelled,,US-C
ORD-005628,2025-01-26T18:55:42Z,partner,24967,completed,,US-E
ORD-005629,2025-05-19T18:05:27Z,partner,66386,active,,US-E
ORD-005630,2025-01-13T18:51:24Z,web,27048,active,,US-C
ORD-005631,2025-09-02T19:48:47Z,partner,15910,refunded,,CA
ORD-005632,2025-03-31T21:36:20Z,web,38139,active,,US-W
ORD-005633,2025-03-31T16:57:29Z,partner,77534,cancelled,2025-04-03T21:57:29Z,CA
ORD-005634,2025-08-26T17:32:39Z,web,17200,refunded,,US-W
ORD-005635,2025-03-21T18:56:58Z,web,42486,cancelled,,US-W
ORD-005636,2025-02-07T18:12:51Z,web,3723,refunded,,US-C
ORD-005637,2025-05-22T22:09:34Z,mobile,51065,completed,,US-W
ORD-005638,2025-07-08T21:03:27Z,web,86379,cancelled,,US-C
ORD-005639,2025-11-15T23:55:21Z,web,67497,completed,,US-C
ORD-005640,2025-07-23T14:49:53Z,mobile,23675,cancelled,,US-W
ORD-005641,2025-12-23T23:48:02Z,mobile,8696,cancelled,,US-C
ORD-005642,2025-04-18T19:24:43Z,web,68664,refunded,,US-W
ORD-005643,2025-08-08T14:20:57Z,web,60411,active,,US-W
ORD-005644,2025-07-20T22:06:39Z,web,35698,completed,,US-C
ORD-005645,2025-11-21T16:39:47Z,web,51833,active,,US-C
ORD-005646,2025-07-27T15:32:09Z,mobile,83170,refunded,,US-C
ORD-005647,2025-07-18T17:58:27Z,mobile,66193,cancelled,,US-C
ORD-005648,2025-07-21T20:06:54Z,web,80944,refunded,,US-W
ORD-005649,2025-09-24T17:19:24Z,partner,638,completed,,US-W
ORD-005650,2025-11-18T20:52:49Z,web,9464,refunded,,CA
ORD-005651,2025-08-19T20:36:31Z,partner,88201,active,,CA
ORD-005652,2025-03-31T18:28:39Z,mobile,44815,completed,,US-C
ORD-005653,2025-03-25T20:23:15Z,mobile,9610,completed,,US-E
ORD-005654,2025-12-17T22:56:59Z,partner,42886,cancelled,,US-W
ORD-005655,2025-06-02T16:09:08Z,mobile,33946,active,,US-C
ORD-005656,2025-02-10T15:22:55Z,mobile,34718,active,,US-C
ORD-005657,2025-05-22T22:36:20Z,mobile,62533,completed,,US-W
ORD-005658,2025-05-26T20:37:50Z,web,31634,completed,,US-W
ORD-005659,2025-07-16T15:52:34Z,web,73994,completed,,US-C
ORD-005660,2025-04-03T21:14:48Z,partner,74610,refunded,,US-C
ORD-005661,2025-03-09T20:21:25Z,mobile,43300,active,,US-C
ORD-005662,2025-02-22T22:42:18Z,partner,47385,active,,US-W
ORD-005663,2025-10-18T14:54:21Z,partner,87466,active,,US-W
ORD-005664,2025-06-06T14:08:27Z,partner,48971,active,,US-E
ORD-005665,2025-04-17T18:00:38Z,web,85971,completed,,US-E
ORD-005666,2025-03-02T21:59:04Z,mobile,1610,refunded,,US-W
ORD-005667,2025-05-17T16:06:39Z,mobile,26916,completed,,US-C
ORD-005668,2025-07-27T16:06:02Z,partner,24796,refunded,,CA
ORD-005669,2025-04-09T21:05:00Z,partner,41293,active,,US-C
ORD-005670,2025-09-20T19:43:36Z,web,33338,refunded,,CA
ORD-005671,2025-08-24T14:55:44Z,web,30569,completed,,CA
ORD-005672,2025-01-03T23:55:14Z,legacy_pos,80812,active,,US-E
ORD-005673,2025-05-03T17:01:08Z,web,51559,refunded,,US-C
ORD-005674,2025-12-11T20:29:41Z,mobile,74442,cancelled,,US-W
ORD-005675,2025-06-26T14:05:36Z,partner,55663,refunded,,US-E
ORD-005676,2025-11-28T17:41:47Z,web,47096,completed,,US-E
ORD-005677,2025-01-04T16:28:13Z,web,80846,completed,,CA
ORD-005678,2025-10-05T15:49:19Z,mobile,531,refunded,,US-W
ORD-005679,2025-02-20T17:13:24Z,partner,42932,active,,CA
ORD-005680,2025-07-22T17:31:41Z,partner,48859,refunded,,US-C
ORD-005681,2025-11-03T23:27:51Z,partner,63646,completed,,CA
ORD-005682,2025-07-07T21:20:39Z,mobile,21467,refunded,,US-C
ORD-005683,2025-01-09T20:09:07Z,partner,25823,completed,,US-C
ORD-005684,2025-05-11T18:40:52Z,partner,61321,cancelled,,US-C
ORD-005685,2025-07-23T18:08:06Z,partner,83866,active,,US-E
ORD-005686,2025-11-16T17:52:02Z,web,56639,cancelled,,US-C
ORD-005687,2025-10-10T20:54:36Z,mobile,49613,refunded,,US-W
ORD-005688,2025-02-25T18:51:53Z,mobile,7227,cancelled,,US-E
ORD-005689,2025-07-20T17:44:01Z,web,77485,refunded,,US-W
ORD-005690,2025-06-03T14:41:29Z,web,62884,refunded,,CA
ORD-005691,2025-04-28T20:14:23Z,web,2236,refunded,,US-W
ORD-005692,2025-05-02T19:26:01Z,mobile,69059,active,,CA
ORD-005693,2025-06-21T20:58:49Z,partner,71842,completed,,US-E
ORD-005694,2025-05-16T22:17:40Z,partner,29075,completed,,US-E
ORD-005695,2025-06-02T22:47:27Z,web,3507,refunded,,CA
ORD-005696,2025-04-01T21:40:31Z,partner,20789,active,,US-E
ORD-005697,2025-03-13T21:37:12Z,partner,33414,cancelled,,CA
ORD-005698,2025-05-22T14:33:25Z,partner,14513,cancelled,,US-E
ORD-005699,2025-09-30T16:06:26Z,partner,11981,completed,,US-E
ORD-005700,2025-04-24T18:11:21Z,web,20800,cancelled,,US-W
ORD-005701,2025-03-01T19:42:41Z,web,26712,refunded,,US-W
ORD-005702,2025-12-31T15:57:03Z,partner,86171,completed,,US-C
ORD-005703,2025-09-28T07:14:37Z,web,39078,refunded,,US-W
ORD-005704,2025-10-31T14:23:50Z,mobile,72411,active,,US-E
ORD-005705,2025-10-01T18:38:04Z,partner,3633,completed,,US-W
ORD-005706,2025-02-03T18:56:38Z,web,83996,refunded,,US-E
ORD-005707,2025-12-20T23:29:08Z,mobile,14417,active,2025-12-25T03:29:08Z,US-W
ORD-005708,2025-09-01T17:01:41Z,partner,85916,cancelled,,CA
ORD-005709,2025-10-12T16:06:38Z,web,66977,refunded,,US-E
ORD-005710,2025-01-21T18:03:48Z,partner,89868,cancelled,,US-E
ORD-005711,2025-12-25T19:11:10Z,mobile,15877,refunded,,US-W
ORD-005712,2025-04-07T16:36:47Z,web,48967,completed,,US-C
ORD-005713,2025-09-04T16:13:31Z,partner,33259,active,,US-E
ORD-005714,2025-12-29T16:46:33Z,partner,5047,completed,,US-E
ORD-005715,2025-02-06T06:25:22Z,mobile,68046,completed,,US-E
ORD-005716,2025-01-22T18:57:46Z,web,20785,refunded,,US-W
ORD-005717,2025-10-28T16:14:31Z,partner,26179,completed,,US-W
ORD-005718,2025-01-06T15:20:31Z,mobile,37075,active,,US-W
ORD-005719,2025-04-19T20:14:36Z,web,21055,refunded,,US-E
ORD-005720,2025-05-11T18:28:23Z,web,19661,refunded,,US-C
ORD-005721,2025-12-08T19:59:30Z,partner,56092,completed,,CA
ORD-005722,2025-04-04T14:51:05Z,web,13028,completed,,US-E
ORD-005723,2025-04-01T15:46:11Z,partner,86668,cancelled,,US-E
ORD-005724,2025-04-17T16:25:55Z,web,9418,active,,US-E
ORD-005725,2025-01-11T17:55:27Z,web,16594,active,,US-E
ORD-005726,2025-12-16T23:26:38Z,partner,19444,cancelled,,US-C
ORD-005727,2025-07-17T21:57:41Z,web,85557,refunded,,US-W
ORD-005728,2025-02-16T21:32:52Z,web,23866,active,,US-C
ORD-005729,2025-01-14T23:22:24Z,web,7761,cancelled,,US-E
ORD-005730,2025-09-27T21:55:18Z,partner,54882,completed,,CA
ORD-005731,2025-09-18T21:56:30Z,legacy_pos,24200,cancelled,,US-E
ORD-005732,2025-12-16T16:55:24Z,mobile,75249,active,,US-W
ORD-005733,2025-10-02T14:04:08Z,partner,733,active,,CA
ORD-005734,2025-07-13T18:55:35Z,mobile,85261,cancelled,,US-E
ORD-005735,2025-10-10T19:39:56Z,web,87757,cancelled,,US-C
ORD-005736,2025-10-25T14:11:47Z,partner,33781,refunded,,CA
ORD-005737,2025-02-23T16:29:49Z,mobile,55940,completed,,CA
ORD-005738,2025-12-15T21:31:45Z,partner,63759,completed,,US-C
ORD-005739,2025-06-13T21:00:03Z,partner,78190,active,,US-E
ORD-005740,2025-03-16T21:35:54Z,partner,84193,completed,,CA
ORD-005741,2025-01-08T20:30:37Z,web,7905,completed,,CA
ORD-005742,2025-11-09T15:43:46Z,partner,83554,completed,,US-C
ORD-005743,2025-06-18T17:43:34Z,mobile,41889,refunded,,US-W
ORD-005744,2025-02-22T21:03:14Z,mobile,56834,refunded,,US-C
ORD-005745,2025-03-24T21:16:47Z,partner,71311,cancelled,,US-E
ORD-005746,2025-07-30T22:52:25Z,web,49911,cancelled,,US-W
ORD-005747,2025-12-18T16:09:19Z,partner,8764,active,,US-W
ORD-005748,2025-05-12T19:48:15Z,partner,13004,cancelled,,CA
ORD-005749,2025-05-18T17:00:58Z,web,60784,active,,US-C
ORD-005750,2025-10-27T18:10:49Z,web,9279,completed,,US-C
ORD-005751,2025-11-04T22:02:59Z,web,71061,refunded,,US-E
ORD-005752,2025-01-05T15:55:32Z,web,9329,cancelled,,CA
ORD-005753,2025-01-16T19:08:04Z,mobile,74053,refunded,,US-C
ORD-005754,2025-11-05T18:34:53Z,mobile,71962,completed,,US-W
ORD-005755,2025-08-17T22:30:10Z,mobile,28901,refunded,,US-E
ORD-005756,2025-03-16T21:58:08Z,mobile,69767,active,,CA
ORD-005757,2025-06-20T20:34:05Z,partner,55144,refunded,,US-C
ORD-005758,2025-11-12T18:26:30Z,mobile,26941,cancelled,,US-W
ORD-005759,2025-04-15T16:59:05Z,partner,41468,completed,,CA
ORD-005760,2025-03-14T21:05:38Z,partner,19249,active,,US-E
ORD-005761,2025-09-19T21:28:41Z,mobile,2928,cancelled,,US-C
ORD-005762,2025-12-11T23:07:22Z,web,56036,completed,,CA
ORD-005763,2025-10-26T18:55:54Z,mobile,20158,cancelled,,CA
ORD-005764,2025-11-15T15:04:18Z,web,69274,cancelled,,US-C
ORD-005765,2025-07-14T22:53:06Z,web,54380,active,,US-E
ORD-005766,2025-12-22T15:46:26Z,web,13118,completed,,US-E
ORD-005767,2025-01-08T23:34:57Z,mobile,22855,active,,US-C
ORD-005768,2025-09-05T22:34:06Z,web,40119,active,,US-C
ORD-005769,2025-09-01T21:01:38Z,mobile,29764,completed,,CA
ORD-005770,2025-05-16T15:45:12Z,web,39533,active,,US-W
ORD-005771,2025-05-08T14:53:02Z,partner,59008,active,,US-W
ORD-005772,2025-04-03T19:35:53Z,mobile,88889,refunded,,CA
ORD-005773,2025-10-27T20:45:59Z,partner,65226,cancelled,,US-E
ORD-005774,2025-08-16T14:51:47Z,mobile,19066,active,,CA
ORD-005775,2025-08-26T15:36:30Z,partner,75747,refunded,,US-C
ORD-005776,2025-09-04T18:10:12Z,partner,28229,refunded,,CA
ORD-005777,2025-03-05T22:20:17Z,web,54375,completed,,CA
ORD-005778,2025-01-07T18:44:32Z,web,16229,cancelled,,US-W
ORD-005779,2025-02-24T15:23:49Z,web,28536,refunded,,US-E
ORD-005780,2025-10-05T19:25:41Z,web,54250,completed,,US-W
ORD-005781,2025-04-08T15:09:15Z,web,81597,completed,,US-E
ORD-005782,2025-09-12T16:52:35Z,web,47394,active,,CA
ORD-005783,2025-01-14T23:19:20Z,mobile,20578,cancelled,,US-W
ORD-005784,2025-07-18T17:03:41Z,partner,60430,completed,,US-C
ORD-005785,2025-05-03T15:38:17Z,mobile,27129,cancelled,,US-C
ORD-005786,2025-09-09T21:14:27Z,web,48600,completed,,CA
ORD-005787,2025-11-21T22:48:32Z,mobile,42031,completed,,US-C
ORD-005788,2025-09-25T16:43:56Z,web,20221,active,,US-C
ORD-005789,2025-11-14T20:24:01Z,web,4483,refunded,,US-C
ORD-005790,2025-12-26T20:42:37Z,partner,11483,active,,US-C
ORD-005791,2025-02-01T22:16:21Z,web,73260,completed,,US-E
ORD-005792,2025-09-19T20:40:26Z,partner,76521,refunded,,US-W
ORD-005793,2025-12-29T21:20:32Z,mobile,71075,refunded,,US-E
ORD-005794,2025-07-15T14:50:05Z,partner,51757,active,,US-W
ORD-005795,2025-10-05T19:46:45Z,partner,10889,completed,,CA
ORD-005796,2025-11-08T16:04:04Z,mobile,35833,refunded,,US-E
ORD-005797,2025-04-08T20:22:56Z,partner,22327,cancelled,,CA
ORD-005798,2025-01-24T21:19:07Z,web,89757,completed,,CA
ORD-005799,2025-09-04T14:08:11Z,mobile,24435,refunded,,CA
ORD-005800,2025-05-07T20:53:42Z,mobile,22268,cancelled,,US-W
ORD-005801,2025-02-23T17:05:12Z,mobile,55138,completed,2025-02-25T09:05:12Z,US-C
ORD-005802,2025-04-13T22:04:16Z,web,47372,active,,CA
ORD-005803,2025-08-08T18:33:31Z,mobile,15926,completed,,US-E
ORD-005804,2025-08-08T16:28:46Z,web,76818,refunded,,US-C
ORD-005805,2025-01-06T19:17:06Z,web,27586,completed,,US-W
ORD-005806,2025-08-24T17:39:29Z,mobile,51198,active,,CA
ORD-005807,2025-05-03T15:12:20Z,partner,75270,refunded,,CA
ORD-005808,2025-09-12T18:58:55Z,web,23005,completed,2025-09-20T16:58:55Z,CA
ORD-005809,2025-08-29T20:08:59Z,mobile,50061,refunded,,CA
ORD-005810,2025-03-07T18:05:14Z,web,53544,active,,CA
ORD-005811,2025-01-12T22:20:12Z,mobile,89186,active,,US-C
ORD-005812,2025-07-13T19:21:26Z,web,75154,active,,CA
ORD-005813,2025-07-05T14:02:24Z,mobile,6812,completed,,US-W
ORD-005814,2025-01-13T22:34:37Z,partner,60424,completed,,CA
ORD-005815,2025-08-12T21:22:34Z,web,66011,cancelled,,US-C
ORD-005816,2025-10-01T22:18:03Z,legacy_pos,51900,cancelled,,CA
ORD-005817,2025-01-21T23:11:13Z,mobile,2935,active,,US-W
ORD-005818,2025-10-01T18:56:39Z,partner,52260,cancelled,,US-W
ORD-005819,2025-01-04T23:26:58Z,web,32673,active,,CA
ORD-005820,2025-11-28T20:03:02Z,partner,38530,completed,,CA
ORD-005821,2025-04-03T14:11:53Z,partner,9814,active,,US-C
ORD-005822,2025-11-19T17:04:16Z,mobile,82239,active,,US-C
ORD-005823,2025-09-18T19:07:07Z,partner,24244,cancelled,,US-W
ORD-005824,2025-03-18T17:55:23Z,web,52804,refunded,,US-C
ORD-005825,2025-09-10T17:14:38Z,mobile,18357,completed,,US-W
ORD-005826,2025-06-02T17:38:11Z,mobile,3592,active,,US-E
ORD-005827,2025-09-20T19:15:35Z,partner,3494,cancelled,,US-W
ORD-005828,2025-03-10T15:20:06Z,mobile,68869,refunded,,US-E
ORD-005829,2025-07-24T15:16:25Z,web,6360,refunded,,US-C
ORD-005830,2025-07-15T21:07:59Z,mobile,47003,cancelled,,US-W
ORD-005831,2025-01-12T22:32:51Z,mobile,44003,active,,US-W
ORD-005832,2025-01-05T23:29:18Z,partner,4211,active,,US-E
ORD-005833,2025-02-22T17:11:47Z,mobile,71314,cancelled,,US-W
ORD-005834,2025-06-06T17:26:45Z,mobile,58703,active,,US-C
ORD-005835,2025-12-08T17:18:26Z,mobile,73238,cancelled,,US-E
ORD-005836,2025-01-27T19:31:39Z,mobile,63533,completed,2025-02-01T22:31:39Z,US-C
ORD-005837,2025-08-21T22:54:39Z,mobile,45935,refunded,,CA
ORD-005838,2025-05-10T21:54:12Z,mobile,47573,refunded,,US-E
ORD-005839,2025-01-21T21:02:56Z,partner,3597,cancelled,,US-E
ORD-005840,2025-01-07T16:55:05Z,web,881,active,,CA
ORD-005841,2025-04-15T17:04:35Z,partner,21745,refunded,,US-W
ORD-005842,2025-02-25T22:28:16Z,partner,33681,active,,US-C
ORD-005843,2025-02-24T17:56:49Z,mobile,20358,cancelled,,CA
ORD-005844,2025-10-04T18:23:41Z,partner,2599,cancelled,,CA
ORD-005845,2025-08-23T17:51:11Z,partner,17807,active,,US-E
ORD-005846,2025-04-27T15:24:19Z,partner,49000,refunded,,US-W
ORD-005847,2025-12-28T16:22:04Z,mobile,63908,completed,,CA
ORD-005848,2025-11-02T23:52:36Z,web,69501,completed,,US-E
ORD-005849,2025-09-24T17:29:35Z,mobile,30681,refunded,,US-W
ORD-005850,2025-06-24T19:33:27Z,legacy_pos,68900,cancelled,,US-W
ORD-005851,2025-08-06T15:36:40Z,mobile,12620,refunded,,CA
ORD-005852,2025-04-03T14:52:11Z,mobile,41915,active,,US-W
ORD-005853,2025-06-11T21:14:26Z,web,63725,refunded,,US-C
ORD-005854,2025-02-22T22:17:31Z,partner,22386,refunded,,US-C
ORD-005855,2025-03-13T15:40:51Z,mobile,74029,active,,US-W
ORD-005856,2025-03-02T15:50:47Z,partner,34497,cancelled,,US-C
ORD-005857,2025-07-20T15:18:13Z,web,71174,cancelled,,US-C
ORD-005858,2025-01-21T19:16:42Z,mobile,48710,cancelled,,US-C
ORD-005859,2025-04-01T20:38:28Z,web,30038,completed,,CA
ORD-005860,2025-05-24T15:55:21Z,partner,30932,active,,US-W
ORD-005861,2025-11-01T21:43:55Z,web,8214,active,,US-W
ORD-005862,2025-05-26T15:14:51Z,web,14132,active,,US-C
ORD-005863,2025-03-03T23:33:44Z,web,22028,cancelled,,US-W
ORD-005864,2025-04-29T19:51:05Z,web,7058,completed,,CA
ORD-005865,2025-09-08T16:53:54Z,mobile,73916,active,,US-E
ORD-005866,2025-07-05T20:27:35Z,web,85800,completed,,US-W
ORD-005867,2025-09-23T17:05:12Z,mobile,9763,active,,US-C
ORD-005868,2025-05-24T17:34:39Z,web,4886,active,,CA
ORD-005869,2025-04-08T17:02:57Z,partner,89867,active,,US-W
ORD-005870,2025-10-20T14:38:16Z,web,2986,completed,,CA
ORD-005871,2025-04-05T22:18:43Z,partner,24880,refunded,,US-E
ORD-005872,2025-07-23T17:02:09Z,web,27826,completed,,US-C
ORD-005873,2025-03-14T22:48:30Z,web,48261,cancelled,,US-W
ORD-005874,2025-06-02T16:54:15Z,web,59856,completed,,US-E
ORD-005875,2025-04-11T17:16:25Z,web,30176,refunded,,US-C
ORD-005876,2025-09-03T20:23:55Z,mobile,41661,completed,,CA
ORD-005877,2025-10-03T21:49:14Z,web,42623,completed,,US-W
ORD-005878,2025-05-31T20:17:56Z,mobile,2686,active,,CA
ORD-005879,2025-11-02T16:28:46Z,web,34043,completed,,US-C
ORD-005880,2025-08-22T21:15:36Z,mobile,48916,cancelled,,US-W
ORD-005881,2025-01-20T18:29:32Z,partner,21428,refunded,,CA
ORD-005882,2025-04-03T22:53:23Z,partner,2653,cancelled,,US-E
ORD-005883,2025-03-21T20:31:17Z,web,31203,cancelled,,CA
ORD-005884,2025-07-27T19:19:44Z,web,55487,refunded,,US-W
ORD-005885,2025-06-05T17:29:12Z,partner,69521,cancelled,,US-C
ORD-005886,2025-12-14T23:46:29Z,mobile,29475,completed,,US-E
ORD-005887,2025-01-02T16:00:29Z,partner,39982,refunded,,US-C
ORD-005888,2025-12-07T19:04:20Z,web,89297,refunded,,US-E
ORD-005889,2025-09-28T18:43:25Z,web,17769,completed,,US-E
ORD-005890,2025-04-13T07:17:14Z,partner,21792,completed,,CA
ORD-005891,2025-05-13T14:23:28Z,mobile,84976,refunded,,US-E
ORD-005892,2025-05-18T20:26:06Z,mobile,49909,refunded,,CA
ORD-005893,2025-10-02T16:57:51Z,mobile,86691,refunded,,US-C
ORD-005894,2025-10-30T18:26:18Z,mobile,54434,completed,,US-C
ORD-005895,2025-12-25T16:40:16Z,web,70638,active,,US-E
ORD-005896,2025-01-07T19:12:25Z,mobile,88299,completed,,CA
ORD-005897,2025-05-15T19:51:51Z,partner,69577,completed,,CA
ORD-005898,2025-12-07T23:16:35Z,partner,21801,refunded,,CA
ORD-005899,2025-11-16T23:11:12Z,mobile,79340,active,,CA
ORD-005900,2025-05-21T14:58:46Z,partner,70376,completed,,CA
ORD-005901,2025-02-19T17:02:50Z,mobile,74361,refunded,,US-W
ORD-005902,2025-02-12T17:39:11Z,legacy_pos,75700,completed,,US-E
ORD-005903,2025-07-17T18:31:15Z,legacy_pos,41400,cancelled,,US-W
ORD-005904,2025-11-16T19:56:15Z,partner,2215,active,,US-W
ORD-005905,2025-04-22T18:53:43Z,partner,17096,refunded,,US-E
ORD-005906,2025-01-26T18:00:14Z,mobile,36638,completed,,US-C
ORD-005907,2025-09-21T15:50:58Z,mobile,33927,active,,US-C
ORD-005908,2025-12-21T19:01:54Z,partner,47469,refunded,,US-C
ORD-005909,2025-04-10T15:12:51Z,partner,576,refunded,,US-C
ORD-005910,2025-02-16T20:34:05Z,partner,46585,cancelled,,US-E
ORD-005911,2025-04-17T21:47:34Z,mobile,75948,active,,US-E
ORD-005912,2025-09-20T20:14:37Z,partner,19761,completed,,US-E
ORD-005913,2025-03-06T17:44:04Z,partner,56027,active,,US-E
ORD-005914,2025-02-21T20:22:21Z,web,55473,cancelled,,US-E
ORD-005915,2025-01-18T16:10:28Z,web,80011,cancelled,,US-W
ORD-005916,2025-05-14T16:36:09Z,partner,48985,completed,,CA
ORD-005917,2025-04-26T15:42:08Z,partner,67593,completed,,CA
ORD-005918,2025-08-10T18:10:39Z,partner,70037,cancelled,,US-C
ORD-005919,2025-12-18T22:24:26Z,mobile,23898,cancelled,,US-E
ORD-005920,2025-07-21T15:35:17Z,partner,57318,completed,,US-C
ORD-005921,2025-10-19T17:22:11Z,partner,18129,cancelled,,CA
ORD-005922,2025-08-04T19:11:14Z,partner,51986,active,,US-C
ORD-005923,2025-05-14T19:20:52Z,web,44693,active,,US-W
ORD-005924,2025-08-26T16:28:20Z,mobile,14965,cancelled,,US-E
ORD-005925,2025-07-25T15:42:08Z,partner,62329,completed,,US-W
ORD-005926,2025-09-09T15:30:26Z,partner,80358,completed,,US-W
ORD-005927,2025-03-30T15:12:50Z,partner,2150,completed,,US-E
ORD-005928,2025-08-14T17:28:47Z,mobile,53410,cancelled,,US-C
ORD-005929,2025-06-29T17:42:24Z,partner,17509,completed,,CA
ORD-005930,2025-05-04T22:05:46Z,web,5529,active,,US-E
ORD-005931,2025-12-17T22:40:20Z,web,87956,refunded,,US-C
ORD-005932,2025-11-12T16:17:08Z,mobile,11576,completed,,US-C
ORD-005933,2025-08-23T18:18:26Z,partner,16450,refunded,,US-C
ORD-005934,2025-10-21T20:29:37Z,web,48337,cancelled,,US-C
ORD-005935,2025-11-18T18:16:02Z,partner,46090,cancelled,,US-E
ORD-005936,2025-09-19T17:26:45Z,partner,86401,refunded,2025-09-24T21:26:45Z,US-E
ORD-005937,2025-02-03T21:02:51Z,web,83065,completed,,US-E
ORD-005938,2025-06-20T15:16:55Z,web,35961,active,,US-E
ORD-005939,2025-03-11T17:29:58Z,legacy_pos,76100,completed,,US-E
ORD-005940,2025-10-20T18:08:53Z,mobile,77513,completed,,US-W
ORD-005941,2025-03-21T16:12:39Z,mobile,74550,cancelled,,US-E
ORD-005942,2025-09-27T07:14:17Z,mobile,50473,completed,,US-C
ORD-005943,2025-04-28T17:10:29Z,partner,42793,cancelled,,US-C
ORD-005944,2025-02-22T17:50:14Z,web,5638,cancelled,,US-W
ORD-005945,2025-09-10T16:18:32Z,mobile,21455,cancelled,,US-C
ORD-005946,2025-09-11T20:18:19Z,web,19328,active,,US-E
ORD-005947,2025-06-21T15:49:39Z,web,2867,cancelled,,US-W
ORD-005948,2025-09-21T14:05:49Z,mobile,9793,refunded,2025-09-23T15:05:49Z,US-W
ORD-005949,2025-01-09T15:36:33Z,mobile,49719,refunded,,US-C
ORD-005950,2025-10-16T20:48:52Z,web,65780,cancelled,,US-W
ORD-005951,2025-04-02T14:32:14Z,web,43779,completed,,US-W
ORD-005952,2025-11-02T17:48:02Z,mobile,32531,cancelled,,US-E
ORD-005953,2025-06-15T20:13:52Z,mobile,71004,completed,,US-C
ORD-005954,2025-01-14T18:43:37Z,mobile,86902,completed,,US-E
ORD-005955,2025-06-28T20:54:58Z,mobile,58361,completed,,CA
ORD-005956,2025-04-11T17:49:40Z,partner,59452,cancelled,,CA
ORD-005957,2025-04-19T19:20:26Z,mobile,63768,cancelled,,US-C
ORD-005958,2025-05-20T15:57:11Z,web,82096,completed,,US-C
ORD-005959,2025-01-10T18:23:20Z,web,15111,refunded,,CA
ORD-005960,2025-02-16T19:07:09Z,web,79810,completed,,US-W
ORD-005961,2025-09-17T21:38:50Z,mobile,33257,refunded,,US-W
ORD-005962,2025-11-30T19:28:51Z,partner,50154,cancelled,,CA
ORD-005963,2025-06-07T14:20:48Z,partner,12825,completed,,US-W
ORD-005964,2025-01-22T22:13:49Z,mobile,55413,cancelled,,CA
ORD-005965,2025-10-29T17:55:26Z,partner,53103,refunded,,CA
ORD-005966,2025-12-05T17:47:19Z,mobile,43133,refunded,,US-C
ORD-005967,2025-01-03T23:57:51Z,web,37966,active,,CA
ORD-005968,2025-02-15T16:48:24Z,partner,3325,cancelled,,US-C
ORD-005969,2025-11-21T18:37:24Z,mobile,49034,refunded,2025-11-27T12:37:24Z,US-C
ORD-005970,2025-12-23T19:03:55Z,mobile,41007,refunded,,US-W
ORD-005971,2025-02-25T23:09:23Z,partner,69308,completed,,US-W
ORD-005972,2025-03-21T17:30:01Z,mobile,71920,completed,,CA
ORD-005973,2025-08-07T18:55:00Z,partner,82253,active,,US-E
ORD-005974,2025-05-03T14:07:29Z,partner,33728,completed,,US-C
ORD-005975,2025-01-05T18:41:06Z,mobile,11959,active,,US-C
ORD-005976,2025-10-30T22:35:24Z,web,39099,active,,US-W
ORD-005977,2025-06-17T20:23:33Z,partner,41677,active,,CA
ORD-005978,2025-01-24T17:44:39Z,partner,78275,refunded,,US-W
ORD-005979,2025-11-09T18:05:24Z,web,47997,refunded,,US-E
ORD-005980,2025-01-22T18:30:19Z,mobile,71345,cancelled,,US-E
ORD-005981,2025-11-03T23:25:59Z,partner,69137,cancelled,,US-W
ORD-005982,2025-02-03T20:55:56Z,web,6992,cancelled,,US-C
ORD-005983,2025-09-21T20:03:07Z,partner,9232,refunded,,US-E
ORD-005984,2025-03-16T19:17:42Z,mobile,12671,completed,,US-E
ORD-005985,2025-05-31T20:50:24Z,web,71627,cancelled,,US-C
ORD-005986,2025-09-17T20:39:44Z,mobile,2729,refunded,,US-C
ORD-005987,2025-10-05T16:26:55Z,web,43901,cancelled,,CA
ORD-005988,2025-03-01T23:45:20Z,legacy_pos,18300,completed,,US-C
ORD-005989,2025-04-22T18:13:50Z,web,7306,active,,CA
ORD-005990,2025-03-04T15:32:46Z,mobile,85261,active,,US-C
ORD-005991,2025-12-25T02:43:19Z,partner,7803,completed,,US-E
ORD-005992,2025-11-06T19:56:50Z,web,28634,completed,,US-E
ORD-005993,2025-07-16T21:28:14Z,mobile,70002,refunded,,US-W
ORD-005994,2025-01-11T15:23:12Z,web,16576,completed,,US-E
ORD-005995,2025-12-08T15:54:28Z,web,70995,completed,,CA
ORD-005996,2025-01-03T23:01:17Z,web,26578,active,,CA
ORD-005997,2025-07-29T17:16:31Z,partner,52984,cancelled,,CA
ORD-005998,2025-08-05T18:19:26Z,mobile,678,refunded,,US-W
ORD-005999,2025-01-05T21:12:44Z,web,76222,refunded,2025-01-13T17:12:44Z,CA
ORD-006000,2025-05-20T22:31:32Z,mobile,20872,cancelled,,US-E
ORD-006001,2025-06-26T16:00:38Z,web,21489,active,,US-W
ORD-006002,2025-01-28T21:15:07Z,mobile,47923,cancelled,,US-E
ORD-006003,2025-03-05T15:16:44Z,mobile,29201,active,,US-W
ORD-006004,2025-07-29T20:35:39Z,web,11398,cancelled,,US-C
ORD-006005,2025-05-27T14:37:32Z,mobile,65999,refunded,,US-C
ORD-006006,2025-04-14T15:24:59Z,partner,71110,refunded,,CA
ORD-006007,2025-02-05T20:22:40Z,partner,34253,cancelled,,US-W
ORD-006008,2025-09-13T15:41:32Z,mobile,29131,completed,,CA
ORD-006009,2025-10-06T18:14:51Z,web,14021,completed,,US-W
ORD-006010,2025-09-10T21:35:43Z,partner,1237,cancelled,,CA
ORD-006011,2025-08-10T17:09:30Z,mobile,28626,active,,US-E
ORD-006012,2025-09-19T16:53:41Z,partner,72736,refunded,,US-C
ORD-006013,2025-12-21T15:20:55Z,partner,77283,cancelled,,US-E
ORD-006014,2025-12-19T18:20:51Z,partner,4369,cancelled,,CA
ORD-006015,2025-01-25T17:41:20Z,mobile,13428,cancelled,2025-01-28T03:41:20Z,US-W
ORD-006016,2025-08-30T14:42:50Z,mobile,43312,completed,,US-E
ORD-006017,2025-10-23T15:00:30Z,web,44725,active,,US-C
ORD-006018,2025-03-04T20:42:06Z,partner,51695,cancelled,,US-E
ORD-006019,2025-07-12T21:17:24Z,partner,8090,cancelled,,CA
ORD-006020,2025-06-14T19:12:27Z,web,32484,refunded,,US-W
ORD-006021,2025-10-25T20:22:43Z,mobile,50044,completed,,CA
ORD-006022,2025-05-06T22:43:12Z,web,78522,refunded,,US-E
ORD-006023,2025-07-10T20:59:13Z,partner,66689,cancelled,,US-E
ORD-006024,2025-05-26T20:13:41Z,partner,67510,completed,,CA
ORD-006025,2025-10-05T21:13:43Z,legacy_pos,71900,active,,US-W
ORD-006026,2025-11-17T21:02:13Z,mobile,8492,completed,,US-E
ORD-006027,2025-06-29T22:46:37Z,web,38076,completed,,US-C
ORD-006028,2025-07-02T21:37:21Z,mobile,87570,refunded,,US-W
ORD-006029,2025-10-06T17:06:49Z,web,52914,refunded,,US-C
ORD-006030,2025-11-05T23:05:25Z,web,16710,cancelled,,US-W
ORD-006031,2025-04-23T17:24:14Z,web,59943,cancelled,,US-C
ORD-006032,2025-07-12T22:19:00Z,partner,71836,cancelled,,US-E
ORD-006033,2025-03-03T22:34:53Z,partner,80417,active,,US-W
ORD-006034,2025-06-29T14:40:42Z,web,71088,cancelled,,CA
ORD-006035,2025-03-30T18:15:01Z,web,59160,completed,,US-C
ORD-006036,2025-01-13T17:25:00Z,partner,67956,active,,US-C
ORD-006037,2025-05-11T20:41:36Z,mobile,20218,completed,,CA
ORD-006038,2025-06-27T20:16:56Z,partner,75340,refunded,,US-E
ORD-006039,2025-05-02T19:20:56Z,partner,73214,cancelled,,US-W
ORD-006040,2025-04-16T16:06:52Z,partner,42613,active,,US-W
ORD-006041,2025-11-28T15:59:53Z,web,87238,cancelled,,US-C
ORD-006042,2025-02-11T23:27:23Z,web,4072,refunded,,US-E
ORD-006043,2025-04-20T17:12:14Z,web,80761,refunded,,US-W
ORD-006044,2025-01-04T20:21:47Z,partner,26253,active,,US-C
ORD-006045,2025-06-19T15:59:46Z,mobile,25106,cancelled,,CA
ORD-006046,2025-11-01T21:18:37Z,mobile,14122,cancelled,,US-W
ORD-006047,2025-07-31T14:38:48Z,mobile,61480,cancelled,,US-C
ORD-006048,2025-02-06T18:09:52Z,partner,34889,cancelled,,US-E
ORD-006049,2025-04-28T14:10:54Z,web,18221,completed,,US-C
ORD-006050,2025-02-26T20:44:49Z,web,32990,cancelled,,US-W
ORD-006051,2025-10-11T21:24:47Z,web,61143,active,,US-C
ORD-006052,2025-09-11T15:35:15Z,mobile,16628,cancelled,,US-W
ORD-006053,2025-10-04T17:24:44Z,web,6626,completed,,US-E
ORD-006054,2025-10-03T18:14:45Z,partner,11958,active,,US-E
ORD-006055,2025-08-14T16:45:39Z,web,37289,completed,,US-C
ORD-006056,2025-09-26T18:56:01Z,web,88773,refunded,,CA
ORD-006057,2025-11-18T18:49:28Z,web,64575,completed,,US-W
ORD-006058,2025-08-06T15:37:31Z,partner,21521,refunded,,US-C
ORD-006059,2025-05-03T18:29:11Z,web,73437,completed,,US-E
ORD-006060,2025-09-09T20:52:56Z,partner,63246,active,,US-E
ORD-006061,2025-03-20T17:38:41Z,mobile,62599,cancelled,,CA
ORD-006062,2025-09-10T15:46:46Z,web,3005,active,,US-E
ORD-006063,2025-03-27T14:02:48Z,partner,39947,refunded,,CA
ORD-006064,2025-08-02T16:34:04Z,partner,25635,refunded,,US-E
ORD-006065,2025-11-14T19:02:11Z,web,43706,active,,US-C
ORD-006066,2025-03-01T20:01:54Z,partner,37929,completed,,US-C
ORD-006067,2025-09-27T18:13:40Z,mobile,5149,refunded,,US-E
ORD-006068,2025-05-10T15:19:11Z,web,47193,active,,CA
ORD-006069,2025-05-16T15:33:27Z,partner,50295,completed,,US-C
ORD-006070,2025-08-27T21:08:10Z,mobile,42307,cancelled,,US-C
ORD-006071,2025-08-13T18:10:36Z,web,6414,active,,US-E
ORD-006072,2025-02-22T15:31:21Z,mobile,35808,active,,US-C
ORD-006073,2025-03-22T21:03:18Z,partner,79163,active,,CA
ORD-006074,2025-04-25T14:47:23Z,partner,58488,refunded,,US-C
ORD-006075,2025-12-03T18:32:49Z,partner,18133,completed,,US-W
ORD-006076,2025-07-14T20:24:38Z,web,35260,completed,,CA
ORD-006077,2025-06-07T19:30:43Z,web,10149,active,,US-W
ORD-006078,2025-11-19T18:20:52Z,partner,45820,refunded,,US-E
ORD-006079,2025-08-25T14:52:24Z,partner,11184,refunded,,US-W
ORD-006080,2025-07-14T16:49:58Z,partner,55344,refunded,,US-W
ORD-006081,2025-10-28T06:10:16Z,mobile,10932,active,,US-E
ORD-006082,2025-05-15T14:53:37Z,mobile,33162,refunded,,CA
ORD-006083,2025-04-12T14:36:48Z,web,38098,completed,,US-E
ORD-006084,2025-04-25T22:14:15Z,mobile,3790,refunded,,CA
ORD-006085,2025-03-19T14:54:34Z,web,20287,refunded,,US-E
ORD-006086,2025-12-01T19:03:27Z,partner,49009,active,,CA
ORD-006087,2025-03-06T21:01:39Z,partner,42019,completed,,US-C
ORD-006088,2025-09-08T00:55:24Z,mobile,89126,cancelled,,US-E
ORD-006089,2025-07-28T02:52:54Z,legacy_pos,3824,completed,,US-W
ORD-006090,2025-04-12T16:12:06Z,mobile,62581,active,,US-E
ORD-006091,2025-07-24T21:17:08Z,partner,86885,cancelled,,US-E
ORD-006092,2025-08-31T20:49:37Z,partner,75836,active,,US-C
ORD-006093,2025-07-03T20:41:48Z,web,8884,active,,US-E
ORD-006094,2025-03-23T15:51:56Z,partner,80178,active,,US-C
ORD-006095,2025-06-03T15:35:56Z,web,83117,completed,,US-W
ORD-006096,2025-07-11T21:38:10Z,mobile,33179,cancelled,,US-E
ORD-006097,2025-02-02T23:29:53Z,mobile,3940,cancelled,,US-C
ORD-006098,2025-05-08T15:38:06Z,mobile,11041,cancelled,,US-C
ORD-006099,2025-11-10T21:20:58Z,web,41820,refunded,,CA
ORD-006100,2025-03-31T17:56:09Z,legacy_pos,31500,completed,,US-C
ORD-006101,2025-12-27T17:22:06Z,web,79504,active,,US-E
ORD-006102,2025-09-27T21:07:25Z,partner,20170,cancelled,,US-E
ORD-006103,2025-03-27T17:54:17Z,web,83633,active,,US-C
ORD-006104,2025-01-14T23:44:28Z,legacy_pos,23367,completed,,US-C
ORD-006105,2025-02-27T18:02:15Z,partner,63816,active,,US-C
ORD-006106,2025-01-02T19:17:36Z,mobile,68523,completed,,US-C
ORD-006107,2025-07-11T17:12:10Z,partner,71678,completed,,US-E
ORD-006108,2025-05-16T21:51:15Z,mobile,19579,completed,,US-E
ORD-006109,2025-02-13T21:40:31Z,mobile,11717,completed,,CA
ORD-006110,2025-07-20T20:11:01Z,web,67456,completed,,CA
ORD-006111,2025-02-10T20:51:30Z,partner,54541,cancelled,,US-E
ORD-006112,2025-08-30T22:46:10Z,web,3832,refunded,,US-C
ORD-006113,2025-03-17T19:02:42Z,partner,23825,completed,,US-W
ORD-006114,2025-12-05T17:32:49Z,partner,9890,cancelled,,US-W
ORD-006115,2025-09-28T18:37:34Z,mobile,45599,cancelled,,CA
ORD-006116,2025-03-09T19:02:28Z,web,33380,completed,,US-E
ORD-006117,2025-06-12T16:09:55Z,mobile,58032,refunded,,US-E
ORD-006118,2025-06-13T21:57:16Z,partner,24136,completed,,US-E
ORD-006119,2025-04-15T22:56:48Z,web,72131,active,,US-C
ORD-006120,2025-12-21T19:11:05Z,mobile,59025,active,,US-E
ORD-006121,2025-11-12T20:10:02Z,mobile,17096,active,,US-E
ORD-006122,2025-04-10T20:42:26Z,mobile,71879,refunded,,US-C
ORD-006123,2025-08-26T20:06:58Z,partner,73413,refunded,,US-E
ORD-006124,2025-10-26T15:29:52Z,partner,41581,completed,,US-C
ORD-006125,2025-10-01T17:26:54Z,web,2448,cancelled,,US-W
ORD-006126,2025-11-12T17:03:57Z,partner,69403,active,,US-E
ORD-006127,2025-07-23T18:40:38Z,web,62250,active,,US-E
ORD-006128,2025-03-11T16:49:40Z,mobile,24259,active,,US-E
ORD-006129,2025-01-20T22:41:04Z,mobile,55319,cancelled,,US-C
ORD-006130,2025-01-22T18:49:29Z,web,50811,cancelled,,US-W
ORD-006131,2025-11-01T14:18:09Z,web,78253,cancelled,,CA
ORD-006132,2025-08-11T16:42:38Z,web,2243,refunded,,CA
ORD-006133,2025-10-01T19:35:18Z,partner,63411,cancelled,,CA
ORD-006134,2025-04-06T16:06:42Z,web,16605,active,,CA
ORD-006135,2025-01-17T15:10:29Z,partner,78238,active,,US-W
ORD-006136,2025-01-22T19:36:27Z,partner,28217,cancelled,,CA
ORD-006137,2025-08-06T07:54:24Z,mobile,65969,cancelled,,US-W
ORD-006138,2025-09-17T16:07:08Z,mobile,50386,completed,,US-W
ORD-006139,2025-01-09T23:35:15Z,partner,72033,active,,US-C
ORD-006140,2025-09-26T15:59:34Z,mobile,54038,cancelled,,US-W
ORD-006141,2025-07-22T14:33:15Z,mobile,22578,cancelled,,US-C
ORD-006142,2025-11-17T15:47:41Z,partner,81655,cancelled,,US-W
ORD-006143,2025-09-28T15:22:31Z,web,13154,cancelled,,US-C
ORD-006144,2025-04-29T16:12:47Z,mobile,76048,completed,,US-W
ORD-006145,2025-02-27T17:12:52Z,web,30106,active,,CA
ORD-006146,2025-12-21T16:18:43Z,web,18122,refunded,,US-C
ORD-006147,2025-09-26T14:11:15Z,partner,48724,refunded,,US-C
ORD-006148,2025-11-07T16:31:17Z,web,15765,completed,,US-C
ORD-006149,2025-06-04T03:46:57Z,mobile,56429,cancelled,,US-E
ORD-006150,2025-10-17T14:54:37Z,mobile,68813,cancelled,,US-C
ORD-006151,2025-08-02T17:54:21Z,mobile,55980,completed,,US-E
ORD-006152,2025-07-20T21:05:04Z,mobile,44912,active,,US-E
ORD-006153,2025-03-05T18:44:47Z,web,31155,completed,,CA
ORD-006154,2025-05-13T14:25:50Z,mobile,20005,active,,US-C
ORD-006155,2025-07-12T16:32:52Z,mobile,12051,cancelled,,CA
ORD-006156,2025-03-30T17:12:45Z,mobile,87176,refunded,,US-W
ORD-006157,2025-06-04T21:13:35Z,web,64813,cancelled,,CA
ORD-006158,2025-06-16T21:53:40Z,mobile,70698,active,,US-W
ORD-006159,2025-03-24T07:08:38Z,mobile,57612,active,,US-W
ORD-006160,2025-04-28T15:52:20Z,web,17980,active,,US-E
ORD-006161,2025-06-25T16:23:37Z,web,47860,completed,,US-C
ORD-006162,2025-04-10T18:15:58Z,mobile,80272,cancelled,,US-C
ORD-006163,2025-05-28T15:18:47Z,mobile,18794,refunded,,US-C
ORD-006164,2025-05-28T07:23:22Z,mobile,72499,refunded,,CA
ORD-006165,2025-07-25T15:02:33Z,partner,33619,refunded,,US-E
ORD-006166,2025-06-16T19:06:42Z,mobile,10128,cancelled,,CA
ORD-006167,2025-04-14T17:30:41Z,partner,81892,active,,US-C
ORD-006168,2025-12-27T23:08:50Z,legacy_pos,20400,completed,,CA
ORD-006169,2025-07-17T21:05:22Z,mobile,81683,active,,US-C
ORD-006170,2025-11-15T18:15:09Z,mobile,25561,active,,CA
ORD-006171,2025-10-14T19:58:43Z,partner,63327,refunded,,US-W
ORD-006172,2025-09-30T18:01:01Z,web,85983,active,,US-C
ORD-006173,2025-08-03T14:07:16Z,web,1901,completed,,CA
ORD-006174,2025-10-18T22:34:11Z,web,71524,refunded,,US-C
ORD-006175,2025-12-19T17:53:36Z,mobile,22957,completed,,US-W
ORD-006176,2025-04-15T17:56:40Z,web,31585,cancelled,,CA
ORD-006177,2025-07-13T14:59:48Z,web,4403,cancelled,,CA
ORD-006178,2025-03-05T19:51:18Z,web,65576,refunded,,US-C
ORD-006179,2025-03-20T16:37:01Z,partner,26847,active,,US-C
ORD-006180,2025-10-20T16:27:27Z,web,61402,active,,US-W
ORD-006181,2025-11-07T23:05:47Z,mobile,10756,refunded,,US-C
ORD-006182,2025-04-23T15:27:38Z,web,35972,active,,US-W
ORD-006183,2025-05-31T18:59:08Z,web,62053,completed,,US-W
ORD-006184,2025-02-01T15:56:09Z,partner,41966,active,,US-C
ORD-006185,2025-06-23T20:13:18Z,partner,36195,cancelled,,US-C
ORD-006186,2025-07-30T15:29:20Z,mobile,1348,cancelled,,US-C
ORD-006187,2025-04-14T21:54:30Z,web,47162,completed,,US-C
ORD-006188,2025-12-01T19:46:34Z,web,69834,refunded,,US-W
ORD-006189,2025-09-26T14:47:17Z,partner,7916,refunded,,US-E
ORD-006190,2025-09-14T22:07:06Z,mobile,7981,completed,,US-E
ORD-006191,2025-12-11T06:08:22Z,legacy_pos,70250,refunded,,CA
ORD-006192,2025-06-26T20:39:23Z,mobile,17087,refunded,,US-W
ORD-006193,2025-02-28T21:13:45Z,web,52996,active,,CA
ORD-006194,2025-01-03T19:00:28Z,partner,4755,completed,,US-W
ORD-006195,2025-03-04T15:54:32Z,web,23754,completed,,CA
ORD-006196,2025-01-20T17:04:37Z,web,17725,refunded,,US-C
ORD-006197,2025-02-24T19:57:20Z,mobile,41276,active,,US-E
ORD-006198,2025-07-01T20:21:03Z,web,49235,completed,,US-E
ORD-006199,2025-12-10T16:55:22Z,partner,62869,refunded,,US-C
ORD-006200,2025-02-19T21:33:55Z,partner,52972,refunded,,US-C
ORD-006201,2025-06-24T17:45:23Z,partner,30324,cancelled,,US-E
ORD-006202,2025-07-08T16:52:53Z,partner,55904,refunded,,US-C
ORD-006203,2025-01-20T23:59:45Z,web,77127,cancelled,,US-W
ORD-006204,2025-03-12T14:58:42Z,mobile,41456,cancelled,,US-C
ORD-006205,2025-03-02T22:25:13Z,mobile,76931,cancelled,,US-E
ORD-006206,2025-02-02T18:01:01Z,web,69059,cancelled,,CA
ORD-006207,2025-10-14T21:03:40Z,web,64795,completed,,US-E
ORD-006208,2025-04-30T20:14:58Z,partner,70457,active,,US-E
ORD-006209,2025-02-24T21:36:23Z,web,61387,cancelled,,CA
ORD-006210,2025-05-05T15:24:58Z,web,6641,refunded,,US-C
ORD-006211,2025-05-30T22:26:53Z,partner,57304,refunded,,US-E
ORD-006212,2025-05-11T20:00:31Z,mobile,32958,active,,CA
ORD-006213,2025-06-24T17:48:03Z,partner,30471,refunded,,US-C
ORD-006214,2025-02-12T21:01:38Z,mobile,26126,active,,US-E
ORD-006215,2025-09-21T18:19:47Z,partner,86962,completed,,US-C
ORD-006216,2025-12-13T15:59:50Z,web,84406,refunded,,CA
ORD-006217,2025-09-13T14:04:57Z,web,79713,cancelled,,CA
ORD-006218,2025-03-10T05:03:46Z,partner,31192,active,,CA
ORD-006219,2025-09-14T22:50:47Z,web,59802,active,,CA
ORD-006220,2025-10-16T20:27:26Z,mobile,64319,refunded,,CA
ORD-006221,2025-06-10T21:43:41Z,partner,72392,cancelled,,US-C
ORD-006222,2025-05-03T19:53:05Z,web,84328,completed,,US-E
ORD-006223,2025-09-08T17:17:04Z,web,28913,completed,,CA
ORD-006224,2025-06-24T20:14:01Z,web,45776,refunded,,CA
ORD-006225,2025-08-03T21:31:10Z,mobile,49087,refunded,,US-E
ORD-006226,2025-06-08T16:54:43Z,web,66753,active,,US-C
ORD-006227,2025-03-03T15:52:42Z,legacy_pos,37400,completed,,US-C
ORD-006228,2025-04-01T20:23:13Z,mobile,70001,active,,CA
ORD-006229,2025-11-06T21:31:36Z,web,15648,completed,,US-E
ORD-006230,2025-04-04T19:05:38Z,partner,85617,completed,,US-W
ORD-006231,2025-10-12T16:40:37Z,mobile,21743,cancelled,,US-W
ORD-006232,2025-01-14T20:30:58Z,web,13008,active,,US-C
ORD-006233,2025-07-28T18:13:30Z,web,49799,active,,CA
ORD-006234,2025-08-25T16:30:55Z,web,78801,refunded,,US-W
ORD-006235,2025-01-13T00:59:14Z,legacy_pos,9117,completed,,US-W
ORD-006236,2025-09-21T20:29:26Z,partner,40779,refunded,,US-C
ORD-006237,2025-08-24T14:57:21Z,partner,8449,cancelled,,US-E
ORD-006238,2025-02-04T16:19:31Z,web,23089,refunded,,US-W
ORD-006239,2025-01-12T18:54:22Z,mobile,42701,cancelled,2025-01-20T23:54:22Z,CA
ORD-006240,2025-09-11T15:00:55Z,web,40307,completed,,CA
ORD-006241,2025-04-15T15:37:38Z,mobile,73435,cancelled,,US-C
ORD-006242,2025-08-25T22:06:06Z,partner,81062,active,,US-E
ORD-006243,2025-07-06T21:28:37Z,web,16963,active,,US-C
ORD-006244,2025-04-07T20:34:02Z,partner,596,completed,,CA
ORD-006245,2025-11-12T15:17:04Z,mobile,47395,completed,,US-C
ORD-006246,2025-11-04T15:52:28Z,web,41111,completed,,US-E
ORD-006247,2025-09-05T15:48:14Z,web,60160,active,,CA
ORD-006248,2025-11-05T17:41:57Z,mobile,1207,refunded,,US-E
ORD-006249,2025-03-09T17:23:08Z,web,12445,completed,,US-C
ORD-006250,2025-10-12T16:24:58Z,legacy_pos,75700,refunded,,US-W
ORD-006251,2025-05-14T18:33:45Z,web,77900,cancelled,,US-W
ORD-006252,2025-02-14T20:11:47Z,web,63577,cancelled,,US-E
ORD-006253,2025-04-07T17:25:42Z,partner,51415,cancelled,,US-E
ORD-006254,2025-03-17T19:31:48Z,partner,18268,active,,US-W
ORD-006255,2025-10-10T17:42:29Z,mobile,53460,cancelled,,US-W
ORD-006256,2025-06-04T14:05:01Z,web,17132,active,,US-C
ORD-006257,2025-04-06T17:24:02Z,partner,69532,completed,,US-C
ORD-006258,2025-11-04T15:38:26Z,partner,56509,refunded,,US-C
ORD-006259,2025-11-11T21:44:28Z,mobile,36980,completed,,US-W
ORD-006260,2025-05-18T19:34:53Z,mobile,27787,active,,US-C
ORD-006261,2025-08-28T14:14:52Z,web,24936,active,,US-C
ORD-006262,2025-11-17T23:30:19Z,web,41441,active,,CA
ORD-006263,2025-11-26T20:55:59Z,web,39374,cancelled,,CA
ORD-006264,2025-09-16T19:58:27Z,mobile,77655,completed,,US-E
ORD-006265,2025-03-31T16:20:26Z,partner,35083,refunded,,US-E
ORD-006266,2025-02-20T16:15:49Z,mobile,41668,active,,US-E
ORD-006267,2025-01-08T16:16:57Z,mobile,46978,refunded,,US-E
ORD-006268,2025-03-31T22:55:14Z,mobile,9110,cancelled,,US-E
ORD-006269,2025-12-02T15:35:57Z,partner,81582,completed,,CA
ORD-006270,2025-10-07T15:26:14Z,web,60677,refunded,,US-W
ORD-006271,2025-02-17T20:22:51Z,web,74443,active,,US-W
ORD-006272,2025-09-13T16:39:52Z,mobile,42261,cancelled,,US-W
ORD-006273,2025-10-29T22:13:51Z,web,18820,active,,CA
ORD-006274,2025-10-13T19:03:27Z,web,84329,refunded,,US-E
ORD-006275,2025-04-11T22:11:28Z,partner,85610,refunded,,CA
ORD-006276,2025-12-31T20:57:25Z,mobile,19500,refunded,,US-C
ORD-006277,2025-06-16T22:46:01Z,mobile,83788,refunded,,US-C
ORD-006278,2025-10-31T22:54:24Z,partner,55951,active,,US-W
ORD-006279,2025-11-13T19:38:00Z,partner,35496,refunded,,US-W
ORD-006280,2025-01-30T19:46:11Z,mobile,85787,refunded,,US-W
ORD-006281,2025-09-13T21:11:14Z,partner,4289,refunded,,US-W
ORD-006282,2025-10-03T15:03:24Z,web,67167,completed,,US-C
ORD-006283,2025-11-28T18:41:54Z,mobile,18146,completed,,US-C
ORD-006284,2025-07-28T22:38:14Z,web,12197,cancelled,,US-E
ORD-006285,2025-04-07T21:06:15Z,web,42095,completed,,US-C
ORD-006286,2025-06-10T21:32:56Z,partner,87092,cancelled,,US-W
ORD-006287,2025-05-11T16:13:47Z,partner,39136,cancelled,,US-C
ORD-006288,2025-06-29T17:20:05Z,web,27452,completed,,US-W
ORD-006289,2025-08-30T14:11:39Z,mobile,53077,cancelled,,CA
ORD-006290,2025-12-18T16:43:08Z,web,26264,refunded,,CA
ORD-006291,2025-06-10T22:28:49Z,web,86087,active,,US-E
ORD-006292,2025-09-22T18:38:07Z,web,53554,cancelled,,CA
ORD-006293,2025-08-22T14:37:31Z,legacy_pos,15800,completed,,US-E
ORD-006294,2025-01-18T17:11:13Z,web,86517,refunded,,US-E
ORD-006295,2025-11-16T22:01:56Z,mobile,69579,refunded,,US-W
ORD-006296,2025-12-31T23:26:42Z,mobile,8527,refunded,,CA
ORD-006297,2025-06-12T19:41:24Z,mobile,88931,cancelled,,US-E
ORD-006298,2025-07-22T22:29:56Z,mobile,44865,refunded,,US-C
ORD-006299,2025-01-13T22:47:49Z,partner,50895,completed,,US-E
ORD-006300,2025-04-07T22:50:42Z,partner,41903,active,,US-E
ORD-006301,2025-04-30T20:02:02Z,legacy_pos,61500,refunded,,US-C
ORD-006302,2025-09-26T17:41:40Z,mobile,80846,completed,,US-C
ORD-006303,2025-09-04T15:12:08Z,web,19451,cancelled,,US-C
ORD-006304,2025-03-11T14:41:08Z,web,30166,cancelled,,US-C
ORD-006305,2025-10-06T14:01:22Z,mobile,7577,completed,,US-W
ORD-006306,2025-01-06T15:58:59Z,web,69075,completed,,US-C
ORD-006307,2025-10-28T14:52:22Z,web,59497,refunded,,CA
ORD-006308,2025-02-24T20:22:33Z,partner,57936,cancelled,,US-C
ORD-006309,2025-12-23T17:17:42Z,mobile,26080,refunded,,US-C
ORD-006310,2025-05-31T16:45:44Z,web,47204,refunded,,CA
ORD-006311,2025-05-02T15:14:09Z,web,16796,refunded,,US-W
ORD-006312,2025-09-23T14:52:54Z,partner,25408,cancelled,,US-C
ORD-006313,2025-09-16T16:01:37Z,mobile,88169,completed,,US-C
ORD-006314,2025-02-17T19:53:39Z,web,60015,refunded,,US-W
ORD-006315,2025-10-08T18:05:00Z,mobile,33793,active,2025-10-14T00:05:00Z,US-C
ORD-006316,2025-01-01T23:43:40Z,partner,51512,active,,US-E
ORD-006317,2025-02-13T16:36:32Z,mobile,18737,refunded,,US-E
ORD-006318,2025-04-28T21:29:35Z,mobile,42625,completed,,US-E
ORD-006319,2025-03-10T20:21:12Z,partner,10623,cancelled,,US-E
ORD-006320,2025-10-29T18:56:21Z,web,62047,cancelled,,CA
ORD-006321,2025-11-30T23:29:29Z,mobile,61535,cancelled,,US-E
ORD-006322,2025-07-08T16:20:50Z,mobile,74402,completed,2025-07-08T20:20:50Z,US-W
ORD-006323,2025-04-13T16:50:43Z,partner,88287,active,2025-04-20T07:50:43Z,US-C
ORD-006324,2025-06-22T15:27:03Z,mobile,72635,active,,US-E
ORD-006325,2025-06-06T18:41:05Z,mobile,39496,cancelled,,CA
ORD-006326,2025-10-05T14:35:44Z,mobile,69612,refunded,,US-E
ORD-006327,2025-01-28T15:28:25Z,mobile,76177,active,,CA
ORD-006328,2025-07-14T15:58:34Z,mobile,34059,cancelled,,US-C
ORD-006329,2025-07-28T18:43:00Z,mobile,85647,completed,,CA
ORD-006330,2025-09-17T16:59:21Z,mobile,19336,active,,US-W
ORD-006331,2025-02-04T19:58:12Z,mobile,30514,active,,US-W
ORD-006332,2025-05-20T22:24:37Z,web,74405,completed,,US-W
ORD-006333,2025-11-03T17:53:36Z,mobile,47585,active,,US-C
ORD-006334,2025-08-14T14:17:04Z,mobile,74721,active,2025-08-18T11:17:04Z,US-W
ORD-006335,2025-12-15T16:30:17Z,mobile,10168,completed,,CA
ORD-006336,2025-10-10T19:10:34Z,partner,50160,refunded,,US-E
ORD-006337,2025-02-09T17:33:05Z,mobile,80628,completed,,US-W
ORD-006338,2025-04-09T16:35:40Z,web,20291,refunded,,US-C
ORD-006339,2025-04-27T22:03:10Z,web,27412,active,,CA
ORD-006340,2025-08-23T20:35:58Z,partner,9586,cancelled,,US-C
ORD-006341,2025-07-31T15:59:49Z,mobile,65844,refunded,,US-E
ORD-006342,2025-05-09T18:41:26Z,web,39321,active,,US-W
ORD-006343,2025-02-27T21:53:33Z,web,36186,completed,,CA
ORD-006344,2025-11-27T16:25:47Z,web,34813,completed,,US-W
ORD-006345,2025-12-12T17:38:45Z,mobile,14664,active,,US-C
ORD-006346,2025-12-09T20:19:30Z,partner,11459,cancelled,,US-W
ORD-006347,2025-11-02T20:06:15Z,mobile,37364,completed,,US-W
ORD-006348,2025-04-17T14:18:41Z,mobile,15989,cancelled,,CA
ORD-006349,2025-02-23T20:33:09Z,mobile,12780,completed,,US-C
ORD-006350,2025-07-27T19:18:03Z,web,65684,cancelled,,CA
ORD-006351,2025-03-20T18:23:25Z,partner,31438,completed,,CA
ORD-006352,2025-10-29T14:47:18Z,mobile,3108,active,,US-C
ORD-006353,2025-01-20T21:22:00Z,partner,41017,completed,,CA
ORD-006354,2025-06-21T20:38:03Z,mobile,8771,refunded,,CA
ORD-006355,2025-01-06T23:44:54Z,partner,72970,active,,US-W
ORD-006356,2025-03-04T21:10:20Z,partner,3146,completed,,CA
ORD-006357,2025-01-11T16:19:56Z,mobile,29849,cancelled,,US-W
ORD-006358,2025-09-07T19:55:42Z,mobile,22032,active,,US-E
ORD-006359,2025-09-19T17:03:12Z,mobile,46170,active,,US-W
ORD-006360,2025-10-19T22:43:42Z,web,12772,refunded,,US-E
ORD-006361,2025-05-04T21:40:27Z,mobile,42541,active,,US-W
ORD-006362,2025-09-11T15:02:46Z,mobile,88557,cancelled,,US-E
ORD-006363,2025-01-15T19:12:18Z,web,71350,refunded,,US-C
ORD-006364,2025-06-05T22:42:15Z,partner,50340,cancelled,,US-C
ORD-006365,2025-05-29T14:06:15Z,mobile,24019,active,,US-W
ORD-006366,2025-08-17T18:19:29Z,mobile,85729,cancelled,,US-W
ORD-006367,2025-07-18T18:33:06Z,web,55747,active,,US-W
ORD-006368,2025-03-10T19:01:49Z,partner,22369,completed,,US-C
ORD-006369,2025-09-08T20:32:37Z,partner,32316,active,,CA
ORD-006370,2025-11-20T22:03:36Z,mobile,8953,refunded,,US-E
ORD-006371,2025-12-24T22:08:14Z,mobile,2372,cancelled,,US-E
ORD-006372,2025-01-29T21:37:08Z,web,78544,active,,US-C
ORD-006373,2025-07-07T19:37:41Z,legacy_pos,86760,completed,,CA
ORD-006374,2025-11-30T19:47:24Z,web,50719,refunded,,CA
ORD-006375,2025-06-23T18:34:18Z,partner,15801,cancelled,,CA
ORD-006376,2025-01-21T16:05:37Z,web,15688,active,,CA
ORD-006377,2025-11-16T21:26:15Z,mobile,52833,completed,,US-W
ORD-006378,2025-08-21T19:34:27Z,web,84321,refunded,,CA
ORD-006379,2025-10-30T14:16:39Z,partner,13148,active,,US-W
ORD-006380,2025-01-26T18:38:01Z,web,43487,refunded,,CA
ORD-006381,2025-03-18T15:57:28Z,web,79822,active,,CA
ORD-006382,2025-01-12T19:06:35Z,partner,10932,refunded,,US-E
ORD-006383,2025-02-22T18:34:36Z,mobile,52613,active,,CA
ORD-006384,2025-03-16T15:11:13Z,partner,76060,active,,US-W
ORD-006385,2025-03-06T16:11:43Z,partner,82374,cancelled,,US-E
ORD-006386,2025-05-25T17:19:13Z,web,65137,completed,,CA
ORD-006387,2025-03-16T14:07:56Z,web,78650,active,,US-W
ORD-006388,2025-01-06T18:33:33Z,partner,25390,refunded,,US-E
ORD-006389,2025-03-20T14:54:39Z,mobile,86545,active,,US-W
ORD-006390,2025-08-03T22:20:55Z,mobile,69748,cancelled,,CA
ORD-006391,2025-10-11T15:34:32Z,web,20416,completed,,US-E
ORD-006392,2025-10-03T14:39:36Z,legacy_pos,72400,refunded,,US-C
ORD-006393,2025-02-24T20:00:16Z,legacy_pos,71351,active,,US-W
ORD-006394,2025-05-14T15:19:41Z,partner,58788,completed,,US-C
ORD-006395,2025-11-30T22:28:08Z,web,14418,completed,,US-C
ORD-006396,2025-01-09T18:23:52Z,partner,67175,cancelled,,US-W
ORD-006397,2025-02-24T20:53:17Z,mobile,60377,cancelled,,CA
ORD-006398,2025-07-02T17:13:56Z,web,80735,refunded,,US-E
ORD-006399,2025-03-14T14:44:16Z,mobile,8080,completed,,US-E
ORD-006400,2025-06-23T17:08:19Z,mobile,80677,refunded,,US-E
ORD-006401,2025-09-13T18:58:43Z,mobile,87675,cancelled,,US-E
ORD-006402,2025-08-12T19:26:10Z,web,17818,completed,,US-C
ORD-006403,2025-11-15T16:05:29Z,mobile,51674,active,,US-W
ORD-006404,2025-02-12T15:07:09Z,mobile,44400,cancelled,,CA
ORD-006405,2025-01-22T21:31:52Z,partner,16025,cancelled,,US-W
ORD-006406,2025-08-03T16:48:29Z,partner,45394,refunded,,US-E
ORD-006407,2025-01-29T17:42:39Z,partner,19464,cancelled,,US-E
ORD-006408,2025-01-07T23:23:13Z,mobile,64756,cancelled,,US-E
ORD-006409,2025-12-01T21:52:05Z,web,64510,refunded,,US-W
ORD-006410,2025-02-08T18:27:40Z,partner,23496,refunded,,US-E
ORD-006411,2025-12-20T15:43:09Z,mobile,62718,refunded,,US-E
ORD-006412,2025-11-30T16:02:56Z,mobile,3730,cancelled,,CA
ORD-006413,2025-10-25T22:05:07Z,mobile,30560,completed,,US-E
ORD-006414,2025-10-27T19:08:25Z,web,49200,refunded,,US-C
ORD-006415,2025-04-05T20:07:18Z,legacy_pos,28381,cancelled,,US-E
ORD-006416,2025-11-26T16:36:53Z,web,67743,cancelled,,US-C
ORD-006417,2025-11-23T22:47:01Z,partner,83773,completed,,US-W
ORD-006418,2025-05-16T21:54:36Z,mobile,24028,refunded,,CA
ORD-006419,2025-02-24T17:18:15Z,web,53664,active,,US-W
ORD-006420,2025-05-28T17:24:10Z,legacy_pos,78158,active,,US-W
ORD-006421,2025-03-11T14:22:57Z,legacy_pos,15100,active,,US-C
ORD-006422,2025-05-13T19:07:02Z,web,67093,active,,US-W
ORD-006423,2025-03-12T15:28:30Z,partner,4142,refunded,,CA
ORD-006424,2025-02-17T20:09:35Z,web,51130,cancelled,,US-E
ORD-006425,2025-11-20T20:05:32Z,web,43455,completed,,US-C
ORD-006426,2025-02-09T21:52:31Z,mobile,78005,refunded,,US-C
ORD-006427,2025-10-31T15:58:51Z,mobile,79248,refunded,,US-E
ORD-006428,2025-07-04T14:37:36Z,partner,54693,active,,CA
ORD-006429,2025-07-16T14:37:16Z,mobile,66621,completed,,US-C
ORD-006430,2025-10-29T19:46:09Z,web,25332,refunded,,US-C
ORD-006431,2025-11-11T23:14:48Z,mobile,22815,completed,,CA
ORD-006432,2025-01-12T17:22:23Z,web,13455,active,,CA
ORD-006433,2025-02-16T18:22:04Z,partner,76017,completed,,US-C
ORD-006434,2025-05-27T21:27:20Z,web,42955,active,,US-C
ORD-006435,2025-11-12T20:44:17Z,web,28468,completed,,CA
ORD-006436,2025-05-01T20:03:05Z,mobile,58711,completed,,US-W
ORD-006437,2025-10-13T14:27:18Z,web,60374,active,,US-W
ORD-006438,2025-05-13T14:35:25Z,web,79196,active,,US-E
ORD-006439,2025-10-15T20:09:33Z,partner,68667,refunded,,CA
ORD-006440,2025-01-23T15:45:48Z,web,55364,refunded,,US-C
ORD-006441,2025-11-11T20:11:50Z,partner,39590,active,,CA
ORD-006442,2025-07-25T19:43:49Z,web,23979,cancelled,,US-C
ORD-006443,2025-10-15T17:20:28Z,mobile,38318,completed,,US-E
ORD-006444,2025-02-08T18:01:22Z,mobile,23136,active,,CA
ORD-006445,2025-09-27T15:41:04Z,mobile,72858,refunded,,US-C
ORD-006446,2025-11-26T16:45:10Z,web,25081,cancelled,,US-E
ORD-006447,2025-10-08T18:02:09Z,mobile,2618,cancelled,,US-W
ORD-006448,2025-04-17T22:06:34Z,mobile,56161,completed,2025-04-22T02:06:34Z,CA
ORD-006449,2025-02-01T23:41:44Z,partner,1918,refunded,,CA
ORD-006450,2025-11-15T20:40:45Z,partner,45464,refunded,,CA
ORD-006451,2025-11-21T18:30:00Z,partner,43360,active,,US-W
ORD-006452,2025-11-26T21:11:02Z,web,84452,cancelled,,US-E
ORD-006453,2025-02-19T18:57:39Z,partner,59473,refunded,,US-W
ORD-006454,2025-02-05T21:26:21Z,web,19897,refunded,,US-E
ORD-006455,2025-08-21T14:45:43Z,mobile,41495,cancelled,,US-C
ORD-006456,2025-05-18T18:38:24Z,partner,41058,active,,US-E
ORD-006457,2025-07-29T17:29:11Z,web,48154,cancelled,,US-W
ORD-006458,2025-11-19T16:16:52Z,partner,44566,cancelled,,CA
ORD-006459,2025-09-11T17:32:53Z,web,57531,refunded,,CA
ORD-006460,2025-11-10T19:44:58Z,web,40617,active,,CA
ORD-006461,2025-06-03T20:06:44Z,web,3545,refunded,,US-C
ORD-006462,2025-04-07T21:50:16Z,mobile,22174,cancelled,,US-C
ORD-006463,2025-01-07T21:09:28Z,mobile,74085,active,2025-01-15T04:09:28Z,US-E
ORD-006464,2025-02-16T15:22:31Z,web,26323,completed,,US-E
ORD-006465,2025-09-30T22:59:05Z,legacy_pos,42800,active,,US-C
ORD-006466,2025-04-16T22:56:57Z,web,22370,active,,US-E
ORD-006467,2025-08-20T18:56:05Z,partner,12687,completed,,US-C
ORD-006468,2025-08-08T21:24:12Z,web,5052,refunded,,US-E
ORD-006469,2025-05-30T21:12:34Z,legacy_pos,47000,completed,,US-E
ORD-006470,2025-02-13T19:09:16Z,mobile,78319,refunded,,CA
ORD-006471,2025-10-18T14:26:45Z,partner,81119,completed,,CA
ORD-006472,2025-07-11T15:45:01Z,mobile,81017,completed,,US-C
ORD-006473,2025-09-15T19:00:12Z,mobile,38214,cancelled,,US-E
ORD-006474,2025-08-21T14:37:52Z,mobile,23699,cancelled,,CA
ORD-006475,2025-07-04T17:59:42Z,web,59213,refunded,,US-C
ORD-006476,2025-08-05T19:37:03Z,partner,32942,cancelled,,US-W
ORD-006477,2025-06-02T20:51:48Z,web,56367,refunded,,US-E
ORD-006478,2025-04-01T17:56:46Z,partner,37244,refunded,,US-E
ORD-006479,2025-02-23T21:00:14Z,web,51531,refunded,,US-C
ORD-006480,2025-02-19T17:23:07Z,mobile,44124,refunded,,CA
ORD-006481,2025-11-10T19:44:55Z,mobile,14934,cancelled,,US-C
ORD-006482,2025-04-29T21:18:56Z,mobile,31295,cancelled,,CA
ORD-006483,2025-03-31T14:27:29Z,web,87773,cancelled,,US-C
ORD-006484,2025-08-29T14:27:56Z,partner,40169,active,,US-E
ORD-006485,2025-02-14T21:30:39Z,web,61139,refunded,2025-02-20T01:30:39Z,US-C
ORD-006486,2025-01-06T21:10:09Z,partner,36455,refunded,,US-W
ORD-006487,2025-08-30T16:47:41Z,web,50990,refunded,,US-C
ORD-006488,2025-07-30T22:49:45Z,mobile,12718,completed,,US-C
ORD-006489,2025-07-27T21:11:49Z,web,77921,completed,,CA
ORD-006490,2025-04-15T16:36:17Z,web,85921,active,,US-C
ORD-006491,2025-07-09T17:02:00Z,web,17115,active,,CA
ORD-006492,2025-02-16T15:32:17Z,partner,22411,refunded,,US-E
ORD-006493,2025-08-26T17:04:41Z,partner,6496,completed,,US-E
ORD-006494,2025-02-20T22:37:33Z,web,16970,cancelled,,US-C
ORD-006495,2025-11-05T21:40:10Z,mobile,50349,cancelled,,US-W
ORD-006496,2025-12-31T19:03:11Z,web,13480,completed,2026-01-03T17:03:11Z,US-C
ORD-006497,2025-10-17T21:08:14Z,mobile,1292,refunded,,US-W
ORD-006498,2025-03-05T23:43:36Z,web,28419,completed,,US-W
ORD-006499,2025-12-18T19:20:44Z,partner,1146,cancelled,,CA
ORD-006500,2025-08-13T22:43:22Z,mobile,81919,completed,,US-W
ORD-006501,2025-05-23T16:25:27Z,partner,69950,refunded,,US-E
ORD-006502,2025-11-25T16:25:58Z,mobile,23082,cancelled,,US-E
ORD-006503,2025-03-18T19:27:48Z,mobile,78096,active,,US-C
ORD-006504,2025-10-12T20:43:16Z,web,35882,completed,,US-E
ORD-006505,2025-03-05T19:32:45Z,mobile,56550,cancelled,,US-C
ORD-006506,2025-01-10T19:15:00Z,web,60295,active,,US-E
ORD-006507,2025-06-02T17:05:17Z,mobile,25980,completed,,US-C
ORD-006508,2025-02-11T16:06:28Z,legacy_pos,11287,completed,,US-W
ORD-006509,2025-04-15T17:19:32Z,mobile,59044,active,,CA
ORD-006510,2025-05-23T20:16:59Z,mobile,33405,active,,US-C
ORD-006511,2025-04-11T15:48:45Z,legacy_pos,32000,active,,US-W
ORD-006512,2025-05-14T22:02:01Z,web,19461,cancelled,,US-W
ORD-006513,2025-03-25T00:41:47Z,web,63256,cancelled,,CA
ORD-006514,2025-06-21T14:31:48Z,partner,17346,active,,US-C
ORD-006515,2025-10-30T17:24:58Z,mobile,25530,active,,CA
ORD-006516,2025-03-25T22:51:30Z,mobile,79296,completed,,US-W
ORD-006517,2025-04-04T17:15:38Z,web,10456,active,,US-E
ORD-006518,2025-04-18T15:46:53Z,mobile,44211,active,,US-E
ORD-006519,2025-08-29T15:07:37Z,partner,62918,active,,US-C
ORD-006520,2025-07-11T16:09:26Z,web,66298,active,,US-E
ORD-006521,2025-03-07T22:56:25Z,partner,48459,cancelled,,US-W
ORD-006522,2025-01-08T19:12:18Z,web,17128,completed,,CA
ORD-006523,2025-12-05T18:41:23Z,mobile,56955,active,,CA
ORD-006524,2025-04-12T17:00:54Z,web,1440,completed,2025-04-19T07:00:54Z,US-E
ORD-006525,2025-01-22T23:03:58Z,partner,77137,cancelled,,US-C
ORD-006526,2025-06-03T17:53:56Z,partner,32038,completed,,US-E
ORD-006527,2025-09-13T18:36:27Z,partner,32368,completed,,CA
ORD-006528,2025-04-20T20:11:59Z,web,78040,refunded,,US-W
ORD-006529,2025-05-01T16:27:10Z,legacy_pos,43400,refunded,,US-C
ORD-006530,2025-01-21T21:31:00Z,web,72833,completed,,US-C
ORD-006531,2025-04-23T21:31:22Z,partner,42490,completed,,US-C
ORD-006532,2025-12-25T22:58:05Z,web,35891,active,,US-C
ORD-006533,2025-02-21T23:21:22Z,mobile,11428,completed,,US-E
ORD-006534,2025-01-22T23:59:13Z,partner,25229,completed,,CA
ORD-006535,2025-12-24T15:46:47Z,mobile,67723,completed,,CA
ORD-006536,2025-03-04T16:06:29Z,web,66845,refunded,,US-W
ORD-006537,2025-05-18T21:18:15Z,mobile,89564,completed,2025-05-21T14:18:15Z,US-W
ORD-006538,2025-07-09T20:36:56Z,partner,70913,completed,,US-W
ORD-006539,2025-03-10T16:08:03Z,partner,18348,completed,,US-C
ORD-006540,2025-04-28T14:05:59Z,web,14103,refunded,,US-C
ORD-006541,2025-01-17T21:24:59Z,partner,74948,refunded,,US-W
ORD-006542,2025-12-08T00:18:26Z,web,49110,refunded,,US-C
ORD-006543,2025-09-22T22:03:56Z,partner,28190,completed,,US-C
ORD-006544,2025-03-01T19:20:18Z,partner,20315,active,,US-C
ORD-006545,2025-06-24T18:55:27Z,partner,87323,active,,CA
ORD-006546,2025-02-12T19:02:55Z,mobile,57907,completed,,CA
ORD-006547,2025-10-13T16:31:29Z,web,82070,completed,,US-W
ORD-006548,2025-10-30T21:04:17Z,mobile,56577,cancelled,,US-W
ORD-006549,2025-01-29T19:00:53Z,partner,83464,cancelled,,US-C
ORD-006550,2025-06-12T14:19:43Z,web,69529,refunded,,US-E
ORD-006551,2025-11-04T20:04:29Z,partner,68818,refunded,,US-E
ORD-006552,2025-11-28T22:33:03Z,mobile,67706,completed,,CA
ORD-006553,2025-03-31T19:04:43Z,partner,9058,active,,CA
ORD-006554,2025-07-13T17:19:14Z,web,50141,cancelled,,US-W
ORD-006555,2025-01-27T17:50:52Z,mobile,25575,completed,,US-C
ORD-006556,2025-05-30T21:03:02Z,web,28564,completed,,US-C
ORD-006557,2025-11-08T19:59:03Z,web,65069,completed,,US-E
ORD-006558,2025-08-18T21:54:14Z,mobile,77963,refunded,,CA
ORD-006559,2025-01-28T22:29:31Z,mobile,16739,refunded,,US-W
ORD-006560,2025-10-12T20:30:07Z,web,10045,refunded,,US-E
ORD-006561,2025-05-01T16:13:21Z,partner,42002,cancelled,,CA
ORD-006562,2025-05-29T15:31:17Z,web,26357,cancelled,,CA
ORD-006563,2025-05-28T22:14:31Z,mobile,26667,active,,US-W
ORD-006564,2025-06-11T14:09:46Z,web,85715,completed,,US-C
ORD-006565,2025-01-20T16:03:42Z,web,19771,completed,2025-01-27T02:03:42Z,CA
ORD-006566,2025-07-08T22:59:39Z,partner,87931,active,,CA
ORD-006567,2025-12-29T17:30:14Z,mobile,64541,cancelled,,CA
ORD-006568,2025-10-21T22:19:45Z,web,45007,refunded,,US-C
ORD-006569,2025-02-03T19:34:59Z,web,18616,cancelled,,US-C
ORD-006570,2025-09-26T20:38:02Z,mobile,7743,completed,,US-E
ORD-006571,2025-06-22T14:07:37Z,partner,45758,completed,,US-W
ORD-006572,2025-05-12T16:22:40Z,web,87225,completed,,US-W
ORD-006573,2025-01-19T20:53:54Z,web,45398,cancelled,,CA
ORD-006574,2025-04-02T21:33:08Z,partner,2414,completed,2025-04-08T01:33:08Z,US-E
ORD-006575,2025-11-01T20:41:46Z,web,5209,completed,,US-W
ORD-006576,2025-02-10T19:56:49Z,mobile,49556,active,,US-C
ORD-006577,2025-11-19T22:00:47Z,web,6340,refunded,,US-C
ORD-006578,2025-10-08T18:02:02Z,partner,1770,active,,US-C
ORD-006579,2025-05-09T20:59:02Z,legacy_pos,35400,completed,,US-W
ORD-006580,2025-01-28T20:55:36Z,web,64423,cancelled,,US-E
ORD-006581,2025-09-27T20:14:22Z,web,77272,refunded,,US-C
ORD-006582,2025-04-29T14:07:59Z,mobile,48886,cancelled,,US-W
ORD-006583,2025-06-05T20:30:01Z,mobile,26995,completed,,US-C
ORD-006584,2025-04-09T16:48:42Z,web,77009,cancelled,,US-E
ORD-006585,2025-10-22T15:30:59Z,web,30611,refunded,,US-C
ORD-006586,2025-07-05T15:36:13Z,partner,19673,refunded,,US-C
ORD-006587,2025-12-28T15:50:42Z,partner,48215,completed,,US-W
ORD-006588,2025-07-19T21:18:26Z,web,13124,cancelled,,CA
ORD-006589,2025-07-20T14:44:25Z,web,34105,active,,US-W
ORD-006590,2025-07-06T20:47:25Z,legacy_pos,61417,cancelled,,US-E
ORD-006591,2025-03-24T18:14:31Z,web,45654,cancelled,,US-W
ORD-006592,2025-03-23T20:05:04Z,partner,35061,refunded,,CA
ORD-006593,2025-05-16T20:24:50Z,mobile,7658,refunded,,US-W
ORD-006594,2025-08-23T18:54:02Z,mobile,83980,cancelled,,CA
ORD-006595,2025-08-27T20:11:28Z,mobile,89199,refunded,,US-E
ORD-006596,2025-11-18T23:44:46Z,web,45251,refunded,,US-E
ORD-006597,2025-02-04T19:49:58Z,partner,48583,cancelled,,US-E
ORD-006598,2025-11-05T20:26:12Z,web,36812,completed,,CA
ORD-006599,2025-08-18T22:07:41Z,web,40381,active,,CA
ORD-006600,2025-06-28T22:07:09Z,mobile,75686,cancelled,,US-E
ORD-006601,2025-10-13T14:03:47Z,partner,78226,cancelled,,CA
ORD-006602,2025-12-04T20:50:10Z,partner,49198,cancelled,,US-W
ORD-006603,2025-03-29T21:47:27Z,web,23289,completed,,US-E
ORD-006604,2025-07-13T20:00:17Z,partner,40441,refunded,,CA
ORD-006605,2025-10-09T20:13:31Z,web,82649,active,,CA
ORD-006606,2025-12-28T15:32:54Z,partner,71770,active,,US-E
ORD-006607,2025-12-20T23:20:56Z,mobile,10259,refunded,,US-C
ORD-006608,2025-11-21T17:53:51Z,partner,61824,cancelled,,US-C
ORD-006609,2025-11-30T16:19:11Z,web,63011,completed,,US-W
ORD-006610,2025-12-16T22:13:28Z,partner,54393,cancelled,,CA
ORD-006611,2025-10-23T20:55:16Z,web,7083,refunded,,CA
ORD-006612,2025-08-05T17:55:09Z,web,21587,cancelled,,US-C
ORD-006613,2025-07-20T21:11:42Z,partner,88084,cancelled,,US-E
ORD-006614,2025-09-21T18:28:48Z,partner,3754,refunded,,CA
ORD-006615,2025-12-14T22:15:18Z,mobile,37978,cancelled,,US-E
ORD-006616,2025-01-10T17:11:28Z,mobile,60550,active,,US-E
ORD-006617,2025-09-02T07:50:24Z,partner,40005,cancelled,,US-W
ORD-006618,2025-06-01T22:18:38Z,web,58683,active,,US-E
ORD-006619,2025-01-19T19:53:58Z,mobile,71449,cancelled,,US-E
ORD-006620,2025-08-06T14:21:21Z,partner,19031,refunded,,US-W
ORD-006621,2025-08-28T21:11:30Z,web,8113,cancelled,,US-W
ORD-006622,2025-08-06T19:14:05Z,web,40556,completed,,US-C
ORD-006623,2025-08-23T18:22:55Z,mobile,86711,completed,,US-E
ORD-006624,2025-06-04T19:17:38Z,web,62054,active,,US-E
ORD-006625,2025-04-02T21:30:27Z,web,14640,active,,CA
ORD-006626,2025-12-27T19:48:38Z,web,68208,completed,,US-W
ORD-006627,2025-06-21T22:11:01Z,mobile,79481,completed,,US-W
ORD-006628,2025-06-05T15:45:14Z,partner,23015,refunded,,US-E
ORD-006629,2025-03-28T22:01:00Z,mobile,41291,refunded,,US-W
ORD-006630,2025-09-06T16:08:00Z,web,85461,active,,US-E
ORD-006631,2025-05-11T19:53:37Z,mobile,844,active,,US-W
ORD-006632,2025-11-06T20:43:21Z,web,29864,completed,,CA
ORD-006633,2025-12-27T23:31:03Z,mobile,77023,active,,US-C
ORD-006634,2025-04-12T21:37:07Z,mobile,12704,completed,,US-C
ORD-006635,2025-12-17T21:14:43Z,web,19428,completed,,US-C
ORD-006636,2025-02-23T01:24:35Z,mobile,60419,active,,US-E
ORD-006637,2025-05-18T19:53:23Z,partner,89687,completed,,US-W
ORD-006638,2025-11-30T23:01:28Z,web,33901,completed,,CA
ORD-006639,2025-06-04T16:37:16Z,partner,76961,cancelled,,US-C
ORD-006640,2025-09-18T19:25:53Z,web,67082,cancelled,,US-E
ORD-006641,2025-12-30T22:53:49Z,legacy_pos,50400,active,,US-W
ORD-006642,2025-06-02T20:17:00Z,partner,88165,cancelled,,CA
ORD-006643,2025-01-02T20:01:14Z,partner,29298,cancelled,,US-C
ORD-006644,2025-03-27T19:30:17Z,partner,39268,active,,US-E
ORD-006645,2025-06-05T18:15:55Z,web,32636,active,,CA
ORD-006646,2025-08-03T19:49:01Z,mobile,55658,cancelled,,CA
ORD-006647,2025-01-24T15:34:48Z,partner,11994,cancelled,,US-C
ORD-006648,2025-06-13T17:59:36Z,mobile,17206,refunded,,US-W
ORD-006649,2025-08-20T15:39:12Z,mobile,55341,active,,US-W
ORD-006650,2025-11-17T15:57:44Z,mobile,60372,refunded,,US-C
ORD-006651,2025-02-01T15:53:17Z,partner,60265,cancelled,,CA
ORD-006652,2025-03-14T21:42:34Z,web,9784,refunded,,US-W
ORD-006653,2025-10-08T14:38:55Z,partner,58611,refunded,,CA
ORD-006654,2025-03-02T23:05:40Z,mobile,22007,active,,US-W
ORD-006655,2025-06-06T15:18:53Z,web,16753,refunded,,US-E
ORD-006656,2025-11-03T15:46:19Z,web,26752,cancelled,,CA
ORD-006657,2025-09-10T18:35:46Z,mobile,4851,refunded,,CA
ORD-006658,2025-06-08T20:16:20Z,mobile,16633,completed,,CA
ORD-006659,2025-05-07T19:38:43Z,partner,88751,completed,,US-W
ORD-006660,2025-08-30T15:00:16Z,mobile,85953,refunded,,US-C
ORD-006661,2025-11-20T07:02:40Z,mobile,71060,cancelled,,US-C
ORD-006662,2025-02-22T20:47:44Z,partner,81997,cancelled,,US-E
ORD-006663,2025-03-16T06:24:52Z,partner,89858,completed,,US-C
ORD-006664,2025-06-12T14:32:39Z,web,44427,completed,,US-C
ORD-006665,2025-02-18T19:09:41Z,partner,12852,active,,US-W
ORD-006666,2025-04-03T21:27:17Z,legacy_pos,45393,cancelled,,CA
ORD-006667,2025-03-24T19:00:06Z,mobile,75605,active,,US-C
ORD-006668,2025-09-03T18:55:06Z,mobile,12563,cancelled,,US-C
ORD-006669,2025-06-06T19:01:37Z,partner,4814,completed,,US-C
ORD-006670,2025-01-22T23:27:30Z,partner,26667,cancelled,,US-E
ORD-006671,2025-08-03T15:38:51Z,mobile,25487,completed,,US-E
ORD-006672,2025-06-21T15:21:25Z,partner,1398,active,,CA
ORD-006673,2025-07-12T18:18:48Z,web,48739,active,,US-W
ORD-006674,2025-04-12T21:53:20Z,partner,26543,active,,CA
ORD-006675,2025-12-25T21:52:16Z,partner,50854,active,,US-W
ORD-006676,2025-04-15T14:56:57Z,web,33453,cancelled,,US-E
ORD-006677,2025-09-21T22:51:23Z,mobile,2271,refunded,,US-C
ORD-006678,2025-03-17T22:02:01Z,partner,82437,completed,,CA
ORD-006679,2025-01-20T18:48:14Z,mobile,30988,refunded,,US-E
ORD-006680,2025-05-06T14:13:50Z,web,18058,cancelled,,CA
ORD-006681,2025-02-08T21:17:24Z,mobile,78246,refunded,,CA
ORD-006682,2025-12-12T17:01:09Z,web,54185,refunded,,US-W
ORD-006683,2025-04-09T21:00:25Z,partner,16868,refunded,,US-C
ORD-006684,2025-10-22T22:06:34Z,mobile,70434,refunded,,US-C
ORD-006685,2025-04-02T14:45:24Z,partner,17942,refunded,,US-E
ORD-006686,2025-10-06T14:52:26Z,web,7808,completed,,US-W
ORD-006687,2025-11-22T16:31:18Z,partner,56590,active,,US-C
ORD-006688,2025-09-18T16:45:02Z,mobile,589,refunded,,US-C
ORD-006689,2025-09-01T19:16:34Z,partner,12441,active,,US-W
ORD-006690,2025-09-13T15:06:39Z,web,76768,completed,,US-C
ORD-006691,2025-02-28T15:51:36Z,mobile,69714,active,,US-C
ORD-006692,2025-05-17T17:06:10Z,web,40578,active,,US-C
ORD-006693,2025-09-21T17:28:52Z,web,51652,cancelled,2025-09-27T19:28:52Z,US-C
ORD-006694,2025-10-06T18:31:14Z,partner,2959,active,,US-E
ORD-006695,2025-09-13T20:02:45Z,partner,60455,refunded,2025-09-20T02:02:45Z,US-W
ORD-006696,2025-02-27T18:26:06Z,web,84310,refunded,,US-E
ORD-006697,2025-10-24T21:50:13Z,web,66657,refunded,,US-E
ORD-006698,2025-02-11T15:06:04Z,partner,40260,refunded,,US-C
ORD-006699,2025-12-12T21:13:58Z,web,41441,completed,,US-E
ORD-006700,2025-05-17T17:21:44Z,web,55114,refunded,,US-C
ORD-006701,2025-01-08T16:27:56Z,mobile,58710,completed,,CA
ORD-006702,2025-06-05T22:00:08Z,partner,65950,cancelled,,US-C
ORD-006703,2025-04-19T17:15:01Z,partner,39063,completed,,US-E
ORD-006704,2025-11-17T23:17:52Z,mobile,43134,completed,,CA
ORD-006705,2025-12-20T17:54:18Z,web,54162,cancelled,,US-E
ORD-006706,2025-03-02T15:36:07Z,mobile,10018,active,,CA
ORD-006707,2025-12-02T19:18:48Z,partner,26848,active,,US-W
ORD-006708,2025-10-07T17:56:42Z,mobile,7573,cancelled,,US-C
ORD-006709,2025-06-07T17:46:38Z,mobile,56552,active,,US-E
ORD-006710,2025-01-19T17:41:56Z,partner,48016,active,,US-E
ORD-006711,2025-03-06T16:42:21Z,mobile,34710,cancelled,,CA
ORD-006712,2025-11-30T17:53:11Z,partner,24431,cancelled,,US-C
ORD-006713,2025-07-31T17:19:40Z,web,17475,cancelled,,CA
ORD-006714,2025-03-20T20:54:53Z,legacy_pos,88400,completed,,CA
ORD-006715,2025-12-22T15:15:19Z,partner,78551,completed,,CA
ORD-006716,2025-07-28T19:37:59Z,web,19337,cancelled,,US-C
ORD-006717,2025-08-06T22:57:44Z,partner,20944,active,,US-W
ORD-006718,2025-05-22T15:44:05Z,web,15324,cancelled,,CA
ORD-006719,2025-02-11T19:31:46Z,partner,2381,active,,US-C
ORD-006720,2025-05-27T17:46:38Z,partner,42978,active,,CA
ORD-006721,2025-09-17T14:33:48Z,partner,29666,completed,,US-W
ORD-006722,2025-05-04T18:34:01Z,legacy_pos,31375,completed,,CA
ORD-006723,2025-07-12T22:04:34Z,partner,81161,cancelled,,US-E
ORD-006724,2025-08-25T14:01:44Z,partner,41046,cancelled,,US-E
ORD-006725,2025-11-12T21:56:39Z,web,42249,completed,,US-C
ORD-006726,2025-10-26T21:54:28Z,web,47459,active,,US-E
ORD-006727,2025-08-05T22:39:10Z,mobile,9605,completed,,US-C
ORD-006728,2025-10-23T19:28:31Z,mobile,75904,active,,CA
ORD-006729,2025-10-14T21:25:06Z,web,23938,completed,,US-C
ORD-006730,2025-03-04T20:58:13Z,partner,51130,completed,,US-E
ORD-006731,2025-08-09T20:59:20Z,mobile,88476,cancelled,,CA
ORD-006732,2025-05-24T20:25:11Z,web,29993,active,,US-C
ORD-006733,2025-11-18T19:13:20Z,legacy_pos,68571,cancelled,,US-C
ORD-006734,2025-02-13T15:59:54Z,web,16841,completed,,US-E
ORD-006735,2025-02-23T21:10:20Z,web,17007,completed,,CA
ORD-006736,2025-01-17T19:27:27Z,partner,65551,cancelled,,US-E
ORD-006737,2025-05-18T22:46:09Z,partner,33350,cancelled,,US-E
ORD-006738,2025-01-22T21:30:56Z,web,52743,cancelled,,CA
ORD-006739,2025-04-28T21:15:33Z,web,22562,active,,US-W
ORD-006740,2025-09-17T00:57:45Z,mobile,62992,refunded,,US-C
ORD-006741,2025-12-04T15:45:59Z,web,41971,active,,US-C
ORD-006742,2025-05-15T21:30:40Z,partner,72264,cancelled,,US-C
ORD-006743,2025-03-26T16:26:34Z,mobile,80667,active,,US-C
ORD-006744,2025-12-28T19:41:59Z,partner,8378,cancelled,,US-E
ORD-006745,2025-02-23T22:05:17Z,mobile,37142,cancelled,,CA
ORD-006746,2025-12-02T20:52:14Z,partner,80658,cancelled,,CA
ORD-006747,2025-03-25T14:35:44Z,web,9551,completed,,US-C
ORD-006748,2025-05-27T00:06:12Z,web,47012,refunded,,US-W
ORD-006749,2025-08-19T18:24:20Z,web,57741,refunded,,US-C
ORD-006750,2025-08-04T22:17:18Z,mobile,51913,refunded,,CA
ORD-006751,2025-08-29T14:57:42Z,mobile,57358,refunded,,US-C
ORD-006752,2025-09-27T15:55:28Z,partner,54458,completed,,CA
ORD-006753,2025-11-11T17:06:50Z,mobile,76743,active,,US-C
ORD-006754,2025-08-06T19:37:59Z,partner,46715,cancelled,,US-C
ORD-006755,2025-01-31T22:46:00Z,mobile,65912,refunded,,US-C
ORD-006756,2025-11-20T17:28:34Z,mobile,51757,refunded,,US-E
ORD-006757,2025-03-21T16:50:03Z,partner,43662,cancelled,,CA
ORD-006758,2025-06-22T14:54:46Z,legacy_pos,57900,cancelled,,CA
ORD-006759,2025-04-26T16:20:39Z,web,14744,refunded,,US-C
ORD-006760,2025-04-15T22:51:29Z,mobile,69044,refunded,,US-W
ORD-006761,2025-06-16T16:59:21Z,web,25081,active,,US-C
ORD-006762,2025-11-06T21:28:24Z,partner,17705,active,,CA
ORD-006763,2025-02-22T19:14:35Z,mobile,30266,active,,US-W
ORD-006764,2025-08-07T15:29:48Z,web,86306,refunded,,US-C
ORD-006765,2025-07-16T04:16:03Z,web,36412,active,,US-C
ORD-006766,2025-10-20T22:58:17Z,web,10747,active,,US-W
ORD-006767,2025-08-24T14:32:19Z,web,57891,completed,,US-W
ORD-006768,2025-11-11T16:56:52Z,partner,47195,refunded,,US-C
ORD-006769,2025-12-02T07:11:13Z,web,85724,refunded,,US-C
ORD-006770,2025-06-03T21:39:35Z,partner,61901,active,,CA
ORD-006771,2025-06-21T19:51:30Z,web,77255,active,,US-E
ORD-006772,2025-07-15T22:07:14Z,legacy_pos,36600,active,,US-C
ORD-006773,2025-07-07T18:41:32Z,mobile,82104,cancelled,2025-07-13T18:41:32Z,US-W
ORD-006774,2025-08-24T17:09:33Z,partner,69721,active,,US-E
ORD-006775,2025-05-25T22:26:10Z,partner,36383,completed,,US-W
ORD-006776,2025-10-25T18:33:50Z,web,63572,refunded,2025-10-31T19:33:50Z,US-C
ORD-006777,2025-01-22T16:16:00Z,partner,45960,completed,,US-W
ORD-006778,2025-09-07T18:24:20Z,web,30408,cancelled,,CA
ORD-006779,2025-09-30T07:38:14Z,mobile,82134,active,,CA
ORD-006780,2025-05-08T16:32:24Z,web,10011,completed,,US-E
ORD-006781,2025-12-28T16:54:03Z,web,2444,refunded,,US-C
ORD-006782,2025-12-28T23:43:50Z,mobile,37304,active,,CA
ORD-006783,2025-06-21T20:14:13Z,mobile,86494,refunded,,US-C
ORD-006784,2025-08-22T18:29:20Z,mobile,76345,active,,US-W
ORD-006785,2025-10-13T16:55:34Z,mobile,27729,completed,,CA
ORD-006786,2025-09-12T16:37:24Z,web,85491,refunded,,US-E
ORD-006787,2025-09-08T20:04:50Z,partner,81085,completed,,US-E
ORD-006788,2025-07-27T20:01:54Z,mobile,13355,refunded,,CA
ORD-006789,2025-04-07T16:33:02Z,partner,31216,cancelled,,US-C
ORD-006790,2025-07-29T00:47:46Z,web,66073,completed,,CA
ORD-006791,2025-05-23T16:48:26Z,web,48856,cancelled,,US-C
ORD-006792,2025-10-11T22:06:57Z,mobile,73511,cancelled,,US-E
ORD-006793,2025-12-30T15:31:29Z,partner,5235,active,,US-W
ORD-006794,2025-02-25T15:21:03Z,mobile,61471,refunded,,CA
ORD-006795,2025-01-19T23:52:32Z,mobile,2090,refunded,,US-E
ORD-006796,2025-03-20T16:37:08Z,partner,41222,active,,US-C
ORD-006797,2025-08-12T15:31:25Z,mobile,32612,refunded,,US-C
ORD-006798,2025-08-27T22:21:02Z,web,13000,refunded,,CA
ORD-006799,2025-09-05T19:07:25Z,mobile,2441,cancelled,2025-09-06T06:07:25Z,US-W
ORD-006800,2025-09-04T17:54:08Z,web,6014,cancelled,,US-C
ORD-006801,2025-08-26T20:47:22Z,mobile,45931,cancelled,,US-W
ORD-006802,2025-04-25T15:25:49Z,mobile,33548,cancelled,,CA
ORD-006803,2025-06-19T07:12:31Z,web,67971,active,,CA
ORD-006804,2025-07-25T14:28:57Z,mobile,11578,active,,CA
ORD-006805,2025-07-21T22:39:39Z,web,82865,refunded,,CA
ORD-006806,2025-02-13T18:02:49Z,partner,43120,active,,CA
ORD-006807,2025-02-01T22:24:28Z,mobile,50898,cancelled,,US-W
ORD-006808,2025-05-19T17:50:39Z,partner,60691,cancelled,,US-W
ORD-006809,2025-04-24T19:07:33Z,legacy_pos,11695,active,,CA
ORD-006810,2025-08-18T19:08:50Z,mobile,27497,refunded,,US-C
ORD-006811,2025-09-07T15:28:42Z,mobile,70080,refunded,2025-09-15T15:28:42Z,US-E
ORD-006812,2025-09-21T19:39:33Z,partner,67682,active,,US-E
ORD-006813,2025-01-14T16:04:35Z,mobile,59442,cancelled,,US-C
ORD-006814,2025-07-21T22:55:49Z,partner,72174,cancelled,,US-E
ORD-006815,2025-01-07T15:05:15Z,mobile,8995,completed,,US-E
ORD-006816,2025-03-13T16:08:32Z,web,47867,active,,US-W
ORD-006817,2025-03-29T18:54:37Z,mobile,87056,active,,CA
ORD-006818,2025-09-29T17:53:47Z,mobile,88690,completed,,US-W
ORD-006819,2025-10-23T22:37:22Z,web,43372,cancelled,,US-C
ORD-006820,2025-08-26T15:10:45Z,partner,40265,completed,,US-C
ORD-006821,2025-11-18T21:39:06Z,partner,28586,refunded,,CA
ORD-006822,2025-12-22T15:02:41Z,mobile,43827,completed,2025-12-24T03:02:41Z,US-E
ORD-006823,2025-10-15T18:54:52Z,mobile,42980,cancelled,,US-W
ORD-006824,2025-08-14T19:41:09Z,web,83108,refunded,,US-W
ORD-006825,2025-12-09T21:57:30Z,mobile,33438,completed,,CA
ORD-006826,2025-06-15T17:12:49Z,partner,33185,refunded,,CA
ORD-006827,2025-02-01T21:27:49Z,partner,18648,active,,CA
ORD-006828,2025-08-17T18:35:45Z,partner,53441,refunded,,US-C
ORD-006829,2025-04-05T22:46:40Z,mobile,81653,active,,US-E
ORD-006830,2025-07-14T18:56:43Z,web,46478,completed,,CA
ORD-006831,2025-07-21T21:16:41Z,web,17871,active,,CA
ORD-006832,2025-09-16T17:17:28Z,partner,24214,completed,,CA
ORD-006833,2025-03-24T19:28:47Z,web,1620,cancelled,,CA
ORD-006834,2025-04-06T18:59:09Z,mobile,77826,refunded,,US-C
ORD-006835,2025-12-31T22:41:10Z,web,75701,active,,US-W
ORD-006836,2025-04-02T20:14:10Z,partner,89162,active,,CA
ORD-006837,2025-05-18T15:19:49Z,partner,15115,active,,CA
ORD-006838,2025-08-24T18:02:09Z,partner,7379,cancelled,,US-C
ORD-006839,2025-03-24T19:47:39Z,web,61102,active,,US-C
ORD-006840,2025-05-21T07:00:34Z,web,60431,active,,CA
ORD-006841,2025-09-24T18:34:20Z,mobile,32199,completed,,US-C
ORD-006842,2025-11-07T16:08:03Z,mobile,28478,completed,,US-W
ORD-006843,2025-04-04T18:19:17Z,web,53310,refunded,,US-W
ORD-006844,2025-02-06T21:11:47Z,web,30517,cancelled,,US-W
ORD-006845,2025-12-01T19:52:01Z,partner,83979,completed,,US-W
ORD-006846,2025-07-23T15:21:50Z,web,30125,refunded,,US-W
ORD-006847,2025-08-19T14:39:36Z,web,23438,completed,,US-W
ORD-006848,2025-08-02T19:05:51Z,legacy_pos,88300,completed,,US-C
ORD-006849,2025-05-15T16:04:00Z,web,80888,refunded,,CA
ORD-006850,2025-12-20T21:33:52Z,web,82944,completed,,US-C
ORD-006851,2025-11-11T17:32:18Z,partner,25237,refunded,,US-E
ORD-006852,2025-08-10T16:31:45Z,web,87745,completed,,US-C
ORD-006853,2025-10-07T20:48:20Z,web,41513,cancelled,,US-E
ORD-006854,2025-03-27T22:44:08Z,partner,47903,cancelled,,US-C
ORD-006855,2025-10-08T16:24:03Z,partner,2628,active,,US-W
ORD-006856,2025-07-27T19:39:54Z,web,24556,active,,US-C
ORD-006857,2025-03-14T20:15:19Z,web,29224,refunded,,US-W
ORD-006858,2025-03-21T17:06:47Z,partner,1389,refunded,,US-E
ORD-006859,2025-10-21T19:52:42Z,mobile,78575,cancelled,,US-E
ORD-006860,2025-01-26T18:55:06Z,mobile,11087,active,,US-W
ORD-006861,2025-06-24T16:50:18Z,web,82127,completed,,US-E
ORD-006862,2025-10-02T20:45:56Z,mobile,34415,refunded,,US-C
ORD-006863,2025-01-23T17:44:51Z,mobile,51207,refunded,,US-C
ORD-006864,2025-06-28T21:15:25Z,web,26263,cancelled,,CA
ORD-006865,2025-11-25T15:35:07Z,mobile,67387,active,,US-E
ORD-006866,2025-09-28T18:30:58Z,partner,62172,cancelled,,CA
ORD-006867,2025-04-19T22:40:43Z,partner,85680,completed,,US-C
ORD-006868,2025-05-12T16:52:59Z,web,1226,active,,US-E
ORD-006869,2025-04-09T22:26:41Z,mobile,37929,cancelled,,US-E
ORD-006870,2025-07-27T15:52:13Z,partner,27846,refunded,,US-W
ORD-006871,2025-12-22T22:31:16Z,mobile,71139,refunded,,US-E
ORD-006872,2025-11-19T15:35:07Z,web,89559,active,,US-E
ORD-006873,2025-04-01T14:25:29Z,mobile,2344,refunded,2025-04-03T11:25:29Z,US-W
ORD-006874,2025-12-03T18:04:04Z,partner,77238,refunded,,CA
ORD-006875,2025-02-18T15:03:52Z,partner,84593,completed,,CA
ORD-006876,2025-07-09T14:46:05Z,partner,32167,active,,US-E
ORD-006877,2025-07-18T20:08:15Z,mobile,5793,cancelled,,CA
ORD-006878,2025-03-09T16:28:35Z,partner,734,active,,US-W
ORD-006879,2025-10-03T21:13:49Z,partner,73226,active,,US-W
ORD-006880,2025-06-26T20:49:24Z,web,36411,refunded,2025-07-02T04:49:24Z,CA
ORD-006881,2025-07-14T21:17:34Z,web,58331,completed,,CA
ORD-006882,2025-11-04T15:15:58Z,web,29686,cancelled,,US-W
ORD-006883,2025-09-13T21:25:08Z,partner,62207,refunded,,US-C
ORD-006884,2025-12-19T23:41:27Z,mobile,32529,completed,,CA
ORD-006885,2025-02-06T23:06:25Z,mobile,47990,cancelled,,US-E
ORD-006886,2025-08-15T19:04:13Z,partner,5638,cancelled,,US-W
ORD-006887,2025-09-07T22:19:55Z,web,16791,refunded,,US-W
ORD-006888,2025-02-06T19:12:23Z,web,84979,refunded,,US-E
ORD-006889,2025-07-19T21:26:01Z,partner,69085,cancelled,,US-C
ORD-006890,2025-03-07T18:45:46Z,web,75113,cancelled,,US-C
ORD-006891,2025-06-16T20:45:18Z,partner,18906,cancelled,,CA
ORD-006892,2025-04-13T17:19:48Z,mobile,70801,active,,US-C
ORD-006893,2025-09-12T21:55:34Z,partner,2565,refunded,,US-E
ORD-006894,2025-12-20T21:36:58Z,partner,19636,refunded,,US-C
ORD-006895,2025-04-02T18:10:16Z,mobile,59231,cancelled,,US-W
ORD-006896,2025-02-08T18:29:33Z,web,22517,cancelled,,US-E
ORD-006897,2025-12-28T19:35:31Z,partner,21455,cancelled,,US-E
ORD-006898,2025-11-13T23:35:44Z,partner,18143,cancelled,2025-11-19T04:35:44Z,US-C
ORD-006899,2025-08-31T16:17:25Z,web,55782,completed,,US-E
ORD-006900,2025-05-23T17:50:19Z,partner,44968,cancelled,,CA
ORD-006901,2025-11-17T16:05:03Z,web,88545,refunded,2025-11-25T16:05:03Z,CA
ORD-006902,2025-07-29T19:28:49Z,web,45846,refunded,,US-C
ORD-006903,2025-06-17T14:06:23Z,partner,23532,active,,US-W
ORD-006904,2025-11-05T15:45:22Z,web,73227,completed,,CA
ORD-006905,2025-04-23T16:53:16Z,mobile,63586,cancelled,,US-E
ORD-006906,2025-05-11T14:36:37Z,mobile,62841,cancelled,,US-E
ORD-006907,2025-09-19T14:59:53Z,web,37820,completed,,CA
ORD-006908,2025-09-08T22:58:43Z,web,71386,completed,,US-W
ORD-006909,2025-07-12T14:52:34Z,web,49752,active,,CA
ORD-006910,2025-10-20T22:37:47Z,partner,39154,refunded,,US-E
ORD-006911,2025-02-14T21:43:32Z,web,21609,cancelled,,US-E
ORD-006912,2025-08-01T22:43:37Z,web,80578,active,,US-E
ORD-006913,2025-12-05T20:55:46Z,mobile,22793,active,,US-C
ORD-006914,2025-10-10T17:51:10Z,partner,933,active,,US-W
ORD-006915,2025-05-06T20:18:50Z,web,59933,refunded,,US-C
ORD-006916,2025-03-07T22:08:25Z,web,64855,completed,,US-C
ORD-006917,2025-06-15T17:58:20Z,mobile,84655,active,,CA
ORD-006918,2025-06-08T18:13:31Z,mobile,75857,cancelled,,US-W
ORD-006919,2025-09-25T22:20:54Z,mobile,42399,cancelled,,US-C
ORD-006920,2025-05-31T14:52:20Z,mobile,53962,refunded,,US-E
ORD-006921,2025-02-16T22:38:54Z,web,61302,cancelled,,US-C
ORD-006922,2025-07-05T19:32:28Z,partner,18098,cancelled,,CA
ORD-006923,2025-06-16T15:05:46Z,partner,55392,cancelled,,US-C
ORD-006924,2025-09-14T15:01:39Z,web,23660,active,,CA
ORD-006925,2025-10-09T15:20:12Z,partner,89116,refunded,,US-C
ORD-006926,2025-08-11T20:09:37Z,web,72514,active,,US-W
ORD-006927,2025-12-17T16:40:08Z,web,42703,refunded,,US-E
ORD-006928,2025-05-31T21:51:28Z,web,8165,cancelled,,CA
ORD-006929,2025-08-07T21:27:16Z,mobile,87526,refunded,,US-E
ORD-006930,2025-01-13T16:09:40Z,partner,79425,completed,,US-E
ORD-006931,2025-04-16T19:57:26Z,partner,48113,refunded,,US-C
ORD-006932,2025-08-02T21:39:49Z,web,80284,cancelled,,US-E
ORD-006933,2025-08-30T15:48:45Z,legacy_pos,46500,cancelled,,US-W
ORD-006934,2025-09-06T19:03:36Z,web,39015,completed,,US-E
ORD-006935,2025-10-15T22:00:09Z,web,81015,cancelled,,US-C
ORD-006936,2025-04-14T15:00:57Z,partner,39697,cancelled,,US-E
ORD-006937,2025-08-26T21:43:14Z,partner,60741,refunded,,US-C
ORD-006938,2025-01-10T23:41:27Z,mobile,78986,refunded,,US-E
ORD-006939,2025-08-13T21:22:48Z,mobile,19442,completed,,US-E
ORD-006940,2025-05-02T22:51:07Z,partner,56629,cancelled,,US-C
ORD-006941,2025-11-01T14:55:09Z,mobile,46516,active,,CA
ORD-006942,2025-05-05T22:41:53Z,partner,9735,cancelled,,US-C
ORD-006943,2025-02-19T15:50:46Z,mobile,13630,refunded,,US-E
ORD-006944,2025-01-18T23:25:54Z,web,69972,completed,,US-E
ORD-006945,2025-08-29T18:53:56Z,web,31678,active,,CA
ORD-006946,2025-11-16T17:02:40Z,mobile,48724,cancelled,,CA
ORD-006947,2025-09-23T19:57:02Z,mobile,69595,completed,2025-09-28T07:57:02Z,US-C
ORD-006948,2025-02-12T18:18:47Z,partner,73129,active,,CA
ORD-006949,2025-08-02T18:41:09Z,mobile,85242,completed,,US-C
ORD-006950,2025-06-24T02:27:38Z,legacy_pos,88551,active,,CA
ORD-006951,2025-08-28T20:37:57Z,mobile,76606,cancelled,,US-W
ORD-006952,2025-11-10T22:03:45Z,web,31350,refunded,,US-C
ORD-006953,2025-11-24T21:07:48Z,mobile,27671,active,,CA
ORD-006954,2025-06-14T22:59:35Z,partner,71827,completed,,US-E
ORD-006955,2025-08-17T20:15:21Z,partner,32086,cancelled,,US-W
ORD-006956,2025-03-04T15:53:53Z,mobile,34059,active,,US-W
ORD-006957,2025-02-24T15:15:49Z,partner,61546,refunded,,CA
ORD-006958,2025-02-20T23:29:46Z,partner,83147,active,,US-C
ORD-006959,2025-06-28T14:05:06Z,mobile,83178,active,,US-W
ORD-006960,2025-06-22T20:21:39Z,web,1543,active,,US-E
ORD-006961,2025-06-06T18:12:05Z,partner,83123,active,,US-C
ORD-006962,2025-01-24T15:57:33Z,mobile,62133,active,,US-W
ORD-006963,2025-04-23T16:48:55Z,mobile,8398,active,,US-W
ORD-006964,2025-04-28T17:15:13Z,web,84506,completed,,CA
ORD-006965,2025-05-20T19:03:41Z,web,9636,refunded,,US-W
ORD-006966,2025-10-17T14:31:39Z,partner,54254,refunded,,CA
ORD-006967,2025-07-17T17:31:57Z,partner,89100,cancelled,,CA
ORD-006968,2025-11-24T20:36:13Z,mobile,41230,active,,US-W
ORD-006969,2025-06-04T16:23:24Z,mobile,53629,refunded,,CA
ORD-006970,2025-05-25T21:46:34Z,web,35440,refunded,,US-C
ORD-006971,2025-11-09T23:55:33Z,web,43515,active,,US-W
ORD-006972,2025-03-03T22:14:26Z,web,77730,completed,,US-C
ORD-006973,2025-10-29T16:25:59Z,mobile,68686,refunded,,US-E
ORD-006974,2025-06-04T14:41:25Z,web,49510,cancelled,,CA
ORD-006975,2025-01-29T21:46:35Z,web,85463,refunded,,CA
ORD-006976,2025-08-02T18:44:22Z,legacy_pos,71800,active,,CA
ORD-006977,2025-10-09T17:15:42Z,partner,70762,active,,US-W
ORD-006978,2025-07-23T14:10:27Z,web,18258,refunded,,US-W
ORD-006979,2025-05-12T21:48:11Z,web,6607,refunded,,US-E
ORD-006980,2025-09-16T17:58:33Z,mobile,41235,completed,2025-09-19T21:58:33Z,US-C
ORD-006981,2025-07-11T18:22:50Z,web,64395,active,,CA
ORD-006982,2025-03-04T16:46:33Z,partner,74525,active,,CA
ORD-006983,2025-03-09T14:40:17Z,mobile,52561,active,,CA
ORD-006984,2025-04-10T21:26:03Z,web,84085,active,,US-C
ORD-006985,2025-07-18T15:28:08Z,mobile,86613,cancelled,,US-C
ORD-006986,2025-12-25T21:42:03Z,web,74531,completed,,US-E
ORD-006987,2025-03-13T15:08:20Z,partner,11799,cancelled,2025-03-15T14:08:20Z,CA
ORD-006988,2025-02-16T15:03:07Z,legacy_pos,65800,active,,US-E
ORD-006989,2025-11-27T20:11:31Z,web,39389,completed,,US-W
ORD-006990,2025-08-06T22:01:19Z,web,40488,active,,US-W
ORD-006991,2025-05-01T15:01:05Z,partner,65979,cancelled,,US-E
ORD-006992,2025-06-12T19:36:31Z,web,78247,cancelled,,US-C
ORD-006993,2025-10-07T18:12:28Z,mobile,32403,completed,,CA
ORD-006994,2025-12-25T16:49:38Z,web,38579,completed,,US-E
ORD-006995,2025-03-11T22:30:54Z,partner,67956,completed,2025-03-15T18:30:54Z,US-W
ORD-006996,2025-10-16T16:50:57Z,partner,51555,cancelled,,US-W
ORD-006997,2025-02-24T17:28:30Z,mobile,52040,refunded,,CA
ORD-006998,2025-11-25T16:03:41Z,partner,60639,cancelled,,US-W
ORD-006999,2025-03-12T20:58:55Z,web,84906,refunded,,US-W
ORD-007000,2025-04-10T17:33:20Z,mobile,64656,cancelled,,CA
ORD-007001,2025-06-14T18:54:05Z,partner,23275,completed,,US-W
ORD-007002,2025-07-24T15:58:52Z,partner,59503,cancelled,,US-C
ORD-007003,2025-02-21T17:48:13Z,partner,56098,active,,US-W
ORD-007004,2025-12-08T22:29:52Z,mobile,24431,cancelled,,US-C
ORD-007005,2025-01-04T23:30:30Z,mobile,27701,cancelled,,US-C
ORD-007006,2025-06-27T15:54:14Z,web,44461,active,,CA
ORD-007007,2025-11-22T18:27:43Z,web,2183,completed,,US-E
ORD-007008,2025-06-16T16:19:45Z,web,28667,refunded,,US-E
ORD-007009,2025-09-09T01:58:45Z,partner,39072,completed,,US-W
ORD-007010,2025-12-09T22:36:05Z,mobile,4178,completed,,US-E
ORD-007011,2025-12-12T19:15:16Z,partner,70174,completed,,US-W
ORD-007012,2025-02-14T22:40:24Z,partner,76558,refunded,,US-E
ORD-007013,2025-10-25T21:59:23Z,web,9732,completed,,US-W
ORD-007014,2025-01-25T21:57:30Z,partner,34595,completed,,US-E
ORD-007015,2025-02-12T22:48:58Z,partner,2869,cancelled,,CA
ORD-007016,2025-03-05T17:42:07Z,legacy_pos,26829,completed,,US-C
ORD-007017,2025-12-29T02:01:19Z,web,71669,cancelled,,US-C
ORD-007018,2025-05-12T19:52:50Z,mobile,87001,active,,US-E
ORD-007019,2025-07-26T22:43:17Z,mobile,40437,active,,US-E
ORD-007020,2025-10-08T14:04:42Z,mobile,84729,active,,US-C
ORD-007021,2025-08-15T20:14:03Z,partner,85440,active,,US-E
ORD-007022,2025-11-01T15:32:11Z,partner,73573,completed,2025-11-03T07:32:11Z,CA
ORD-007023,2025-10-23T19:18:31Z,web,42422,active,,US-C
ORD-007024,2025-02-09T19:11:36Z,web,37828,completed,,US-W
ORD-007025,2025-08-24T15:36:50Z,partner,64868,refunded,,US-E
ORD-007026,2025-07-18T18:49:24Z,partner,68078,cancelled,,US-C
ORD-007027,2025-05-04T15:44:24Z,partner,28632,active,,US-E
ORD-007028,2025-10-16T19:39:56Z,partner,72597,completed,,US-W
ORD-007029,2025-02-18T18:26:26Z,web,66299,completed,,US-E
ORD-007030,2025-07-26T16:06:34Z,web,18354,refunded,,US-W
ORD-007031,2025-08-11T16:25:54Z,mobile,40505,completed,,CA
ORD-007032,2025-10-21T14:02:21Z,web,83825,active,,US-E
ORD-007033,2025-10-20T14:50:21Z,web,4347,refunded,,US-C
ORD-007034,2025-12-03T20:41:11Z,partner,49518,cancelled,,US-C
ORD-007035,2025-06-05T21:30:48Z,partner,68550,refunded,,US-W
ORD-007036,2025-08-19T17:15:25Z,partner,51457,cancelled,,CA
ORD-007037,2025-01-30T21:22:53Z,mobile,4339,refunded,,US-C
ORD-007038,2025-02-24T18:25:52Z,partner,11979,refunded,,US-E
ORD-007039,2025-11-08T18:59:45Z,web,72018,cancelled,,US-E
ORD-007040,2025-10-14T22:13:57Z,web,19035,completed,,US-W
ORD-007041,2025-10-15T17:09:30Z,mobile,24394,refunded,,US-C
ORD-007042,2025-06-23T22:57:08Z,partner,5138,active,2025-06-27T00:57:08Z,US-W
ORD-007043,2025-06-05T20:15:57Z,partner,36323,completed,,CA
ORD-007044,2025-11-29T22:38:03Z,partner,12569,refunded,,US-W
ORD-007045,2025-08-09T22:12:46Z,partner,79768,refunded,,US-E
ORD-007046,2025-04-30T18:04:53Z,mobile,75194,completed,,US-W
ORD-007047,2025-12-26T22:52:13Z,partner,48121,completed,2026-01-02T07:52:13Z,US-C
ORD-007048,2025-05-10T19:13:14Z,partner,21474,completed,,US-C
ORD-007049,2025-11-02T22:27:11Z,mobile,59590,active,,CA
ORD-007050,2025-04-08T19:17:36Z,web,13386,cancelled,,US-C
ORD-007051,2025-02-08T15:57:58Z,web,8849,active,,US-E
ORD-007052,2025-03-07T23:45:41Z,mobile,89776,cancelled,,CA
ORD-007053,2025-05-06T20:21:40Z,web,79167,completed,,CA
ORD-007054,2025-08-15T20:06:03Z,mobile,75768,completed,,US-C
ORD-007055,2025-02-26T19:06:01Z,mobile,89057,active,,US-C
ORD-007056,2025-02-24T20:52:00Z,mobile,44375,cancelled,,US-W
ORD-007057,2025-11-30T19:50:33Z,partner,88605,active,2025-12-08T21:50:33Z,US-W
ORD-007058,2025-07-12T16:48:53Z,mobile,31684,cancelled,,US-C
ORD-007059,2025-01-19T20:13:11Z,partner,13530,refunded,,CA
ORD-007060,2025-03-15T17:12:39Z,web,37405,refunded,,US-W
ORD-007061,2025-03-17T22:15:37Z,web,75872,refunded,,US-W
ORD-007062,2025-07-06T19:45:11Z,web,70615,refunded,,US-E
ORD-007063,2025-10-10T16:46:09Z,partner,44769,active,,US-W
ORD-007064,2025-08-04T15:32:57Z,mobile,32992,completed,,US-C
ORD-007065,2025-06-15T19:18:53Z,partner,52297,completed,,CA
ORD-007066,2025-06-18T14:55:28Z,partner,72207,refunded,,US-E
ORD-007067,2025-04-24T18:45:26Z,partner,43654,cancelled,,US-W
ORD-007068,2025-06-26T22:17:32Z,mobile,13876,active,,CA
ORD-007069,2025-06-28T20:04:01Z,mobile,6201,refunded,,US-C
ORD-007070,2025-12-07T16:25:36Z,web,81112,active,,US-W
ORD-007071,2025-08-06T18:30:35Z,mobile,60070,refunded,,US-C
ORD-007072,2025-07-18T14:03:30Z,partner,60035,cancelled,,US-W
ORD-007073,2025-11-04T23:44:55Z,partner,65592,active,,US-W
ORD-007074,2025-03-01T17:59:12Z,mobile,63884,active,,US-W
ORD-007075,2025-07-20T18:20:48Z,web,73720,completed,,CA
ORD-007076,2025-12-01T17:29:36Z,partner,67254,refunded,,CA
ORD-007077,2025-06-24T19:52:58Z,partner,37745,refunded,,US-E
ORD-007078,2025-08-28T17:46:01Z,mobile,66730,cancelled,,CA
ORD-007079,2025-04-04T14:04:08Z,mobile,4690,active,,US-C
ORD-007080,2025-08-05T18:25:15Z,partner,20432,active,,US-E
ORD-007081,2025-03-31T21:33:44Z,web,25014,completed,,US-C
ORD-007082,2025-08-16T15:11:22Z,web,3446,refunded,,US-C
ORD-007083,2025-12-17T15:36:08Z,web,84891,completed,,CA
ORD-007084,2025-08-24T17:26:56Z,mobile,83296,cancelled,,US-E
ORD-007085,2025-09-24T22:25:23Z,partner,86541,active,,CA
ORD-007086,2025-03-07T23:36:02Z,partner,49480,refunded,,US-E
ORD-007087,2025-02-26T23:27:48Z,mobile,67304,cancelled,,CA
ORD-007088,2025-09-01T22:59:59Z,partner,10439,cancelled,,US-E
ORD-007089,2025-11-06T23:47:50Z,web,85657,refunded,,US-E
ORD-007090,2025-04-18T17:06:04Z,web,71901,refunded,,US-W
ORD-007091,2025-10-12T15:43:10Z,mobile,58866,refunded,,US-E
ORD-007092,2025-01-29T19:48:26Z,partner,85098,active,,CA
ORD-007093,2025-05-12T22:43:38Z,web,19901,cancelled,,US-E
ORD-007094,2025-04-05T20:27:57Z,web,38300,active,,CA
ORD-007095,2025-12-31T23:01:41Z,partner,7001,cancelled,,CA
ORD-007096,2025-11-14T21:00:39Z,partner,88981,cancelled,,CA
ORD-007097,2025-07-04T20:52:13Z,mobile,14978,refunded,,CA
ORD-007098,2025-02-24T22:02:41Z,partner,2669,refunded,,US-E
ORD-007099,2025-07-19T14:42:02Z,partner,8519,refunded,,US-W
ORD-007100,2025-04-02T19:40:29Z,partner,11931,refunded,,CA
ORD-007101,2025-06-01T17:05:58Z,web,57441,active,,US-C
ORD-007102,2025-12-26T20:53:16Z,partner,23012,active,,US-W
ORD-007103,2025-07-02T07:55:50Z,web,72279,cancelled,,US-W
ORD-007104,2025-08-13T18:21:39Z,web,40829,active,,US-W
ORD-007105,2025-07-24T14:55:39Z,partner,12757,active,,US-E
ORD-007106,2025-05-08T19:37:43Z,mobile,50972,cancelled,,US-C
ORD-007107,2025-11-07T16:47:11Z,web,31184,active,,US-C
ORD-007108,2025-01-03T19:27:33Z,mobile,27408,cancelled,,US-W
ORD-007109,2025-02-23T16:31:40Z,partner,48606,completed,,US-C
ORD-007110,2025-07-26T17:27:56Z,partner,33951,active,,US-W
ORD-007111,2025-08-14T15:56:10Z,mobile,71859,cancelled,,US-C
ORD-007112,2025-01-10T15:00:04Z,partner,22821,active,,US-C
ORD-007113,2025-07-25T21:21:34Z,mobile,41853,refunded,,CA
ORD-007114,2025-03-21T18:10:42Z,partner,83915,cancelled,,CA
ORD-007115,2025-06-01T07:47:29Z,mobile,51725,active,,US-W
ORD-007116,2025-12-23T17:27:23Z,web,70931,completed,,CA
ORD-007117,2025-04-14T15:13:33Z,mobile,3799,completed,,CA
ORD-007118,2025-06-01T22:49:28Z,partner,87855,completed,,US-W
ORD-007119,2025-12-21T21:35:15Z,partner,64997,active,,US-C
ORD-007120,2025-10-22T21:02:05Z,partner,56303,cancelled,,US-C
ORD-007121,2025-07-20T21:04:23Z,mobile,22427,refunded,,US-C
ORD-007122,2025-11-26T19:47:05Z,web,58427,completed,,US-E
ORD-007123,2025-07-12T14:32:06Z,web,59554,refunded,,CA
ORD-007124,2025-01-27T23:16:53Z,mobile,66783,refunded,,US-E
ORD-007125,2025-10-04T17:08:18Z,web,87984,cancelled,,US-W
ORD-007126,2025-08-02T17:29:31Z,partner,38175,refunded,,US-W
ORD-007127,2025-11-07T16:10:31Z,partner,35357,active,,CA
ORD-007128,2025-11-25T16:06:36Z,mobile,1256,completed,,US-W
ORD-007129,2025-08-08T22:05:40Z,partner,65351,refunded,,CA
ORD-007130,2025-02-10T15:53:59Z,partner,52866,cancelled,,US-C
ORD-007131,2025-03-06T21:32:37Z,mobile,53893,completed,,US-C
ORD-007132,2025-02-23T23:35:34Z,partner,35379,active,,US-E
ORD-007133,2025-03-31T17:19:04Z,web,17100,refunded,,US-W
ORD-007134,2025-05-29T22:11:07Z,partner,42516,completed,,US-C
ORD-007135,2025-12-04T19:39:58Z,web,66666,refunded,,US-C
ORD-007136,2025-09-07T20:41:30Z,partner,16197,completed,,US-W
ORD-007137,2025-07-11T14:04:58Z,partner,51347,completed,,CA
ORD-007138,2025-08-06T17:12:00Z,partner,88950,refunded,,US-W
ORD-007139,2025-02-21T23:32:48Z,partner,22469,active,,CA
ORD-007140,2025-04-29T15:13:34Z,partner,82810,completed,,CA
ORD-007141,2025-09-16T19:01:39Z,web,87387,refunded,,US-C
ORD-007142,2025-08-25T22:11:29Z,partner,49961,cancelled,,US-W
ORD-007143,2025-06-04T07:30:47Z,mobile,1338,completed,,CA
ORD-007144,2025-02-16T16:34:20Z,mobile,63625,completed,,CA
ORD-007145,2025-12-08T23:47:09Z,partner,29282,cancelled,,US-W
ORD-007146,2025-12-01T18:47:55Z,partner,32181,active,,US-W
ORD-007147,2025-08-06T18:49:48Z,web,71105,cancelled,,US-C
ORD-007148,2025-08-30T18:05:59Z,partner,72113,refunded,,US-W
ORD-007149,2025-04-28T15:11:03Z,partner,78619,cancelled,,CA
ORD-007150,2025-04-06T16:31:12Z,mobile,25512,active,,CA
ORD-007151,2025-06-21T14:56:01Z,web,43721,active,,US-C
ORD-007152,2025-05-12T18:22:41Z,web,88425,active,,US-C
ORD-007153,2025-03-26T21:13:36Z,partner,77003,active,,US-W
ORD-007154,2025-03-29T22:17:29Z,web,26132,cancelled,,US-W
ORD-007155,2025-09-30T21:14:07Z,partner,24602,completed,,US-W
ORD-007156,2025-06-23T20:26:47Z,partner,18500,active,,CA
ORD-007157,2025-10-27T15:21:06Z,web,65572,active,,CA
ORD-007158,2025-11-24T17:09:30Z,partner,78887,active,,US-W
ORD-007159,2025-09-14T21:51:22Z,mobile,86515,completed,,US-E
ORD-007160,2025-09-21T15:29:13Z,legacy_pos,52966,refunded,,US-E
ORD-007161,2025-06-30T16:05:01Z,partner,16021,active,,CA
ORD-007162,2025-03-23T17:46:27Z,partner,83299,active,,CA
ORD-007163,2025-02-13T22:58:43Z,mobile,48919,refunded,,US-E
ORD-007164,2025-12-10T22:26:19Z,web,15253,completed,,US-E
ORD-007165,2025-11-05T20:15:02Z,web,82405,completed,,US-E
ORD-007166,2025-03-25T20:16:14Z,web,87074,active,,US-W
ORD-007167,2025-06-06T16:20:07Z,web,2964,cancelled,,US-E
ORD-007168,2025-01-01T20:12:46Z,web,25606,active,,US-E
ORD-007169,2025-09-22T18:54:11Z,mobile,12043,cancelled,,US-E
ORD-007170,2025-09-22T18:44:10Z,web,45312,refunded,,US-C
ORD-007171,2025-05-26T17:58:23Z,partner,50108,completed,,US-E
ORD-007172,2025-05-13T14:42:49Z,mobile,83303,cancelled,,US-C
ORD-007173,2025-03-01T16:01:59Z,web,31728,refunded,,CA
ORD-007174,2025-04-10T15:30:13Z,partner,66470,refunded,,US-E
ORD-007175,2025-05-09T21:41:37Z,web,55113,completed,,CA
ORD-007176,2025-02-19T20:44:02Z,mobile,47288,completed,,US-E
ORD-007177,2025-05-15T19:51:18Z,partner,69431,completed,,US-C
ORD-007178,2025-08-07T18:17:27Z,mobile,4121,refunded,,US-E
ORD-007179,2025-01-14T16:22:43Z,partner,39558,cancelled,,US-C
ORD-007180,2025-09-28T18:04:15Z,mobile,65084,cancelled,,US-C
ORD-007181,2025-12-24T19:03:14Z,web,50952,completed,,US-E
ORD-007182,2025-03-19T19:08:41Z,mobile,28996,active,,US-W
ORD-007183,2025-12-27T23:39:46Z,partner,31138,active,,CA
ORD-007184,2025-09-27T18:25:37Z,partner,76736,refunded,,US-E
ORD-007185,2025-06-09T16:19:23Z,mobile,35825,refunded,,CA
ORD-007186,2025-06-07T16:08:05Z,partner,30138,cancelled,,US-E
ORD-007187,2025-02-03T22:40:20Z,partner,37977,refunded,,CA
ORD-007188,2025-02-13T16:03:15Z,partner,61076,refunded,,CA
ORD-007189,2025-04-07T18:03:14Z,web,37984,active,,US-W
ORD-007190,2025-12-22T19:51:42Z,mobile,83634,cancelled,,CA
ORD-007191,2025-04-13T16:47:04Z,partner,6350,active,,US-C
ORD-007192,2025-11-19T23:01:21Z,mobile,26398,refunded,,US-E
ORD-007193,2025-07-03T16:10:26Z,mobile,53525,cancelled,,US-W
ORD-007194,2025-12-26T23:53:22Z,web,74201,completed,,US-E
ORD-007195,2025-12-03T16:22:21Z,partner,9877,refunded,,US-C
ORD-007196,2025-07-03T15:05:24Z,partner,62322,cancelled,,CA
ORD-007197,2025-08-03T17:07:37Z,partner,4988,completed,,US-C
ORD-007198,2025-02-19T15:54:07Z,web,52362,active,,CA
ORD-007199,2025-05-12T21:30:29Z,web,5884,cancelled,,US-C
ORD-007200,2025-09-04T19:41:05Z,mobile,42204,cancelled,,US-W
ORD-007201,2025-04-07T15:23:43Z,mobile,30940,refunded,,CA
ORD-007202,2025-12-06T15:24:48Z,partner,33985,active,,CA
ORD-007203,2025-03-26T16:58:38Z,mobile,77684,active,,US-W
ORD-007204,2025-04-02T14:26:54Z,mobile,44519,refunded,,US-E
ORD-007205,2025-08-13T22:42:40Z,partner,74687,completed,,CA
ORD-007206,2025-03-07T18:15:18Z,partner,80965,cancelled,,US-W
ORD-007207,2025-08-11T15:37:51Z,mobile,62707,cancelled,,US-W
ORD-007208,2025-01-22T16:07:36Z,partner,55579,completed,,US-W
ORD-007209,2025-01-27T16:10:46Z,mobile,51126,completed,,CA
ORD-007210,2025-07-21T14:44:55Z,web,20397,active,,US-E
ORD-007211,2025-02-16T22:15:19Z,mobile,33619,active,2025-02-24T21:15:19Z,US-E
ORD-007212,2025-03-12T17:58:53Z,web,21675,active,,CA
ORD-007213,2025-12-02T23:59:20Z,mobile,77816,cancelled,,US-C
ORD-007214,2025-10-17T18:32:53Z,mobile,64079,active,,CA
ORD-007215,2025-05-17T18:42:47Z,partner,46241,completed,,US-C
ORD-007216,2025-06-15T20:21:25Z,web,39822,completed,,US-C
ORD-007217,2025-09-23T14:10:34Z,web,83246,active,,US-E
ORD-007218,2025-07-28T17:14:09Z,partner,48505,refunded,,US-E
ORD-007219,2025-06-24T18:56:54Z,mobile,58610,cancelled,,US-E
ORD-007220,2025-03-27T16:47:29Z,partner,70063,completed,,US-W
ORD-007221,2025-06-02T20:15:39Z,partner,38975,completed,,US-C
ORD-007222,2025-12-05T16:33:31Z,web,31470,active,,US-W
ORD-007223,2025-07-17T16:38:16Z,mobile,84533,refunded,,US-C
ORD-007224,2025-06-07T22:17:23Z,partner,65174,refunded,,US-W
ORD-007225,2025-12-26T18:20:51Z,partner,42426,refunded,,US-E
ORD-007226,2025-02-10T21:08:49Z,legacy_pos,55362,completed,,US-E
ORD-007227,2025-09-15T20:12:50Z,mobile,63966,refunded,,US-E
ORD-007228,2025-04-16T15:39:20Z,web,34813,cancelled,2025-04-21T14:39:20Z,US-E
ORD-007229,2025-12-08T18:33:54Z,mobile,52966,completed,,US-W
ORD-007230,2025-07-22T20:59:48Z,legacy_pos,81000,cancelled,,CA
ORD-007231,2025-04-21T15:32:52Z,partner,43596,completed,,US-E
ORD-007232,2025-02-14T00:18:08Z,web,32348,completed,,US-W
ORD-007233,2025-02-20T21:20:49Z,mobile,89613,refunded,,CA
ORD-007234,2025-09-24T18:00:01Z,partner,22360,refunded,,CA
ORD-007235,2025-03-08T15:28:29Z,legacy_pos,62300,cancelled,,CA
ORD-007236,2025-08-02T21:23:58Z,partner,73248,active,,CA
ORD-007237,2025-01-21T23:42:06Z,mobile,66870,cancelled,,US-C
ORD-007238,2025-07-20T14:28:15Z,mobile,30005,active,,CA
ORD-007239,2025-10-07T21:07:01Z,partner,84904,refunded,,US-C
ORD-007240,2025-11-04T19:47:33Z,partner,22081,active,,US-E
ORD-007241,2025-11-11T15:04:12Z,partner,17586,completed,,CA
ORD-007242,2025-08-28T17:01:55Z,partner,50493,completed,,US-E
ORD-007243,2025-08-31T20:43:01Z,web,64634,active,,US-E
ORD-007244,2025-05-13T20:57:47Z,partner,3596,active,,US-E
ORD-007245,2025-11-23T16:45:19Z,partner,28269,cancelled,,US-C
ORD-007246,2025-12-06T22:16:53Z,web,67107,completed,,CA
ORD-007247,2025-02-23T21:15:03Z,partner,35310,cancelled,,CA
ORD-007248,2025-01-13T23:00:18Z,partner,69385,completed,,US-C
ORD-007249,2025-10-15T20:21:23Z,partner,88480,refunded,,US-W
ORD-007250,2025-11-22T19:18:23Z,web,51265,active,,US-C
ORD-007251,2025-07-31T17:29:31Z,mobile,14908,cancelled,,US-C
ORD-007252,2025-10-31T15:02:24Z,partner,20333,cancelled,,US-W
ORD-007253,2025-05-22T14:16:14Z,web,68636,active,,US-E
ORD-007254,2025-03-15T18:51:22Z,partner,36983,completed,,US-C
ORD-007255,2025-12-10T20:46:39Z,mobile,10290,cancelled,,US-E
ORD-007256,2025-08-02T19:13:05Z,web,65939,cancelled,,US-E
ORD-007257,2025-02-14T17:48:12Z,mobile,82589,cancelled,,US-W
ORD-007258,2025-03-17T18:52:40Z,partner,43113,cancelled,,CA
ORD-007259,2025-06-26T21:44:15Z,web,4199,completed,,US-E
ORD-007260,2025-02-03T15:58:17Z,partner,56024,completed,,US-C
ORD-007261,2025-02-22T22:22:18Z,mobile,53551,cancelled,,CA
ORD-007262,2025-12-23T15:20:21Z,partner,44396,cancelled,,US-E
ORD-007263,2025-02-07T15:44:39Z,web,26187,completed,,US-E
ORD-007264,2025-12-05T19:10:53Z,legacy_pos,22203,active,,US-C
ORD-007265,2025-04-27T21:58:48Z,web,84680,completed,,US-W
ORD-007266,2025-11-11T15:25:25Z,mobile,74884,cancelled,,US-C
ORD-007267,2025-09-25T22:07:35Z,web,16215,cancelled,,US-E
ORD-007268,2025-12-11T22:08:49Z,web,87999,active,,US-E
ORD-007269,2025-02-01T16:23:46Z,legacy_pos,15200,completed,,US-C
ORD-007270,2025-10-09T20:13:54Z,web,8993,refunded,,US-E
ORD-007271,2025-09-20T18:50:58Z,web,29610,active,,CA
ORD-007272,2025-09-26T21:53:43Z,partner,43110,cancelled,,US-C
ORD-007273,2025-12-01T21:16:42Z,web,26172,cancelled,,US-C
ORD-007274,2025-06-26T20:37:35Z,web,68119,active,,US-C
ORD-007275,2025-08-30T22:27:47Z,partner,13754,cancelled,,US-C
ORD-007276,2025-07-04T18:54:10Z,mobile,24327,cancelled,,US-W
ORD-007277,2025-12-23T19:30:05Z,web,38067,refunded,,US-C
ORD-007278,2025-08-14T18:53:11Z,mobile,59935,cancelled,,US-W
ORD-007279,2025-09-05T16:31:42Z,web,79284,completed,,CA
ORD-007280,2025-10-09T16:17:25Z,partner,7743,active,,US-W
ORD-007281,2025-03-05T22:46:28Z,web,65525,completed,,CA
ORD-007282,2025-10-16T16:29:23Z,web,46719,cancelled,,US-W
ORD-007283,2025-07-30T16:14:53Z,mobile,23302,cancelled,,CA
ORD-007284,2025-12-21T15:12:33Z,web,63885,refunded,,CA
ORD-007285,2025-09-20T18:56:09Z,partner,21820,completed,,US-W
ORD-007286,2025-06-17T17:13:26Z,mobile,76111,cancelled,,US-C
ORD-007287,2025-01-08T17:09:36Z,partner,25520,completed,,US-W
ORD-007288,2025-07-19T16:01:07Z,partner,82033,active,,US-E
ORD-007289,2025-04-17T17:19:43Z,mobile,22550,cancelled,,US-C
ORD-007290,2025-06-30T22:42:56Z,mobile,24370,completed,,US-C
ORD-007291,2025-01-06T18:06:10Z,partner,23388,refunded,,US-C
ORD-007292,2025-08-18T16:22:32Z,partner,45747,cancelled,,US-W
ORD-007293,2025-04-18T15:02:57Z,web,19185,cancelled,,CA
ORD-007294,2025-12-23T18:07:07Z,web,50120,cancelled,,CA
ORD-007295,2025-08-14T22:02:44Z,web,58163,refunded,,US-C
ORD-007296,2025-05-15T18:09:43Z,web,44517,cancelled,,US-C
ORD-007297,2025-08-23T16:34:44Z,partner,53502,refunded,,US-C
ORD-007298,2025-03-22T14:24:37Z,partner,43696,completed,,US-W
ORD-007299,2025-10-29T17:14:17Z,web,42901,cancelled,,CA
ORD-007300,2025-04-18T17:07:12Z,web,14264,active,,US-W
ORD-007301,2025-04-27T21:22:49Z,partner,4454,cancelled,,US-W
ORD-007302,2025-12-06T21:36:49Z,web,22881,active,2025-12-11T23:36:49Z,CA
ORD-007303,2025-08-06T20:34:53Z,legacy_pos,89700,cancelled,,US-C
ORD-007304,2025-01-22T17:05:32Z,partner,26869,completed,,US-E
ORD-007305,2025-06-26T16:17:34Z,partner,49438,active,,US-E
ORD-007306,2025-02-11T20:05:37Z,mobile,27436,active,,US-E
ORD-007307,2025-05-19T19:17:19Z,partner,42297,refunded,,CA
ORD-007308,2025-09-06T14:27:57Z,mobile,31168,completed,,US-W
ORD-007309,2025-12-04T16:02:24Z,partner,39963,active,,US-W
ORD-007310,2025-06-15T21:29:59Z,web,64822,completed,,CA
ORD-007311,2025-12-10T23:00:17Z,legacy_pos,79854,refunded,,US-E
ORD-007312,2025-04-01T19:01:14Z,web,38436,active,,CA
ORD-007313,2025-09-09T22:10:57Z,web,85060,completed,,US-C
ORD-007314,2025-07-13T21:37:59Z,partner,4584,refunded,,US-E
ORD-007315,2025-12-07T18:30:45Z,mobile,59154,cancelled,,US-W
ORD-007316,2025-08-15T18:08:46Z,mobile,41097,cancelled,,US-C
ORD-007317,2025-09-25T18:14:31Z,web,69776,refunded,,US-E
ORD-007318,2025-07-31T20:50:56Z,partner,7802,completed,,CA
ORD-007319,2025-03-17T16:32:49Z,web,85283,completed,,US-C
ORD-007320,2025-07-21T21:08:10Z,web,89972,refunded,,US-W
ORD-007321,2025-02-01T20:45:52Z,partner,68140,refunded,,US-W
ORD-007322,2025-12-23T23:49:22Z,partner,4643,cancelled,,CA
ORD-007323,2025-06-20T19:39:40Z,mobile,53530,cancelled,,US-E
ORD-007324,2025-01-26T19:29:02Z,mobile,15835,refunded,,CA
ORD-007325,2025-06-21T14:40:45Z,mobile,83008,active,,US-C
ORD-007326,2025-10-14T17:22:05Z,web,9184,active,,US-W
ORD-007327,2025-11-01T14:20:02Z,web,40896,refunded,,US-C
ORD-007328,2025-12-03T21:22:02Z,partner,6196,completed,,US-W
ORD-007329,2025-10-13T17:16:07Z,mobile,34664,completed,,US-W
ORD-007330,2025-06-18T19:53:50Z,web,8838,cancelled,,US-C
ORD-007331,2025-02-24T17:58:45Z,legacy_pos,59300,refunded,,US-E
ORD-007332,2025-03-08T20:36:04Z,web,41007,completed,,CA
ORD-007333,2025-09-11T19:02:15Z,web,79729,completed,,US-E
ORD-007334,2025-10-12T18:58:05Z,web,38334,refunded,,US-W
ORD-007335,2025-01-25T15:13:31Z,partner,81778,refunded,,CA
ORD-007336,2025-09-12T07:54:24Z,mobile,82568,refunded,,CA
ORD-007337,2025-12-20T00:29:30Z,web,11837,cancelled,,US-C
ORD-007338,2025-12-29T18:06:14Z,mobile,83299,cancelled,,US-E
ORD-007339,2025-11-04T21:51:16Z,partner,80982,active,,US-C
ORD-007340,2025-07-10T20:28:25Z,partner,5706,refunded,,CA
ORD-007341,2025-12-09T22:24:13Z,web,73063,cancelled,,US-C
ORD-007342,2025-07-29T20:29:45Z,web,69836,refunded,,CA
ORD-007343,2025-10-10T15:35:43Z,mobile,5854,active,,CA
ORD-007344,2025-08-21T20:59:47Z,legacy_pos,43400,refunded,,US-C
ORD-007345,2025-05-08T19:15:01Z,partner,81321,active,,US-C
ORD-007346,2025-06-24T21:03:32Z,web,20152,cancelled,,US-C
ORD-007347,2025-01-04T16:29:04Z,mobile,64921,refunded,,US-W
ORD-007348,2025-03-23T16:23:55Z,mobile,20602,cancelled,,CA
ORD-007349,2025-01-19T19:10:59Z,partner,6821,cancelled,,CA
ORD-007350,2025-02-06T16:21:12Z,web,44701,cancelled,,US-C
ORD-007351,2025-03-14T21:54:06Z,partner,55666,completed,,CA
ORD-007352,2025-04-20T22:07:54Z,web,33830,active,,CA
ORD-007353,2025-06-19T22:24:28Z,partner,72201,active,,US-W
ORD-007354,2025-07-12T22:06:56Z,web,57327,completed,,CA
ORD-007355,2025-07-29T18:05:26Z,web,63960,cancelled,,CA
ORD-007356,2025-03-02T20:14:00Z,partner,60907,active,,US-W
ORD-007357,2025-10-28T16:15:46Z,mobile,65046,cancelled,,US-E
ORD-007358,2025-09-13T22:25:49Z,partner,50106,active,,US-E
ORD-007359,2025-07-14T22:14:49Z,partner,81727,completed,,US-W
ORD-007360,2025-06-01T19:54:03Z,web,28945,completed,,US-E
ORD-007361,2025-03-30T18:57:20Z,web,28415,cancelled,,US-C
ORD-007362,2025-03-19T22:57:53Z,legacy_pos,45722,active,,US-W
ORD-007363,2025-04-10T18:05:47Z,partner,7286,cancelled,,US-E
ORD-007364,2025-02-23T22:28:11Z,mobile,28243,completed,,US-C
ORD-007365,2025-06-25T15:49:52Z,web,17974,completed,2025-06-29T09:49:52Z,US-E
ORD-007366,2025-12-08T22:38:33Z,mobile,5875,cancelled,,US-E
ORD-007367,2025-03-23T15:51:17Z,web,44223,completed,,US-E
ORD-007368,2025-04-10T15:47:44Z,partner,81950,cancelled,,CA
ORD-007369,2025-09-08T07:32:36Z,mobile,10887,completed,,US-C
ORD-007370,2025-10-04T19:24:51Z,mobile,89696,cancelled,,US-C
ORD-007371,2025-06-02T19:48:59Z,partner,47674,active,,US-E
ORD-007372,2025-05-11T22:41:37Z,mobile,2565,active,,CA
ORD-007373,2025-10-02T17:15:01Z,web,83230,cancelled,,US-C
ORD-007374,2025-01-27T18:23:55Z,mobile,72541,completed,,US-W
ORD-007375,2025-10-07T22:22:01Z,legacy_pos,84783,refunded,,CA
ORD-007376,2025-12-16T20:19:59Z,mobile,28282,active,,US-W
ORD-007377,2025-03-16T20:20:35Z,mobile,58432,cancelled,,US-E
ORD-007378,2025-06-11T16:10:39Z,partner,80578,cancelled,,US-W
ORD-007379,2025-11-30T19:55:50Z,mobile,39908,active,,US-C
ORD-007380,2025-02-02T17:39:22Z,partner,1973,completed,,US-W
ORD-007381,2025-02-20T22:37:05Z,mobile,12847,completed,,CA
ORD-007382,2025-09-01T18:24:57Z,mobile,10336,active,,US-W
ORD-007383,2025-06-02T19:35:25Z,partner,51173,active,,US-C
ORD-007384,2025-06-02T18:19:06Z,web,74913,active,,US-W
ORD-007385,2025-08-07T22:16:38Z,mobile,34052,cancelled,,CA
ORD-007386,2025-07-03T19:19:56Z,legacy_pos,51300,active,,US-W
ORD-007387,2025-12-07T18:22:27Z,web,50837,active,,US-C
ORD-007388,2025-02-19T16:40:28Z,web,13420,active,,US-W
ORD-007389,2025-07-04T17:44:40Z,mobile,55049,completed,,US-E
ORD-007390,2025-11-06T19:26:10Z,partner,48251,completed,,US-W
ORD-007391,2025-11-27T18:29:25Z,web,73076,cancelled,,CA
ORD-007392,2025-12-12T20:53:13Z,partner,1256,completed,,US-W
ORD-007393,2025-12-31T17:34:16Z,partner,47916,cancelled,,CA
ORD-007394,2025-10-02T22:01:57Z,partner,48129,refunded,,US-W
ORD-007395,2025-05-04T06:37:18Z,partner,18014,completed,,US-E
ORD-007396,2025-06-26T14:01:06Z,mobile,11547,cancelled,,US-C
ORD-007397,2025-07-31T21:51:37Z,partner,73561,refunded,,US-W
ORD-007398,2025-10-22T20:10:06Z,mobile,11198,completed,,US-C
ORD-007399,2025-02-04T18:03:39Z,web,52665,cancelled,,CA
ORD-007400,2025-01-14T23:43:27Z,web,17693,active,,CA
ORD-007401,2025-04-24T15:10:33Z,mobile,46465,active,,US-E
ORD-007402,2025-03-21T16:00:56Z,partner,59544,completed,,US-W
ORD-007403,2025-02-23T22:20:18Z,mobile,35315,completed,,US-W
ORD-007404,2025-12-08T17:00:21Z,partner,72312,cancelled,,US-E
ORD-007405,2025-03-05T21:25:52Z,partner,45976,completed,,US-E
ORD-007406,2025-08-03T21:34:39Z,mobile,68508,cancelled,,CA
ORD-007407,2025-11-15T19:36:28Z,mobile,83916,cancelled,,US-C
ORD-007408,2025-12-15T18:16:57Z,mobile,49193,completed,,CA
ORD-007409,2025-09-27T07:20:16Z,web,48837,completed,,CA
ORD-007410,2025-08-05T18:36:00Z,partner,81692,completed,,US-E
ORD-007411,2025-11-22T19:25:43Z,partner,46719,cancelled,,US-C
ORD-007412,2025-12-14T20:47:16Z,mobile,49576,completed,,CA
ORD-007413,2025-01-04T17:40:34Z,web,25830,cancelled,,US-W
ORD-007414,2025-02-25T15:36:51Z,mobile,84767,refunded,,CA
ORD-007415,2025-12-21T21:20:12Z,partner,38033,refunded,,US-W
ORD-007416,2025-09-10T16:07:37Z,mobile,32396,cancelled,,US-W
ORD-007417,2025-05-20T16:59:28Z,mobile,70301,active,,CA
ORD-007418,2025-06-14T18:48:21Z,web,45676,refunded,,US-C
ORD-007419,2025-03-25T16:51:12Z,partner,43522,refunded,,CA
ORD-007420,2025-05-29T17:46:39Z,mobile,89074,refunded,,CA
ORD-007421,2025-10-30T20:01:49Z,partner,25858,active,,CA
ORD-007422,2025-09-12T16:01:03Z,web,61625,active,,CA
ORD-007423,2025-02-11T16:02:58Z,mobile,20588,cancelled,,US-C
ORD-007424,2025-01-24T16:46:20Z,partner,61177,active,,US-W
ORD-007425,2025-02-16T18:24:43Z,web,64882,cancelled,2025-02-19T10:24:43Z,US-C
ORD-007426,2025-01-15T20:05:54Z,partner,23522,completed,,US-E
ORD-007427,2025-07-14T15:49:26Z,mobile,3443,refunded,,US-E
ORD-007428,2025-05-05T18:46:54Z,web,28087,cancelled,,CA
ORD-007429,2025-05-25T16:50:53Z,partner,74392,cancelled,,US-W
ORD-007430,2025-08-10T17:49:38Z,partner,59537,refunded,,US-W
ORD-007431,2025-02-15T23:48:33Z,partner,79103,completed,,US-W
ORD-007432,2025-09-11T15:18:49Z,partner,25980,refunded,,CA
ORD-007433,2025-07-01T21:13:18Z,mobile,25816,active,,US-E
ORD-007434,2025-06-06T21:25:27Z,web,53244,cancelled,,US-C
ORD-007435,2025-09-17T17:22:34Z,web,59456,completed,,US-W
ORD-007436,2025-04-27T21:04:05Z,partner,9568,active,,US-W
ORD-007437,2025-03-11T18:09:54Z,web,89430,cancelled,,US-W
ORD-007438,2025-07-21T18:13:13Z,mobile,38931,active,,US-W
ORD-007439,2025-01-19T20:24:07Z,partner,38692,refunded,,US-W
ORD-007440,2025-06-07T15:46:06Z,web,30376,cancelled,,US-E
ORD-007441,2025-09-10T17:08:14Z,mobile,85946,completed,,US-C
ORD-007442,2025-12-28T22:21:44Z,mobile,72094,active,,US-W
ORD-007443,2025-05-04T17:10:42Z,partner,67643,cancelled,,US-E
ORD-007444,2025-02-07T17:10:36Z,partner,18357,cancelled,,US-C
ORD-007445,2025-10-30T18:47:17Z,partner,66340,refunded,,US-E
ORD-007446,2025-07-01T20:03:11Z,mobile,49767,active,,US-E
ORD-007447,2025-12-21T17:00:33Z,web,14254,completed,,US-E
ORD-007448,2025-07-08T14:16:41Z,mobile,9072,completed,,US-C
ORD-007449,2025-04-28T21:00:33Z,mobile,66634,completed,2025-05-06T18:00:33Z,CA
ORD-007450,2025-07-05T14:28:12Z,partner,82705,cancelled,,CA
ORD-007451,2025-12-26T19:19:07Z,mobile,69517,active,,US-W
ORD-007452,2025-01-21T17:38:22Z,mobile,69389,active,,US-W
ORD-007453,2025-11-29T22:00:16Z,partner,39580,cancelled,,US-C
ORD-007454,2025-03-02T16:53:35Z,web,29770,completed,,US-E
ORD-007455,2025-07-15T14:22:28Z,web,42954,active,,US-W
ORD-007456,2025-04-01T22:26:58Z,mobile,12789,cancelled,,CA
ORD-007457,2025-06-29T17:58:48Z,web,68704,refunded,,US-E
ORD-007458,2025-02-04T22:47:04Z,mobile,10567,completed,,US-W
ORD-007459,2025-08-04T16:11:22Z,web,5158,cancelled,,US-W
ORD-007460,2025-09-05T14:15:39Z,web,43848,completed,,CA
ORD-007461,2025-03-31T15:15:44Z,mobile,59597,cancelled,,US-E
ORD-007462,2025-11-22T19:34:28Z,mobile,16105,active,,CA
ORD-007463,2025-09-28T19:40:15Z,partner,17203,cancelled,,US-C
ORD-007464,2025-06-15T19:44:27Z,web,29924,refunded,,US-E
ORD-007465,2025-06-11T19:59:02Z,partner,24756,active,,CA
ORD-007466,2025-07-23T19:20:39Z,partner,66075,refunded,,CA
ORD-007467,2025-11-13T20:00:28Z,mobile,28366,active,,US-E
ORD-007468,2025-07-08T21:27:11Z,partner,17121,active,,CA
ORD-007469,2025-08-20T20:51:37Z,partner,12072,completed,,CA
ORD-007470,2025-05-13T15:29:04Z,web,40338,active,,US-W
ORD-007471,2025-11-20T16:16:33Z,web,55984,completed,,CA
ORD-007472,2025-11-14T21:17:46Z,web,46310,cancelled,,CA
ORD-007473,2025-09-10T21:56:44Z,web,23140,refunded,2025-09-11T02:56:44Z,US-C
ORD-007474,2025-12-08T18:30:08Z,partner,49960,refunded,,US-C
ORD-007475,2025-10-26T16:17:41Z,web,48971,completed,,US-E
ORD-007476,2025-07-14T21:33:48Z,mobile,56812,cancelled,,US-E
ORD-007477,2025-07-20T14:58:53Z,web,16983,refunded,,US-C
ORD-007478,2025-10-04T16:37:42Z,web,83919,cancelled,,US-E
ORD-007479,2025-06-25T18:38:12Z,web,75844,cancelled,,US-C
ORD-007480,2025-10-25T21:14:48Z,partner,66461,cancelled,,US-E
ORD-007481,2025-01-07T20:15:41Z,partner,27804,cancelled,,US-C
ORD-007482,2025-05-18T22:19:14Z,web,17520,cancelled,,US-C
ORD-007483,2025-04-18T19:31:23Z,mobile,55768,refunded,,US-E
ORD-007484,2025-06-06T14:32:27Z,mobile,22309,cancelled,,US-W
ORD-007485,2025-01-27T15:05:22Z,web,39510,refunded,,US-W
ORD-007486,2025-11-06T21:12:56Z,partner,48252,active,,CA
ORD-007487,2025-02-27T19:42:34Z,web,12052,refunded,,US-C
ORD-007488,2025-11-29T18:30:22Z,partner,68849,cancelled,,US-E
ORD-007489,2025-11-30T18:01:28Z,web,46145,active,,US-W
ORD-007490,2025-03-17T18:11:21Z,web,21769,active,,CA
ORD-007491,2025-04-01T21:02:36Z,partner,75954,completed,,US-E
ORD-007492,2025-12-12T18:52:21Z,legacy_pos,10700,refunded,,US-C
ORD-007493,2025-11-15T16:23:14Z,web,9635,refunded,,US-E
ORD-007494,2025-10-21T21:43:54Z,mobile,45503,active,,US-W
ORD-007495,2025-12-10T21:42:29Z,partner,52352,completed,,US-W
ORD-007496,2025-10-03T22:57:24Z,partner,59256,completed,,US-E
ORD-007497,2025-10-29T21:13:42Z,partner,34866,cancelled,,US-W
ORD-007498,2025-02-27T16:38:36Z,mobile,60066,active,,US-W
ORD-007499,2025-01-28T04:27:26Z,web,81482,cancelled,,CA
ORD-007500,2025-05-26T14:21:07Z,mobile,75968,cancelled,,CA
ORD-007501,2025-09-07T22:54:43Z,web,7793,cancelled,2025-09-15T00:54:43Z,US-W
ORD-007502,2025-04-06T21:50:48Z,partner,28603,active,,US-C
ORD-007503,2025-02-12T17:54:06Z,mobile,5754,cancelled,,CA
ORD-007504,2025-08-02T17:07:46Z,web,19798,completed,,CA
ORD-007505,2025-12-22T17:50:00Z,mobile,61705,cancelled,,US-W
ORD-007506,2025-04-02T21:52:45Z,web,14000,refunded,,US-W
ORD-007507,2025-10-17T22:07:24Z,partner,58532,refunded,,US-E
ORD-007508,2025-07-14T18:02:18Z,partner,71753,active,,US-W
ORD-007509,2025-07-16T16:37:23Z,web,16005,cancelled,,US-W
ORD-007510,2025-03-07T20:04:34Z,web,25928,cancelled,,US-W
ORD-007511,2025-05-01T14:26:17Z,mobile,46382,cancelled,,CA
ORD-007512,2025-11-16T19:50:53Z,web,13475,cancelled,,US-E
ORD-007513,2025-03-05T19:12:01Z,partner,23451,active,,US-C
ORD-007514,2025-03-05T17:44:49Z,partner,69007,active,,US-W
ORD-007515,2025-05-19T16:31:30Z,legacy_pos,26200,active,,CA
ORD-007516,2025-05-10T20:55:43Z,partner,89101,cancelled,2025-05-12T14:55:43Z,US-E
ORD-007517,2025-11-16T20:55:08Z,mobile,60750,refunded,,US-W
ORD-007518,2025-07-15T15:32:55Z,web,3993,cancelled,,CA
ORD-007519,2025-07-25T19:18:15Z,mobile,28673,cancelled,,US-C
ORD-007520,2025-11-12T19:49:40Z,partner,75557,cancelled,,CA
ORD-007521,2025-05-05T15:50:50Z,web,88560,cancelled,,US-W
ORD-007522,2025-04-05T18:50:21Z,web,54136,cancelled,,US-C
ORD-007523,2025-05-19T20:47:16Z,web,64535,completed,,CA
ORD-007524,2025-04-13T17:34:57Z,web,14000,refunded,,US-C
ORD-007525,2025-05-30T21:18:35Z,mobile,1393,completed,,US-W
ORD-007526,2025-03-16T02:02:19Z,partner,3488,cancelled,,US-C
ORD-007527,2025-06-17T18:35:40Z,partner,22400,cancelled,,CA
ORD-007528,2025-10-21T21:51:55Z,partner,47847,refunded,,US-E
ORD-007529,2025-06-18T18:02:05Z,mobile,37017,cancelled,,US-C
ORD-007530,2025-07-23T22:00:08Z,partner,49047,active,,CA
ORD-007531,2025-12-19T20:48:45Z,mobile,85803,refunded,,US-W
ORD-007532,2025-07-04T14:55:53Z,mobile,33071,cancelled,,US-C
ORD-007533,2025-10-22T17:02:20Z,mobile,48093,active,,CA
ORD-007534,2025-08-08T22:04:07Z,partner,71630,completed,,US-W
ORD-007535,2025-03-07T20:43:55Z,partner,60714,active,,US-W
ORD-007536,2025-12-04T22:16:43Z,web,73613,active,,CA
ORD-007537,2025-04-22T16:06:23Z,mobile,55112,cancelled,,US-W
ORD-007538,2025-01-09T23:15:10Z,partner,76892,completed,,US-E
ORD-007539,2025-12-26T16:36:07Z,partner,13385,active,,CA
ORD-007540,2025-11-11T23:01:17Z,partner,8909,cancelled,,US-E
ORD-007541,2025-12-26T15:35:58Z,web,38534,active,,US-W
ORD-007542,2025-03-24T18:21:00Z,mobile,814,active,,US-E
ORD-007543,2025-05-01T17:01:54Z,partner,76519,completed,,US-C
ORD-007544,2025-12-19T15:32:25Z,mobile,37582,cancelled,,US-C
ORD-007545,2025-08-05T21:42:23Z,mobile,22020,cancelled,,CA
ORD-007546,2025-11-18T18:48:52Z,mobile,74690,cancelled,,CA
ORD-007547,2025-03-19T19:02:25Z,mobile,58434,cancelled,,US-E
ORD-007548,2025-07-05T19:19:23Z,mobile,5313,cancelled,,US-C
ORD-007549,2025-03-17T18:25:25Z,mobile,87077,active,,CA
ORD-007550,2025-12-05T15:23:23Z,web,47156,cancelled,,US-W
ORD-007551,2025-05-17T15:39:29Z,legacy_pos,9800,completed,,CA
ORD-007552,2025-01-10T23:43:36Z,partner,83456,refunded,,CA
ORD-007553,2025-08-06T20:02:16Z,web,68139,cancelled,,US-W
ORD-007554,2025-09-16T15:00:30Z,web,71644,cancelled,,CA
ORD-007555,2025-01-23T20:31:16Z,mobile,15587,refunded,,US-W
ORD-007556,2025-11-08T19:34:58Z,mobile,88890,completed,,US-W
ORD-007557,2025-01-26T22:58:39Z,mobile,84750,cancelled,2025-01-28T07:58:39Z,US-W
ORD-007558,2025-04-09T22:04:55Z,partner,6021,active,,US-W
ORD-007559,2025-09-22T21:43:45Z,partner,27102,completed,,CA
ORD-007560,2025-12-08T17:54:58Z,partner,8476,cancelled,,US-W
ORD-007561,2025-08-09T15:20:13Z,partner,83720,cancelled,,US-W
ORD-007562,2025-09-11T22:41:09Z,mobile,6962,cancelled,,US-W
ORD-007563,2025-11-03T17:46:16Z,mobile,77269,cancelled,,CA
ORD-007564,2025-09-02T15:36:33Z,web,55947,refunded,,CA
ORD-007565,2025-10-15T14:27:17Z,web,32779,active,,US-E
ORD-007566,2025-09-09T19:32:53Z,mobile,47922,cancelled,,CA
ORD-007567,2025-04-01T18:39:24Z,web,55351,refunded,,US-C
ORD-007568,2025-09-11T16:34:04Z,partner,25990,cancelled,,US-E
ORD-007569,2025-03-17T19:27:43Z,web,44915,active,,CA
ORD-007570,2025-02-22T17:23:18Z,partner,85807,active,,US-W
ORD-007571,2025-03-29T18:19:31Z,mobile,12085,cancelled,,US-E
ORD-007572,2025-05-13T16:44:46Z,web,796,active,,CA
ORD-007573,2025-10-07T20:44:07Z,mobile,46494,completed,,US-E
ORD-007574,2025-03-22T22:05:28Z,partner,4861,active,,US-C
ORD-007575,2025-01-27T22:34:00Z,mobile,6123,cancelled,,US-C
ORD-007576,2025-12-05T15:16:48Z,mobile,74567,completed,,US-E
ORD-007577,2025-08-11T15:38:41Z,partner,1611,completed,,US-E
ORD-007578,2025-04-19T22:20:37Z,mobile,66462,completed,,CA
ORD-007579,2025-06-16T14:07:22Z,web,71120,completed,,CA
ORD-007580,2025-09-27T22:50:40Z,partner,6989,completed,,US-C
ORD-007581,2025-01-05T19:23:38Z,partner,5924,refunded,,US-C
ORD-007582,2025-03-17T14:54:08Z,partner,66895,refunded,,US-E
ORD-007583,2025-03-25T19:31:37Z,mobile,48975,completed,,US-W
ORD-007584,2025-08-25T20:10:49Z,web,4835,cancelled,,CA
ORD-007585,2025-03-10T17:07:49Z,mobile,47804,completed,2025-03-18T17:07:49Z,US-C
ORD-007586,2025-10-17T14:05:51Z,legacy_pos,85300,completed,,US-E
ORD-007587,2025-06-12T14:05:29Z,mobile,6220,cancelled,,US-E
ORD-007588,2025-04-25T19:28:41Z,partner,28693,active,,US-E
ORD-007589,2025-08-11T22:29:48Z,web,858,completed,,US-C
ORD-007590,2025-09-22T15:44:51Z,web,8300,refunded,,US-W
ORD-007591,2025-03-11T17:58:07Z,partner,17515,refunded,,CA
ORD-007592,2025-11-15T17:38:20Z,mobile,74644,refunded,,CA
ORD-007593,2025-10-05T17:32:39Z,partner,62463,refunded,,CA
ORD-007594,2025-02-04T15:00:13Z,legacy_pos,58500,completed,,CA
ORD-007595,2025-04-13T16:46:22Z,partner,76025,active,,US-E
ORD-007596,2025-02-06T15:34:18Z,web,34526,active,,CA
ORD-007597,2025-03-04T21:00:21Z,web,14752,completed,,CA
ORD-007598,2025-06-02T19:55:59Z,partner,30507,cancelled,,US-C
ORD-007599,2025-04-12T18:57:30Z,mobile,43560,active,,US-C
ORD-007600,2025-10-19T20:02:36Z,partner,86795,active,,US-C
ORD-007601,2025-01-20T23:14:20Z,web,14164,cancelled,,CA
ORD-007602,2025-07-22T22:50:14Z,mobile,8941,active,,US-W
ORD-007603,2025-12-24T23:29:04Z,partner,39939,cancelled,,US-C
ORD-007604,2025-08-17T07:09:56Z,web,78236,active,,US-W
ORD-007605,2025-10-10T17:21:29Z,mobile,54691,cancelled,,US-C
ORD-007606,2025-06-13T14:39:38Z,mobile,3732,completed,,US-C
ORD-007607,2025-03-01T20:05:05Z,partner,56932,completed,,US-C
ORD-007608,2025-01-09T22:02:39Z,web,3164,active,,US-E
ORD-007609,2025-08-25T14:48:43Z,mobile,83469,completed,,CA
ORD-007610,2025-06-05T19:30:02Z,mobile,86590,refunded,,CA
ORD-007611,2025-05-08T17:17:24Z,web,48627,refunded,,US-E
ORD-007612,2025-01-10T15:50:18Z,web,86054,completed,,US-C
ORD-007613,2025-03-22T16:18:26Z,mobile,87881,completed,,US-W
ORD-007614,2025-11-06T17:58:01Z,mobile,9133,refunded,,US-W
ORD-007615,2025-01-20T22:10:02Z,mobile,81535,active,,US-C
ORD-007616,2025-12-18T20:35:32Z,mobile,9852,active,,US-W
ORD-007617,2025-11-23T21:12:56Z,web,59118,refunded,,US-C
ORD-007618,2025-03-15T17:25:34Z,partner,29635,refunded,,CA
ORD-007619,2025-01-17T16:48:21Z,web,38515,completed,,US-C
ORD-007620,2025-05-10T21:44:35Z,partner,7223,refunded,,CA
ORD-007621,2025-05-18T15:20:06Z,partner,58929,refunded,,US-C
ORD-007622,2025-11-14T23:38:16Z,partner,50786,active,,US-W
ORD-007623,2025-02-01T23:01:46Z,partner,82131,active,2025-02-02T12:01:46Z,US-C
ORD-007624,2025-05-05T20:59:21Z,web,28508,cancelled,,US-W
ORD-007625,2025-07-13T19:26:04Z,legacy_pos,82800,cancelled,,US-C
ORD-007626,2025-11-26T22:55:25Z,web,29851,refunded,,US-W
ORD-007627,2025-04-28T15:53:24Z,web,4914,cancelled,,US-C
ORD-007628,2025-06-03T16:06:38Z,mobile,40647,cancelled,,US-C
ORD-007629,2025-10-27T16:05:32Z,web,71405,completed,,CA
ORD-007630,2025-11-13T22:44:53Z,mobile,66829,active,,US-E
ORD-007631,2025-09-11T15:50:05Z,partner,17582,active,,US-C
ORD-007632,2025-03-26T16:08:35Z,partner,49998,active,,US-E
ORD-007633,2025-07-02T20:28:01Z,partner,37427,completed,,US-E
ORD-007634,2025-07-26T15:04:27Z,web,76318,completed,,CA
ORD-007635,2025-11-13T15:02:54Z,web,8890,completed,,US-C
ORD-007636,2025-11-09T18:58:33Z,partner,2023,cancelled,,US-C
ORD-007637,2025-10-22T15:31:04Z,web,48863,cancelled,,US-E
ORD-007638,2025-06-30T21:58:26Z,mobile,76377,refunded,,US-E
ORD-007639,2025-01-29T21:09:22Z,partner,28632,refunded,,CA
ORD-007640,2025-02-27T21:28:32Z,web,63246,cancelled,,CA
ORD-007641,2025-02-15T15:26:12Z,mobile,47536,refunded,,CA
ORD-007642,2025-07-23T14:51:32Z,web,25331,active,,US-W
ORD-007643,2025-06-26T15:11:42Z,legacy_pos,38700,active,,CA
ORD-007644,2025-04-24T19:11:34Z,partner,85516,cancelled,,US-C
ORD-007645,2025-10-14T14:49:18Z,web,33965,refunded,,US-C
ORD-007646,2025-08-16T15:39:21Z,partner,20706,active,,CA
ORD-007647,2025-04-02T14:25:46Z,partner,34004,active,,US-W
ORD-007648,2025-10-05T18:41:46Z,web,37999,refunded,,CA
ORD-007649,2025-06-19T16:04:34Z,partner,13673,completed,,US-W
ORD-007650,2025-12-03T19:26:54Z,partner,18373,refunded,,US-E
ORD-007651,2025-03-04T15:39:30Z,partner,12503,refunded,,CA
ORD-007652,2025-10-15T20:08:22Z,web,9117,active,,CA
ORD-007653,2025-08-09T18:54:12Z,mobile,4918,completed,,US-W
ORD-007654,2025-09-11T21:00:46Z,partner,20261,completed,,CA
ORD-007655,2025-11-16T15:17:15Z,mobile,81773,refunded,,US-W
ORD-007656,2025-03-12T19:58:10Z,web,51268,active,,US-C
ORD-007657,2025-09-10T15:21:56Z,mobile,58207,completed,,US-C
ORD-007658,2025-07-21T19:02:50Z,partner,68499,cancelled,,US-C
ORD-007659,2025-05-15T22:16:07Z,web,4115,cancelled,,US-E
ORD-007660,2025-05-15T20:30:44Z,partner,30961,refunded,,US-W
ORD-007661,2025-10-11T21:52:20Z,legacy_pos,82501,refunded,,US-W
ORD-007662,2025-01-29T17:54:11Z,web,54769,completed,,US-W
ORD-007663,2025-05-25T19:14:21Z,mobile,42491,refunded,,US-W
ORD-007664,2025-11-05T19:13:19Z,legacy_pos,2500,cancelled,,US-C
ORD-007665,2025-11-12T15:40:06Z,partner,9446,active,,US-E
ORD-007666,2025-03-15T20:35:36Z,mobile,6955,active,,CA
ORD-007667,2025-11-03T16:09:31Z,mobile,44875,completed,,US-W
ORD-007668,2025-01-08T16:45:46Z,mobile,7468,active,,US-C
ORD-007669,2025-02-15T16:25:52Z,partner,70831,completed,,CA
ORD-007670,2025-07-13T18:43:23Z,web,4258,cancelled,,US-E
ORD-007671,2025-04-09T15:21:33Z,web,695,refunded,,US-C
ORD-007672,2025-02-16T20:15:49Z,mobile,39184,completed,,US-C
ORD-007673,2025-07-05T18:15:25Z,mobile,64010,active,,CA
ORD-007674,2025-05-28T16:49:48Z,mobile,61732,refunded,,US-W
ORD-007675,2025-06-01T21:37:30Z,partner,8975,completed,,CA
ORD-007676,2025-09-05T19:30:28Z,partner,31428,active,,US-E
ORD-007677,2025-02-20T18:23:01Z,partner,1381,active,,CA
ORD-007678,2025-05-27T16:40:01Z,mobile,68200,active,,US-W
ORD-007679,2025-08-21T19:43:45Z,web,83135,completed,,US-E
ORD-007680,2025-07-13T14:35:45Z,web,39742,refunded,,US-E
ORD-007681,2025-05-03T22:24:20Z,web,57615,cancelled,,CA
ORD-007682,2025-01-21T22:52:16Z,partner,54040,completed,,CA
ORD-007683,2025-10-30T16:35:24Z,web,65627,completed,,US-W
ORD-007684,2025-01-10T18:51:23Z,web,56364,completed,,US-E
ORD-007685,2025-01-02T15:38:12Z,mobile,33555,refunded,,US-W
ORD-007686,2025-05-18T19:24:42Z,web,17778,refunded,,CA
ORD-007687,2025-05-28T15:21:33Z,partner,9951,refunded,,US-E
ORD-007688,2025-02-11T22:13:16Z,mobile,57804,cancelled,,US-E
ORD-007689,2025-10-28T15:10:06Z,partner,46535,refunded,,US-E
ORD-007690,2025-08-19T14:22:02Z,mobile,72048,refunded,,CA
ORD-007691,2025-02-03T22:11:49Z,partner,4591,active,,CA
ORD-007692,2025-09-04T17:40:57Z,partner,77872,refunded,,US-C
ORD-007693,2025-08-16T20:33:21Z,web,89894,completed,,US-C
ORD-007694,2025-05-21T14:58:30Z,web,14906,refunded,,US-E
ORD-007695,2025-07-05T18:54:15Z,web,79746,completed,,US-W
ORD-007696,2025-12-07T23:43:06Z,web,11826,completed,,US-E
ORD-007697,2025-11-27T19:59:18Z,partner,88084,refunded,,US-W
ORD-007698,2025-05-03T21:02:38Z,partner,84430,active,,US-W
ORD-007699,2025-12-15T16:49:53Z,mobile,47922,completed,,US-W
ORD-007700,2025-09-09T16:36:16Z,web,65585,active,,US-W
ORD-007701,2025-10-23T21:50:48Z,legacy_pos,13900,completed,,CA
ORD-007702,2025-03-28T21:07:59Z,mobile,17596,cancelled,,US-W
ORD-007703,2025-07-20T14:33:13Z,mobile,51268,refunded,,US-E
ORD-007704,2025-05-05T19:41:28Z,web,86347,active,,US-W
ORD-007705,2025-09-17T21:41:35Z,partner,36398,completed,2025-09-24T18:41:35Z,US-W
ORD-007706,2025-11-08T23:59:00Z,web,41409,cancelled,,US-E
ORD-007707,2025-05-31T22:42:25Z,web,57089,active,,US-W
ORD-007708,2025-02-22T16:38:30Z,web,54313,active,,CA
ORD-007709,2025-01-15T23:42:35Z,web,13004,completed,,CA
ORD-007710,2025-04-12T19:38:48Z,partner,55286,completed,,US-C
ORD-007711,2025-04-26T20:52:33Z,web,48529,refunded,,US-E
ORD-007712,2025-12-05T17:55:32Z,web,3581,active,,US-W
ORD-007713,2025-04-24T18:19:06Z,partner,42418,refunded,,CA
ORD-007714,2025-06-17T17:19:47Z,partner,39743,refunded,,US-E
ORD-007715,2025-03-30T15:41:38Z,web,78728,cancelled,,CA
ORD-007716,2025-01-10T17:21:17Z,web,8667,completed,,US-E
ORD-007717,2025-02-28T22:23:27Z,mobile,17026,refunded,,US-C
ORD-007718,2025-10-19T21:28:48Z,partner,83833,active,,CA
ORD-007719,2025-03-16T21:19:37Z,partner,28413,cancelled,,US-E
ORD-007720,2025-05-17T18:58:26Z,web,18761,refunded,,US-W
ORD-007721,2025-11-12T01:10:17Z,legacy_pos,28860,cancelled,,US-C
ORD-007722,2025-12-16T18:02:00Z,partner,9043,completed,,US-W
ORD-007723,2025-01-18T18:57:38Z,partner,51836,refunded,,US-W
ORD-007724,2025-08-30T16:33:54Z,partner,41326,refunded,,US-C
ORD-007725,2025-05-28T17:43:38Z,partner,30237,refunded,,US-W
ORD-007726,2025-10-19T22:38:54Z,mobile,22026,refunded,,CA
ORD-007727,2025-01-15T17:53:30Z,partner,80326,completed,,US-E
ORD-007728,2025-12-03T23:42:41Z,mobile,86131,completed,,US-C
ORD-007729,2025-02-08T23:55:20Z,mobile,8666,active,,US-E
ORD-007730,2025-02-06T22:38:41Z,web,58089,completed,,US-E
ORD-007731,2025-09-27T16:05:06Z,mobile,39957,completed,,US-W
ORD-007732,2025-05-16T19:12:03Z,web,52682,cancelled,,US-W
ORD-007733,2025-07-11T21:04:42Z,mobile,7720,refunded,,US-C
ORD-007734,2025-12-01T16:16:58Z,web,44148,completed,,CA
ORD-007735,2025-04-03T15:10:34Z,partner,50466,completed,,US-C
ORD-007736,2025-04-01T17:56:50Z,web,30901,active,,US-E
ORD-007737,2025-03-29T14:41:53Z,mobile,83980,cancelled,,US-W
ORD-007738,2025-12-29T17:21:42Z,mobile,88599,cancelled,,CA
ORD-007739,2025-04-03T21:46:06Z,partner,65530,cancelled,2025-04-06T17:46:06Z,US-E
ORD-007740,2025-04-03T19:48:22Z,partner,83510,refunded,,US-C
ORD-007741,2025-01-31T18:14:17Z,mobile,37489,completed,,US-C
ORD-007742,2025-01-17T18:22:31Z,partner,69513,refunded,,US-W
ORD-007743,2025-01-29T16:21:20Z,mobile,31722,active,,CA
ORD-007744,2025-10-30T15:21:21Z,web,54623,active,,CA
ORD-007745,2025-04-02T19:20:41Z,web,45392,cancelled,,CA
ORD-007746,2025-04-30T14:40:50Z,partner,17930,cancelled,,US-C
ORD-007747,2025-01-08T22:12:30Z,web,20945,refunded,,US-C
ORD-007748,2025-04-14T20:19:40Z,web,43739,completed,,US-C
ORD-007749,2025-09-11T22:20:48Z,mobile,19475,active,,US-E
ORD-007750,2025-12-05T23:00:33Z,partner,28907,cancelled,,US-W
ORD-007751,2025-07-02T18:47:01Z,partner,12278,completed,,US-W
ORD-007752,2025-12-16T17:27:38Z,partner,30235,active,,US-W
ORD-007753,2025-05-30T18:32:53Z,partner,44297,completed,,CA
ORD-007754,2025-09-29T18:39:02Z,mobile,37270,refunded,,US-C
ORD-007755,2025-03-10T22:19:36Z,mobile,12000,cancelled,,CA
ORD-007756,2025-03-16T17:38:48Z,partner,9442,cancelled,,CA
ORD-007757,2025-06-19T16:16:08Z,partner,55588,refunded,,CA
ORD-007758,2025-05-20T15:21:36Z,partner,32412,cancelled,,US-W
ORD-007759,2025-11-06T23:49:19Z,partner,62567,refunded,,US-E
ORD-007760,2025-04-02T22:19:10Z,web,8992,refunded,,CA
ORD-007761,2025-01-05T22:59:45Z,mobile,25537,completed,,US-E
ORD-007762,2025-11-05T21:06:23Z,mobile,59201,active,,US-E
ORD-007763,2025-04-03T07:29:05Z,partner,4294,active,,US-C
ORD-007764,2025-06-14T16:27:24Z,legacy_pos,13500,refunded,,US-E
ORD-007765,2025-05-25T14:02:11Z,web,57430,active,,US-C
ORD-007766,2025-02-04T23:46:57Z,web,80668,active,,US-E
ORD-007767,2025-01-05T15:56:29Z,web,65647,completed,,US-C
ORD-007768,2025-01-07T18:02:30Z,mobile,68383,active,,CA
ORD-007769,2025-10-20T19:30:09Z,partner,80738,active,,US-C
ORD-007770,2025-08-24T21:38:11Z,mobile,71245,refunded,,US-W
ORD-007771,2025-10-06T17:58:17Z,partner,10560,refunded,,CA
ORD-007772,2025-01-09T20:43:47Z,web,47104,completed,,US-W
ORD-007773,2025-05-02T14:00:03Z,web,7740,refunded,,US-E
ORD-007774,2025-02-07T15:58:04Z,partner,86760,active,,US-E
ORD-007775,2025-02-05T21:06:54Z,mobile,83090,refunded,,US-E
ORD-007776,2025-11-10T23:38:09Z,partner,45222,cancelled,,US-E
ORD-007777,2025-09-04T15:03:01Z,web,35809,completed,,US-E
ORD-007778,2025-09-18T18:02:29Z,partner,86548,refunded,,US-C
ORD-007779,2025-04-08T22:24:58Z,web,37260,completed,,CA
ORD-007780,2025-06-05T14:20:43Z,web,87864,completed,,US-E
ORD-007781,2025-02-08T23:07:33Z,mobile,69250,completed,,CA
ORD-007782,2025-08-10T20:07:14Z,partner,4440,completed,,CA
ORD-007783,2025-10-03T19:21:56Z,partner,10080,completed,,CA
ORD-007784,2025-10-24T18:35:34Z,web,1605,active,,CA
ORD-007785,2025-09-23T22:47:37Z,mobile,20014,refunded,,US-C
ORD-007786,2025-04-08T22:02:01Z,web,15678,cancelled,,US-E
ORD-007787,2025-07-21T14:50:53Z,mobile,80034,cancelled,,US-C
ORD-007788,2025-02-03T16:07:20Z,web,23567,refunded,,US-C
ORD-007789,2025-02-11T19:19:57Z,web,72734,cancelled,,US-E
ORD-007790,2025-09-23T21:58:07Z,web,86045,refunded,,US-C
ORD-007791,2025-11-25T20:19:03Z,web,28252,active,,US-E
ORD-007792,2025-05-11T19:43:57Z,partner,82463,refunded,,US-E
ORD-007793,2025-11-04T22:35:20Z,mobile,53493,refunded,,US-W
ORD-007794,2025-10-08T22:23:48Z,partner,37777,refunded,,US-W
ORD-007795,2025-12-10T17:13:43Z,mobile,31433,cancelled,,US-E
ORD-007796,2025-02-06T22:19:35Z,mobile,9559,completed,,US-W
ORD-007797,2025-12-30T22:00:39Z,mobile,85170,completed,,CA
ORD-007798,2025-09-01T17:21:00Z,web,86669,cancelled,,US-C
ORD-007799,2025-12-15T16:59:23Z,web,2020,active,,CA
ORD-007800,2025-02-11T20:07:44Z,web,72628,completed,,US-C
ORD-007801,2025-07-29T16:56:37Z,web,40474,cancelled,,US-C
ORD-007802,2025-09-27T20:19:36Z,web,43799,refunded,,US-C
ORD-007803,2025-06-08T14:45:03Z,partner,23380,active,,US-E
ORD-007804,2025-11-10T21:05:06Z,web,49663,completed,,US-C
ORD-007805,2025-03-13T16:24:42Z,mobile,33571,active,,US-C
ORD-007806,2025-07-16T21:24:13Z,partner,65049,cancelled,,US-E
ORD-007807,2025-09-14T16:43:49Z,mobile,36437,completed,,US-C
ORD-007808,2025-08-15T18:55:59Z,partner,24443,cancelled,,US-C
ORD-007809,2025-09-22T14:16:12Z,partner,11675,completed,,US-C
ORD-007810,2025-12-10T18:31:26Z,web,41540,cancelled,,US-C
ORD-007811,2025-07-06T15:56:25Z,mobile,29623,cancelled,,US-C
ORD-007812,2025-06-24T18:26:48Z,partner,74484,active,,CA
ORD-007813,2025-08-29T18:21:32Z,mobile,40754,refunded,,US-W
ORD-007814,2025-08-14T20:05:13Z,mobile,47763,cancelled,,CA
ORD-007815,2025-05-27T15:48:16Z,web,41315,refunded,,US-W
ORD-007816,2025-11-05T22:02:07Z,partner,16386,refunded,,US-E
ORD-007817,2025-08-03T21:59:20Z,partner,82955,cancelled,,US-E
ORD-007818,2025-05-10T17:22:10Z,web,6640,cancelled,,US-W
ORD-007819,2025-04-28T14:47:17Z,partner,60759,active,,US-E
ORD-007820,2025-11-12T22:29:43Z,mobile,40929,active,,CA
ORD-007821,2025-01-06T19:29:24Z,web,1147,cancelled,,US-C
ORD-007822,2025-08-25T19:32:32Z,web,81237,refunded,,CA
ORD-007823,2025-06-16T18:50:53Z,partner,13697,cancelled,,US-E
ORD-007824,2025-01-10T17:38:51Z,partner,46133,completed,,US-C
ORD-007825,2025-04-15T16:59:27Z,partner,49056,cancelled,,US-E
ORD-007826,2025-10-07T22:39:41Z,mobile,85017,active,,US-C
ORD-007827,2025-06-15T17:27:17Z,partner,41117,completed,,US-E
ORD-007828,2025-12-04T18:43:09Z,web,43539,refunded,,US-C
ORD-007829,2025-11-06T19:15:15Z,partner,79887,active,,US-C
ORD-007830,2025-05-12T20:28:36Z,mobile,47931,active,,US-C
ORD-007831,2025-02-16T21:25:22Z,mobile,80748,active,,US-W
ORD-007832,2025-03-12T19:25:25Z,mobile,59780,cancelled,,US-W
ORD-007833,2025-07-14T15:48:57Z,mobile,31100,refunded,,US-C
ORD-007834,2025-10-16T15:49:47Z,partner,31814,refunded,,CA
ORD-007835,2025-03-23T15:42:26Z,mobile,52462,refunded,,US-C
ORD-007836,2025-08-09T04:22:38Z,legacy_pos,10675,refunded,,US-C
ORD-007837,2025-02-27T17:30:02Z,partner,48630,active,,US-W
ORD-007838,2025-11-17T23:21:15Z,web,68875,cancelled,,CA
ORD-007839,2025-08-28T20:28:11Z,partner,77760,completed,,US-C
ORD-007840,2025-04-14T17:16:32Z,web,40480,completed,,US-C
ORD-007841,2025-07-10T19:42:46Z,web,86742,refunded,,US-W
ORD-007842,2025-09-19T17:10:07Z,web,33851,cancelled,,US-W
ORD-007843,2025-11-19T18:08:45Z,web,36356,cancelled,,US-W
ORD-007844,2025-03-10T19:41:31Z,web,2215,active,,US-C
ORD-007845,2025-03-08T23:14:34Z,legacy_pos,65800,active,,CA
ORD-007846,2025-08-23T19:56:14Z,web,65012,completed,,US-C
ORD-007847,2025-02-22T19:45:56Z,web,66887,completed,,CA
ORD-007848,2025-04-06T18:35:57Z,web,25431,cancelled,,US-W
ORD-007849,2025-04-07T15:02:40Z,web,37007,cancelled,,US-C
ORD-007850,2025-11-26T23:18:52Z,mobile,47798,refunded,,US-C
ORD-007851,2025-08-04T17:53:49Z,web,79011,active,,US-W
ORD-007852,2025-08-19T19:47:50Z,partner,67632,cancelled,,CA
ORD-007853,2025-04-18T15:34:19Z,web,41264,active,,CA
ORD-007854,2025-09-29T22:32:59Z,partner,2142,completed,,US-W
ORD-007855,2025-07-11T22:04:00Z,mobile,41259,refunded,,US-E
ORD-007856,2025-12-16T15:49:39Z,mobile,7541,cancelled,,CA
ORD-007857,2025-10-24T16:09:39Z,mobile,6761,completed,,US-E
ORD-007858,2025-09-21T18:42:52Z,mobile,20961,completed,,CA
ORD-007859,2025-06-18T20:52:16Z,partner,5276,cancelled,,US-W
ORD-007860,2025-12-05T18:31:11Z,mobile,83035,cancelled,,US-E
ORD-007861,2025-11-08T18:13:23Z,web,47568,active,,CA
ORD-007862,2025-09-27T20:05:48Z,mobile,54912,cancelled,,US-E
ORD-007863,2025-09-07T14:11:36Z,web,2827,active,,US-W
ORD-007864,2025-01-08T18:56:12Z,web,37546,active,,CA
ORD-007865,2025-01-29T16:28:59Z,mobile,85927,cancelled,,CA
ORD-007866,2025-01-27T16:14:16Z,web,75618,completed,,CA
ORD-007867,2025-12-27T15:07:01Z,partner,48517,completed,,CA
ORD-007868,2025-10-26T21:41:30Z,legacy_pos,58900,active,,US-W
ORD-007869,2025-11-29T20:51:17Z,web,10728,cancelled,2025-12-03T09:51:17Z,CA
ORD-007870,2025-07-15T22:34:22Z,mobile,57800,cancelled,,CA
ORD-007871,2025-09-25T21:29:50Z,mobile,68416,active,,CA
ORD-007872,2025-09-18T18:25:38Z,mobile,13421,cancelled,,US-E
ORD-007873,2025-05-11T15:17:09Z,mobile,66068,cancelled,,US-C
ORD-007874,2025-09-16T15:24:27Z,web,16493,completed,,US-W
ORD-007875,2025-03-26T16:09:35Z,partner,8772,completed,,CA
ORD-007876,2025-04-04T17:49:53Z,mobile,5445,active,,US-W
ORD-007877,2025-02-19T18:55:07Z,partner,72168,active,,US-C
ORD-007878,2025-08-21T17:28:11Z,web,53200,cancelled,,US-E
ORD-007879,2025-12-22T15:27:52Z,web,75919,completed,,US-W
ORD-007880,2025-09-04T21:37:03Z,mobile,38829,completed,,US-E
ORD-007881,2025-11-26T18:52:57Z,mobile,82212,completed,,US-W
ORD-007882,2025-06-20T18:55:49Z,mobile,89448,cancelled,,US-C
ORD-007883,2025-12-16T20:16:40Z,mobile,73561,cancelled,,US-C
ORD-007884,2025-08-30T15:07:34Z,web,22268,active,,US-E
ORD-007885,2025-03-24T16:58:41Z,partner,5530,active,,US-C
ORD-007886,2025-04-08T15:58:19Z,web,58293,active,,US-E
ORD-007887,2025-09-18T16:10:59Z,web,2357,active,2025-09-25T15:10:59Z,US-C
ORD-007888,2025-08-29T14:54:20Z,web,22431,active,,US-C
ORD-007889,2025-11-16T16:56:26Z,partner,68772,completed,2025-11-16T17:56:26Z,US-C
ORD-007890,2025-09-13T17:39:13Z,mobile,64567,completed,,US-W
ORD-007891,2025-04-23T21:11:32Z,partner,12827,active,,US-W
ORD-007892,2025-05-11T16:30:07Z,partner,29999,refunded,,US-C
ORD-007893,2025-09-22T16:22:59Z,web,76625,refunded,2025-09-24T16:22:59Z,US-C
ORD-007894,2025-09-11T15:39:43Z,mobile,16709,active,,CA
ORD-007895,2025-04-05T15:13:37Z,partner,59623,completed,,CA
ORD-007896,2025-05-01T22:30:16Z,mobile,22762,completed,,US-C
ORD-007897,2025-10-19T21:47:12Z,web,18838,completed,,US-E
ORD-007898,2025-03-16T21:55:05Z,web,31233,cancelled,,US-W
ORD-007899,2025-11-03T22:54:59Z,mobile,80228,cancelled,,CA
ORD-007900,2025-04-10T19:15:30Z,web,57434,refunded,,CA
ORD-007901,2025-08-03T15:17:48Z,partner,24998,completed,,US-E
ORD-007902,2025-04-11T16:44:57Z,partner,29977,active,,US-C
ORD-007903,2025-02-16T15:56:27Z,web,18659,active,,US-W
ORD-007904,2025-07-13T15:50:08Z,mobile,71569,cancelled,,CA
ORD-007905,2025-11-04T18:12:05Z,mobile,64767,active,,US-W
ORD-007906,2025-08-31T20:33:52Z,mobile,40264,refunded,,US-E
ORD-007907,2025-09-17T16:14:11Z,web,51690,active,,CA
ORD-007908,2025-06-23T18:47:14Z,web,73551,cancelled,,US-C
ORD-007909,2025-11-04T17:46:24Z,mobile,48304,refunded,,US-C
ORD-007910,2025-05-06T19:17:04Z,partner,46683,cancelled,,US-W
ORD-007911,2025-03-02T22:22:01Z,mobile,83895,active,,US-E
ORD-007912,2025-02-18T23:18:23Z,partner,83107,completed,,US-C
ORD-007913,2025-12-11T22:49:51Z,web,32700,cancelled,,US-E
ORD-007914,2025-05-01T22:50:34Z,mobile,54657,active,,US-E
ORD-007915,2025-05-24T16:10:58Z,partner,6279,cancelled,,CA
ORD-007916,2025-12-17T21:30:46Z,mobile,56128,refunded,,CA
ORD-007917,2025-10-31T22:41:07Z,partner,55668,completed,,US-W
ORD-007918,2025-11-19T23:52:02Z,partner,86740,active,,US-E
ORD-007919,2025-02-26T21:08:27Z,mobile,1352,completed,,US-C
ORD-007920,2025-11-23T16:55:04Z,partner,24424,refunded,,US-W
ORD-007921,2025-03-24T22:16:43Z,partner,65925,active,,US-C
ORD-007922,2025-02-01T19:43:33Z,legacy_pos,21400,cancelled,,US-E
ORD-007923,2025-04-16T19:37:09Z,partner,84268,active,,US-C
ORD-007924,2025-10-15T18:52:43Z,web,50209,active,,US-E
ORD-007925,2025-04-11T18:57:57Z,mobile,68756,active,,US-C
ORD-007926,2025-12-24T15:09:45Z,mobile,82508,cancelled,,US-W
ORD-007927,2025-12-20T19:04:28Z,web,34783,active,,US-W
ORD-007928,2025-08-31T22:50:16Z,web,48479,cancelled,,US-C
ORD-007929,2025-04-18T21:11:53Z,web,61070,refunded,,US-C
ORD-007930,2025-07-23T17:32:56Z,web,11734,completed,,CA
ORD-007931,2025-04-05T15:15:12Z,mobile,39060,completed,,US-W
ORD-007932,2025-03-14T20:06:53Z,partner,64319,completed,,CA
ORD-007933,2025-03-04T19:42:32Z,partner,11207,cancelled,,CA
ORD-007934,2025-09-16T17:11:24Z,mobile,50566,cancelled,,US-W
ORD-007935,2025-12-25T21:18:22Z,web,11415,active,,US-W
ORD-007936,2025-11-24T16:13:44Z,web,30979,cancelled,,US-E
ORD-007937,2025-12-14T19:11:48Z,mobile,16909,active,,US-E
ORD-007938,2025-09-11T18:13:22Z,web,72292,completed,,US-W
ORD-007939,2025-08-02T20:19:38Z,partner,72200,refunded,,US-E
ORD-007940,2025-10-07T19:54:36Z,partner,40689,active,,CA
ORD-007941,2025-01-13T22:46:51Z,mobile,36234,completed,,US-C
ORD-007942,2025-05-10T16:17:27Z,web,49239,cancelled,,US-E
ORD-007943,2025-10-14T22:38:27Z,web,62179,cancelled,,CA
ORD-007944,2025-12-09T03:59:53Z,partner,80816,cancelled,,US-W
ORD-007945,2025-06-19T19:05:32Z,partner,89282,completed,,CA
ORD-007946,2025-09-08T16:20:32Z,partner,2240,refunded,,US-W
ORD-007947,2025-09-07T18:41:21Z,mobile,42936,cancelled,,US-C
ORD-007948,2025-11-06T16:00:42Z,mobile,31945,active,,US-W
ORD-007949,2025-05-06T20:16:59Z,partner,7073,refunded,,US-C
ORD-007950,2025-03-11T22:01:59Z,partner,75979,completed,,US-E
ORD-007951,2025-04-24T15:13:03Z,mobile,38081,cancelled,,US-E
ORD-007952,2025-11-09T21:49:41Z,mobile,5590,completed,,US-E
ORD-007953,2025-03-20T20:32:37Z,web,27013,active,,US-W
ORD-007954,2025-02-05T21:42:58Z,mobile,80993,cancelled,,US-E
ORD-007955,2025-08-30T20:42:06Z,web,21838,active,,US-C
ORD-007956,2025-08-26T00:09:55Z,legacy_pos,48016,active,,US-C
ORD-007957,2025-06-05T14:30:03Z,mobile,13845,refunded,,US-W
ORD-007958,2025-08-28T15:42:13Z,mobile,20139,cancelled,,US-E
ORD-007959,2025-03-29T17:56:03Z,partner,47225,active,2025-04-02T02:56:03Z,US-C
ORD-007960,2025-07-19T21:27:32Z,mobile,22972,completed,,US-E
ORD-007961,2025-11-28T15:54:43Z,web,55216,cancelled,,US-W
ORD-007962,2025-07-20T18:03:32Z,web,36500,cancelled,,CA
ORD-007963,2025-02-17T20:46:08Z,web,33242,completed,,CA
ORD-007964,2025-08-23T19:00:44Z,mobile,76313,active,,US-C
ORD-007965,2025-03-09T19:05:10Z,web,50385,completed,,US-W
ORD-007966,2025-03-17T14:58:09Z,partner,22011,active,,US-W
ORD-007967,2025-01-10T18:56:49Z,web,66107,completed,,US-C
ORD-007968,2025-12-22T16:12:31Z,web,34684,refunded,,US-W
ORD-007969,2025-07-16T21:50:50Z,mobile,5107,refunded,,US-C
ORD-007970,2025-10-24T14:44:05Z,web,72629,completed,,US-W
ORD-007971,2025-07-30T19:48:26Z,mobile,30666,refunded,,US-C
ORD-007972,2025-11-02T19:53:44Z,web,84041,cancelled,,US-E
ORD-007973,2025-09-03T21:51:57Z,partner,70815,completed,,CA
ORD-007974,2025-10-12T19:14:47Z,partner,7836,refunded,,CA
ORD-007975,2025-09-12T22:37:12Z,web,79304,completed,,CA
ORD-007976,2025-09-06T22:35:45Z,mobile,7651,refunded,,US-W
ORD-007977,2025-09-02T17:27:21Z,web,4517,cancelled,,US-C
ORD-007978,2025-07-23T21:57:40Z,partner,30412,completed,,US-W
ORD-007979,2025-06-02T19:52:16Z,partner,73802,cancelled,,CA
ORD-007980,2025-06-22T18:38:59Z,partner,52201,refunded,,US-C
ORD-007981,2025-01-08T23:46:42Z,mobile,54310,active,,US-C
ORD-007982,2025-06-24T21:27:44Z,web,73857,refunded,,US-E
ORD-007983,2025-09-17T01:03:07Z,web,77595,cancelled,,US-E
ORD-007984,2025-08-05T21:04:35Z,mobile,79385,active,,US-W
ORD-007985,2025-05-03T22:30:51Z,partner,18742,refunded,,US-E
ORD-007986,2025-10-24T15:29:50Z,web,56713,cancelled,,CA
ORD-007987,2025-12-08T16:31:27Z,partner,65612,cancelled,,CA
ORD-007988,2025-09-17T21:02:22Z,partner,58908,completed,,US-C
ORD-007989,2025-07-25T16:04:23Z,web,29351,refunded,,US-W
ORD-007990,2025-06-30T20:59:03Z,web,16875,cancelled,,US-E
ORD-007991,2025-12-04T22:28:03Z,partner,89264,completed,,US-W
ORD-007992,2025-03-17T20:10:27Z,mobile,27881,cancelled,,US-W
ORD-007993,2025-01-22T21:20:17Z,mobile,73917,refunded,,US-W
ORD-007994,2025-12-17T22:18:10Z,web,79692,active,,US-C
ORD-007995,2025-11-01T15:24:08Z,mobile,19092,completed,,CA
ORD-007996,2025-01-18T18:30:53Z,web,54666,refunded,,US-C
ORD-007997,2025-04-24T14:50:53Z,partner,13574,cancelled,,US-W
ORD-007998,2025-02-07T15:43:30Z,web,50868,cancelled,,CA
ORD-007999,2025-01-13T18:33:19Z,partner,2161,completed,,US-W
ORD-008000,2025-02-02T18:15:46Z,web,16689,completed,,CA
ORD-008001,2025-06-08T20:14:54Z,partner,9367,cancelled,,US-E
ORD-008002,2025-07-29T16:48:39Z,web,26801,refunded,,US-E
ORD-008003,2025-02-20T17:52:52Z,partner,23085,active,,US-E
ORD-008004,2025-10-17T15:01:02Z,web,76731,active,,US-W
ORD-008005,2025-03-22T16:25:55Z,mobile,66958,active,,US-E
ORD-008006,2025-05-04T14:28:04Z,mobile,56341,completed,,US-W
ORD-008007,2025-12-24T21:14:11Z,web,85940,cancelled,,US-E
ORD-008008,2025-08-17T19:54:51Z,mobile,58200,cancelled,,CA
ORD-008009,2025-03-24T20:35:00Z,partner,19853,refunded,,US-E
ORD-008010,2025-03-06T16:54:47Z,partner,87181,active,,US-E
ORD-008011,2025-12-31T21:21:05Z,partner,3582,active,,US-W
ORD-008012,2025-05-15T19:09:37Z,web,17495,active,,US-W
ORD-008013,2025-06-13T19:04:26Z,mobile,5452,active,,US-E
ORD-008014,2025-10-04T17:08:43Z,web,13521,refunded,,US-E
ORD-008015,2025-02-06T15:22:23Z,mobile,35514,cancelled,,US-E
ORD-008016,2025-07-07T15:38:46Z,partner,4755,completed,,CA
ORD-008017,2025-02-05T23:49:52Z,partner,78743,active,,CA
ORD-008018,2025-01-26T20:54:23Z,partner,13769,active,,CA
ORD-008019,2025-04-18T18:42:21Z,mobile,81922,cancelled,,CA
ORD-008020,2025-12-08T21:31:15Z,partner,35903,active,,CA
ORD-008021,2025-12-25T16:26:57Z,partner,12038,refunded,,US-E
ORD-008022,2025-06-11T19:42:45Z,mobile,38325,active,,CA
ORD-008023,2025-06-23T17:56:49Z,partner,50333,cancelled,,US-E
ORD-008024,2025-03-07T22:38:12Z,web,41277,completed,,US-C
ORD-008025,2025-03-12T21:08:31Z,partner,40940,cancelled,,US-W
ORD-008026,2025-01-09T22:52:04Z,mobile,67159,active,,US-W
ORD-008027,2025-06-18T18:22:22Z,partner,10349,refunded,,CA
ORD-008028,2025-06-18T20:41:44Z,web,72048,cancelled,,US-W
ORD-008029,2025-01-11T21:33:28Z,mobile,77229,active,,US-W
ORD-008030,2025-12-05T18:55:39Z,mobile,981,cancelled,,US-C
ORD-008031,2025-02-06T22:21:16Z,web,22700,active,,CA
ORD-008032,2025-12-26T23:54:32Z,partner,43438,completed,,US-C
ORD-008033,2025-08-23T20:22:29Z,partner,42056,completed,,US-E
ORD-008034,2025-01-11T18:21:11Z,web,19040,refunded,,US-W
ORD-008035,2025-07-28T14:14:41Z,mobile,38059,refunded,,US-E
ORD-008036,2025-05-11T20:10:29Z,mobile,18706,refunded,,US-C
ORD-008037,2025-12-14T22:18:41Z,mobile,72602,completed,,CA
ORD-008038,2025-07-08T18:46:32Z,web,34576,completed,,US-C
ORD-008039,2025-03-20T19:24:23Z,web,10430,active,,US-E
ORD-008040,2025-07-28T20:53:31Z,mobile,62052,completed,,CA
ORD-008041,2025-11-14T15:17:09Z,web,62094,completed,,US-C
ORD-008042,2025-05-20T15:22:44Z,partner,71448,cancelled,,US-W
ORD-008043,2025-07-22T22:55:20Z,partner,53164,refunded,,US-C
ORD-008044,2025-03-14T22:24:07Z,partner,70402,completed,,CA
ORD-008045,2025-12-02T16:42:06Z,partner,36226,refunded,,US-C
ORD-008046,2025-04-30T17:50:24Z,web,63309,active,,US-W
ORD-008047,2025-08-12T22:20:54Z,partner,27295,refunded,,CA
ORD-008048,2025-08-27T15:57:32Z,partner,54713,cancelled,,US-E
ORD-008049,2025-03-19T16:38:51Z,mobile,27560,completed,,CA
ORD-008050,2025-05-12T07:00:54Z,mobile,10413,completed,,US-E
ORD-008051,2025-09-12T20:19:44Z,partner,16081,completed,,US-W
ORD-008052,2025-12-01T23:47:07Z,partner,10539,refunded,,US-W
ORD-008053,2025-08-16T14:47:02Z,web,44300,refunded,,US-W
ORD-008054,2025-02-21T17:33:42Z,partner,84113,active,,US-W
ORD-008055,2025-08-19T17:11:35Z,partner,36246,cancelled,,CA
ORD-008056,2025-01-06T18:47:58Z,mobile,44649,cancelled,,CA
ORD-008057,2025-02-04T22:36:02Z,partner,76089,cancelled,,US-E
ORD-008058,2025-08-03T20:10:20Z,web,74014,active,,US-C
ORD-008059,2025-12-19T19:18:03Z,partner,81818,refunded,,US-E
ORD-008060,2025-11-21T23:20:58Z,partner,57747,cancelled,,US-C
ORD-008061,2025-04-11T14:45:12Z,partner,37807,cancelled,,US-E
ORD-008062,2025-05-02T15:38:58Z,legacy_pos,33100,active,,CA
ORD-008063,2025-04-09T14:47:12Z,web,54842,refunded,,US-C
ORD-008064,2025-11-11T17:28:25Z,web,54052,completed,,CA
ORD-008065,2025-11-09T20:21:55Z,mobile,64631,cancelled,,US-E
ORD-008066,2025-01-10T23:51:36Z,legacy_pos,58139,completed,,US-E
ORD-008067,2025-08-11T19:10:35Z,web,46423,cancelled,,US-C
ORD-008068,2025-05-03T16:29:51Z,mobile,47877,completed,,CA
ORD-008069,2025-03-06T22:07:58Z,mobile,22307,cancelled,,US-W
ORD-008070,2025-02-04T23:56:51Z,mobile,46109,completed,,US-C
ORD-008071,2025-04-22T19:51:04Z,legacy_pos,80800,active,,US-C
ORD-008072,2025-10-05T18:20:12Z,mobile,83591,refunded,,US-W
ORD-008073,2025-01-20T20:35:42Z,web,46806,completed,,US-E
ORD-008074,2025-10-12T18:00:09Z,mobile,78407,refunded,,US-W
ORD-008075,2025-09-15T14:42:03Z,mobile,62308,active,,US-W
ORD-008076,2025-09-03T17:16:12Z,partner,29330,active,,US-C
ORD-008077,2025-06-26T22:50:13Z,mobile,73800,refunded,,US-W
ORD-008078,2025-02-02T20:48:49Z,web,54919,active,,US-C
ORD-008079,2025-02-07T20:46:00Z,mobile,38354,completed,,US-E
ORD-008080,2025-08-14T19:34:42Z,web,39450,refunded,,CA
ORD-008081,2025-05-09T21:36:58Z,mobile,40580,completed,,US-E
ORD-008082,2025-04-25T19:08:14Z,mobile,16326,refunded,,US-C
ORD-008083,2025-06-09T15:18:52Z,mobile,54971,completed,,CA
ORD-008084,2025-03-21T20:47:19Z,mobile,34668,refunded,,US-W
ORD-008085,2025-02-20T22:50:41Z,mobile,27695,cancelled,,US-C
ORD-008086,2025-08-22T16:40:32Z,mobile,49930,cancelled,,US-W
ORD-008087,2025-07-02T15:25:25Z,web,42884,refunded,,US-E
ORD-008088,2025-03-16T18:48:28Z,partner,72033,active,,US-W
ORD-008089,2025-03-07T18:07:06Z,mobile,47008,refunded,,US-W
ORD-008090,2025-02-07T21:48:48Z,web,53116,completed,,CA
ORD-008091,2025-08-24T22:55:00Z,partner,5371,cancelled,,US-W
ORD-008092,2025-04-29T18:28:23Z,partner,83751,completed,,US-E
ORD-008093,2025-03-30T19:21:20Z,partner,26781,cancelled,,CA
ORD-008094,2025-10-13T15:35:23Z,mobile,74713,cancelled,,US-E
ORD-008095,2025-06-06T22:05:30Z,web,40571,refunded,,US-C
ORD-008096,2025-12-17T22:45:32Z,mobile,54170,cancelled,,US-E
ORD-008097,2025-09-15T15:11:00Z,web,20164,refunded,,US-W
ORD-008098,2025-01-25T07:03:17Z,mobile,18585,refunded,,US-C
ORD-008099,2025-10-31T20:54:01Z,mobile,74041,refunded,,US-W
ORD-008100,2025-02-07T19:26:44Z,web,45748,refunded,,US-W
ORD-008101,2025-04-29T17:13:21Z,web,61967,completed,,US-C
ORD-008102,2025-01-24T23:06:35Z,web,65144,active,,US-C
ORD-008103,2025-01-23T20:26:05Z,web,6425,completed,,US-E
ORD-008104,2025-02-03T21:00:14Z,mobile,44052,completed,,CA
ORD-008105,2025-02-12T23:29:53Z,partner,87592,completed,,US-C
ORD-008106,2025-12-04T21:08:41Z,partner,67864,refunded,,US-C
ORD-008107,2025-08-05T19:55:25Z,mobile,77764,completed,,US-E
ORD-008108,2025-11-15T18:48:29Z,web,20385,refunded,,CA
ORD-008109,2025-02-27T22:22:06Z,web,36296,cancelled,,US-E
ORD-008110,2025-04-26T17:08:21Z,legacy_pos,74900,refunded,,US-E
ORD-008111,2025-10-31T15:56:06Z,mobile,11907,cancelled,,CA
ORD-008112,2025-04-21T15:55:58Z,mobile,30765,cancelled,,US-E
ORD-008113,2025-01-01T18:54:56Z,partner,4876,cancelled,,US-C
ORD-008114,2025-08-27T19:55:09Z,partner,79660,cancelled,,US-E
ORD-008115,2025-09-04T21:26:37Z,web,39595,refunded,,US-W
ORD-008116,2025-07-21T17:20:57Z,web,65924,cancelled,,CA
ORD-008117,2025-01-09T19:43:24Z,partner,45239,cancelled,,US-E
ORD-008118,2025-05-27T18:08:34Z,web,51468,cancelled,,US-E
ORD-008119,2025-07-29T22:58:33Z,partner,63535,active,,US-C
ORD-008120,2025-09-24T18:06:20Z,mobile,13743,completed,,CA
ORD-008121,2025-11-21T22:53:56Z,partner,69167,completed,,US-W
ORD-008122,2025-07-12T17:17:40Z,partner,59290,completed,,US-C
ORD-008123,2025-01-18T18:58:15Z,partner,79273,active,,CA
ORD-008124,2025-07-19T21:34:26Z,partner,65405,active,,US-E
ORD-008125,2025-03-03T23:57:35Z,web,10188,active,,US-E
ORD-008126,2025-08-11T18:37:38Z,web,10478,completed,,CA
ORD-008127,2025-04-22T17:23:04Z,mobile,17429,completed,,US-E
ORD-008128,2025-08-23T19:09:32Z,mobile,33361,completed,,US-W
ORD-008129,2025-10-16T18:52:47Z,mobile,82516,cancelled,,US-E
ORD-008130,2025-07-03T16:10:55Z,web,56760,completed,,CA
ORD-008131,2025-02-13T15:47:40Z,web,69306,completed,,US-E
ORD-008132,2025-02-03T23:53:49Z,mobile,37463,cancelled,,CA
ORD-008133,2025-08-08T17:54:05Z,web,41051,completed,,CA
ORD-008134,2025-06-29T14:44:25Z,web,79257,refunded,,US-E
ORD-008135,2025-12-30T16:28:17Z,partner,17405,completed,,CA
ORD-008136,2025-04-29T16:07:45Z,partner,80186,active,,US-W
ORD-008137,2025-06-15T20:33:01Z,mobile,4014,cancelled,,US-C
ORD-008138,2025-08-30T15:56:10Z,web,52180,completed,,US-C
ORD-008139,2025-03-31T22:28:36Z,web,59692,completed,,CA
ORD-008140,2025-04-01T21:02:18Z,partner,54833,active,,US-W
ORD-008141,2025-01-04T19:43:51Z,web,62053,refunded,,US-W
ORD-008142,2025-02-09T18:56:51Z,web,24505,refunded,,US-C
ORD-008143,2025-08-24T15:08:00Z,web,33965,completed,,US-C
ORD-008144,2025-02-13T23:00:21Z,partner,67712,completed,,US-W
ORD-008145,2025-09-28T22:25:24Z,partner,75658,cancelled,,CA
ORD-008146,2025-09-23T16:19:41Z,web,73407,cancelled,,CA
ORD-008147,2025-08-30T14:31:56Z,partner,26801,cancelled,,CA
ORD-008148,2025-12-11T21:03:18Z,mobile,85287,cancelled,,CA
ORD-008149,2025-12-05T23:39:58Z,mobile,31487,active,,US-W
ORD-008150,2025-06-24T15:21:20Z,partner,20245,active,,US-E
ORD-008151,2025-04-11T14:35:55Z,partner,23851,refunded,,US-C
ORD-008152,2025-11-05T22:54:16Z,partner,70056,refunded,,US-C
ORD-008153,2025-04-08T21:34:06Z,mobile,40272,cancelled,,US-E
ORD-008154,2025-09-24T17:21:47Z,partner,83181,cancelled,,CA
ORD-008155,2025-10-27T14:46:06Z,web,81509,refunded,,US-E
ORD-008156,2025-06-21T15:27:52Z,partner,65531,active,,US-C
ORD-008157,2025-10-07T22:45:10Z,web,3771,active,,US-E
ORD-008158,2025-10-27T16:02:39Z,mobile,20976,refunded,,US-E
ORD-008159,2025-12-28T21:59:02Z,web,18805,active,,US-E
ORD-008160,2025-03-09T19:37:35Z,web,42227,cancelled,,CA
ORD-008161,2025-02-04T21:38:29Z,mobile,51282,refunded,,US-E
ORD-008162,2025-04-05T14:32:00Z,legacy_pos,12099,completed,,US-E
ORD-008163,2025-05-10T15:05:32Z,partner,10230,active,,US-W
ORD-008164,2025-12-17T18:36:44Z,partner,25080,completed,,US-W
ORD-008165,2025-01-12T18:36:29Z,partner,81006,refunded,,US-W
ORD-008166,2025-05-26T20:55:14Z,partner,48237,completed,,CA
ORD-008167,2025-12-16T20:55:37Z,web,73681,refunded,,CA
ORD-008168,2025-09-20T21:12:58Z,web,68089,cancelled,,CA
ORD-008169,2025-12-28T04:59:56Z,web,12727,active,,US-C
ORD-008170,2025-12-31T23:10:21Z,mobile,46241,cancelled,,CA
ORD-008171,2025-05-05T17:53:24Z,partner,18434,completed,,US-C
ORD-008172,2025-07-03T20:23:39Z,mobile,41236,refunded,,US-C
ORD-008173,2025-01-02T15:58:12Z,web,39756,refunded,,US-C
ORD-008174,2025-01-31T15:34:32Z,web,50818,refunded,,CA
ORD-008175,2025-06-10T20:03:11Z,mobile,2491,active,,US-W
ORD-008176,2025-08-11T21:03:38Z,partner,85482,cancelled,,CA
ORD-008177,2025-09-24T17:10:49Z,mobile,58823,cancelled,,US-E
ORD-008178,2025-12-30T20:57:21Z,mobile,78530,active,,US-C
ORD-008179,2025-01-20T16:25:44Z,web,36347,active,,US-W
ORD-008180,2025-01-17T17:36:41Z,partner,18131,cancelled,,US-C
ORD-008181,2025-04-27T22:43:08Z,mobile,81436,refunded,,CA
ORD-008182,2025-09-12T16:51:28Z,partner,58566,cancelled,,US-E
ORD-008183,2025-01-30T17:59:18Z,web,16996,cancelled,,US-C
ORD-008184,2025-03-18T16:16:17Z,web,79464,refunded,,US-C
ORD-008185,2025-03-27T20:53:15Z,web,87444,active,,US-W
ORD-008186,2025-05-07T18:39:46Z,partner,11635,completed,,US-C
ORD-008187,2025-05-28T05:36:37Z,legacy_pos,9461,cancelled,,CA
ORD-008188,2025-12-12T16:34:32Z,web,21703,cancelled,,US-W
ORD-008189,2025-07-19T20:38:05Z,web,46250,active,,US-E
ORD-008190,2025-07-08T14:37:55Z,mobile,36525,cancelled,,CA
ORD-008191,2025-04-03T16:43:25Z,web,13659,active,,CA
ORD-008192,2025-11-07T20:31:18Z,mobile,17104,refunded,,CA
ORD-008193,2025-06-25T22:49:46Z,mobile,83765,cancelled,,CA
ORD-008194,2025-08-24T20:09:27Z,partner,24645,cancelled,,US-C
ORD-008195,2025-04-26T18:05:08Z,mobile,53168,refunded,,US-W
ORD-008196,2025-06-24T20:30:15Z,partner,5264,cancelled,,US-C
ORD-008197,2025-06-16T18:00:22Z,partner,72155,refunded,,US-W
ORD-008198,2025-05-24T16:50:48Z,partner,17748,cancelled,,CA
ORD-008199,2025-02-09T19:15:06Z,legacy_pos,70577,completed,,US-E
ORD-008200,2025-03-17T19:52:58Z,partner,7262,active,,CA
ORD-008201,2025-01-07T01:24:25Z,partner,38595,refunded,,US-E
ORD-008202,2025-04-30T21:43:13Z,partner,4589,cancelled,,US-C
ORD-008203,2025-03-04T17:45:15Z,mobile,11141,active,,US-W
ORD-008204,2025-02-02T21:57:08Z,web,20099,completed,,US-E
ORD-008205,2025-07-11T17:27:40Z,mobile,20168,cancelled,,CA
ORD-008206,2025-03-08T21:42:39Z,mobile,77442,refunded,,US-W
ORD-008207,2025-03-05T21:00:54Z,partner,39194,completed,,CA
ORD-008208,2025-03-25T18:47:46Z,web,42293,active,,CA
ORD-008209,2025-01-01T15:10:20Z,web,30721,cancelled,,CA
ORD-008210,2025-12-28T19:15:38Z,web,76002,completed,,CA
ORD-008211,2025-02-26T18:29:22Z,partner,60379,completed,,US-C
ORD-008212,2025-02-18T18:09:19Z,mobile,76505,completed,,US-E
ORD-008213,2025-04-14T20:43:32Z,partner,15949,active,,US-W
ORD-008214,2025-05-29T22:06:41Z,partner,77427,refunded,,US-E
ORD-008215,2025-08-06T20:20:09Z,mobile,73197,completed,,US-C
ORD-008216,2025-05-29T17:31:17Z,legacy_pos,84500,active,,US-W
ORD-008217,2025-07-09T14:43:48Z,mobile,14598,cancelled,,CA
ORD-008218,2025-12-01T21:34:05Z,mobile,20908,active,,CA
ORD-008219,2025-10-05T17:12:23Z,partner,53414,completed,,CA
ORD-008220,2025-09-02T14:47:52Z,partner,44730,completed,,US-W
ORD-008221,2025-11-08T23:16:30Z,web,35192,completed,,CA
ORD-008222,2025-11-20T17:33:52Z,mobile,56732,active,,CA
ORD-008223,2025-04-09T18:40:41Z,partner,23906,refunded,,US-C
ORD-008224,2025-05-14T14:31:50Z,mobile,32039,completed,,US-C
ORD-008225,2025-09-10T20:32:33Z,legacy_pos,4000,completed,,CA
ORD-008226,2025-10-05T15:22:09Z,web,4071,active,,US-W
ORD-008227,2025-08-11T16:08:27Z,web,23462,cancelled,,CA
ORD-008228,2025-09-15T21:38:07Z,mobile,53880,cancelled,,US-W
ORD-008229,2025-12-25T23:56:13Z,web,945,active,,US-W
ORD-008230,2025-05-24T14:31:49Z,partner,18611,cancelled,,US-C
ORD-008231,2025-12-11T17:35:09Z,partner,862,cancelled,,US-E
ORD-008232,2025-06-20T15:05:32Z,web,78190,active,,US-C
ORD-008233,2025-06-22T14:24:33Z,partner,49967,completed,,US-E
ORD-008234,2025-12-18T17:40:10Z,mobile,32235,refunded,,US-W
ORD-008235,2025-02-22T17:06:14Z,partner,73799,active,,US-C
ORD-008236,2025-01-28T18:29:48Z,mobile,26888,cancelled,,US-E
ORD-008237,2025-03-31T19:17:37Z,mobile,69387,active,,CA
ORD-008238,2025-10-23T15:17:11Z,legacy_pos,44301,cancelled,,US-E
ORD-008239,2025-05-06T16:55:35Z,partner,40636,active,,US-E
ORD-008240,2025-02-05T23:20:39Z,mobile,62289,completed,,US-C
ORD-008241,2025-06-11T14:50:41Z,web,72772,refunded,,US-C
ORD-008242,2025-11-28T17:25:54Z,legacy_pos,64900,completed,,CA
ORD-008243,2025-03-20T16:45:23Z,mobile,7559,active,,US-W
ORD-008244,2025-11-09T20:33:45Z,mobile,36267,cancelled,,CA
ORD-008245,2025-10-12T16:30:11Z,mobile,87625,refunded,,CA
ORD-008246,2025-05-12T22:07:06Z,partner,59942,cancelled,,US-C
ORD-008247,2025-01-14T18:47:04Z,partner,16216,cancelled,,US-W
ORD-008248,2025-02-20T18:05:10Z,mobile,75735,refunded,2025-02-27T13:05:10Z,CA
ORD-008249,2025-05-20T16:01:51Z,partner,79531,cancelled,,US-E
ORD-008250,2025-05-31T14:21:17Z,mobile,67262,refunded,,CA
ORD-008251,2025-11-25T21:27:25Z,web,10277,active,,CA
ORD-008252,2025-07-29T14:28:36Z,mobile,35824,refunded,,CA
ORD-008253,2025-03-07T16:24:03Z,partner,49617,refunded,,US-W
ORD-008254,2025-12-11T15:43:13Z,web,47451,refunded,,US-E
ORD-008255,2025-06-14T20:49:31Z,partner,20517,refunded,,CA
ORD-008256,2025-04-03T20:22:29Z,partner,19141,completed,,US-C
ORD-008257,2025-01-20T21:57:15Z,partner,47996,active,,CA
ORD-008258,2025-01-19T16:26:55Z,web,7464,completed,,US-W
ORD-008259,2025-06-28T18:46:05Z,mobile,2335,completed,,US-E
ORD-008260,2025-06-19T14:18:23Z,mobile,72447,completed,,CA
ORD-008261,2025-09-15T15:39:34Z,mobile,43138,active,,US-C
ORD-008262,2025-06-20T22:04:23Z,web,61842,refunded,,US-C
ORD-008263,2025-03-06T19:49:59Z,mobile,49176,cancelled,,US-E
ORD-008264,2025-07-22T22:36:20Z,mobile,85064,cancelled,,US-E
ORD-008265,2025-03-14T15:15:36Z,web,30798,refunded,,US-W
ORD-008266,2025-02-25T20:51:35Z,partner,6314,refunded,,US-W
ORD-008267,2025-01-09T16:52:05Z,mobile,55323,active,,CA
ORD-008268,2025-12-15T19:46:57Z,web,5040,cancelled,,US-C
ORD-008269,2025-08-11T17:34:35Z,web,39095,active,,CA
ORD-008270,2025-07-31T20:34:51Z,mobile,83409,completed,,CA
ORD-008271,2025-04-29T20:56:46Z,partner,41039,active,,CA
ORD-008272,2025-10-05T21:39:13Z,web,14410,completed,,US-E
ORD-008273,2025-06-09T20:38:32Z,partner,54680,refunded,,US-W
ORD-008274,2025-02-01T20:04:57Z,partner,79263,active,,CA
ORD-008275,2025-10-28T18:39:40Z,mobile,58109,active,,US-E
ORD-008276,2025-12-20T23:48:40Z,mobile,78309,refunded,,CA
ORD-008277,2025-02-10T16:57:02Z,partner,80156,refunded,,US-E
ORD-008278,2025-10-05T14:51:36Z,partner,26716,completed,,US-W
ORD-008279,2025-08-11T17:46:54Z,web,17320,completed,,US-E
ORD-008280,2025-05-07T16:12:30Z,mobile,54246,refunded,,CA
ORD-008281,2025-09-13T14:30:28Z,partner,16939,cancelled,,CA
ORD-008282,2025-09-11T22:25:42Z,mobile,2214,cancelled,,US-W
ORD-008283,2025-03-17T20:27:30Z,web,48846,active,,CA
ORD-008284,2025-03-06T18:07:42Z,partner,39891,active,,CA
ORD-008285,2025-07-28T20:57:24Z,mobile,18689,refunded,,CA
ORD-008286,2025-03-13T19:08:24Z,web,77558,completed,,US-C
ORD-008287,2025-06-08T16:49:42Z,mobile,79836,cancelled,,US-E
ORD-008288,2025-06-25T16:04:27Z,web,29860,refunded,,US-W
ORD-008289,2025-12-22T22:21:26Z,partner,88694,completed,,US-E
ORD-008290,2025-07-16T17:22:08Z,mobile,47803,refunded,,US-E
ORD-008291,2025-06-30T17:31:28Z,partner,72465,cancelled,,CA
ORD-008292,2025-10-18T21:47:23Z,mobile,10329,refunded,,US-W
ORD-008293,2025-06-19T17:10:48Z,partner,75524,refunded,,US-E
ORD-008294,2025-06-21T22:36:45Z,partner,13454,active,,US-W
ORD-008295,2025-10-20T21:13:07Z,mobile,79578,cancelled,,US-E
ORD-008296,2025-04-23T22:04:40Z,partner,25563,refunded,,US-C
ORD-008297,2025-03-21T17:52:43Z,web,27715,refunded,,US-W
ORD-008298,2025-05-24T20:02:40Z,mobile,27044,completed,,CA
ORD-008299,2025-02-04T23:08:06Z,partner,83418,cancelled,,US-E
ORD-008300,2025-08-18T21:58:19Z,mobile,40998,active,,US-W
ORD-008301,2025-12-15T17:43:25Z,web,33661,active,,US-C
ORD-008302,2025-08-31T22:35:22Z,partner,75876,completed,,US-W
ORD-008303,2025-09-13T14:12:38Z,web,35135,active,,US-W
ORD-008304,2025-09-11T15:23:51Z,mobile,33274,refunded,,US-W
ORD-008305,2025-04-29T19:01:16Z,partner,28600,completed,,US-E
ORD-008306,2025-07-02T18:21:54Z,web,18825,refunded,,CA
ORD-008307,2025-05-16T16:18:35Z,web,58474,cancelled,,US-C
ORD-008308,2025-05-14T03:06:33Z,web,25457,refunded,,CA
ORD-008309,2025-10-15T22:15:12Z,mobile,34201,active,,US-C
ORD-008310,2025-04-15T20:05:14Z,mobile,45557,cancelled,,US-E
ORD-008311,2025-05-29T20:27:17Z,web,72731,active,,US-W
ORD-008312,2025-01-22T17:12:46Z,partner,87126,completed,,CA
ORD-008313,2025-03-27T14:21:01Z,partner,30691,active,,CA
ORD-008314,2025-07-13T16:05:13Z,mobile,70073,cancelled,,US-W
ORD-008315,2025-05-22T19:56:03Z,web,14360,cancelled,,US-E
ORD-008316,2025-01-05T21:54:10Z,web,2690,cancelled,,CA
ORD-008317,2025-05-21T16:42:27Z,mobile,82922,refunded,,US-W
ORD-008318,2025-06-21T15:28:14Z,partner,42996,cancelled,,US-E
ORD-008319,2025-12-16T21:22:44Z,mobile,76820,completed,,US-W
ORD-008320,2025-11-26T22:10:22Z,mobile,65720,active,,US-W
ORD-008321,2025-06-25T17:32:30Z,mobile,69074,completed,,US-E
ORD-008322,2025-07-27T19:19:58Z,web,24986,active,,US-E
ORD-008323,2025-07-24T16:57:25Z,web,46037,completed,,US-E
ORD-008324,2025-09-18T15:41:40Z,mobile,83335,refunded,,US-W
ORD-008325,2025-07-31T15:29:59Z,partner,55415,active,,US-E
ORD-008326,2025-06-12T18:25:50Z,legacy_pos,56200,active,,CA
ORD-008327,2025-09-15T15:49:50Z,web,76713,active,,US-E
ORD-008328,2025-02-24T16:38:56Z,partner,47282,cancelled,,US-E
ORD-008329,2025-05-04T16:14:37Z,partner,74289,completed,,US-C
ORD-008330,2025-12-30T21:42:05Z,mobile,41246,active,,US-E
ORD-008331,2025-02-02T18:23:58Z,partner,55771,cancelled,,CA
ORD-008332,2025-01-04T17:45:24Z,legacy_pos,7900,cancelled,,CA
ORD-008333,2025-08-24T19:50:36Z,web,76936,refunded,,US-C
ORD-008334,2025-08-06T21:18:57Z,partner,60976,refunded,,CA
ORD-008335,2025-06-30T20:36:30Z,legacy_pos,82500,active,,US-C
ORD-008336,2025-02-03T18:07:56Z,web,27581,completed,,US-E
ORD-008337,2025-08-20T15:06:58Z,mobile,68578,refunded,,US-W
ORD-008338,2025-06-03T14:21:56Z,partner,5814,refunded,,CA
ORD-008339,2025-04-09T17:16:07Z,web,43255,cancelled,,US-W
ORD-008340,2025-09-02T16:23:48Z,web,56530,refunded,,US-W
ORD-008341,2025-05-27T21:24:09Z,web,45157,completed,,US-C
ORD-008342,2025-01-19T15:49:51Z,mobile,31456,refunded,,CA
ORD-008343,2025-09-01T15:22:40Z,web,60711,completed,,CA
ORD-008344,2025-09-26T15:48:26Z,partner,78337,cancelled,,US-C
ORD-008345,2025-01-13T15:56:35Z,partner,14072,cancelled,,US-E
ORD-008346,2025-06-02T22:28:21Z,partner,6699,cancelled,,CA
ORD-008347,2025-01-10T19:41:24Z,web,55583,completed,,CA
ORD-008348,2025-09-15T17:02:35Z,mobile,2778,active,,US-E
ORD-008349,2025-12-01T16:41:59Z,partner,88132,refunded,,US-C
ORD-008350,2025-11-08T17:42:20Z,partner,23270,active,,US-E
ORD-008351,2025-07-12T18:28:41Z,legacy_pos,68000,active,,US-E
ORD-008352,2025-12-04T23:01:49Z,web,85393,refunded,,CA
ORD-008353,2025-06-22T16:25:58Z,partner,34691,cancelled,,US-W
ORD-008354,2025-04-19T20:29:25Z,partner,8507,cancelled,,US-E
ORD-008355,2025-11-18T21:18:27Z,web,88277,cancelled,,US-E
ORD-008356,2025-05-04T22:49:22Z,mobile,77031,completed,,US-C
ORD-008357,2025-03-04T17:25:38Z,legacy_pos,33700,refunded,,US-C
ORD-008358,2025-02-11T22:00:49Z,partner,54128,completed,,US-E
ORD-008359,2025-03-31T19:34:53Z,web,5849,cancelled,,US-E
ORD-008360,2025-03-01T23:33:52Z,mobile,84185,refunded,,US-W
ORD-008361,2025-11-23T17:52:45Z,mobile,33229,cancelled,,US-W
ORD-008362,2025-04-17T16:57:58Z,web,29779,completed,,US-W
ORD-008363,2025-01-11T21:37:04Z,partner,46150,cancelled,,US-E
ORD-008364,2025-04-18T22:46:41Z,web,68800,refunded,,CA
ORD-008365,2025-09-19T17:23:55Z,partner,52026,completed,,CA
ORD-008366,2025-03-13T18:34:36Z,mobile,31946,active,,US-C
ORD-008367,2025-05-20T02:24:44Z,legacy_pos,18389,active,,CA
ORD-008368,2025-08-23T22:46:11Z,mobile,22780,active,,US-W
ORD-008369,2025-01-26T20:36:32Z,partner,34443,completed,,US-E
ORD-008370,2025-10-26T17:23:58Z,web,52877,completed,,CA
ORD-008371,2025-02-21T21:18:07Z,partner,20081,completed,,CA
ORD-008372,2025-07-05T17:17:50Z,partner,5459,active,,CA
ORD-008373,2025-03-04T20:37:27Z,mobile,80406,completed,,CA
ORD-008374,2025-05-21T18:53:46Z,mobile,18037,cancelled,,CA
ORD-008375,2025-01-23T19:21:32Z,web,5847,cancelled,,US-E
ORD-008376,2025-02-06T15:26:03Z,mobile,807,active,,US-C
ORD-008377,2025-03-24T22:11:58Z,mobile,76319,completed,,US-C
ORD-008378,2025-12-31T23:23:02Z,web,64199,refunded,,US-W
ORD-008379,2025-10-23T21:09:27Z,partner,69049,refunded,,US-C
ORD-008380,2025-11-23T23:13:58Z,web,66314,completed,,US-C
ORD-008381,2025-09-17T18:05:04Z,partner,1266,cancelled,,US-C
ORD-008382,2025-07-26T21:01:56Z,web,82637,completed,,US-W
ORD-008383,2025-12-06T21:44:49Z,web,40626,active,,US-W
ORD-008384,2025-06-22T20:17:16Z,partner,51534,completed,,US-E
ORD-008385,2025-10-20T21:51:38Z,partner,63074,completed,,US-E
ORD-008386,2025-01-26T19:48:38Z,mobile,16409,cancelled,,US-E
ORD-008387,2025-02-15T18:07:07Z,partner,75334,refunded,,US-C
ORD-008388,2025-07-10T19:23:31Z,web,27411,refunded,,US-W
ORD-008389,2025-02-21T23:28:20Z,mobile,55248,active,,US-E
ORD-008390,2025-08-29T17:52:58Z,partner,41057,completed,,CA
ORD-008391,2025-12-29T21:49:56Z,web,38423,refunded,,CA
ORD-008392,2025-05-05T16:13:16Z,mobile,70002,completed,,CA
ORD-008393,2025-01-29T20:27:58Z,partner,41576,active,,US-W
ORD-008394,2025-12-23T20:49:34Z,mobile,60120,completed,,US-C
ORD-008395,2025-07-11T16:50:08Z,mobile,40526,active,,US-C
ORD-008396,2025-08-30T22:12:05Z,web,23569,active,,CA
ORD-008397,2025-08-25T16:00:39Z,web,52990,refunded,,US-C
ORD-008398,2025-05-29T21:27:57Z,web,24082,refunded,,US-C
ORD-008399,2025-08-05T18:01:49Z,web,45432,refunded,,US-W
ORD-008400,2025-02-28T03:42:26Z,mobile,8528,completed,,CA
ORD-008401,2025-03-09T14:23:20Z,mobile,63990,refunded,,CA
ORD-008402,2025-06-25T05:17:55Z,web,8787,cancelled,,CA
ORD-008403,2025-12-07T19:01:36Z,web,55178,active,,US-W
ORD-008404,2025-01-09T15:49:25Z,partner,34987,active,,CA
ORD-008405,2025-06-14T14:12:03Z,partner,25509,cancelled,,CA
ORD-008406,2025-10-16T21:31:16Z,web,79399,cancelled,,US-E
ORD-008407,2025-04-24T17:09:18Z,mobile,26727,cancelled,,CA
ORD-008408,2025-04-26T19:48:09Z,partner,41779,active,,US-E
ORD-008409,2025-10-11T22:43:17Z,mobile,89274,active,,US-E
ORD-008410,2025-01-17T20:10:08Z,mobile,16964,completed,,US-W
ORD-008411,2025-02-04T19:22:46Z,mobile,49390,active,,US-W
ORD-008412,2025-09-27T22:23:45Z,mobile,55977,completed,,US-W
ORD-008413,2025-12-09T22:45:22Z,legacy_pos,2200,cancelled,,US-W
ORD-008414,2025-08-03T14:10:17Z,mobile,24366,refunded,,US-E
ORD-008415,2025-06-01T22:38:50Z,partner,84855,active,,CA
ORD-008416,2025-12-10T21:20:58Z,web,78584,active,,US-E
ORD-008417,2025-08-04T16:33:49Z,partner,28047,cancelled,,US-W
ORD-008418,2025-11-30T22:21:57Z,mobile,83200,refunded,,US-C
ORD-008419,2025-04-05T20:16:01Z,web,44168,cancelled,,US-E
ORD-008420,2025-05-08T17:16:39Z,mobile,62977,active,2025-05-09T14:16:39Z,US-W
ORD-008421,2025-01-31T18:50:20Z,mobile,75601,refunded,,US-C
ORD-008422,2025-03-05T21:00:19Z,mobile,48099,refunded,,US-E
ORD-008423,2025-02-14T16:12:31Z,web,84801,cancelled,,CA
ORD-008424,2025-11-21T20:31:56Z,web,8722,refunded,,US-C
ORD-008425,2025-12-28T03:53:46Z,partner,54037,cancelled,,US-C
ORD-008426,2025-02-24T18:55:53Z,partner,55574,refunded,,US-W
ORD-008427,2025-09-24T14:24:01Z,partner,87783,active,,US-W
ORD-008428,2025-09-08T21:24:33Z,mobile,64147,active,,CA
ORD-008429,2025-11-06T23:15:43Z,web,48131,cancelled,,US-C
ORD-008430,2025-11-07T20:33:51Z,partner,65520,refunded,,CA
ORD-008431,2025-11-02T19:50:28Z,partner,64336,active,,US-C
ORD-008432,2025-09-15T14:08:22Z,web,80724,active,,US-W
ORD-008433,2025-02-20T22:47:58Z,web,38844,cancelled,,US-W
ORD-008434,2025-10-17T20:25:32Z,partner,73597,cancelled,,US-W
ORD-008435,2025-03-05T15:22:16Z,web,80047,active,,US-E
ORD-008436,2025-08-31T20:26:18Z,legacy_pos,64100,refunded,,US-C
ORD-008437,2025-01-01T19:40:11Z,web,52136,completed,,US-W
ORD-008438,2025-06-01T17:07:54Z,mobile,51748,completed,,US-C
ORD-008439,2025-07-07T20:17:11Z,partner,36278,active,,US-E
ORD-008440,2025-04-20T14:42:06Z,mobile,31399,active,,US-C
ORD-008441,2025-04-12T18:01:25Z,mobile,17734,cancelled,,US-W
ORD-008442,2025-09-27T19:11:38Z,mobile,5179,active,,US-E
ORD-008443,2025-04-16T19:57:19Z,web,5658,cancelled,,US-W
ORD-008444,2025-04-30T20:40:21Z,partner,7659,active,,US-W
ORD-008445,2025-02-09T23:15:52Z,web,16605,active,,CA
ORD-008446,2025-06-17T21:39:04Z,partner,23528,cancelled,,CA
ORD-008447,2025-10-22T20:53:09Z,partner,54969,cancelled,,US-E
ORD-008448,2025-09-02T22:19:09Z,mobile,31539,cancelled,,US-E
ORD-008449,2025-07-26T17:39:47Z,web,47878,completed,,US-C
ORD-008450,2025-04-18T17:14:10Z,mobile,68634,cancelled,,US-E
ORD-008451,2025-06-28T22:54:06Z,web,85325,completed,,US-C
ORD-008452,2025-08-31T18:56:30Z,mobile,58660,completed,,US-W
ORD-008453,2025-03-10T19:25:25Z,mobile,53120,active,,US-C
ORD-008454,2025-02-08T23:23:27Z,mobile,20036,refunded,,CA
ORD-008455,2025-01-14T18:04:28Z,partner,69598,refunded,,US-C
ORD-008456,2025-10-30T18:29:21Z,mobile,21266,active,,CA
ORD-008457,2025-05-22T16:29:58Z,web,46117,refunded,,US-W
ORD-008458,2025-05-23T16:21:47Z,web,47293,refunded,,CA
ORD-008459,2025-02-23T22:38:49Z,mobile,36835,cancelled,,US-E
ORD-008460,2025-11-07T20:23:52Z,partner,52151,cancelled,,US-W
ORD-008461,2025-02-28T19:30:23Z,web,16826,cancelled,,US-E
ORD-008462,2025-03-14T16:03:35Z,mobile,27249,refunded,,US-W
ORD-008463,2025-06-23T19:06:01Z,web,36988,active,,US-W
ORD-008464,2025-05-01T17:02:57Z,partner,73553,cancelled,,US-E
ORD-008465,2025-11-23T21:15:40Z,web,81146,active,,US-C
ORD-008466,2025-12-20T19:59:34Z,web,28613,refunded,,US-W
ORD-008467,2025-09-17T21:08:55Z,legacy_pos,71300,completed,,US-C
ORD-008468,2025-12-22T22:04:35Z,mobile,42407,completed,,US-W
ORD-008469,2025-06-28T18:18:37Z,web,43182,completed,,US-W
ORD-008470,2025-02-08T05:41:58Z,partner,69200,completed,,US-W
ORD-008471,2025-12-17T22:42:45Z,partner,28630,refunded,,CA
ORD-008472,2025-06-26T16:50:22Z,partner,48727,active,,US-E
ORD-008473,2025-05-16T14:02:18Z,mobile,22262,active,,US-W
ORD-008474,2025-02-28T15:24:31Z,mobile,42566,active,,US-C
ORD-008475,2025-06-22T19:34:04Z,partner,85754,completed,,US-E
ORD-008476,2025-02-04T16:06:35Z,mobile,42566,active,,CA
ORD-008477,2025-06-07T20:11:53Z,mobile,61413,completed,,US-W
ORD-008478,2025-03-11T16:27:59Z,web,54530,refunded,,US-E
ORD-008479,2025-11-21T18:11:53Z,web,35930,completed,,US-C
ORD-008480,2025-12-22T15:38:09Z,mobile,29435,refunded,,US-C
ORD-008481,2025-03-20T17:08:48Z,web,21097,refunded,,US-W
ORD-008482,2025-02-19T21:16:06Z,mobile,43104,refunded,,US-E
ORD-008483,2025-05-12T19:49:33Z,partner,82609,cancelled,,US-C
ORD-008484,2025-02-05T17:16:53Z,web,63877,refunded,,US-W
ORD-008485,2025-06-15T21:10:13Z,web,9363,completed,,US-C
ORD-008486,2025-08-28T17:29:59Z,web,20853,refunded,,US-C
ORD-008487,2025-02-26T18:31:04Z,web,32755,completed,,US-C
ORD-008488,2025-09-08T18:44:17Z,web,68754,active,,US-E
ORD-008489,2025-12-30T15:49:02Z,web,22289,active,,US-C
ORD-008490,2025-10-20T15:39:30Z,partner,43947,cancelled,,US-W
ORD-008491,2025-02-01T17:42:52Z,web,6295,active,,US-W
ORD-008492,2025-07-14T19:54:49Z,partner,81415,refunded,,US-W
ORD-008493,2025-07-24T14:01:31Z,mobile,77627,active,,CA
ORD-008494,2025-08-25T22:03:48Z,mobile,51903,active,,CA
ORD-008495,2025-11-23T22:42:34Z,web,32578,active,,US-E
ORD-008496,2025-08-09T21:16:45Z,mobile,55486,completed,,US-E
ORD-008497,2025-08-17T16:44:24Z,web,45746,refunded,,US-W
ORD-008498,2025-01-04T23:59:33Z,web,11303,active,,US-W
ORD-008499,2025-10-22T21:08:35Z,web,59703,cancelled,,US-W
ORD-008500,2025-06-04T14:48:09Z,mobile,39378,completed,,US-C
ORD-008501,2025-09-22T18:02:00Z,partner,70591,completed,,US-W
ORD-008502,2025-06-28T14:37:39Z,mobile,66794,refunded,,US-E
ORD-008503,2025-06-20T18:20:59Z,mobile,12401,completed,,CA
ORD-008504,2025-02-18T22:48:56Z,partner,60849,active,,US-W
ORD-008505,2025-02-21T19:55:01Z,partner,56693,cancelled,,US-W
ORD-008506,2025-03-10T19:08:39Z,mobile,34882,cancelled,,CA
ORD-008507,2025-11-15T21:55:43Z,partner,42083,cancelled,,US-E
ORD-008508,2025-12-21T20:20:58Z,partner,56188,cancelled,,US-W
ORD-008509,2025-12-23T15:01:28Z,mobile,72035,refunded,2025-12-30T14:01:28Z,CA
ORD-008510,2025-02-03T19:34:20Z,web,62396,active,,CA
ORD-008511,2025-12-27T17:10:59Z,mobile,68987,refunded,,US-W
ORD-008512,2025-03-06T23:04:53Z,partner,14460,completed,,US-C
ORD-008513,2025-09-26T18:03:57Z,legacy_pos,67300,completed,,CA
ORD-008514,2025-06-05T14:30:08Z,partner,75903,completed,,US-E
ORD-008515,2025-09-04T22:26:25Z,web,32024,refunded,,US-E
ORD-008516,2025-06-29T15:12:07Z,web,68129,cancelled,,CA
ORD-008517,2025-04-01T22:42:06Z,mobile,68416,refunded,,CA
ORD-008518,2025-08-11T21:57:18Z,partner,71416,refunded,,US-W
ORD-008519,2025-11-06T20:30:32Z,mobile,41803,refunded,,US-E
ORD-008520,2025-08-27T20:32:59Z,mobile,43511,active,,US-C
ORD-008521,2025-07-14T20:08:17Z,partner,31761,active,,US-E
ORD-008522,2025-03-26T21:46:37Z,mobile,17031,active,2025-04-01T07:46:37Z,CA
ORD-008523,2025-03-19T20:44:00Z,mobile,42682,refunded,2025-03-21T03:44:00Z,US-W
ORD-008524,2025-01-16T23:33:56Z,partner,40174,cancelled,,US-W
ORD-008525,2025-01-06T18:32:47Z,partner,82752,refunded,,US-W
ORD-008526,2025-01-20T23:02:09Z,mobile,60754,cancelled,,US-C
ORD-008527,2025-02-28T19:38:00Z,partner,51213,active,,CA
ORD-008528,2025-04-08T18:49:59Z,legacy_pos,21373,active,,US-W
ORD-008529,2025-05-01T17:39:52Z,web,1159,refunded,,CA
ORD-008530,2025-12-13T18:50:48Z,web,29588,completed,,CA
ORD-008531,2025-07-12T14:21:40Z,partner,38859,cancelled,,US-E
ORD-008532,2025-10-26T20:53:47Z,partner,3233,active,,US-E
ORD-008533,2025-06-27T18:35:07Z,web,23935,cancelled,,US-C
ORD-008534,2025-10-29T20:20:07Z,web,58448,completed,,US-C
ORD-008535,2025-08-31T19:02:47Z,mobile,77682,completed,,CA
ORD-008536,2025-10-09T17:49:12Z,web,5473,refunded,,US-E
ORD-008537,2025-08-20T16:55:22Z,mobile,22358,active,,US-C
ORD-008538,2025-04-01T17:08:27Z,web,61118,completed,,US-W
ORD-008539,2025-08-31T20:06:11Z,partner,24365,cancelled,,US-W
ORD-008540,2025-11-05T23:55:56Z,web,17429,cancelled,,US-E
ORD-008541,2025-06-27T16:13:21Z,web,31631,active,,US-C
ORD-008542,2025-09-12T22:10:24Z,legacy_pos,65096,completed,,US-W
ORD-008543,2025-11-23T15:55:24Z,partner,65285,refunded,,US-W
ORD-008544,2025-02-20T07:52:01Z,web,81218,refunded,,US-W
ORD-008545,2025-06-03T21:26:23Z,mobile,69786,refunded,,US-W
ORD-008546,2025-10-25T22:54:38Z,mobile,15790,active,,CA
ORD-008547,2025-03-19T22:25:47Z,web,14013,completed,,US-E
ORD-008548,2025-12-11T15:06:14Z,web,68199,active,,US-C
ORD-008549,2025-11-16T16:08:28Z,web,13090,active,,US-E
ORD-008550,2025-03-16T19:30:26Z,partner,22901,completed,,US-C
ORD-008551,2025-04-12T14:10:30Z,partner,86076,completed,,CA
ORD-008552,2025-03-05T19:17:26Z,web,68274,completed,,US-E
ORD-008553,2025-10-18T22:00:46Z,web,11279,cancelled,,CA
ORD-008554,2025-03-19T15:47:47Z,mobile,59094,cancelled,,US-W
ORD-008555,2025-04-06T20:21:35Z,partner,70859,active,,US-W
ORD-008556,2025-10-30T14:12:48Z,web,49807,cancelled,,US-C
ORD-008557,2025-04-30T17:41:38Z,web,48659,active,,US-W
ORD-008558,2025-01-09T23:34:42Z,partner,16367,cancelled,,US-W
ORD-008559,2025-05-03T20:47:11Z,mobile,2497,active,,US-E
ORD-008560,2025-07-09T18:58:32Z,web,24794,active,,US-C
ORD-008561,2025-08-02T15:44:34Z,mobile,4087,refunded,2025-08-05T09:44:34Z,US-C
ORD-008562,2025-07-03T20:56:38Z,partner,89592,refunded,,US-W
ORD-008563,2025-02-03T17:13:57Z,web,25314,completed,,US-C
ORD-008564,2025-07-15T15:07:41Z,web,52163,active,,US-E
ORD-008565,2025-08-19T22:16:59Z,web,28453,cancelled,,CA
ORD-008566,2025-10-24T16:53:29Z,legacy_pos,75200,cancelled,,US-E
ORD-008567,2025-02-13T17:10:31Z,web,72726,active,,US-W
ORD-008568,2025-03-24T19:17:49Z,partner,89656,active,,US-E
ORD-008569,2025-11-01T19:21:59Z,partner,72861,active,,US-W
ORD-008570,2025-08-25T21:29:18Z,web,57784,refunded,,US-C
ORD-008571,2025-06-19T18:38:40Z,web,10873,cancelled,,US-E
ORD-008572,2025-09-29T17:28:59Z,partner,48823,completed,,US-E
ORD-008573,2025-06-18T22:46:01Z,partner,45744,refunded,,US-E
ORD-008574,2025-05-17T20:06:16Z,partner,57971,active,,US-W
ORD-008575,2025-12-13T23:05:40Z,partner,13934,active,,US-W
ORD-008576,2025-07-05T18:47:08Z,mobile,43546,cancelled,,US-E
ORD-008577,2025-06-14T21:20:06Z,partner,65830,active,,CA
ORD-008578,2025-10-24T14:02:24Z,web,2516,completed,,US-W
ORD-008579,2025-08-12T14:49:19Z,web,49848,completed,,US-W
ORD-008580,2025-09-03T22:30:42Z,partner,42333,active,,CA
ORD-008581,2025-01-16T21:46:43Z,mobile,5357,refunded,,US-E
ORD-008582,2025-05-27T17:05:29Z,web,40430,active,,US-W
ORD-008583,2025-08-26T19:46:18Z,mobile,13276,completed,,US-E
ORD-008584,2025-03-06T20:40:07Z,mobile,15046,completed,,US-E
ORD-008585,2025-09-23T18:00:05Z,mobile,75244,completed,,CA
ORD-008586,2025-07-27T19:57:52Z,mobile,5880,completed,,US-E
ORD-008587,2025-01-24T21:48:57Z,web,18884,refunded,,US-W
ORD-008588,2025-11-26T21:20:18Z,mobile,30565,refunded,,CA
ORD-008589,2025-06-30T19:16:37Z,partner,58528,refunded,,CA
ORD-008590,2025-10-20T15:10:13Z,partner,1655,completed,,US-W
ORD-008591,2025-03-06T16:57:22Z,mobile,35664,cancelled,,US-C
ORD-008592,2025-10-24T17:11:38Z,mobile,82948,completed,,US-E
ORD-008593,2025-03-16T16:00:51Z,partner,44131,cancelled,,US-W
ORD-008594,2025-09-20T18:33:30Z,mobile,82946,cancelled,,US-W
ORD-008595,2025-05-26T22:06:08Z,partner,64653,completed,,US-W
ORD-008596,2025-02-22T23:41:19Z,mobile,10371,refunded,,US-W
ORD-008597,2025-12-03T19:11:04Z,mobile,6827,completed,,CA
ORD-008598,2025-06-17T20:08:14Z,partner,12127,completed,,US-E
ORD-008599,2025-10-16T18:20:05Z,mobile,70835,completed,,US-C
ORD-008600,2025-06-26T19:49:10Z,mobile,5063,cancelled,,US-E
ORD-008601,2025-03-19T15:43:07Z,web,83350,cancelled,,US-C
ORD-008602,2025-03-15T19:50:05Z,web,24788,refunded,,CA
ORD-008603,2025-06-07T14:53:58Z,mobile,79466,completed,,US-E
ORD-008604,2025-02-07T20:44:58Z,web,22302,completed,,CA
ORD-008605,2025-11-12T23:42:59Z,partner,665,active,,US-E
ORD-008606,2025-07-19T15:16:49Z,web,53481,completed,,US-W
ORD-008607,2025-11-26T20:39:15Z,web,87595,active,,US-E
ORD-008608,2025-04-14T19:05:43Z,partner,62064,cancelled,,US-E
ORD-008609,2025-12-08T16:31:44Z,mobile,47630,active,,CA
ORD-008610,2025-10-22T21:35:42Z,mobile,5933,completed,,CA
ORD-008611,2025-07-16T22:42:34Z,web,55751,completed,,CA
ORD-008612,2025-03-03T23:12:38Z,web,54920,cancelled,,US-W
ORD-008613,2025-02-24T05:24:54Z,web,77914,completed,,US-C
ORD-008614,2025-08-19T14:44:28Z,web,84681,cancelled,,US-W
ORD-008615,2025-07-10T15:50:12Z,partner,89058,active,,US-W
ORD-008616,2025-06-10T14:55:24Z,partner,18344,active,,US-E
ORD-008617,2025-10-19T16:16:05Z,mobile,80836,completed,,CA
ORD-008618,2025-11-10T20:45:10Z,mobile,5216,completed,,CA
ORD-008619,2025-09-07T20:21:45Z,mobile,44805,completed,,US-C
ORD-008620,2025-07-27T14:01:42Z,partner,35068,refunded,,US-W
ORD-008621,2025-06-08T14:02:43Z,partner,70195,refunded,,US-C
ORD-008622,2025-09-06T19:52:07Z,mobile,53763,cancelled,,CA
ORD-008623,2025-10-08T18:24:14Z,web,54667,completed,,US-W
ORD-008624,2025-03-03T19:47:08Z,mobile,34638,refunded,,CA
ORD-008625,2025-11-29T16:05:23Z,partner,48313,cancelled,,US-C
ORD-008626,2025-01-15T22:56:52Z,web,65336,refunded,,CA
ORD-008627,2025-05-01T20:09:21Z,legacy_pos,13300,refunded,,US-E
ORD-008628,2025-11-29T15:32:45Z,mobile,15803,cancelled,,CA
ORD-008629,2025-06-30T22:54:58Z,web,47968,completed,,US-E
ORD-008630,2025-05-22T06:01:24Z,partner,44321,refunded,,US-C
ORD-008631,2025-10-19T15:22:31Z,web,3542,active,,US-C
ORD-008632,2025-09-02T16:51:18Z,partner,37738,active,,US-C
ORD-008633,2025-01-18T15:59:36Z,mobile,41465,active,,US-W
ORD-008634,2025-11-30T21:30:39Z,web,73774,completed,,CA
ORD-008635,2025-06-08T15:34:58Z,mobile,6987,cancelled,,US-E
ORD-008636,2025-04-11T18:52:12Z,mobile,45487,completed,,CA
ORD-008637,2025-03-12T21:05:22Z,web,19134,completed,,CA
ORD-008638,2025-07-14T20:49:01Z,partner,66036,active,,US-E
ORD-008639,2025-12-02T23:00:19Z,mobile,45026,completed,,US-W
ORD-008640,2025-01-04T21:52:01Z,web,30039,cancelled,,CA
ORD-008641,2025-07-14T19:43:01Z,partner,12152,cancelled,,US-E
ORD-008642,2025-02-05T16:35:12Z,partner,9482,cancelled,,US-C
ORD-008643,2025-05-10T22:26:20Z,web,47244,cancelled,,CA
ORD-008644,2025-07-03T15:38:38Z,mobile,740,active,,US-E
ORD-008645,2025-03-31T21:43:56Z,mobile,37888,refunded,,US-W
ORD-008646,2025-10-04T21:45:07Z,partner,23683,active,,CA
ORD-008647,2025-01-31T21:13:09Z,partner,30988,refunded,,US-W
ORD-008648,2025-09-11T19:01:48Z,mobile,8085,refunded,,US-W
ORD-008649,2025-02-15T20:25:44Z,mobile,41025,refunded,,US-E
ORD-008650,2025-10-25T18:53:23Z,partner,75665,active,,US-E
ORD-008651,2025-05-01T21:57:24Z,mobile,54367,active,,US-C
ORD-008652,2025-06-12T14:59:40Z,mobile,82782,completed,,CA
ORD-008653,2025-12-28T23:13:34Z,partner,89326,cancelled,,CA
ORD-008654,2025-05-17T18:44:08Z,web,13270,active,,US-C
ORD-008655,2025-08-19T19:54:52Z,web,45209,active,,US-E
ORD-008656,2025-03-05T16:33:44Z,partner,80714,cancelled,,US-W
ORD-008657,2025-01-08T17:31:11Z,partner,43018,completed,,US-E
ORD-008658,2025-06-03T16:05:56Z,web,1135,active,,CA
ORD-008659,2025-06-18T14:44:01Z,web,79159,cancelled,,US-E
ORD-008660,2025-06-28T20:36:44Z,partner,5241,cancelled,,US-E
ORD-008661,2025-12-23T15:31:39Z,web,11690,refunded,,US-E
ORD-008662,2025-02-18T21:30:36Z,partner,38949,completed,,US-W
ORD-008663,2025-07-01T06:53:27Z,partner,72216,cancelled,,CA
ORD-008664,2025-06-25T15:52:26Z,web,54149,cancelled,,CA
ORD-008665,2025-11-30T22:17:31Z,mobile,50622,active,,US-C
ORD-008666,2025-03-26T20:11:08Z,partner,15882,refunded,,US-W
ORD-008667,2025-11-19T23:41:13Z,partner,8518,active,,US-W
ORD-008668,2025-11-12T16:37:03Z,legacy_pos,34600,active,,US-C
ORD-008669,2025-07-14T19:17:39Z,partner,50441,cancelled,,CA
ORD-008670,2025-09-02T15:08:51Z,web,29249,refunded,,US-C
ORD-008671,2025-03-16T16:29:26Z,web,14211,cancelled,,CA
ORD-008672,2025-10-11T22:52:34Z,partner,87217,completed,,CA
ORD-008673,2025-02-19T19:34:47Z,partner,45253,completed,,US-C
ORD-008674,2025-11-12T19:08:18Z,legacy_pos,75900,completed,,US-C
ORD-008675,2025-06-17T14:01:13Z,web,22979,completed,,CA
ORD-008676,2025-03-09T03:13:50Z,partner,3109,active,,CA
ORD-008677,2025-09-04T15:24:42Z,partner,60851,completed,,US-C
ORD-008678,2025-02-24T23:52:25Z,mobile,29048,cancelled,,US-E
ORD-008679,2025-09-28T15:33:34Z,mobile,32736,cancelled,,US-W
ORD-008680,2025-11-09T23:01:46Z,partner,11514,cancelled,,US-W
ORD-008681,2025-11-30T22:33:19Z,mobile,48331,completed,,CA
ORD-008682,2025-08-31T20:07:50Z,mobile,57952,refunded,,US-C
ORD-008683,2025-07-11T19:29:49Z,web,61918,refunded,,CA
ORD-008684,2025-08-12T19:40:58Z,partner,9478,cancelled,,US-C
ORD-008685,2025-12-31T23:54:38Z,mobile,24861,cancelled,,CA
ORD-008686,2025-09-07T21:53:10Z,web,56868,refunded,,US-C
ORD-008687,2025-09-08T18:26:19Z,partner,32681,completed,2025-09-10T01:26:19Z,CA
ORD-008688,2025-03-20T19:53:44Z,mobile,81770,cancelled,,US-W
ORD-008689,2025-06-12T14:43:34Z,web,2640,refunded,,US-W
ORD-008690,2025-09-26T15:28:10Z,partner,77085,active,,US-W
ORD-008691,2025-08-28T15:58:48Z,web,27912,cancelled,,US-C
ORD-008692,2025-02-10T23:41:55Z,partner,83795,active,,US-W
ORD-008693,2025-04-20T15:27:43Z,web,3690,refunded,,US-W
ORD-008694,2025-02-16T22:22:57Z,mobile,17185,completed,,US-C
ORD-008695,2025-05-06T16:04:26Z,mobile,26781,cancelled,,US-E
ORD-008696,2025-11-02T17:37:56Z,partner,1386,refunded,,CA
ORD-008697,2025-02-27T22:01:47Z,partner,89515,active,,CA
ORD-008698,2025-03-07T16:39:16Z,partner,54967,refunded,,CA
ORD-008699,2025-10-07T22:22:11Z,partner,14323,completed,,CA
ORD-008700,2025-08-25T16:56:27Z,web,44730,active,,US-W
ORD-008701,2025-05-26T17:22:44Z,partner,2195,cancelled,2025-05-26T21:22:44Z,CA
ORD-008702,2025-02-05T18:12:52Z,mobile,49931,refunded,,US-E
ORD-008703,2025-09-01T21:23:38Z,mobile,20037,completed,,US-E
ORD-008704,2025-01-29T15:36:13Z,partner,42042,refunded,,US-C
ORD-008705,2025-01-29T20:20:46Z,mobile,72387,completed,,CA
ORD-008706,2025-12-12T22:29:34Z,mobile,62023,cancelled,,US-E
ORD-008707,2025-03-21T20:46:13Z,web,79196,cancelled,,US-W
ORD-008708,2025-06-14T20:41:23Z,legacy_pos,26100,active,,CA
ORD-008709,2025-02-21T17:01:19Z,mobile,82907,completed,,US-C
ORD-008710,2025-09-07T20:03:29Z,partner,16406,cancelled,,US-C
ORD-008711,2025-06-03T20:24:09Z,partner,11918,cancelled,,US-W
ORD-008712,2025-05-09T15:25:14Z,legacy_pos,16064,refunded,,US-W
ORD-008713,2025-11-09T21:22:32Z,web,27889,active,,US-E
ORD-008714,2025-10-17T22:15:41Z,partner,54002,completed,,US-C
ORD-008715,2025-12-22T18:08:40Z,partner,61697,cancelled,,CA
ORD-008716,2025-10-26T18:38:36Z,mobile,17384,completed,,US-C
ORD-008717,2025-02-17T23:53:44Z,mobile,26839,refunded,,US-E
ORD-008718,2025-01-21T21:43:25Z,partner,29717,refunded,,CA
ORD-008719,2025-06-06T21:48:19Z,mobile,21643,cancelled,,US-W
ORD-008720,2025-01-07T19:56:22Z,web,47580,active,,CA
ORD-008721,2025-06-06T21:53:55Z,web,87672,completed,,CA
ORD-008722,2025-07-06T22:52:38Z,mobile,54047,refunded,,US-E
ORD-008723,2025-06-21T14:45:15Z,web,23518,refunded,,CA
ORD-008724,2025-01-06T20:52:11Z,web,76399,cancelled,,US-C
ORD-008725,2025-08-20T14:38:26Z,mobile,17700,completed,,CA
ORD-008726,2025-10-05T19:00:02Z,web,85968,refunded,,US-W
ORD-008727,2025-11-19T21:03:09Z,mobile,4207,completed,,US-C
ORD-008728,2025-11-09T21:51:27Z,web,57352,refunded,,US-W
ORD-008729,2025-04-23T19:28:46Z,web,4327,completed,,US-E
ORD-008730,2025-01-18T17:51:00Z,partner,32716,active,,US-C
ORD-008731,2025-08-30T15:56:59Z,web,46177,cancelled,,US-E
ORD-008732,2025-06-28T20:54:10Z,partner,72062,cancelled,,US-W
ORD-008733,2025-03-06T21:25:05Z,mobile,75478,completed,,US-E
ORD-008734,2025-04-11T22:23:45Z,partner,15506,active,2025-04-12T21:23:45Z,US-W
ORD-008735,2025-08-31T20:23:41Z,mobile,13296,active,,US-W
ORD-008736,2025-06-19T15:55:27Z,partner,9088,refunded,,US-W
ORD-008737,2025-04-18T20:27:32Z,partner,42226,completed,,US-W
ORD-008738,2025-11-18T19:26:06Z,mobile,55778,completed,,US-E
ORD-008739,2025-06-14T18:14:30Z,mobile,75474,refunded,,US-C
ORD-008740,2025-10-28T06:30:55Z,legacy_pos,39659,refunded,,US-E
ORD-008741,2025-04-24T14:33:54Z,web,70875,completed,,US-C
ORD-008742,2025-12-20T22:04:13Z,partner,4373,cancelled,,CA
ORD-008743,2025-06-09T21:38:46Z,web,81324,active,,US-E
ORD-008744,2025-07-07T21:40:00Z,partner,50268,active,,US-W
ORD-008745,2025-09-05T20:01:59Z,partner,79635,cancelled,,US-C
ORD-008746,2025-03-11T17:28:41Z,web,33960,completed,,US-C
ORD-008747,2025-03-05T16:14:07Z,mobile,46551,cancelled,,US-C
ORD-008748,2025-05-28T21:37:07Z,mobile,3407,active,,CA
ORD-008749,2025-06-17T07:55:46Z,web,31922,completed,,US-W
ORD-008750,2025-09-11T22:08:34Z,web,47181,completed,,US-C
ORD-008751,2025-05-03T22:37:23Z,web,79415,cancelled,,US-C
ORD-008752,2025-06-20T07:08:04Z,web,77095,refunded,,US-C
ORD-008753,2025-04-30T20:24:19Z,partner,15307,active,,CA
ORD-008754,2025-06-14T22:55:14Z,mobile,72155,refunded,2025-06-16T19:55:14Z,US-E
ORD-008755,2025-04-05T15:12:44Z,web,56638,completed,2025-04-10T23:12:44Z,CA
ORD-008756,2025-08-13T16:03:39Z,web,44078,completed,,CA
ORD-008757,2025-05-17T14:11:23Z,mobile,40889,refunded,,US-W
ORD-008758,2025-09-22T19:12:57Z,web,42126,completed,,US-E
ORD-008759,2025-10-05T19:54:42Z,mobile,27322,refunded,,US-C
ORD-008760,2025-04-29T19:14:11Z,partner,41075,refunded,,CA
ORD-008761,2025-10-07T20:03:55Z,partner,12415,cancelled,,US-C
ORD-008762,2025-03-26T17:44:25Z,web,89095,completed,,US-E
ORD-008763,2025-11-12T22:13:39Z,legacy_pos,55458,refunded,,US-C
ORD-008764,2025-10-06T16:16:34Z,mobile,53779,completed,,US-E
ORD-008765,2025-05-19T14:06:49Z,web,83637,refunded,,US-W
ORD-008766,2025-02-18T18:41:51Z,partner,26734,cancelled,,US-E
ORD-008767,2025-02-15T17:20:31Z,partner,26953,refunded,,US-C
ORD-008768,2025-03-12T20:03:34Z,web,17856,active,,US-E
ORD-008769,2025-10-10T14:10:32Z,mobile,20091,completed,,US-C
ORD-008770,2025-10-29T19:21:47Z,web,7466,cancelled,,US-C
ORD-008771,2025-02-11T15:25:08Z,partner,80198,refunded,,US-C
ORD-008772,2025-03-01T22:07:58Z,web,52580,active,,CA
ORD-008773,2025-06-27T14:57:46Z,web,21456,refunded,,US-C
ORD-008774,2025-08-01T14:30:23Z,partner,31042,completed,,US-E
ORD-008775,2025-05-13T17:03:34Z,partner,58213,cancelled,,US-E
ORD-008776,2025-12-24T18:36:51Z,mobile,17865,refunded,,US-E
ORD-008777,2025-06-01T17:26:07Z,partner,56101,cancelled,,US-C
ORD-008778,2025-08-24T21:13:28Z,mobile,43768,completed,2025-08-25T16:13:28Z,US-W
ORD-008779,2025-03-27T16:09:55Z,web,68316,active,,US-W
ORD-008780,2025-12-04T18:05:23Z,web,89577,active,,CA
ORD-008781,2025-05-04T18:57:30Z,partner,48808,refunded,,US-C
ORD-008782,2025-05-27T14:26:44Z,partner,38106,refunded,,US-W
ORD-008783,2025-02-10T15:19:04Z,partner,56145,active,,US-C
ORD-008784,2025-09-25T19:04:02Z,partner,29524,active,,US-C
ORD-008785,2025-02-15T20:53:50Z,mobile,16851,active,,CA
ORD-008786,2025-03-24T14:20:23Z,web,2769,active,,US-C
ORD-008787,2025-11-16T18:57:20Z,mobile,16404,refunded,,CA
ORD-008788,2025-11-15T20:27:45Z,partner,56691,completed,,US-E
ORD-008789,2025-12-13T23:59:34Z,web,85043,completed,,US-C
ORD-008790,2025-03-12T18:24:58Z,mobile,49044,completed,,CA
ORD-008791,2025-08-06T19:40:32Z,web,3010,cancelled,,US-C
ORD-008792,2025-11-09T18:02:43Z,mobile,49903,refunded,,US-E
ORD-008793,2025-12-05T17:57:23Z,web,46221,completed,,US-W
ORD-008794,2025-01-08T19:54:12Z,mobile,70037,completed,,US-E
ORD-008795,2025-11-12T15:38:22Z,mobile,70443,completed,,US-W
ORD-008796,2025-08-16T03:22:10Z,mobile,89216,completed,,CA
ORD-008797,2025-12-06T20:37:03Z,mobile,30311,cancelled,,US-W
ORD-008798,2025-05-17T22:57:21Z,mobile,8642,cancelled,,US-C
ORD-008799,2025-08-06T14:06:58Z,mobile,57884,cancelled,,US-C
ORD-008800,2025-12-07T22:03:19Z,partner,89122,active,,US-C
ORD-008801,2025-06-16T18:34:37Z,web,86943,active,,CA
ORD-008802,2025-10-21T17:45:49Z,mobile,28308,active,,US-C
ORD-008803,2025-09-27T21:59:43Z,partner,39024,cancelled,,US-E
ORD-008804,2025-03-08T17:11:39Z,partner,77857,refunded,,US-C
ORD-008805,2025-06-29T21:42:33Z,web,24518,completed,,US-W
ORD-008806,2025-04-10T17:14:28Z,partner,11231,completed,,US-W
ORD-008807,2025-01-25T15:15:56Z,web,38273,completed,,US-W
ORD-008808,2025-10-31T14:39:11Z,mobile,85257,completed,,US-W
ORD-008809,2025-09-13T22:15:59Z,web,33147,active,,CA
ORD-008810,2025-07-21T19:06:15Z,partner,36771,cancelled,,CA
ORD-008811,2025-08-16T18:11:42Z,legacy_pos,25200,cancelled,,US-E
ORD-008812,2025-12-23T23:07:05Z,mobile,43351,active,,US-E
ORD-008813,2025-02-08T17:52:53Z,partner,69178,cancelled,,US-W
ORD-008814,2025-06-28T18:18:46Z,partner,68779,cancelled,,CA
ORD-008815,2025-02-10T19:12:19Z,partner,86837,active,,CA
ORD-008816,2025-06-19T18:21:10Z,web,47700,active,,US-E
ORD-008817,2025-08-21T19:51:41Z,mobile,67366,active,,CA
ORD-008818,2025-10-23T20:47:24Z,partner,45897,cancelled,,CA
ORD-008819,2025-08-05T15:05:26Z,mobile,15753,refunded,,US-W
ORD-008820,2025-03-02T19:56:05Z,mobile,57234,cancelled,,CA
ORD-008821,2025-04-30T14:46:11Z,web,55874,active,,US-W
ORD-008822,2025-03-01T20:50:37Z,partner,9788,completed,,US-C
ORD-008823,2025-12-05T18:20:27Z,legacy_pos,55600,active,,US-W
ORD-008824,2025-12-10T20:36:51Z,mobile,19152,completed,,US-W
ORD-008825,2025-06-26T22:32:29Z,web,82251,refunded,,US-E
ORD-008826,2025-08-15T22:24:38Z,web,40320,cancelled,,US-E
ORD-008827,2025-04-28T17:11:25Z,web,23684,refunded,,US-E
ORD-008828,2025-05-18T21:20:48Z,web,36155,active,,US-C
ORD-008829,2025-05-30T15:56:44Z,mobile,62733,active,,CA
ORD-008830,2025-06-20T20:06:28Z,partner,52777,refunded,,US-E
ORD-008831,2025-10-27T18:48:44Z,web,1571,completed,,CA
ORD-008832,2025-01-14T23:12:33Z,web,87585,cancelled,,US-C
ORD-008833,2025-05-24T20:39:46Z,web,85304,completed,,CA
ORD-008834,2025-10-29T17:42:33Z,web,10202,active,,US-W
ORD-008835,2025-05-12T16:49:28Z,mobile,60859,refunded,,US-W
ORD-008836,2025-01-07T18:38:40Z,partner,53777,completed,,US-C
ORD-008837,2025-01-25T22:30:32Z,web,67774,completed,,US-W
ORD-008838,2025-04-17T16:59:02Z,legacy_pos,4400,refunded,,US-W
ORD-008839,2025-08-12T21:40:10Z,legacy_pos,66073,refunded,,CA
ORD-008840,2025-12-02T22:01:35Z,partner,12836,completed,,US-E
ORD-008841,2025-04-16T18:47:48Z,mobile,84243,refunded,,CA
ORD-008842,2025-03-21T17:40:03Z,web,64804,refunded,,US-C
ORD-008843,2025-12-27T22:25:14Z,web,31922,active,,US-C
ORD-008844,2025-07-03T17:15:38Z,partner,63540,completed,,CA
ORD-008845,2025-11-24T15:49:19Z,web,57944,cancelled,,US-E
ORD-008846,2025-09-18T16:34:50Z,mobile,30495,cancelled,,US-W
ORD-008847,2025-01-07T21:53:20Z,mobile,19201,cancelled,,US-W
ORD-008848,2025-10-16T14:45:39Z,web,77526,active,,CA
ORD-008849,2025-02-25T17:41:52Z,web,73559,refunded,,US-W
ORD-008850,2025-01-29T23:08:37Z,mobile,45058,cancelled,,US-C
ORD-008851,2025-06-25T22:29:36Z,web,3229,refunded,,US-E
ORD-008852,2025-08-22T15:16:38Z,partner,83882,refunded,,US-C
ORD-008853,2025-05-01T15:59:55Z,partner,19644,cancelled,,CA
ORD-008854,2025-07-10T19:32:21Z,partner,73774,completed,,US-E
ORD-008855,2025-06-07T16:05:34Z,mobile,64344,completed,,US-W
ORD-008856,2025-03-23T20:10:19Z,web,83881,cancelled,,US-W
ORD-008857,2025-02-04T23:20:03Z,mobile,24846,completed,,US-C
ORD-008858,2025-07-03T18:21:15Z,partner,43359,completed,,US-C
ORD-008859,2025-07-20T16:07:33Z,web,53168,refunded,,US-E
ORD-008860,2025-08-28T15:30:12Z,partner,67913,refunded,,US-E
ORD-008861,2025-02-02T19:47:45Z,legacy_pos,22600,cancelled,,CA
ORD-008862,2025-11-16T17:36:56Z,partner,22459,completed,,CA
ORD-008863,2025-05-14T07:54:40Z,partner,68522,completed,,US-E
ORD-008864,2025-12-04T22:50:31Z,web,85954,active,,CA
ORD-008865,2025-06-07T15:14:23Z,legacy_pos,86200,active,,US-C
ORD-008866,2025-02-24T22:11:03Z,web,47239,refunded,,US-E
ORD-008867,2025-02-09T20:41:04Z,mobile,13016,completed,,US-W
ORD-008868,2025-01-08T15:50:23Z,web,8463,completed,,CA
ORD-008869,2025-04-25T19:51:39Z,mobile,31848,refunded,,US-E
ORD-008870,2025-04-05T19:46:27Z,mobile,7025,active,,CA
ORD-008871,2025-10-06T20:42:24Z,partner,33049,refunded,,US-E
ORD-008872,2025-03-16T21:42:49Z,partner,57877,refunded,,US-E
ORD-008873,2025-06-03T16:22:57Z,partner,4168,completed,,US-E
ORD-008874,2025-09-09T14:50:38Z,partner,17151,active,,US-W
ORD-008875,2025-10-21T21:27:01Z,web,19079,completed,,US-E
ORD-008876,2025-03-22T15:24:03Z,mobile,55149,refunded,,US-W
ORD-008877,2025-07-14T15:47:26Z,mobile,10125,completed,,CA
ORD-008878,2025-06-17T19:45:33Z,partner,5832,cancelled,,US-C
ORD-008879,2025-08-13T07:21:58Z,partner,50055,refunded,,US-E
ORD-008880,2025-04-27T22:46:30Z,mobile,20980,cancelled,,US-W
ORD-008881,2025-10-26T17:20:15Z,web,20031,active,,US-E
ORD-008882,2025-08-26T06:50:15Z,partner,54929,refunded,,US-W
ORD-008883,2025-09-16T19:44:11Z,web,80407,completed,,US-C
ORD-008884,2025-09-03T19:29:38Z,mobile,18425,refunded,,CA
ORD-008885,2025-10-14T15:54:31Z,partner,30064,completed,,CA
ORD-008886,2025-03-06T20:47:29Z,web,68761,completed,,US-C
ORD-008887,2025-08-13T20:09:57Z,web,88335,active,,US-E
ORD-008888,2025-11-05T20:05:18Z,partner,49047,completed,,US-C
ORD-008889,2025-12-30T15:02:55Z,mobile,59844,completed,,US-W
ORD-008890,2025-08-04T22:54:18Z,mobile,47315,cancelled,,US-C
ORD-008891,2025-02-12T20:29:41Z,mobile,4194,refunded,,US-E
ORD-008892,2025-06-04T19:34:21Z,web,67499,refunded,,US-E
ORD-008893,2025-06-17T16:42:02Z,mobile,51384,active,,US-E
ORD-008894,2025-07-05T14:51:16Z,mobile,47515,active,,US-C
ORD-008895,2025-01-28T18:16:32Z,mobile,78353,refunded,,US-W
ORD-008896,2025-05-28T16:50:08Z,partner,45320,cancelled,,US-E
ORD-008897,2025-07-24T22:47:51Z,web,45526,completed,,US-W
ORD-008898,2025-09-07T20:29:43Z,partner,72287,completed,,US-W
ORD-008899,2025-07-07T22:18:44Z,web,79460,active,,CA
ORD-008900,2025-11-07T15:27:28Z,web,78643,active,,US-W
ORD-008901,2025-08-14T15:34:33Z,mobile,82273,refunded,,CA
ORD-008902,2025-11-21T18:10:32Z,mobile,23261,refunded,,US-C
ORD-008903,2025-07-10T15:19:12Z,web,25638,refunded,,CA
ORD-008904,2025-07-10T18:53:12Z,mobile,28232,cancelled,,US-W
ORD-008905,2025-07-15T16:09:35Z,partner,5545,cancelled,,US-C
ORD-008906,2025-11-09T22:51:27Z,web,85216,refunded,,US-C
ORD-008907,2025-06-21T14:37:24Z,legacy_pos,17700,cancelled,,US-W
ORD-008908,2025-12-19T23:44:12Z,web,83038,refunded,,US-C
ORD-008909,2025-05-07T18:13:40Z,mobile,34360,refunded,,US-C
ORD-008910,2025-05-27T21:58:02Z,mobile,31814,completed,,US-W
ORD-008911,2025-08-16T17:13:25Z,web,76415,refunded,,CA
ORD-008912,2025-09-19T15:15:14Z,web,66803,completed,,US-C
ORD-008913,2025-05-25T17:53:17Z,web,34123,active,,US-E
ORD-008914,2025-08-18T18:08:42Z,partner,5672,cancelled,,US-C
ORD-008915,2025-09-05T15:48:34Z,mobile,51712,refunded,,US-W
ORD-008916,2025-07-16T21:07:07Z,web,38695,completed,,US-C
ORD-008917,2025-02-10T19:39:51Z,partner,32036,completed,,US-W
ORD-008918,2025-09-24T19:38:41Z,mobile,44340,active,,US-E
ORD-008919,2025-12-05T21:34:01Z,web,38700,active,,CA
ORD-008920,2025-10-27T20:22:08Z,web,86482,cancelled,,US-E
ORD-008921,2025-04-19T20:29:38Z,partner,68600,refunded,,US-E
ORD-008922,2025-07-31T14:51:56Z,web,24955,refunded,,US-C
ORD-008923,2025-03-16T15:55:37Z,web,48593,cancelled,,US-C
ORD-008924,2025-08-09T07:28:51Z,mobile,63719,refunded,,US-C
ORD-008925,2025-08-02T14:46:12Z,partner,21349,completed,,US-W
ORD-008926,2025-07-17T20:52:05Z,partner,25010,completed,,US-E
ORD-008927,2025-11-03T18:05:39Z,mobile,39355,active,,US-C
ORD-008928,2025-03-27T21:27:27Z,web,81406,completed,,US-W
ORD-008929,2025-01-01T19:57:14Z,web,60688,refunded,,US-C
ORD-008930,2025-06-21T19:50:23Z,mobile,71884,completed,,US-E
ORD-008931,2025-12-24T23:16:09Z,web,42185,refunded,,US-W
ORD-008932,2025-07-30T16:17:30Z,web,19051,cancelled,,CA
ORD-008933,2025-01-31T22:44:43Z,partner,9116,refunded,,US-E
ORD-008934,2025-05-11T20:06:04Z,web,69092,cancelled,,US-C
ORD-008935,2025-06-01T15:41:44Z,web,80094,cancelled,,US-W
ORD-008936,2025-05-25T18:30:53Z,mobile,47586,completed,,US-E
ORD-008937,2025-12-07T21:31:26Z,partner,35719,cancelled,,US-W
ORD-008938,2025-06-15T17:01:01Z,partner,37252,refunded,,CA
ORD-008939,2025-03-20T20:52:16Z,mobile,19364,active,,CA
ORD-008940,2025-06-04T19:22:06Z,mobile,45199,completed,,US-E
ORD-008941,2025-09-01T16:24:15Z,mobile,38602,active,,US-C
ORD-008942,2025-10-06T21:48:37Z,web,65896,cancelled,2025-10-07T01:48:37Z,US-E
ORD-008943,2025-02-22T22:54:11Z,web,2883,completed,,US-E
ORD-008944,2025-01-21T16:13:47Z,mobile,15076,refunded,,US-C
ORD-008945,2025-05-18T14:53:01Z,mobile,30600,completed,,US-W
ORD-008946,2025-02-04T23:31:31Z,mobile,76620,cancelled,,US-W
ORD-008947,2025-10-29T14:28:45Z,partner,78094,cancelled,,US-C
ORD-008948,2025-03-04T18:40:35Z,partner,38151,active,,US-C
ORD-008949,2025-08-04T17:46:17Z,web,74450,refunded,,US-W
ORD-008950,2025-09-14T20:36:25Z,mobile,36940,cancelled,2025-09-17T20:36:25Z,US-W
ORD-008951,2025-02-19T16:44:18Z,partner,88621,cancelled,,CA
ORD-008952,2025-01-26T20:44:36Z,mobile,17192,cancelled,,CA
ORD-008953,2025-03-22T14:26:53Z,web,66674,completed,,US-W
ORD-008954,2025-02-24T23:30:20Z,mobile,81303,completed,,US-C
ORD-008955,2025-07-13T19:57:26Z,partner,17071,completed,,US-E
ORD-008956,2025-07-29T16:15:36Z,mobile,48863,completed,,CA
ORD-008957,2025-06-28T15:11:13Z,web,82803,refunded,,US-W
ORD-008958,2025-11-23T21:34:44Z,legacy_pos,7400,cancelled,,US-E
ORD-008959,2025-06-22T17:21:40Z,partner,22739,active,,CA
ORD-008960,2025-07-24T15:31:07Z,legacy_pos,59900,completed,,US-C
ORD-008961,2025-09-11T14:02:45Z,web,15353,cancelled,,US-E
ORD-008962,2025-07-19T18:57:10Z,web,41597,completed,,US-E
ORD-008963,2025-06-25T18:08:43Z,web,54339,active,,US-C
ORD-008964,2025-11-07T21:56:48Z,legacy_pos,8800,cancelled,,CA
ORD-008965,2025-11-04T23:19:08Z,web,6865,active,,US-E
ORD-008966,2025-04-20T22:31:54Z,web,25906,completed,,US-W
ORD-008967,2025-09-20T19:17:25Z,mobile,76868,refunded,,US-E
ORD-008968,2025-03-20T22:36:02Z,web,54720,cancelled,,CA
ORD-008969,2025-10-22T17:21:01Z,partner,47425,cancelled,,US-C
ORD-008970,2025-12-11T17:57:03Z,mobile,83807,cancelled,,US-W
ORD-008971,2025-09-03T20:47:12Z,partner,18740,active,,US-W
ORD-008972,2025-05-29T21:13:47Z,web,87942,active,,CA
ORD-008973,2025-07-11T15:12:37Z,partner,67090,completed,,US-W
ORD-008974,2025-07-23T14:27:05Z,partner,21168,completed,,US-W
ORD-008975,2025-08-16T21:41:34Z,web,84785,completed,,US-E
ORD-008976,2025-06-09T20:40:24Z,mobile,87124,cancelled,,US-C
ORD-008977,2025-12-19T22:32:44Z,partner,41652,cancelled,,US-W
ORD-008978,2025-12-06T22:24:19Z,legacy_pos,80732,active,,US-C
ORD-008979,2025-08-05T15:32:55Z,partner,28958,completed,,CA
ORD-008980,2025-07-02T14:15:15Z,web,44180,cancelled,,CA
ORD-008981,2025-09-23T14:21:04Z,web,27768,active,,CA
ORD-008982,2025-03-12T21:29:49Z,web,1037,cancelled,,US-E
ORD-008983,2025-11-17T22:21:09Z,partner,62183,active,,US-C
ORD-008984,2025-07-17T22:04:19Z,partner,22520,refunded,,US-C
ORD-008985,2025-11-23T22:43:35Z,web,28073,cancelled,,US-W
ORD-008986,2025-09-07T17:25:27Z,partner,30321,refunded,,US-E
ORD-008987,2025-07-15T21:11:51Z,partner,67864,active,,CA
ORD-008988,2025-12-26T19:38:35Z,mobile,61461,completed,,CA
ORD-008989,2025-08-16T14:39:00Z,mobile,47611,completed,,US-C
ORD-008990,2025-09-18T18:17:48Z,partner,86482,cancelled,2025-09-20T07:17:48Z,US-C
ORD-008991,2025-06-17T05:36:00Z,web,1070,refunded,,US-C
ORD-008992,2025-09-03T21:35:40Z,mobile,46677,refunded,,US-E
ORD-008993,2025-11-10T16:32:06Z,web,69727,active,,US-C
ORD-008994,2025-05-04T14:23:32Z,web,77377,cancelled,,US-C
ORD-008995,2025-12-19T17:43:24Z,web,35196,completed,,CA
ORD-008996,2025-12-21T22:00:26Z,web,13369,completed,,US-C
ORD-008997,2025-07-18T15:50:43Z,mobile,54937,refunded,,US-C
ORD-008998,2025-05-25T21:37:38Z,mobile,89957,cancelled,,CA
ORD-008999,2025-05-23T19:13:19Z,web,69922,cancelled,,CA
ORD-009000,2025-12-13T18:45:44Z,partner,65873,completed,,US-W
ORD-009001,2025-08-06T14:23:24Z,web,64571,cancelled,,US-C
ORD-009002,2025-09-16T22:38:03Z,mobile,76863,completed,,US-E
ORD-009003,2025-02-05T15:30:33Z,web,61125,active,,CA
ORD-009004,2025-04-24T14:29:42Z,partner,45358,cancelled,,US-E
ORD-009005,2025-10-07T15:18:23Z,mobile,42932,cancelled,,CA
ORD-009006,2025-04-13T16:25:50Z,web,6840,cancelled,,US-W
ORD-009007,2025-04-30T15:13:55Z,partner,40237,refunded,,CA
ORD-009008,2025-11-14T16:06:37Z,web,64581,refunded,,US-E
ORD-009009,2025-05-20T22:04:53Z,web,14495,active,,US-E
ORD-009010,2025-09-03T07:36:15Z,partner,48311,completed,,CA
ORD-009011,2025-08-05T19:40:50Z,mobile,48614,active,,US-E
ORD-009012,2025-07-25T18:45:00Z,web,71856,cancelled,,US-W
ORD-009013,2025-05-29T14:51:21Z,mobile,69847,completed,,US-C
ORD-009014,2025-07-29T22:55:04Z,partner,42602,active,,US-C
ORD-009015,2025-09-01T21:35:46Z,mobile,31137,completed,,US-E
ORD-009016,2025-12-26T17:31:45Z,partner,2781,active,,CA
ORD-009017,2025-09-12T16:33:01Z,web,75474,refunded,,CA
ORD-009018,2025-12-24T20:57:08Z,partner,73574,refunded,,US-E
ORD-009019,2025-04-29T18:09:08Z,web,24716,completed,,US-E
ORD-009020,2025-12-15T22:56:53Z,mobile,20840,completed,,US-C
ORD-009021,2025-04-30T16:19:21Z,mobile,59427,active,2025-05-08T13:19:21Z,US-C
ORD-009022,2025-09-07T14:53:18Z,web,15470,completed,,US-E
ORD-009023,2025-01-19T23:25:29Z,web,53666,completed,,US-C
ORD-009024,2025-11-22T15:58:30Z,web,56747,cancelled,,US-W
ORD-009025,2025-12-20T23:02:46Z,partner,75923,completed,,US-W
ORD-009026,2025-02-08T23:16:34Z,partner,79294,completed,,US-W
ORD-009027,2025-12-14T17:37:11Z,partner,13840,completed,,US-C
ORD-009028,2025-06-17T17:50:52Z,web,42933,refunded,,US-W
ORD-009029,2025-06-17T20:14:50Z,partner,65230,completed,,CA
ORD-009030,2025-12-19T17:12:26Z,partner,80837,refunded,,CA
ORD-009031,2025-06-10T16:56:26Z,partner,35899,active,,US-E
ORD-009032,2025-05-25T22:48:10Z,mobile,89017,completed,,US-W
ORD-009033,2025-07-10T15:29:39Z,mobile,16347,cancelled,,US-W
ORD-009034,2025-02-12T18:18:54Z,mobile,58126,active,,US-E
ORD-009035,2025-03-05T20:24:26Z,partner,39555,completed,,US-E
ORD-009036,2025-12-06T18:14:00Z,partner,80036,completed,,US-E
ORD-009037,2025-01-16T23:08:52Z,mobile,3657,refunded,,US-C
ORD-009038,2025-05-14T00:05:52Z,mobile,48746,cancelled,,CA
ORD-009039,2025-01-17T04:42:58Z,web,41898,completed,,CA
ORD-009040,2025-12-31T15:32:07Z,mobile,85903,cancelled,,US-E
ORD-009041,2025-01-23T22:05:01Z,web,14280,cancelled,,US-C
ORD-009042,2025-07-20T22:41:36Z,partner,18040,active,,US-C
ORD-009043,2025-07-29T19:56:33Z,web,74098,cancelled,,US-C
ORD-009044,2025-09-21T17:27:02Z,mobile,24435,completed,,US-W
ORD-009045,2025-10-09T19:54:12Z,mobile,72207,refunded,2025-10-09T22:54:12Z,US-E
ORD-009046,2025-10-23T14:05:09Z,web,836,completed,,US-W
ORD-009047,2025-06-21T22:03:58Z,mobile,7302,refunded,,CA
ORD-009048,2025-12-20T17:18:55Z,partner,57078,cancelled,,US-W
ORD-009049,2025-09-02T22:34:26Z,legacy_pos,46392,cancelled,,US-E
ORD-009050,2025-10-17T20:08:14Z,web,50376,cancelled,,CA
ORD-009051,2025-11-11T02:10:52Z,mobile,39144,completed,,CA
ORD-009052,2025-08-23T17:03:02Z,web,60278,completed,,US-E
ORD-009053,2025-08-16T22:50:44Z,mobile,18128,completed,,US-C
ORD-009054,2025-11-15T22:50:11Z,partner,82093,completed,,CA
ORD-009055,2025-01-23T06:17:53Z,partner,4160,cancelled,,US-W
ORD-009056,2025-09-17T16:54:53Z,web,7711,refunded,,US-W
ORD-009057,2025-04-08T16:59:27Z,web,83792,refunded,,US-C
ORD-009058,2025-06-21T15:58:33Z,mobile,41829,completed,,US-E
ORD-009059,2025-10-12T16:17:31Z,partner,46290,refunded,,US-E
ORD-009060,2025-05-13T18:50:10Z,web,47275,completed,,US-W
ORD-009061,2025-09-07T19:25:47Z,web,12794,completed,,US-W
ORD-009062,2025-05-31T17:27:27Z,web,8183,completed,,CA
ORD-009063,2025-09-27T14:33:46Z,web,29301,active,,US-E
ORD-009064,2025-01-01T15:23:50Z,partner,12409,active,,CA
ORD-009065,2025-04-04T20:54:28Z,mobile,79229,completed,,US-W
ORD-009066,2025-06-30T16:05:56Z,web,6864,active,,US-W
ORD-009067,2025-08-31T17:50:11Z,mobile,68359,active,,US-E
ORD-009068,2025-09-24T21:10:25Z,mobile,51987,refunded,,CA
ORD-009069,2025-02-11T20:23:00Z,web,59616,active,,CA
ORD-009070,2025-01-07T17:49:04Z,mobile,65290,active,,CA
ORD-009071,2025-12-04T16:55:45Z,partner,36010,active,,US-E
ORD-009072,2025-02-28T17:32:43Z,partner,67917,cancelled,,US-E
ORD-009073,2025-05-15T20:04:42Z,partner,26955,completed,,US-W
ORD-009074,2025-04-16T22:29:37Z,web,27779,active,,US-E
ORD-009075,2025-10-16T19:49:47Z,partner,47980,active,,CA
ORD-009076,2025-09-08T19:57:46Z,web,38384,completed,,CA
ORD-009077,2025-02-24T16:20:45Z,web,70380,refunded,,US-W
ORD-009078,2025-07-12T14:06:19Z,partner,23344,cancelled,2025-07-15T03:06:19Z,CA
ORD-009079,2025-06-15T17:12:27Z,web,7433,refunded,2025-06-17T06:12:27Z,US-W
ORD-009080,2025-03-23T22:43:58Z,mobile,37329,cancelled,,CA
ORD-009081,2025-03-03T21:29:59Z,partner,87406,cancelled,,US-E
ORD-009082,2025-08-04T17:54:03Z,web,69120,cancelled,,US-C
ORD-009083,2025-07-28T18:34:57Z,partner,9793,cancelled,,US-W
ORD-009084,2025-02-12T00:50:50Z,web,3595,refunded,,US-W
ORD-009085,2025-10-22T21:08:40Z,web,62019,completed,,US-C
ORD-009086,2025-09-24T18:01:56Z,partner,35490,completed,,US-W
ORD-009087,2025-10-12T19:07:41Z,partner,38253,refunded,,US-C
ORD-009088,2025-05-17T16:46:40Z,mobile,25147,completed,,US-W
ORD-009089,2025-06-11T15:09:44Z,partner,85249,cancelled,,US-E
ORD-009090,2025-02-09T20:01:23Z,web,82360,refunded,,US-W
ORD-009091,2025-09-22T22:40:50Z,web,11883,completed,,US-W
ORD-009092,2025-10-20T16:22:22Z,partner,39536,completed,,US-E
ORD-009093,2025-04-09T14:13:44Z,mobile,41951,cancelled,,CA
ORD-009094,2025-08-28T17:46:53Z,web,1469,refunded,,US-W
ORD-009095,2025-04-01T18:34:27Z,partner,71173,cancelled,2025-04-08T08:34:27Z,US-W
ORD-009096,2025-11-03T15:50:21Z,web,17826,cancelled,,US-C
ORD-009097,2025-11-19T18:08:38Z,partner,49881,refunded,,US-E
ORD-009098,2025-04-10T15:10:49Z,partner,83352,refunded,,US-E
ORD-009099,2025-03-02T20:17:01Z,mobile,20674,active,,US-W
ORD-009100,2025-02-23T18:26:31Z,mobile,89787,completed,,US-E
ORD-009101,2025-10-03T16:08:04Z,partner,23834,cancelled,,US-E
ORD-009102,2025-07-04T20:43:20Z,mobile,12828,cancelled,,CA
ORD-009103,2025-10-21T22:17:32Z,web,47462,cancelled,,US-E
ORD-009104,2025-05-04T21:43:06Z,web,65006,cancelled,,US-C
ORD-009105,2025-04-10T17:50:06Z,partner,23941,completed,,CA
ORD-009106,2025-04-02T22:33:01Z,mobile,61893,active,,US-W
ORD-009107,2025-10-22T17:13:29Z,web,67145,completed,,CA
ORD-009108,2025-02-26T18:06:34Z,partner,68667,active,,CA
ORD-009109,2025-10-08T14:32:41Z,mobile,70306,cancelled,,US-C
ORD-009110,2025-09-07T19:37:27Z,mobile,26787,refunded,,US-E
ORD-009111,2025-04-15T15:45:03Z,partner,36748,cancelled,,US-E
ORD-009112,2025-08-27T22:35:21Z,partner,18111,completed,,US-W
ORD-009113,2025-06-01T22:34:59Z,mobile,56186,completed,,US-C
ORD-009114,2025-12-20T23:03:58Z,mobile,3635,active,,CA
ORD-009115,2025-10-21T22:40:15Z,web,78092,active,,CA
ORD-009116,2025-06-07T18:54:57Z,mobile,66300,refunded,,US-W
ORD-009117,2025-05-11T16:46:56Z,legacy_pos,19399,cancelled,,US-W
ORD-009118,2025-10-27T21:32:48Z,web,88253,cancelled,,US-E
ORD-009119,2025-07-20T20:04:02Z,legacy_pos,27400,completed,,US-W
ORD-009120,2025-07-29T07:58:16Z,web,74121,refunded,,US-E
ORD-009121,2025-03-09T14:38:05Z,partner,4430,refunded,,US-E
ORD-009122,2025-10-23T22:34:58Z,partner,79086,cancelled,,US-W
ORD-009123,2025-06-10T14:54:29Z,mobile,19265,completed,,US-W
ORD-009124,2025-03-12T20:38:28Z,partner,60242,cancelled,,US-W
ORD-009125,2025-08-10T16:37:31Z,mobile,88192,cancelled,,US-C
ORD-009126,2025-10-30T17:49:06Z,web,79652,refunded,,US-E
ORD-009127,2025-09-19T16:17:42Z,partner,46664,cancelled,,US-W
ORD-009128,2025-01-07T22:37:19Z,web,85269,active,,US-C
ORD-009129,2025-04-28T21:17:40Z,partner,80695,completed,,CA
ORD-009130,2025-05-19T14:35:55Z,partner,77965,completed,,US-E
ORD-009131,2025-04-13T17:28:24Z,partner,2793,completed,,US-E
ORD-009132,2025-11-04T15:18:32Z,partner,39116,cancelled,,CA
ORD-009133,2025-07-09T18:22:16Z,legacy_pos,21788,cancelled,,US-E
ORD-009134,2025-04-27T16:03:01Z,partner,41718,refunded,,US-W
ORD-009135,2025-09-08T22:42:30Z,mobile,29392,refunded,,US-E
ORD-009136,2025-05-18T22:05:38Z,partner,16782,refunded,,US-E
ORD-009137,2025-03-12T22:00:31Z,legacy_pos,14500,refunded,,US-W
ORD-009138,2025-11-18T18:09:32Z,web,50175,refunded,,US-E
ORD-009139,2025-11-30T18:33:12Z,web,77836,active,,US-W
ORD-009140,2025-02-20T18:56:46Z,web,68896,cancelled,,US-W
ORD-009141,2025-05-17T15:14:08Z,partner,32901,cancelled,,CA
ORD-009142,2025-03-16T15:17:15Z,partner,33015,active,,US-C
ORD-009143,2025-12-05T15:15:59Z,web,63107,refunded,,US-W
ORD-009144,2025-08-25T14:07:48Z,web,20849,cancelled,,US-E
ORD-009145,2025-04-17T17:49:04Z,web,47583,cancelled,,US-E
ORD-009146,2025-06-13T17:23:28Z,partner,53511,completed,,US-C
ORD-009147,2025-12-07T23:00:27Z,mobile,30065,completed,,US-C
ORD-009148,2025-09-07T19:31:28Z,partner,55255,cancelled,,US-W
ORD-009149,2025-07-23T20:06:06Z,web,72420,completed,,US-W
ORD-009150,2025-07-19T19:16:41Z,mobile,77564,completed,,US-C
ORD-009151,2025-07-26T22:36:06Z,mobile,86877,cancelled,,US-C
ORD-009152,2025-11-09T21:12:22Z,partner,62517,refunded,,US-E
ORD-009153,2025-03-06T20:59:34Z,mobile,32334,refunded,,US-W
ORD-009154,2025-09-13T22:28:22Z,mobile,76542,refunded,,US-E
ORD-009155,2025-05-07T21:11:54Z,mobile,3476,refunded,,US-C
ORD-009156,2025-09-10T17:57:46Z,legacy_pos,72600,refunded,,US-C
ORD-009157,2025-12-30T22:38:42Z,web,20194,cancelled,,US-E
ORD-009158,2025-04-23T07:39:29Z,web,31267,refunded,,US-E
ORD-009159,2025-03-13T21:32:23Z,partner,2591,completed,,US-W
ORD-009160,2025-02-18T21:08:12Z,partner,58153,active,,US-C
ORD-009161,2025-06-22T16:06:56Z,web,34927,completed,,US-C
ORD-009162,2025-05-29T20:55:30Z,mobile,51247,active,,US-E
ORD-009163,2025-12-18T19:42:56Z,web,20512,active,,US-W
ORD-009164,2025-11-27T15:32:06Z,partner,39529,cancelled,,US-W
ORD-009165,2025-10-22T14:19:23Z,web,67089,active,,US-W
ORD-009166,2025-09-23T17:34:36Z,mobile,37298,refunded,,US-W
ORD-009167,2025-02-13T22:01:56Z,web,69631,completed,,US-W
ORD-009168,2025-07-20T21:21:26Z,web,14804,refunded,,US-E
ORD-009169,2025-03-12T16:02:12Z,web,13174,active,,US-C
ORD-009170,2025-10-25T19:31:55Z,web,89616,completed,,CA
ORD-009171,2025-08-21T21:33:23Z,web,50741,active,,US-E
ORD-009172,2025-04-04T21:07:30Z,web,66530,refunded,,US-E
ORD-009173,2025-10-05T22:42:57Z,partner,73533,active,,US-W
ORD-009174,2025-11-13T21:53:12Z,web,24150,refunded,,US-E
ORD-009175,2025-10-24T21:48:19Z,mobile,69581,refunded,,CA
ORD-009176,2025-08-01T20:51:15Z,partner,2177,active,,CA
ORD-009177,2025-03-24T18:25:43Z,partner,59849,completed,,CA
ORD-009178,2025-03-30T18:01:18Z,web,18452,cancelled,,US-E
ORD-009179,2025-12-22T20:31:50Z,web,37811,cancelled,,US-E
ORD-009180,2025-12-24T21:44:10Z,legacy_pos,89100,completed,,US-W
ORD-009181,2025-12-19T16:36:27Z,web,85220,refunded,,US-W
ORD-009182,2025-10-16T21:18:36Z,mobile,20957,refunded,,US-E
ORD-009183,2025-09-08T22:19:21Z,mobile,68352,refunded,,US-E
ORD-009184,2025-08-25T14:11:48Z,web,82345,cancelled,,US-W
ORD-009185,2025-04-10T17:04:03Z,partner,40869,active,,CA
ORD-009186,2025-09-18T16:54:33Z,web,69750,cancelled,,US-E
ORD-009187,2025-01-27T18:18:24Z,partner,88284,completed,,US-W
ORD-009188,2025-11-09T18:54:04Z,web,26584,completed,,CA
ORD-009189,2025-01-10T15:01:59Z,web,78291,completed,,CA
ORD-009190,2025-08-14T14:59:48Z,partner,57449,refunded,,US-C
ORD-009191,2025-02-21T19:48:11Z,web,34111,active,,US-C
ORD-009192,2025-07-14T14:49:48Z,partner,26594,active,,US-E
ORD-009193,2025-08-19T17:12:23Z,web,39315,active,,US-E
ORD-009194,2025-07-08T16:03:49Z,web,89297,refunded,,US-E
ORD-009195,2025-05-10T21:48:55Z,web,23310,refunded,,US-W
ORD-009196,2025-03-14T18:26:10Z,web,43341,refunded,,US-C
ORD-009197,2025-03-28T15:23:25Z,partner,36465,refunded,,US-E
ORD-009198,2025-09-10T16:08:18Z,web,53206,completed,,US-E
ORD-009199,2025-03-25T18:07:56Z,mobile,40769,active,,US-C
ORD-009200,2025-01-05T22:25:05Z,web,40439,refunded,,US-W
ORD-009201,2025-08-03T19:39:33Z,web,25328,refunded,,US-E
ORD-009202,2025-01-01T22:34:19Z,web,46470,active,,US-C
ORD-009203,2025-08-26T17:08:25Z,partner,34917,completed,,US-E
ORD-009204,2025-08-31T16:44:13Z,mobile,30424,active,,US-C
ORD-009205,2025-12-30T23:42:31Z,partner,72555,refunded,,US-E
ORD-009206,2025-05-03T17:13:19Z,partner,24819,cancelled,,US-C
ORD-009207,2025-10-13T22:10:52Z,partner,42581,completed,,CA
ORD-009208,2025-07-21T19:55:32Z,web,18130,refunded,,US-E
ORD-009209,2025-04-03T22:12:05Z,partner,28129,cancelled,,CA
ORD-009210,2025-11-14T16:10:33Z,mobile,56560,refunded,,US-W
ORD-009211,2025-11-01T14:44:28Z,mobile,30425,active,,US-E
ORD-009212,2025-08-22T18:50:20Z,partner,79717,cancelled,,US-W
ORD-009213,2025-12-24T17:06:41Z,web,60938,cancelled,,US-W
ORD-009214,2025-06-21T20:43:16Z,web,15979,cancelled,,US-W
ORD-009215,2025-04-09T20:02:37Z,partner,26066,active,,US-E
ORD-009216,2025-01-04T23:13:14Z,mobile,16600,refunded,,US-W
ORD-009217,2025-12-24T22:44:27Z,partner,45120,refunded,,US-W
ORD-009218,2025-01-15T16:20:41Z,mobile,35815,active,,CA
ORD-009219,2025-06-23T17:53:28Z,mobile,32952,cancelled,,CA
ORD-009220,2025-08-28T07:17:14Z,partner,49379,completed,,US-C
ORD-009221,2025-08-27T22:32:15Z,partner,8457,refunded,,CA
ORD-009222,2025-09-11T14:13:21Z,partner,66584,refunded,,US-W
ORD-009223,2025-03-12T07:56:12Z,partner,10685,active,,US-E
ORD-009224,2025-08-08T17:59:59Z,partner,12293,cancelled,,CA
ORD-009225,2025-11-28T16:48:14Z,mobile,59516,active,,US-C
ORD-009226,2025-07-04T19:10:11Z,mobile,56398,cancelled,2025-07-05T03:10:11Z,CA
ORD-009227,2025-01-08T20:36:39Z,partner,22849,active,,US-W
ORD-009228,2025-12-11T15:46:00Z,web,78301,cancelled,,US-W
ORD-009229,2025-12-24T22:46:58Z,legacy_pos,50451,refunded,,US-E
ORD-009230,2025-05-31T20:22:03Z,web,8391,cancelled,,CA
ORD-009231,2025-05-25T20:29:32Z,partner,54806,active,,US-C
ORD-009232,2025-03-19T15:01:00Z,partner,25553,cancelled,,US-E
ORD-009233,2025-09-05T21:30:58Z,web,14833,active,,CA
ORD-009234,2025-08-24T20:31:40Z,web,18364,refunded,,US-E
ORD-009235,2025-06-17T21:20:36Z,web,42425,refunded,,US-W
ORD-009236,2025-02-19T22:51:30Z,web,13384,completed,,CA
ORD-009237,2025-02-16T23:19:21Z,web,59243,cancelled,2025-02-22T09:19:21Z,US-C
ORD-009238,2025-07-21T21:55:36Z,partner,56045,completed,,CA
ORD-009239,2025-01-23T19:18:36Z,web,32740,cancelled,,US-E
ORD-009240,2025-01-05T18:16:44Z,partner,24153,completed,,US-C
ORD-009241,2025-01-30T16:05:50Z,mobile,19947,refunded,,US-W
ORD-009242,2025-01-11T15:46:47Z,web,4034,refunded,,US-E
ORD-009243,2025-08-16T19:05:47Z,web,60899,active,,US-E
ORD-009244,2025-10-03T21:00:06Z,partner,69667,completed,,US-W
ORD-009245,2025-04-12T15:52:04Z,partner,42471,active,,US-E
ORD-009246,2025-11-14T20:08:43Z,web,38247,active,,US-E
ORD-009247,2025-12-18T15:13:50Z,partner,39005,refunded,,US-E
ORD-009248,2025-01-02T17:34:18Z,web,54729,cancelled,,US-C
ORD-009249,2025-02-23T20:22:54Z,partner,29781,cancelled,,CA
ORD-009250,2025-03-07T18:30:18Z,mobile,42302,cancelled,,US-C
ORD-009251,2025-10-20T21:08:45Z,partner,16597,cancelled,,US-E
ORD-009252,2025-04-14T19:31:17Z,mobile,69162,completed,,CA
ORD-009253,2025-03-02T18:58:45Z,partner,4682,completed,,US-W
ORD-009254,2025-01-23T23:11:25Z,web,64117,active,,US-E
ORD-009255,2025-08-31T16:03:25Z,mobile,84940,cancelled,,CA
ORD-009256,2025-07-07T16:00:51Z,web,27097,refunded,,US-W
ORD-009257,2025-01-27T17:52:06Z,mobile,72323,cancelled,,CA
ORD-009258,2025-05-23T14:58:11Z,web,48345,completed,,CA
ORD-009259,2025-06-18T19:03:03Z,mobile,28929,active,,US-W
ORD-009260,2025-08-02T17:18:43Z,partner,83935,active,,CA
ORD-009261,2025-11-07T21:04:50Z,web,84080,completed,,US-W
ORD-009262,2025-01-06T15:39:18Z,mobile,48343,active,,US-C
ORD-009263,2025-10-26T17:03:12Z,web,70576,completed,,US-W
ORD-009264,2025-09-18T20:59:51Z,mobile,54744,completed,,CA
ORD-009265,2025-08-12T21:40:48Z,legacy_pos,39859,completed,,CA
ORD-009266,2025-12-15T23:37:32Z,web,15118,active,,US-W
ORD-009267,2025-10-31T18:01:38Z,web,84499,refunded,,CA
ORD-009268,2025-10-25T19:55:23Z,web,86580,refunded,,CA
ORD-009269,2025-09-26T16:41:51Z,mobile,11102,completed,,US-C
ORD-009270,2025-06-23T21:03:25Z,partner,72827,refunded,,US-W
ORD-009271,2025-06-10T14:32:12Z,mobile,2139,active,,US-E
ORD-009272,2025-07-06T20:05:49Z,web,32167,active,,CA
ORD-009273,2025-11-10T19:34:36Z,partner,37264,refunded,,US-C
ORD-009274,2025-06-06T16:22:44Z,mobile,61141,refunded,,US-E
ORD-009275,2025-03-29T15:46:32Z,web,64215,completed,,CA
ORD-009276,2025-11-04T22:47:28Z,mobile,22081,cancelled,,US-C
ORD-009277,2025-01-02T23:33:27Z,mobile,52188,active,,CA
ORD-009278,2025-12-28T15:16:26Z,legacy_pos,71622,completed,,US-C
ORD-009279,2025-08-31T18:46:59Z,web,63546,active,,US-C
ORD-009280,2025-07-18T19:15:45Z,partner,22652,refunded,,US-W
ORD-009281,2025-08-24T15:39:33Z,web,52532,refunded,,CA
ORD-009282,2025-03-03T19:45:57Z,partner,15487,cancelled,,CA
ORD-009283,2025-07-13T18:11:50Z,mobile,80658,refunded,,US-W
ORD-009284,2025-11-29T19:17:09Z,partner,43828,cancelled,,US-E
ORD-009285,2025-02-15T22:59:14Z,mobile,75914,cancelled,,CA
ORD-009286,2025-07-29T20:05:35Z,partner,14529,active,,US-E
ORD-009287,2025-09-09T15:41:34Z,partner,21901,active,,US-W
ORD-009288,2025-10-17T15:11:20Z,partner,71371,active,,US-E
ORD-009289,2025-01-27T16:15:36Z,web,71636,completed,,US-C
ORD-009290,2025-02-24T20:35:10Z,partner,21108,completed,,US-W
ORD-009291,2025-02-15T23:09:48Z,mobile,65774,cancelled,,CA
ORD-009292,2025-06-03T22:18:18Z,mobile,75156,refunded,,US-E
ORD-009293,2025-05-25T21:50:02Z,mobile,17778,refunded,,CA
ORD-009294,2025-02-02T22:04:03Z,web,29099,active,,US-E
ORD-009295,2025-05-17T17:42:59Z,web,27959,completed,,CA
ORD-009296,2025-08-07T15:09:11Z,mobile,43316,cancelled,,US-C
ORD-009297,2025-10-31T16:08:47Z,partner,21666,completed,,US-C
ORD-009298,2025-03-20T20:20:36Z,web,71787,completed,,US-E
ORD-009299,2025-05-02T19:41:28Z,mobile,32778,completed,,US-E
ORD-009300,2025-07-17T16:44:59Z,web,49409,refunded,,CA
ORD-009301,2025-07-29T21:35:19Z,partner,14866,cancelled,,CA
ORD-009302,2025-05-08T16:14:01Z,web,45993,refunded,,CA
ORD-009303,2025-05-08T17:22:45Z,web,58114,active,,US-C
ORD-009304,2025-10-04T17:39:51Z,web,3771,refunded,,CA
ORD-009305,2025-08-28T22:56:29Z,web,74538,active,,US-E
ORD-009306,2025-11-14T22:35:34Z,partner,37575,refunded,,CA
ORD-009307,2025-08-07T15:27:44Z,web,34998,cancelled,,CA
ORD-009308,2025-12-09T22:59:34Z,partner,55205,cancelled,,US-C
ORD-009309,2025-12-06T23:03:05Z,mobile,68382,completed,,US-C
ORD-009310,2025-12-30T19:18:17Z,mobile,65865,completed,,US-W
ORD-009311,2025-04-25T17:35:49Z,partner,22393,refunded,,US-E
ORD-009312,2025-11-25T21:54:30Z,mobile,9701,refunded,,US-E
ORD-009313,2025-12-10T22:33:00Z,mobile,46512,refunded,,US-W
ORD-009314,2025-07-22T21:32:11Z,web,1503,completed,,US-W
ORD-009315,2025-09-23T14:31:28Z,web,85729,cancelled,,CA
ORD-009316,2025-07-07T20:35:02Z,mobile,44784,cancelled,,CA
ORD-009317,2025-06-24T18:17:37Z,mobile,8146,active,,US-C
ORD-009318,2025-02-23T18:12:42Z,mobile,69179,refunded,,US-E
ORD-009319,2025-09-16T22:01:59Z,partner,17441,refunded,,US-E
ORD-009320,2025-05-07T20:04:51Z,mobile,17345,refunded,,US-C
ORD-009321,2025-09-13T15:07:53Z,mobile,3566,completed,,CA
ORD-009322,2025-04-01T14:02:53Z,web,3241,refunded,,US-C
ORD-009323,2025-11-21T20:01:14Z,web,4900,cancelled,,US-C
ORD-009324,2025-01-28T15:25:27Z,web,62180,completed,,US-C
ORD-009325,2025-05-17T19:45:45Z,web,74050,refunded,,US-E
ORD-009326,2025-01-05T22:26:43Z,mobile,40583,completed,,CA
ORD-009327,2025-08-09T20:56:04Z,mobile,5141,cancelled,,US-C
ORD-009328,2025-05-16T19:09:51Z,web,4067,cancelled,,CA
ORD-009329,2025-06-20T15:49:56Z,mobile,51063,refunded,,US-E
ORD-009330,2025-02-27T22:36:06Z,web,72019,cancelled,,US-C
ORD-009331,2025-11-08T15:50:44Z,mobile,9640,refunded,,US-C
ORD-009332,2025-04-13T15:19:05Z,legacy_pos,45436,completed,,US-W
ORD-009333,2025-08-04T18:16:55Z,mobile,18163,refunded,,US-C
ORD-009334,2025-12-07T20:20:56Z,partner,58380,active,,CA
ORD-009335,2025-09-21T19:40:05Z,mobile,49965,completed,,US-E
ORD-009336,2025-11-19T20:25:19Z,partner,85198,completed,,US-W
ORD-009337,2025-08-07T21:50:20Z,mobile,57744,cancelled,,CA
ORD-009338,2025-12-11T15:33:57Z,web,35949,refunded,,US-C
ORD-009339,2025-06-06T16:27:40Z,web,52382,refunded,,US-E
ORD-009340,2025-12-18T23:16:08Z,legacy_pos,28000,completed,,US-C
ORD-009341,2025-02-25T16:41:24Z,mobile,70095,cancelled,,US-W
ORD-009342,2025-01-23T16:33:27Z,mobile,81777,refunded,,US-E
ORD-009343,2025-08-14T17:18:58Z,web,46346,active,,US-W
ORD-009344,2025-05-29T14:49:49Z,partner,87865,refunded,,US-E
ORD-009345,2025-12-24T20:23:10Z,mobile,20333,refunded,,US-W
ORD-009346,2025-05-27T16:32:08Z,mobile,79653,cancelled,,US-E
ORD-009347,2025-06-06T17:26:59Z,web,53161,refunded,,US-W
ORD-009348,2025-10-24T20:23:36Z,partner,37484,refunded,,US-W
ORD-009349,2025-10-27T16:44:58Z,partner,82714,cancelled,,US-W
ORD-009350,2025-02-15T19:28:08Z,partner,36236,completed,,CA
ORD-009351,2025-07-16T22:26:18Z,mobile,59841,refunded,,US-W
ORD-009352,2025-11-20T15:45:33Z,partner,31349,refunded,,US-C
ORD-009353,2025-09-07T14:27:14Z,web,5767,refunded,,US-E
ORD-009354,2025-04-12T15:34:40Z,web,46359,refunded,,US-E
ORD-009355,2025-06-07T19:05:26Z,mobile,38573,active,,US-C
ORD-009356,2025-07-04T22:53:54Z,web,14692,cancelled,,US-E
ORD-009357,2025-03-11T19:33:20Z,partner,51426,cancelled,,CA
ORD-009358,2025-10-19T22:31:33Z,legacy_pos,77500,refunded,,CA
ORD-009359,2025-02-28T15:14:44Z,partner,69323,completed,,US-C
ORD-009360,2025-06-26T21:01:29Z,web,21696,active,,US-W
ORD-009361,2025-08-14T20:35:48Z,web,61950,active,,US-C
ORD-009362,2025-12-16T15:43:28Z,partner,83234,completed,,US-C
ORD-009363,2025-01-15T17:13:59Z,legacy_pos,86664,completed,,CA
ORD-009364,2025-04-13T16:29:19Z,partner,70682,active,,CA
ORD-009365,2025-02-01T16:57:07Z,mobile,65859,cancelled,,CA
ORD-009366,2025-10-07T18:13:26Z,partner,9149,active,,US-W
ORD-009367,2025-06-19T18:46:14Z,web,85337,completed,,US-W
ORD-009368,2025-12-22T22:09:14Z,mobile,23323,active,,US-W
ORD-009369,2025-04-04T19:51:47Z,web,79270,completed,,US-C
ORD-009370,2025-10-07T18:04:43Z,partner,13482,active,,US-W
ORD-009371,2025-06-10T18:19:52Z,mobile,72864,refunded,,CA
ORD-009372,2025-01-24T15:55:35Z,partner,5465,cancelled,,US-E
ORD-009373,2025-09-16T19:09:20Z,partner,36468,active,,CA
ORD-009374,2025-03-29T15:48:22Z,partner,66881,cancelled,,US-W
ORD-009375,2025-11-03T20:31:52Z,web,76051,refunded,,US-W
ORD-009376,2025-08-10T19:50:30Z,mobile,13578,completed,,US-W
ORD-009377,2025-06-20T21:00:00Z,mobile,22966,cancelled,,US-W
ORD-009378,2025-07-10T17:44:21Z,mobile,81220,active,,CA
ORD-009379,2025-03-10T15:00:52Z,partner,65849,completed,,CA
ORD-009380,2025-10-13T16:25:58Z,web,4204,cancelled,,US-C
ORD-009381,2025-07-01T17:57:21Z,web,1489,completed,,US-C
ORD-009382,2025-02-07T18:25:28Z,mobile,69195,active,,US-C
ORD-009383,2025-03-23T22:36:41Z,mobile,65351,refunded,,US-W
ORD-009384,2025-07-23T20:02:42Z,web,54940,completed,,US-C
ORD-009385,2025-03-26T19:46:17Z,mobile,25466,cancelled,,US-C
ORD-009386,2025-07-12T22:59:37Z,partner,47646,cancelled,,CA
ORD-009387,2025-04-10T20:31:06Z,partner,23847,cancelled,,US-C
ORD-009388,2025-02-13T15:55:32Z,partner,62850,cancelled,,US-W
ORD-009389,2025-01-19T17:57:47Z,web,45072,cancelled,,CA
ORD-009390,2025-12-25T22:27:36Z,mobile,88894,completed,,US-C
ORD-009391,2025-01-14T23:11:17Z,web,54478,refunded,,US-W
ORD-009392,2025-04-30T21:58:48Z,web,48240,refunded,,CA
ORD-009393,2025-09-25T21:25:16Z,mobile,53302,refunded,,US-E
ORD-009394,2025-06-25T16:57:13Z,mobile,1834,completed,,US-C
ORD-009395,2025-05-29T19:03:24Z,web,8470,active,,US-W
ORD-009396,2025-01-22T18:52:05Z,web,69925,active,,US-E
ORD-009397,2025-06-01T17:53:55Z,web,32687,active,,CA
ORD-009398,2025-09-29T14:30:04Z,web,45227,active,,US-E
ORD-009399,2025-05-22T19:39:40Z,web,27254,active,,US-C
ORD-009400,2025-08-17T22:50:02Z,web,61742,active,,US-E
ORD-009401,2025-12-28T20:57:37Z,mobile,40061,refunded,,US-C
ORD-009402,2025-12-03T19:25:29Z,partner,54869,active,,US-W
ORD-009403,2025-06-02T22:05:26Z,partner,15738,cancelled,,US-W
ORD-009404,2025-04-20T16:01:45Z,legacy_pos,1700,cancelled,,CA
ORD-009405,2025-10-03T15:39:42Z,web,11482,active,,US-C
ORD-009406,2025-11-18T17:48:28Z,web,24783,cancelled,,US-E
ORD-009407,2025-05-08T19:31:24Z,mobile,2207,active,,US-C
ORD-009408,2025-02-01T21:39:34Z,web,80397,refunded,,US-C
ORD-009409,2025-04-23T14:26:56Z,mobile,38432,active,,US-C
ORD-009410,2025-03-07T15:30:06Z,partner,58237,cancelled,,US-E
ORD-009411,2025-08-24T14:44:32Z,legacy_pos,38200,completed,,US-W
ORD-009412,2025-09-07T22:08:23Z,mobile,9407,refunded,,US-W
ORD-009413,2025-01-08T20:25:04Z,web,30652,completed,,US-W
ORD-009414,2025-10-15T19:04:21Z,mobile,31155,active,,US-W
ORD-009415,2025-06-24T21:49:34Z,partner,49235,active,,US-W
ORD-009416,2025-11-18T17:36:45Z,partner,35605,refunded,,CA
ORD-009417,2025-04-30T21:30:13Z,partner,79450,cancelled,,US-C
ORD-009418,2025-06-30T21:31:24Z,web,53929,completed,,US-C
ORD-009419,2025-07-14T19:12:48Z,web,24347,cancelled,,CA
ORD-009420,2025-08-14T18:08:57Z,partner,78295,cancelled,,US-C
ORD-009421,2025-04-02T16:07:45Z,web,16936,cancelled,,US-W
ORD-009422,2025-04-25T19:28:16Z,web,57560,active,,US-W
ORD-009423,2025-10-20T00:16:42Z,web,71083,cancelled,,US-E
ORD-009424,2025-12-20T21:42:47Z,partner,1549,refunded,,US-E
ORD-009425,2025-04-18T21:03:57Z,web,77072,active,,US-W
ORD-009426,2025-10-06T14:17:19Z,partner,69632,completed,,CA
ORD-009427,2025-07-09T16:59:35Z,web,71943,refunded,,US-E
ORD-009428,2025-02-25T23:19:34Z,web,44454,active,,CA
ORD-009429,2025-03-08T17:00:56Z,partner,78376,completed,,US-C
ORD-009430,2025-04-07T04:24:50Z,partner,40446,completed,,US-C
ORD-009431,2025-10-15T03:15:21Z,mobile,58230,cancelled,,US-E
ORD-009432,2025-12-22T18:40:38Z,mobile,14981,refunded,,US-W
ORD-009433,2025-05-12T15:32:02Z,mobile,5194,completed,,US-W
ORD-009434,2025-08-10T20:22:53Z,mobile,20472,cancelled,2025-08-13T05:22:53Z,US-C
ORD-009435,2025-12-21T16:44:08Z,legacy_pos,41835,cancelled,,US-C
ORD-009436,2025-12-21T19:15:51Z,web,41037,active,,US-W
ORD-009437,2025-08-18T17:05:02Z,web,21986,completed,,US-C
ORD-009438,2025-11-10T23:56:09Z,web,513,refunded,,CA
ORD-009439,2025-03-04T20:08:41Z,mobile,24469,refunded,,CA
ORD-009440,2025-04-14T20:28:44Z,web,72479,cancelled,,CA
ORD-009441,2025-10-29T16:48:18Z,web,26281,cancelled,,US-C
ORD-009442,2025-02-05T17:19:36Z,partner,68166,active,,CA
ORD-009443,2025-01-18T23:28:58Z,legacy_pos,37500,refunded,,CA
ORD-009444,2025-11-24T15:05:40Z,legacy_pos,29717,refunded,,US-W
ORD-009445,2025-07-08T16:05:04Z,web,87051,completed,,CA
ORD-009446,2025-12-30T22:41:30Z,partner,16999,completed,,US-E
ORD-009447,2025-03-21T15:42:20Z,mobile,55749,refunded,,US-W
ORD-009448,2025-02-20T19:41:57Z,web,63145,active,,CA
ORD-009449,2025-09-02T14:34:43Z,mobile,77218,active,,CA
ORD-009450,2025-03-12T16:28:47Z,partner,80514,cancelled,,US-C
ORD-009451,2025-09-12T22:15:41Z,mobile,36527,completed,,US-C
ORD-009452,2025-08-09T19:26:31Z,web,48484,completed,,US-W
ORD-009453,2025-12-02T17:45:26Z,mobile,58424,active,,US-C
ORD-009454,2025-08-19T19:15:07Z,partner,12968,completed,,US-E
ORD-009455,2025-08-01T22:21:19Z,web,43909,completed,,US-E
ORD-009456,2025-08-28T18:55:45Z,web,34604,completed,,US-C
ORD-009457,2025-04-20T14:56:10Z,mobile,26454,active,,US-C
ORD-009458,2025-03-13T04:11:00Z,partner,12352,active,,US-W
ORD-009459,2025-05-15T21:18:49Z,web,88553,completed,,US-W
ORD-009460,2025-11-20T20:11:45Z,mobile,40555,cancelled,,US-C
ORD-009461,2025-03-13T17:44:30Z,mobile,54665,active,,US-W
ORD-009462,2025-10-18T18:10:47Z,partner,27697,refunded,,US-W
ORD-009463,2025-04-24T17:09:38Z,partner,78234,refunded,,US-C
ORD-009464,2025-03-13T14:26:46Z,partner,12738,completed,,US-C
ORD-009465,2025-10-11T18:24:39Z,partner,11605,active,,US-C
ORD-009466,2025-01-17T18:41:17Z,mobile,55743,completed,,US-E
ORD-009467,2025-11-09T19:32:08Z,partner,51839,active,,CA
ORD-009468,2025-04-30T16:10:45Z,mobile,39078,completed,,US-W
ORD-009469,2025-06-30T20:28:05Z,web,52875,refunded,,US-C
ORD-009470,2025-07-17T19:25:59Z,mobile,88037,cancelled,,US-W
ORD-009471,2025-05-02T15:33:57Z,partner,52351,active,,CA
ORD-009472,2025-06-27T14:08:54Z,partner,7036,refunded,,US-W
ORD-009473,2025-12-06T20:03:43Z,web,47678,completed,,US-W
ORD-009474,2025-11-30T22:34:37Z,mobile,51988,completed,,CA
ORD-009475,2025-10-16T18:43:26Z,web,81773,cancelled,,US-E
ORD-009476,2025-10-20T20:42:36Z,web,38819,refunded,,US-W
ORD-009477,2025-08-11T01:58:41Z,web,25081,refunded,,US-W
ORD-009478,2025-11-20T16:16:19Z,partner,22695,cancelled,,US-E
ORD-009479,2025-05-09T14:57:34Z,web,75540,completed,,US-W
ORD-009480,2025-02-19T15:06:30Z,mobile,62433,active,,US-W
ORD-009481,2025-05-01T19:08:50Z,web,40291,active,,US-W
ORD-009482,2025-08-14T19:04:25Z,web,17720,active,,US-W
ORD-009483,2025-11-09T16:10:33Z,partner,72990,active,,US-E
ORD-009484,2025-11-16T16:16:00Z,web,37145,completed,,US-W
ORD-009485,2025-08-03T16:16:14Z,web,78135,active,,US-C
ORD-009486,2025-12-18T23:51:43Z,mobile,18886,cancelled,,US-W
ORD-009487,2025-05-14T16:21:32Z,partner,38858,completed,,US-W
ORD-009488,2025-08-16T14:13:30Z,partner,34135,completed,,CA
ORD-009489,2025-11-01T15:24:13Z,partner,63770,refunded,,US-W
ORD-009490,2025-12-14T20:29:01Z,partner,73288,active,,US-E
ORD-009491,2025-12-04T18:43:33Z,web,39101,refunded,,US-W
ORD-009492,2025-09-11T19:43:22Z,web,12147,active,,US-C
ORD-009493,2025-09-25T14:38:35Z,mobile,9156,active,,US-C
ORD-009494,2025-03-20T15:23:53Z,web,64648,active,,CA
ORD-009495,2025-06-22T17:35:02Z,mobile,77461,refunded,,CA
ORD-009496,2025-03-27T16:37:17Z,mobile,61372,completed,,US-C
ORD-009497,2025-09-30T21:35:02Z,mobile,60707,completed,,CA
ORD-009498,2025-02-10T16:22:11Z,web,12875,active,,CA
ORD-009499,2025-05-21T14:15:55Z,web,75973,cancelled,,US-E
ORD-009500,2025-08-09T14:03:34Z,web,16879,completed,,CA
ORD-009501,2025-01-07T18:23:19Z,mobile,18647,active,,US-E
ORD-009502,2025-04-21T22:16:29Z,mobile,55350,refunded,,US-C
ORD-009503,2025-10-12T14:07:37Z,web,26740,active,,CA
ORD-009504,2025-10-05T16:19:18Z,mobile,15322,refunded,2025-10-11T09:19:18Z,CA
ORD-009505,2025-01-30T21:02:21Z,partner,88546,active,,CA
ORD-009506,2025-08-10T20:48:54Z,partner,18086,cancelled,,US-W
ORD-009507,2025-08-25T19:26:54Z,partner,22782,refunded,,US-C
ORD-009508,2025-07-03T20:16:10Z,partner,14574,refunded,,CA
ORD-009509,2025-12-26T22:06:24Z,legacy_pos,80866,active,,US-C
ORD-009510,2025-09-22T16:47:30Z,web,5559,refunded,,US-W
ORD-009511,2025-02-27T15:08:42Z,web,2010,refunded,,CA
ORD-009512,2025-07-10T21:04:31Z,web,47247,refunded,2025-07-14T22:04:31Z,CA
ORD-009513,2025-04-29T17:48:50Z,legacy_pos,2300,completed,,US-W
ORD-009514,2025-03-28T16:45:33Z,partner,63167,refunded,,US-W
ORD-009515,2025-05-03T20:06:15Z,web,19388,completed,,US-C
ORD-009516,2025-08-08T19:51:24Z,mobile,24847,cancelled,,US-E
ORD-009517,2025-10-07T18:07:55Z,partner,12248,active,,US-E
ORD-009518,2025-06-07T16:20:48Z,web,3202,cancelled,,US-C
ORD-009519,2025-10-14T20:27:07Z,partner,72607,cancelled,,US-C
ORD-009520,2025-01-29T17:22:26Z,partner,55825,completed,,US-C
ORD-009521,2025-01-24T16:11:37Z,partner,35023,active,,US-W
ORD-009522,2025-07-16T17:02:20Z,partner,14204,cancelled,,US-C
ORD-009523,2025-08-04T18:19:45Z,mobile,72786,completed,,US-C
ORD-009524,2025-08-08T19:13:45Z,mobile,38813,refunded,,US-C
ORD-009525,2025-07-21T16:02:56Z,web,36612,refunded,,US-E
ORD-009526,2025-06-01T18:14:29Z,mobile,35662,cancelled,,US-W
ORD-009527,2025-11-11T20:13:37Z,mobile,18834,active,,US-E
ORD-009528,2025-09-18T14:34:51Z,partner,71084,active,,US-C
ORD-009529,2025-05-01T15:51:27Z,web,44336,cancelled,,US-C
ORD-009530,2025-06-16T06:24:25Z,mobile,89036,cancelled,,US-C
ORD-009531,2025-01-21T21:27:45Z,partner,87917,active,,US-W
ORD-009532,2025-05-23T19:10:05Z,partner,18741,cancelled,,CA
ORD-009533,2025-03-11T21:41:50Z,web,43389,completed,,US-W
ORD-009534,2025-01-30T22:17:52Z,mobile,83401,refunded,,US-E
ORD-009535,2025-04-27T15:55:34Z,web,26588,refunded,,US-C
ORD-009536,2025-01-21T18:18:48Z,web,52018,refunded,,US-E
ORD-009537,2025-08-21T15:17:15Z,partner,8167,completed,,US-E
ORD-009538,2025-09-04T20:08:19Z,partner,80257,active,,US-W
ORD-009539,2025-09-12T22:03:23Z,mobile,78728,refunded,,US-E
ORD-009540,2025-02-26T19:11:28Z,web,57647,refunded,,US-E
ORD-009541,2025-05-13T19:32:19Z,mobile,18391,completed,,US-W
ORD-009542,2025-02-05T15:45:10Z,mobile,19985,active,,US-E
ORD-009543,2025-06-30T15:59:02Z,web,7458,cancelled,,US-W
ORD-009544,2025-09-14T20:30:03Z,mobile,34651,refunded,,CA
ORD-009545,2025-03-06T15:28:56Z,mobile,82789,cancelled,,US-W
ORD-009546,2025-09-27T20:17:40Z,partner,58824,active,,US-W
ORD-009547,2025-05-20T21:26:33Z,mobile,13893,cancelled,,CA
ORD-009548,2025-12-06T16:35:29Z,mobile,40656,cancelled,,CA
ORD-009549,2025-08-01T18:08:03Z,mobile,40772,cancelled,,US-E
ORD-009550,2025-10-04T14:37:21Z,web,75346,active,,US-C
ORD-009551,2025-05-29T16:12:42Z,mobile,86432,cancelled,,US-W
ORD-009552,2025-06-06T15:57:44Z,partner,76285,active,,US-W
ORD-009553,2025-04-23T21:57:44Z,web,3897,completed,,CA
ORD-009554,2025-05-13T20:25:11Z,web,36634,completed,,US-C
ORD-009555,2025-07-23T22:48:40Z,web,85190,active,,US-E
ORD-009556,2025-07-06T19:24:38Z,web,63040,cancelled,,CA
ORD-009557,2025-12-02T22:53:27Z,partner,50184,refunded,,CA
ORD-009558,2025-03-01T16:16:47Z,web,60279,completed,,US-W
ORD-009559,2025-07-05T18:36:00Z,mobile,67618,cancelled,,US-C
ORD-009560,2025-12-06T19:14:16Z,mobile,66616,refunded,,US-E
ORD-009561,2025-10-12T22:00:05Z,web,59325,completed,,CA
ORD-009562,2025-06-09T16:32:44Z,partner,56717,active,,CA
ORD-009563,2025-08-04T20:57:36Z,web,22482,cancelled,,US-W
ORD-009564,2025-03-10T14:14:48Z,mobile,72539,refunded,,CA
ORD-009565,2025-09-28T20:35:58Z,mobile,25213,active,,US-E
ORD-009566,2025-08-18T20:54:22Z,web,54875,completed,,US-E
ORD-009567,2025-12-10T23:53:03Z,mobile,80463,cancelled,,US-W
ORD-009568,2025-12-30T16:46:06Z,partner,35400,completed,,US-C
ORD-009569,2025-07-10T18:15:19Z,mobile,27685,refunded,2025-07-17T03:15:19Z,CA
ORD-009570,2025-05-17T21:53:43Z,mobile,44345,completed,,US-W
ORD-009571,2025-03-05T15:55:57Z,partner,15118,active,,US-W
ORD-009572,2025-05-13T18:57:24Z,partner,43963,active,,US-E
ORD-009573,2025-06-24T07:50:50Z,web,27075,refunded,,US-C
ORD-009574,2025-01-10T16:06:49Z,web,43040,active,,US-W
ORD-009575,2025-07-13T19:50:59Z,partner,63262,completed,,US-C
ORD-009576,2025-01-21T21:24:09Z,web,89821,cancelled,2025-01-26T16:24:09Z,CA
ORD-009577,2025-07-04T20:15:00Z,legacy_pos,48600,active,,US-C
ORD-009578,2025-08-11T16:23:09Z,web,24442,cancelled,,US-E
ORD-009579,2025-11-16T15:54:24Z,partner,6676,refunded,,CA
ORD-009580,2025-06-20T15:03:07Z,partner,61898,completed,,US-W
ORD-009581,2025-07-21T19:49:07Z,web,88738,completed,,US-E
ORD-009582,2025-05-16T16:11:25Z,partner,59971,refunded,,US-E
ORD-009583,2025-03-18T20:02:17Z,web,70008,active,,US-W
ORD-009584,2025-06-24T20:34:10Z,partner,3339,active,,US-W
ORD-009585,2025-02-14T17:35:29Z,partner,50317,completed,,US-E
ORD-009586,2025-12-04T22:03:06Z,web,33285,completed,,US-C
ORD-009587,2025-11-29T19:44:50Z,partner,66128,active,,US-W
ORD-009588,2025-04-19T17:18:54Z,partner,49183,refunded,,US-W
ORD-009589,2025-10-27T22:38:05Z,mobile,57650,cancelled,,CA
ORD-009590,2025-11-17T19:54:31Z,web,11072,cancelled,,US-C
ORD-009591,2025-04-25T22:18:51Z,web,87399,active,2025-05-03T21:18:51Z,US-C
ORD-009592,2025-07-17T20:39:52Z,web,22178,refunded,,CA
ORD-009593,2025-02-24T23:27:02Z,web,47288,cancelled,,US-W
ORD-009594,2025-12-02T21:24:08Z,mobile,68599,cancelled,,US-W
ORD-009595,2025-06-08T15:58:42Z,web,78386,cancelled,,US-E
ORD-009596,2025-06-05T17:56:39Z,mobile,51320,completed,,CA
ORD-009597,2025-08-30T15:57:26Z,mobile,55502,refunded,,US-W
ORD-009598,2025-12-03T21:21:35Z,partner,19617,active,,US-E
ORD-009599,2025-03-05T18:20:49Z,web,52643,refunded,,US-E
ORD-009600,2025-06-21T19:05:50Z,web,23153,cancelled,,US-E
ORD-009601,2025-02-19T15:55:14Z,mobile,40276,cancelled,,US-C
ORD-009602,2025-03-16T21:17:44Z,web,19185,active,,CA
ORD-009603,2025-04-17T16:20:11Z,mobile,76985,cancelled,,US-C
ORD-009604,2025-04-10T21:03:28Z,partner,39650,refunded,,US-E
ORD-009605,2025-06-20T21:30:34Z,partner,25920,completed,,US-C
ORD-009606,2025-05-14T18:12:29Z,mobile,63479,refunded,,US-E
ORD-009607,2025-05-22T19:43:36Z,partner,25986,cancelled,,US-C
ORD-009608,2025-01-19T21:24:35Z,mobile,48037,active,,US-W
ORD-009609,2025-12-19T23:29:05Z,partner,34257,cancelled,,US-W
ORD-009610,2025-03-04T18:23:48Z,legacy_pos,38013,refunded,,US-W
ORD-009611,2025-03-07T23:07:32Z,partner,87192,refunded,,US-E
ORD-009612,2025-10-08T15:45:32Z,web,58515,active,,US-W
ORD-009613,2025-04-30T15:26:31Z,partner,18580,cancelled,,US-C
ORD-009614,2025-12-21T21:57:13Z,partner,629,active,2025-12-29T03:57:13Z,US-W
ORD-009615,2025-07-06T16:00:02Z,mobile,62609,completed,,CA
ORD-009616,2025-12-19T15:35:03Z,partner,20354,completed,,US-W
ORD-009617,2025-06-19T15:46:48Z,partner,89642,completed,,CA
ORD-009618,2025-08-15T16:14:36Z,partner,12923,completed,,CA
ORD-009619,2025-12-16T16:05:12Z,web,22688,cancelled,,US-E
ORD-009620,2025-09-27T18:19:32Z,mobile,41493,active,,CA
ORD-009621,2025-01-16T20:12:30Z,partner,56827,refunded,,US-C
ORD-009622,2025-11-19T20:36:42Z,partner,61434,refunded,,CA
ORD-009623,2025-07-05T14:43:41Z,mobile,21861,active,,US-C
ORD-009624,2025-09-06T01:51:50Z,legacy_pos,29584,active,,US-C
ORD-009625,2025-07-20T22:48:47Z,web,34202,cancelled,,US-C
ORD-009626,2025-04-25T20:02:26Z,mobile,40050,active,,US-W
ORD-009627,2025-10-19T20:47:42Z,web,68909,cancelled,,US-C
ORD-009628,2025-01-14T17:28:43Z,mobile,61717,active,,US-E
ORD-009629,2025-04-26T02:52:08Z,web,5084,refunded,,US-E
ORD-009630,2025-03-28T15:29:07Z,web,5697,cancelled,,US-C
ORD-009631,2025-10-06T17:37:23Z,web,28142,active,,US-W
ORD-009632,2025-05-30T16:10:08Z,mobile,48819,completed,,CA
ORD-009633,2025-07-01T17:02:25Z,mobile,28913,completed,,US-W
ORD-009634,2025-03-03T16:17:36Z,mobile,81960,completed,,US-C
ORD-009635,2025-08-02T20:15:58Z,partner,30327,completed,,CA
ORD-009636,2025-05-16T18:48:17Z,web,35871,completed,,US-W
ORD-009637,2025-04-28T15:36:07Z,web,35065,refunded,,CA
ORD-009638,2025-07-06T15:16:46Z,partner,33151,cancelled,,US-C
ORD-009639,2025-08-23T21:14:00Z,partner,6961,active,,US-C
ORD-009640,2025-11-07T23:03:00Z,web,89170,refunded,,US-C
ORD-009641,2025-07-14T20:59:27Z,mobile,15162,completed,,US-C
ORD-009642,2025-07-28T16:14:32Z,web,76812,refunded,,US-W
ORD-009643,2025-10-29T18:57:34Z,mobile,59779,refunded,,CA
ORD-009644,2025-10-23T18:17:16Z,partner,42145,completed,,US-W
ORD-009645,2025-05-21T16:39:57Z,partner,36971,completed,,US-E
ORD-009646,2025-01-03T15:27:10Z,web,75966,cancelled,,US-E
ORD-009647,2025-06-30T17:56:28Z,mobile,17590,active,,US-C
ORD-009648,2025-04-24T19:44:36Z,partner,15265,refunded,,US-C
ORD-009649,2025-05-06T18:23:28Z,mobile,27031,refunded,,US-C
ORD-009650,2025-06-30T18:00:03Z,partner,67334,active,,US-C
ORD-009651,2025-03-03T18:23:25Z,web,4521,cancelled,,CA
ORD-009652,2025-06-05T21:11:08Z,web,84461,cancelled,,US-E
ORD-009653,2025-05-15T18:39:28Z,partner,59263,cancelled,,US-E
ORD-009654,2025-12-24T19:36:46Z,mobile,75272,active,,US-C
ORD-009655,2025-10-03T16:56:28Z,web,27090,refunded,,US-C
ORD-009656,2025-02-18T22:09:51Z,partner,30896,cancelled,,US-W
ORD-009657,2025-04-23T20:17:20Z,partner,37287,refunded,,CA
ORD-009658,2025-05-05T14:09:29Z,web,46218,active,,US-C
ORD-009659,2025-11-21T21:56:48Z,partner,18686,refunded,,US-E
ORD-009660,2025-03-22T14:58:42Z,web,14975,active,,CA
ORD-009661,2025-11-27T15:28:57Z,legacy_pos,42876,completed,,US-C
ORD-009662,2025-08-27T16:38:24Z,web,76089,cancelled,,US-C
ORD-009663,2025-12-15T16:58:43Z,web,56611,refunded,,CA
ORD-009664,2025-06-29T14:39:11Z,mobile,59339,completed,,US-C
ORD-009665,2025-03-20T15:00:43Z,web,58498,active,,US-C
ORD-009666,2025-03-08T21:22:53Z,legacy_pos,46500,cancelled,,US-W
ORD-009667,2025-06-01T15:49:25Z,partner,10258,completed,,CA
ORD-009668,2025-01-19T20:41:57Z,web,82192,cancelled,,CA
ORD-009669,2025-12-05T19:38:16Z,partner,7132,active,2025-12-10T07:38:16Z,CA
ORD-009670,2025-09-12T16:13:03Z,mobile,60029,completed,,US-E
ORD-009671,2025-08-10T19:37:36Z,web,88329,cancelled,,US-E
ORD-009672,2025-11-30T07:21:01Z,partner,33622,cancelled,,CA
ORD-009673,2025-06-09T20:55:11Z,legacy_pos,60848,cancelled,,US-E
ORD-009674,2025-06-19T17:51:57Z,web,84262,completed,,US-C
ORD-009675,2025-09-06T20:18:59Z,web,82403,cancelled,,US-E
ORD-009676,2025-01-01T21:11:51Z,mobile,41338,refunded,,CA
ORD-009677,2025-04-06T20:45:43Z,mobile,39704,cancelled,,US-E
ORD-009678,2025-07-10T22:11:06Z,partner,42865,active,,US-C
ORD-009679,2025-01-01T19:38:31Z,web,62431,refunded,,CA
ORD-009680,2025-10-23T15:03:04Z,mobile,69534,cancelled,,US-W
ORD-009681,2025-03-02T17:29:45Z,web,57878,active,,US-E
ORD-009682,2025-06-30T14:57:21Z,web,58158,active,,US-E
ORD-009683,2025-05-12T22:21:45Z,mobile,76416,completed,,US-W
ORD-009684,2025-08-18T16:16:08Z,web,9967,cancelled,,US-E
ORD-009685,2025-01-18T23:42:54Z,web,26616,completed,,US-E
ORD-009686,2025-03-09T22:26:46Z,partner,36113,completed,,US-C
ORD-009687,2025-08-31T14:09:44Z,partner,4022,active,,US-C
ORD-009688,2025-04-12T20:53:02Z,web,19180,active,,CA
ORD-009689,2025-08-16T20:11:43Z,web,13141,cancelled,,CA
ORD-009690,2025-05-31T21:18:52Z,web,37326,refunded,,US-C
ORD-009691,2025-09-05T16:41:40Z,mobile,14195,completed,,US-C
ORD-009692,2025-10-21T18:06:50Z,mobile,67242,refunded,,US-W
ORD-009693,2025-11-20T22:28:26Z,mobile,20272,refunded,,CA
ORD-009694,2025-07-18T16:47:44Z,web,83319,cancelled,,CA
ORD-009695,2025-06-15T15:26:38Z,web,52014,refunded,,US-E
ORD-009696,2025-04-04T21:22:10Z,mobile,60435,refunded,,US-W
ORD-009697,2025-07-17T17:01:02Z,mobile,23106,cancelled,,CA
ORD-009698,2025-10-22T20:53:02Z,mobile,20590,cancelled,,US-C
ORD-009699,2025-12-01T23:31:11Z,mobile,27036,refunded,,US-E
ORD-009700,2025-11-30T22:58:13Z,web,73196,active,,US-E
ORD-009701,2025-01-31T19:47:34Z,web,38100,cancelled,,US-W
ORD-009702,2025-03-02T23:33:43Z,web,5708,active,,US-C
ORD-009703,2025-01-20T17:39:32Z,mobile,55616,active,,US-E
ORD-009704,2025-11-07T15:40:15Z,web,6834,completed,,US-C
ORD-009705,2025-03-10T19:21:45Z,partner,79219,cancelled,,US-W
ORD-009706,2025-08-28T20:20:22Z,partner,30911,cancelled,,US-W
ORD-009707,2025-12-24T15:00:52Z,mobile,1337,cancelled,,US-W
ORD-009708,2025-03-21T15:59:18Z,web,32250,active,,US-E
ORD-009709,2025-10-16T17:13:19Z,web,70451,refunded,,US-W
ORD-009710,2025-07-22T18:43:12Z,mobile,26467,refunded,,US-C
ORD-009711,2025-12-08T22:03:07Z,partner,35226,cancelled,,US-W
ORD-009712,2025-08-24T22:46:18Z,partner,9057,cancelled,,CA
ORD-009713,2025-11-29T20:44:12Z,partner,44107,active,,CA
ORD-009714,2025-11-01T17:29:23Z,web,36852,active,,US-E
ORD-009715,2025-01-11T18:07:43Z,mobile,29321,completed,,US-E
ORD-009716,2025-08-26T15:13:36Z,web,1393,refunded,,US-C
ORD-009717,2025-08-26T14:56:34Z,web,26888,refunded,,US-C
ORD-009718,2025-07-17T17:42:45Z,mobile,33493,cancelled,,US-E
ORD-009719,2025-08-13T18:58:30Z,web,44274,refunded,,US-W
ORD-009720,2025-07-21T14:22:30Z,mobile,59566,active,,US-C
ORD-009721,2025-02-23T20:51:23Z,partner,61369,active,,US-W
ORD-009722,2025-03-18T20:03:37Z,mobile,66078,active,,US-W
ORD-009723,2025-11-10T21:43:39Z,partner,41454,refunded,,US-C
ORD-009724,2025-03-12T17:24:40Z,web,29841,active,,CA
ORD-009725,2025-10-25T22:19:05Z,web,28657,cancelled,,US-C
ORD-009726,2025-04-09T22:08:36Z,partner,76636,refunded,,US-W
ORD-009727,2025-04-06T07:45:09Z,mobile,38422,refunded,,CA
ORD-009728,2025-06-19T22:56:03Z,legacy_pos,11500,completed,,US-E
ORD-009729,2025-09-14T16:57:18Z,mobile,6836,active,,CA
ORD-009730,2025-12-23T17:59:49Z,web,29269,completed,,US-C
ORD-009731,2025-02-27T23:37:20Z,mobile,83528,cancelled,,CA
ORD-009732,2025-05-26T20:21:22Z,partner,34888,refunded,,US-C
ORD-009733,2025-07-24T22:25:35Z,partner,89202,active,,US-W
ORD-009734,2025-09-07T17:05:36Z,legacy_pos,22400,completed,,US-E
ORD-009735,2025-12-19T18:57:26Z,partner,9443,cancelled,,US-E
ORD-009736,2025-03-08T20:28:00Z,partner,12460,completed,,CA
ORD-009737,2025-10-13T22:45:12Z,web,80492,active,,CA
ORD-009738,2025-06-05T21:16:59Z,mobile,35567,cancelled,,US-E
ORD-009739,2025-07-18T22:26:13Z,mobile,55576,completed,,CA
ORD-009740,2025-12-26T22:27:18Z,mobile,63704,active,,US-C
ORD-009741,2025-01-23T23:52:14Z,mobile,13950,completed,,US-W
ORD-009742,2025-07-30T19:09:20Z,legacy_pos,1519,completed,,CA
ORD-009743,2025-04-28T18:00:30Z,partner,43139,completed,,US-W
ORD-009744,2025-07-16T16:28:45Z,web,54881,active,,US-W
ORD-009745,2025-01-01T21:26:37Z,mobile,65918,refunded,,US-W
ORD-009746,2025-11-15T19:20:43Z,mobile,23657,completed,,US-E
ORD-009747,2025-03-24T18:34:54Z,partner,48980,completed,,CA
ORD-009748,2025-01-22T15:10:04Z,legacy_pos,49540,completed,,CA
ORD-009749,2025-07-18T21:57:22Z,web,71564,completed,,US-E
ORD-009750,2025-12-13T19:28:57Z,partner,50315,refunded,,US-W
ORD-009751,2025-10-28T17:34:15Z,legacy_pos,52500,completed,,CA
ORD-009752,2025-01-19T22:56:14Z,partner,64478,completed,,US-E
ORD-009753,2025-10-29T19:49:04Z,mobile,40963,cancelled,,US-C
ORD-009754,2025-08-04T21:52:27Z,web,82005,cancelled,,US-C
ORD-009755,2025-03-05T18:09:32Z,partner,7115,active,2025-03-10T18:09:32Z,US-E
ORD-009756,2025-10-29T18:01:22Z,web,24148,cancelled,,US-E
ORD-009757,2025-08-27T22:15:21Z,web,38372,active,,CA
ORD-009758,2025-03-02T18:10:38Z,mobile,21842,cancelled,,US-W
ORD-009759,2025-09-13T17:27:03Z,partner,17566,refunded,,US-C
ORD-009760,2025-03-11T21:41:46Z,web,79062,active,,US-E
ORD-009761,2025-05-14T16:02:12Z,mobile,41047,completed,,US-E
ORD-009762,2025-05-21T17:38:49Z,legacy_pos,39893,active,,US-C
ORD-009763,2025-02-06T19:38:37Z,mobile,71036,active,,US-E
ORD-009764,2025-04-30T14:07:49Z,web,47471,refunded,2025-05-07T10:07:49Z,CA
ORD-009765,2025-11-02T18:00:08Z,mobile,70995,completed,,US-C
ORD-009766,2025-07-01T18:30:21Z,web,27891,active,,US-E
ORD-009767,2025-06-28T14:05:25Z,web,35725,completed,,CA
ORD-009768,2025-07-18T21:09:09Z,web,21399,completed,,CA
ORD-009769,2025-09-29T21:48:48Z,partner,30500,refunded,,US-E
ORD-009770,2025-10-22T18:19:54Z,partner,9591,cancelled,,US-C
ORD-009771,2025-01-18T16:27:46Z,partner,36596,completed,,CA
ORD-009772,2025-04-28T22:15:45Z,web,35720,refunded,,US-W
ORD-009773,2025-11-18T18:05:28Z,web,2760,refunded,,US-W
ORD-009774,2025-12-02T23:34:59Z,partner,85659,cancelled,2025-12-09T15:34:59Z,US-C
ORD-009775,2025-06-20T15:32:48Z,legacy_pos,84600,refunded,,US-W
ORD-009776,2025-09-01T20:29:39Z,partner,32091,completed,,US-C
ORD-009777,2025-09-21T19:01:40Z,mobile,27445,refunded,,US-E
ORD-009778,2025-11-07T16:48:03Z,web,65789,refunded,,CA
ORD-009779,2025-06-10T14:34:53Z,partner,84083,completed,,US-E
ORD-009780,2025-10-16T15:12:09Z,mobile,84654,refunded,,US-C
ORD-009781,2025-12-15T22:24:38Z,partner,42293,completed,,US-E
ORD-009782,2025-07-10T18:51:15Z,partner,21883,completed,,US-W
ORD-009783,2025-09-30T17:36:40Z,partner,51025,cancelled,,CA
ORD-009784,2025-09-07T21:27:24Z,partner,44452,refunded,,US-E
ORD-009785,2025-08-15T20:16:29Z,mobile,38964,cancelled,,US-E
ORD-009786,2025-11-06T15:53:03Z,partner,79625,cancelled,,US-E
ORD-009787,2025-06-28T21:16:26Z,web,31994,completed,,US-C
ORD-009788,2025-08-09T20:36:00Z,web,74210,refunded,,US-W
ORD-009789,2025-05-13T22:48:52Z,partner,4565,completed,,US-C
ORD-009790,2025-03-22T21:07:05Z,web,82662,cancelled,,US-E
ORD-009791,2025-08-15T22:41:56Z,legacy_pos,26100,active,,US-C
ORD-009792,2025-08-07T17:34:50Z,web,77070,completed,,US-W
ORD-009793,2025-04-24T22:55:00Z,partner,22766,active,,US-C
ORD-009794,2025-01-22T17:33:15Z,partner,44401,active,,CA
ORD-009795,2025-08-31T19:54:06Z,web,57383,completed,,CA
ORD-009796,2025-11-04T15:37:13Z,web,21635,cancelled,,CA
ORD-009797,2025-10-26T19:13:35Z,mobile,12143,active,,CA
ORD-009798,2025-09-18T15:10:29Z,partner,14996,completed,,US-W
ORD-009799,2025-05-07T18:54:03Z,web,48162,completed,,US-W
ORD-009800,2025-10-26T14:53:08Z,partner,17727,cancelled,,CA
ORD-009801,2025-09-29T20:11:23Z,mobile,46190,active,,US-C
ORD-009802,2025-08-04T14:55:10Z,partner,64078,refunded,,CA
ORD-009803,2025-11-05T19:16:27Z,mobile,32714,refunded,,US-W
ORD-009804,2025-01-26T19:53:39Z,partner,88721,active,,US-W
ORD-009805,2025-02-13T18:20:33Z,mobile,63129,active,,CA
ORD-009806,2025-08-10T19:17:38Z,partner,2563,refunded,,US-W
ORD-009807,2025-08-01T15:04:58Z,mobile,56053,refunded,,CA
ORD-009808,2025-11-21T20:01:52Z,partner,74676,completed,,CA
ORD-009809,2025-08-01T18:18:17Z,mobile,81103,completed,,US-C
ORD-009810,2025-11-02T23:20:40Z,mobile,70883,refunded,,CA
ORD-009811,2025-04-29T18:39:49Z,partner,38343,cancelled,,US-E
ORD-009812,2025-10-03T15:08:31Z,web,80987,cancelled,,US-W
ORD-009813,2025-01-02T21:15:33Z,partner,17961,cancelled,,CA
ORD-009814,2025-10-17T16:17:48Z,partner,10691,refunded,,US-W
ORD-009815,2025-06-30T18:27:56Z,web,52506,refunded,,CA
ORD-009816,2025-02-13T22:02:16Z,web,87401,active,,US-C
ORD-009817,2025-04-29T15:59:07Z,partner,72661,refunded,,US-C
ORD-009818,2025-09-29T18:07:06Z,web,32047,refunded,,US-E
ORD-009819,2025-11-30T16:36:29Z,mobile,86893,refunded,,US-W
ORD-009820,2025-01-14T15:18:27Z,partner,57360,refunded,,CA
ORD-009821,2025-09-30T14:22:10Z,web,42297,cancelled,,US-C
ORD-009822,2025-07-01T15:39:54Z,web,45252,cancelled,,US-E
ORD-009823,2025-01-27T19:41:00Z,mobile,85464,cancelled,,US-C
ORD-009824,2025-02-01T22:38:47Z,mobile,19149,cancelled,,CA
ORD-009825,2025-03-31T04:58:47Z,partner,39708,cancelled,,US-E
ORD-009826,2025-09-27T17:00:24Z,mobile,14780,active,,CA
ORD-009827,2025-11-18T22:40:18Z,mobile,15850,refunded,,US-C
ORD-009828,2025-08-29T21:31:29Z,mobile,59171,cancelled,,US-C
ORD-009829,2025-07-25T14:31:29Z,web,14693,active,,US-C
ORD-009830,2025-06-29T14:56:28Z,web,38143,completed,,US-E
ORD-009831,2025-01-26T16:26:19Z,mobile,23810,completed,,US-E
ORD-009832,2025-10-12T20:33:30Z,mobile,13540,completed,,CA
ORD-009833,2025-11-23T16:07:49Z,partner,36777,active,,CA
ORD-009834,2025-07-11T17:43:36Z,web,61666,active,,CA
ORD-009835,2025-01-18T22:09:24Z,mobile,31811,refunded,,US-C
ORD-009836,2025-09-06T19:36:04Z,mobile,86154,completed,,US-W
ORD-009837,2025-02-17T15:03:39Z,partner,14235,completed,,US-E
ORD-009838,2025-01-11T22:46:34Z,web,50368,refunded,,US-C
ORD-009839,2025-12-27T02:52:57Z,legacy_pos,80073,cancelled,,US-E
ORD-009840,2025-10-16T18:22:34Z,partner,69996,cancelled,,US-W
ORD-009841,2025-04-10T22:33:30Z,web,43990,cancelled,,US-W
ORD-009842,2025-02-09T23:35:18Z,partner,8778,refunded,,US-C
ORD-009843,2025-07-11T16:34:46Z,mobile,32014,active,,US-W
ORD-009844,2025-02-05T18:39:44Z,mobile,25865,completed,,US-W
ORD-009845,2025-02-03T18:48:33Z,web,66275,completed,,US-E
ORD-009846,2025-10-21T20:57:44Z,partner,89370,refunded,,US-C
ORD-009847,2025-03-11T21:12:20Z,web,69432,cancelled,,CA
ORD-009848,2025-07-27T17:45:06Z,mobile,10690,refunded,,US-W
ORD-009849,2025-08-17T20:08:12Z,web,61966,active,,US-E
ORD-009850,2025-06-06T19:08:30Z,web,66436,refunded,,US-E
ORD-009851,2025-07-08T15:57:45Z,partner,75953,completed,,US-C
ORD-009852,2025-02-02T20:30:42Z,web,84059,active,,US-W
ORD-009853,2025-11-13T16:53:51Z,mobile,6032,completed,,US-W
ORD-009854,2025-01-04T17:20:58Z,partner,39160,refunded,,US-C
ORD-009855,2025-05-30T07:13:18Z,mobile,32834,active,,CA
ORD-009856,2025-05-14T18:55:59Z,web,81174,refunded,,US-C
ORD-009857,2025-05-12T20:48:32Z,legacy_pos,85300,cancelled,,US-W
ORD-009858,2025-01-20T17:26:19Z,mobile,3427,refunded,,CA
ORD-009859,2025-04-23T20:06:22Z,web,9306,cancelled,,CA
ORD-009860,2025-12-26T17:14:14Z,partner,7438,cancelled,,US-C
ORD-009861,2025-06-23T14:01:43Z,partner,17145,completed,,US-E
ORD-009862,2025-09-27T20:42:21Z,mobile,36286,active,,US-C
ORD-009863,2025-09-05T16:34:49Z,web,60410,cancelled,,US-E
ORD-009864,2025-10-05T21:51:09Z,mobile,31693,refunded,,US-E
ORD-009865,2025-11-18T15:18:05Z,partner,19250,active,,US-W
ORD-009866,2025-05-18T14:59:08Z,web,73438,completed,,US-W
ORD-009867,2025-07-09T17:17:58Z,mobile,6964,completed,,US-E
ORD-009868,2025-10-17T17:28:34Z,partner,33311,active,,US-C
ORD-009869,2025-09-08T18:30:38Z,legacy_pos,21981,cancelled,,US-C
ORD-009870,2025-04-14T16:21:26Z,mobile,19572,completed,,CA
ORD-009871,2025-07-09T17:33:53Z,web,60270,completed,,CA
ORD-009872,2025-12-30T18:19:11Z,web,74417,completed,,US-C
ORD-009873,2025-05-22T14:37:16Z,mobile,14279,refunded,,US-E
ORD-009874,2025-07-27T21:35:17Z,web,51881,refunded,,CA
ORD-009875,2025-06-14T15:21:59Z,web,64847,active,,CA
ORD-009876,2025-10-25T14:52:17Z,web,79055,active,,US-C
ORD-009877,2025-11-11T19:49:19Z,mobile,73500,refunded,,US-E
ORD-009878,2025-03-13T15:44:44Z,web,44045,refunded,,US-E
ORD-009879,2025-01-26T20:30:33Z,partner,36069,active,2025-01-30T15:30:33Z,US-C
ORD-009880,2025-10-26T15:52:36Z,mobile,52587,completed,,CA
ORD-009881,2025-12-10T17:47:13Z,mobile,60503,completed,,CA
ORD-009882,2025-11-17T17:29:59Z,mobile,70552,completed,,US-E
ORD-009883,2025-04-03T22:26:06Z,mobile,67161,completed,,CA
ORD-009884,2025-05-05T22:29:25Z,web,64973,refunded,,US-C
ORD-009885,2025-12-15T19:24:51Z,mobile,39737,completed,,US-W
ORD-009886,2025-11-30T19:08:06Z,web,67766,completed,,US-W
ORD-009887,2025-11-30T15:29:27Z,mobile,76799,cancelled,,US-W
ORD-009888,2025-11-12T17:24:09Z,mobile,60838,cancelled,,US-W
ORD-009889,2025-03-15T17:02:43Z,mobile,10763,refunded,,CA
ORD-009890,2025-07-02T21:41:04Z,web,43066,cancelled,,US-E
ORD-009891,2025-03-08T15:47:50Z,partner,83143,cancelled,,US-E
ORD-009892,2025-04-26T20:57:51Z,web,9617,completed,,US-C
ORD-009893,2025-02-21T17:37:04Z,mobile,49585,active,,CA
ORD-009894,2025-09-05T18:11:21Z,web,68086,completed,,CA
ORD-009895,2025-01-22T16:32:57Z,mobile,61542,cancelled,,US-C
ORD-009896,2025-11-26T16:14:57Z,partner,7174,active,,CA
ORD-009897,2025-06-13T16:57:26Z,web,28180,refunded,,US-C
ORD-009898,2025-02-10T20:59:45Z,web,58797,completed,,US-E
ORD-009899,2025-12-31T19:24:47Z,partner,59445,completed,,US-W
ORD-009900,2025-05-20T17:53:27Z,mobile,70528,active,,US-W
ORD-009901,2025-05-17T19:27:56Z,mobile,50296,cancelled,2025-05-22T01:27:56Z,US-W
ORD-009902,2025-08-27T15:18:10Z,web,28372,refunded,,CA
ORD-009903,2025-10-31T14:50:01Z,partner,1331,active,,CA
ORD-009904,2025-05-22T20:20:13Z,web,84543,refunded,,US-C
ORD-009905,2025-07-31T20:30:42Z,web,87920,cancelled,,US-E
ORD-009906,2025-10-03T21:37:11Z,mobile,48511,cancelled,,US-W
ORD-009907,2025-07-17T21:06:16Z,web,64360,refunded,,CA
ORD-009908,2025-04-26T14:46:52Z,mobile,72880,refunded,,US-E
ORD-009909,2025-05-28T21:40:04Z,partner,46654,refunded,,US-E
ORD-009910,2025-12-09T20:02:02Z,web,50201,active,,US-W
ORD-009911,2025-12-26T17:39:49Z,web,4886,refunded,,US-C
ORD-009912,2025-07-11T14:14:05Z,web,54630,refunded,,CA
ORD-009913,2025-08-16T18:45:35Z,legacy_pos,25200,active,,US-E
ORD-009914,2025-04-10T15:49:12Z,web,43815,completed,,US-C
ORD-009915,2025-03-20T22:25:53Z,mobile,46927,refunded,,CA
ORD-009916,2025-08-27T21:02:42Z,web,14649,cancelled,,CA
ORD-009917,2025-08-18T19:45:37Z,web,72941,active,,CA
ORD-009918,2025-02-03T15:40:53Z,partner,77480,active,,US-C
ORD-009919,2025-06-22T22:05:16Z,mobile,82502,completed,,US-W
ORD-009920,2025-03-24T14:31:02Z,partner,39423,active,,US-W
ORD-009921,2025-03-14T17:35:04Z,legacy_pos,35300,completed,,US-W
ORD-009922,2025-11-18T17:44:37Z,partner,36897,refunded,,CA
ORD-009923,2025-06-17T22:26:54Z,web,66858,cancelled,,US-C
ORD-009924,2025-05-27T21:50:43Z,partner,24393,completed,,US-W
ORD-009925,2025-11-28T19:24:10Z,partner,61731,refunded,,US-C
ORD-009926,2025-04-05T20:50:08Z,web,3308,completed,,CA
ORD-009927,2025-12-05T19:06:37Z,mobile,5738,active,,CA
ORD-009928,2025-07-27T19:55:51Z,web,68526,cancelled,,US-C
ORD-009929,2025-02-12T18:07:42Z,web,69894,cancelled,,US-W
ORD-009930,2025-01-04T20:52:38Z,partner,9527,completed,,CA
ORD-009931,2025-06-24T01:34:16Z,legacy_pos,67861,refunded,,US-W
ORD-009932,2025-08-31T19:31:28Z,web,69335,completed,,CA
ORD-009933,2025-09-20T19:29:32Z,partner,5245,completed,,US-C
ORD-009934,2025-01-11T19:05:11Z,web,31215,cancelled,,CA
ORD-009935,2025-03-29T21:58:23Z,partner,34932,completed,,US-E
ORD-009936,2025-03-02T15:14:46Z,web,70347,cancelled,,US-C
ORD-009937,2025-12-13T15:44:37Z,web,8724,refunded,,CA
ORD-009938,2025-05-15T22:46:51Z,web,71368,active,,CA
ORD-009939,2025-03-03T20:21:22Z,web,49510,active,,US-W
ORD-009940,2025-06-11T18:28:38Z,partner,50466,cancelled,,US-W
ORD-009941,2025-01-31T15:12:43Z,partner,47180,completed,,CA
ORD-009942,2025-07-13T17:12:14Z,web,77874,refunded,,US-E
ORD-009943,2025-04-19T18:20:46Z,partner,15440,refunded,,US-C
ORD-009944,2025-04-15T18:57:39Z,mobile,1380,cancelled,,US-W
ORD-009945,2025-07-09T20:08:05Z,mobile,31435,active,,US-C
ORD-009946,2025-11-30T23:16:49Z,partner,5929,refunded,,US-C
ORD-009947,2025-03-23T19:47:25Z,web,59655,cancelled,,CA
ORD-009948,2025-11-30T23:50:55Z,web,62384,completed,,US-C
ORD-009949,2025-07-17T14:12:24Z,web,45687,cancelled,,CA
ORD-009950,2025-05-10T19:36:47Z,web,63976,cancelled,,US-W
ORD-009951,2025-03-05T21:37:53Z,mobile,61117,cancelled,,CA
ORD-009952,2025-03-22T19:58:25Z,partner,53564,active,,US-W
ORD-009953,2025-03-31T18:20:56Z,web,74305,completed,,US-W
ORD-009954,2025-05-31T20:52:17Z,mobile,79203,refunded,,US-C
ORD-009955,2025-11-10T07:47:38Z,web,53308,active,,US-W
ORD-009956,2025-04-21T18:43:19Z,partner,76038,active,,US-C
ORD-009957,2025-06-20T16:46:12Z,web,10853,cancelled,,US-C
ORD-009958,2025-12-15T19:16:39Z,web,84544,active,,CA
ORD-009959,2025-04-19T16:38:52Z,mobile,67604,refunded,,US-E
ORD-009960,2025-12-10T21:57:03Z,web,23046,cancelled,,US-C
ORD-009961,2025-05-11T22:23:12Z,partner,58627,active,,US-W
ORD-009962,2025-07-06T17:04:58Z,mobile,67443,refunded,,US-W
ORD-009963,2025-02-25T16:10:36Z,legacy_pos,83100,active,,CA
ORD-009964,2025-11-10T18:36:24Z,mobile,83267,refunded,,US-W
ORD-009965,2025-07-10T21:36:19Z,mobile,49415,completed,,US-E
ORD-009966,2025-08-07T18:53:37Z,mobile,11378,active,,US-W
ORD-009967,2025-10-25T20:25:10Z,web,29508,completed,,US-W
ORD-009968,2025-08-31T16:48:12Z,mobile,67263,refunded,,US-E
ORD-009969,2025-01-31T20:59:33Z,web,56014,refunded,,CA
ORD-009970,2025-09-28T14:24:28Z,web,86682,completed,,US-E
ORD-009971,2025-03-07T23:01:15Z,partner,24376,active,,US-W
ORD-009972,2025-05-04T22:26:13Z,partner,23828,completed,,US-W
ORD-009973,2025-02-07T23:27:11Z,partner,82270,cancelled,,CA
ORD-009974,2025-03-17T18:21:13Z,mobile,74474,cancelled,,CA
ORD-009975,2025-12-07T19:44:06Z,web,38999,refunded,,US-C
ORD-009976,2025-07-13T19:41:55Z,mobile,86345,completed,,US-C
ORD-009977,2025-07-30T15:10:45Z,web,74347,cancelled,,US-W
ORD-009978,2025-04-23T18:25:07Z,web,56905,active,,US-C
ORD-009979,2025-06-14T22:12:20Z,legacy_pos,29200,refunded,,US-W
ORD-009980,2025-12-30T20:35:19Z,mobile,5354,cancelled,,CA
ORD-009981,2025-03-14T22:11:31Z,web,3999,cancelled,,US-E
ORD-009982,2025-01-09T17:35:06Z,web,3279,active,,US-C
ORD-009983,2025-10-27T18:25:52Z,mobile,33132,completed,,US-E
ORD-009984,2025-03-11T19:06:04Z,partner,41229,refunded,,US-C
ORD-009985,2025-09-19T18:34:34Z,partner,76773,completed,,US-C
ORD-009986,2025-12-21T15:26:39Z,legacy_pos,70800,cancelled,,US-W
ORD-009987,2025-10-01T21:23:49Z,mobile,27685,refunded,,US-C
ORD-009988,2025-07-01T16:12:39Z,partner,23345,completed,2025-07-05T22:12:39Z,US-E
ORD-009989,2025-01-23T23:04:43Z,web,13929,completed,,US-C
ORD-009990,2025-08-29T17:20:59Z,mobile,885,active,,CA
ORD-009991,2025-03-23T21:30:41Z,web,5144,completed,,US-C
ORD-009992,2025-09-24T16:44:11Z,mobile,62201,cancelled,,US-C
ORD-009993,2025-04-29T16:19:34Z,mobile,30498,cancelled,,CA
ORD-009994,2025-05-16T17:33:55Z,partner,56664,completed,,US-W
ORD-009995,2025-04-17T17:00:30Z,web,60702,cancelled,,US-W
ORD-009996,2025-07-08T22:52:24Z,mobile,46210,active,,US-C
ORD-009997,2025-04-22T15:30:49Z,mobile,24990,completed,,US-W
ORD-009998,2025-01-28T18:06:43Z,web,6315,active,,US-E
ORD-009999,2025-06-08T15:28:44Z,partner,10951,active,,CA
ORD-010000,2025-07-29T15:38:42Z,partner,25858,active,,US-E
ORD-010001,2025-10-11T21:55:29Z,partner,61161,active,,CA
ORD-010002,2025-03-09T19:29:48Z,web,9736,active,,US-E
ORD-010003,2025-06-01T16:26:22Z,mobile,36359,cancelled,,US-C
ORD-010004,2025-10-30T20:19:54Z,mobile,68090,refunded,2025-11-07T04:19:54Z,US-W
ORD-010005,2025-11-19T05:58:03Z,mobile,3848,cancelled,,US-C
ORD-010006,2025-11-09T23:00:47Z,mobile,81532,cancelled,,CA
ORD-010007,2025-05-02T22:39:20Z,mobile,17279,active,,US-W
ORD-010008,2025-07-02T18:41:50Z,partner,11728,refunded,,US-W
ORD-010009,2025-09-13T18:55:34Z,mobile,66982,active,,US-C
ORD-010010,2025-01-29T21:39:09Z,web,80041,refunded,,US-E
ORD-010011,2025-04-20T16:11:20Z,web,10566,active,,CA
ORD-010012,2025-10-11T14:05:55Z,mobile,18650,completed,,US-W
ORD-010013,2025-12-30T20:17:49Z,mobile,24457,refunded,,US-W
ORD-010014,2025-03-06T22:49:03Z,partner,18768,cancelled,,CA
ORD-010015,2025-02-18T16:37:36Z,web,39345,completed,,CA
ORD-010016,2025-11-06T19:50:01Z,partner,16010,refunded,,US-W
ORD-010017,2025-01-29T22:50:50Z,legacy_pos,7300,completed,,US-C
ORD-010018,2025-11-29T20:07:51Z,partner,70704,cancelled,,US-C
ORD-010019,2025-01-11T17:19:24Z,partner,86055,refunded,,US-E
ORD-010020,2025-12-14T15:44:14Z,mobile,37723,cancelled,,US-W
ORD-010021,2025-09-11T18:52:01Z,partner,45309,refunded,,US-E
ORD-010022,2025-07-13T17:49:54Z,partner,62982,cancelled,,US-E
ORD-010023,2025-03-17T21:08:44Z,partner,42700,completed,,US-C
ORD-010024,2025-02-01T21:12:28Z,partner,34044,completed,,CA
ORD-010025,2025-04-20T21:01:30Z,legacy_pos,82200,completed,,US-C
ORD-010026,2025-01-30T23:26:02Z,mobile,25682,cancelled,,US-E
ORD-010027,2025-07-04T15:39:47Z,partner,49404,refunded,,US-W
ORD-010028,2025-12-24T21:31:59Z,mobile,26350,cancelled,,US-W
ORD-010029,2025-08-08T22:44:32Z,mobile,4346,completed,,CA
ORD-010030,2025-12-19T17:29:27Z,partner,48447,completed,,CA
ORD-010031,2025-11-08T23:42:49Z,mobile,40862,refunded,2025-11-15T20:42:49Z,US-C
ORD-010032,2025-12-25T21:18:44Z,partner,47728,cancelled,,US-E
ORD-010033,2025-02-21T19:23:55Z,mobile,57711,active,,US-C
ORD-010034,2025-12-21T17:58:06Z,mobile,16240,refunded,,US-C
ORD-010035,2025-06-27T17:05:05Z,partner,69107,refunded,,CA
ORD-010036,2025-11-13T19:27:19Z,partner,19235,refunded,,US-C
ORD-010037,2025-09-25T21:40:12Z,mobile,79521,refunded,,US-C
ORD-010038,2025-06-16T19:54:01Z,partner,63501,refunded,,US-W
ORD-010039,2025-04-28T15:31:32Z,web,3353,active,,US-E
ORD-010040,2025-04-01T20:06:23Z,mobile,60966,refunded,,CA
ORD-010041,2025-02-27T18:54:07Z,mobile,38220,cancelled,,US-E
ORD-010042,2025-03-14T17:51:36Z,partner,45409,active,,CA
ORD-010043,2025-03-14T19:45:12Z,partner,34778,refunded,,CA
ORD-010044,2025-06-26T20:10:50Z,partner,26276,completed,,US-E
ORD-010045,2025-04-27T22:50:32Z,web,43591,active,,US-E
ORD-010046,2025-01-01T22:13:46Z,web,29592,active,,CA
ORD-010047,2025-12-27T21:46:09Z,partner,83622,active,,US-C
ORD-010048,2025-11-28T18:15:17Z,web,89237,cancelled,,US-W
ORD-010049,2025-05-30T14:27:26Z,web,25685,active,,CA
ORD-010050,2025-09-03T16:27:30Z,partner,2109,active,,US-W
ORD-010051,2025-11-29T23:56:05Z,mobile,75871,refunded,,US-W
ORD-010052,2025-01-16T16:25:58Z,partner,22445,active,,CA
ORD-010053,2025-09-18T17:56:01Z,mobile,78400,refunded,,US-C
ORD-010054,2025-07-22T21:44:59Z,web,60911,active,,US-W
ORD-010055,2025-08-02T21:59:20Z,web,80576,cancelled,,US-W
ORD-010056,2025-07-25T17:48:02Z,mobile,79813,completed,,US-C
ORD-010057,2025-10-09T21:42:17Z,mobile,11626,cancelled,,CA
ORD-010058,2025-07-11T21:54:10Z,partner,87811,cancelled,,CA
ORD-010059,2025-05-16T22:11:01Z,mobile,52449,active,,US-W
ORD-010060,2025-07-27T19:09:25Z,mobile,78459,active,,CA
ORD-010061,2025-03-02T16:44:05Z,legacy_pos,42500,refunded,,US-C
ORD-010062,2025-06-08T14:59:44Z,web,89286,refunded,,US-E
ORD-010063,2025-11-23T22:37:35Z,partner,51235,refunded,,US-W
ORD-010064,2025-06-25T16:20:03Z,web,51390,completed,,US-W
ORD-010065,2025-09-15T16:44:40Z,partner,42347,completed,,US-C
ORD-010066,2025-09-23T20:11:11Z,partner,77214,cancelled,,US-W
ORD-010067,2025-07-22T22:26:23Z,web,30135,refunded,,US-C
ORD-010068,2025-09-08T19:19:23Z,partner,57860,completed,,US-C
ORD-010069,2025-02-08T22:52:24Z,legacy_pos,40000,cancelled,,US-E
ORD-010070,2025-10-19T19:15:44Z,partner,28615,cancelled,,US-C
ORD-010071,2025-09-29T19:21:27Z,partner,24230,active,,CA
ORD-010072,2025-03-04T18:51:25Z,web,76620,completed,,CA
ORD-010073,2025-08-03T21:45:45Z,partner,21030,cancelled,,US-E
ORD-010074,2025-03-29T20:47:36Z,web,83196,cancelled,,US-E
ORD-010075,2025-04-02T15:17:30Z,web,3027,completed,,CA
ORD-010076,2025-12-01T20:24:53Z,mobile,83184,completed,,CA
ORD-010077,2025-09-12T14:06:48Z,web,47212,completed,,US-W
ORD-010078,2025-02-27T21:16:44Z,partner,75307,refunded,,CA
ORD-010079,2025-05-12T18:58:40Z,web,40229,active,,US-E
ORD-010080,2025-02-08T23:00:30Z,mobile,67152,refunded,,US-E
ORD-010081,2025-11-21T22:49:58Z,mobile,62281,completed,,CA
ORD-010082,2025-07-08T16:17:56Z,partner,64881,completed,,US-C
ORD-010083,2025-10-24T19:02:06Z,partner,68997,completed,,US-C
ORD-010084,2025-10-05T18:08:42Z,mobile,12383,cancelled,,US-C
ORD-010085,2025-01-09T18:57:23Z,partner,12945,active,,US-W
ORD-010086,2025-06-26T19:48:56Z,web,77069,active,,US-W
ORD-010087,2025-12-16T23:43:07Z,partner,23312,refunded,,US-E
ORD-010088,2025-05-10T19:44:44Z,mobile,29746,refunded,,US-C
ORD-010089,2025-11-17T21:21:22Z,partner,30159,cancelled,,US-C
ORD-010090,2025-09-03T19:39:07Z,partner,32737,refunded,,CA
ORD-010091,2025-07-16T18:52:05Z,mobile,45664,active,,US-W
ORD-010092,2025-03-31T20:06:40Z,partner,49213,cancelled,,US-C
ORD-010093,2025-11-08T16:29:27Z,mobile,47291,active,,US-W
ORD-010094,2025-10-20T20:28:30Z,mobile,32235,active,,CA
ORD-010095,2025-03-28T16:42:10Z,web,75023,refunded,,US-E
ORD-010096,2025-10-24T16:44:16Z,web,43576,refunded,,US-C
ORD-010097,2025-08-28T16:05:39Z,legacy_pos,45200,active,,US-W
ORD-010098,2025-10-21T14:31:00Z,web,78962,refunded,,US-C
ORD-010099,2025-03-18T16:40:06Z,web,35325,cancelled,,US-C
ORD-010100,2025-05-26T22:23:46Z,mobile,7331,active,,US-C
ORD-010101,2025-10-11T20:01:08Z,web,24448,cancelled,,US-C
ORD-010102,2025-04-19T22:36:49Z,web,48109,active,,US-W
ORD-010103,2025-04-02T19:51:38Z,web,76199,refunded,,US-C
ORD-010104,2025-09-08T19:36:30Z,partner,1046,cancelled,,US-E
ORD-010105,2025-04-02T17:44:13Z,web,45802,active,,US-C
ORD-010106,2025-11-06T21:17:30Z,partner,3633,active,,US-C
ORD-010107,2025-02-07T19:35:47Z,partner,74826,active,,US-E
ORD-010108,2025-01-11T22:59:20Z,mobile,18732,refunded,,CA
ORD-010109,2025-07-26T20:30:09Z,partner,54955,completed,,US-E
ORD-010110,2025-02-26T18:24:21Z,mobile,26823,active,,US-C
ORD-010111,2025-12-14T23:47:39Z,web,88134,active,,US-C
ORD-010112,2025-01-17T21:10:40Z,web,32325,active,2025-01-25T01:10:40Z,CA
ORD-010113,2025-04-24T22:51:58Z,partner,7041,cancelled,,US-E
ORD-010114,2025-07-19T18:00:27Z,mobile,54747,completed,,CA
ORD-010115,2025-07-06T15:02:13Z,web,45454,cancelled,,US-W
ORD-010116,2025-08-21T20:32:41Z,web,47334,refunded,,CA
ORD-010117,2025-11-18T17:47:19Z,partner,3326,completed,,US-W
ORD-010118,2025-11-14T16:02:09Z,legacy_pos,77500,completed,,CA
ORD-010119,2025-01-17T20:05:47Z,mobile,4621,refunded,,US-E
ORD-010120,2025-08-28T22:02:25Z,mobile,57907,cancelled,,CA
ORD-010121,2025-03-11T21:11:44Z,web,53570,active,,US-W
ORD-010122,2025-01-28T21:04:47Z,mobile,79724,refunded,,US-C
ORD-010123,2025-08-26T17:09:21Z,mobile,2582,refunded,,US-W
ORD-010124,2025-06-22T14:51:15Z,web,89380,active,,US-W
ORD-010125,2025-12-31T21:37:44Z,web,26961,refunded,,CA
ORD-010126,2025-12-12T20:29:02Z,web,79154,completed,2025-12-18T07:29:02Z,US-E
ORD-010127,2025-07-06T22:11:12Z,web,53791,refunded,,US-E
ORD-010128,2025-02-11T18:37:09Z,partner,79428,active,,US-W
ORD-010129,2025-10-29T22:30:47Z,web,40641,cancelled,,US-W
ORD-010130,2025-01-09T18:20:05Z,web,27538,active,,CA
ORD-010131,2025-10-05T14:01:48Z,mobile,51842,cancelled,,US-C
ORD-010132,2025-01-30T23:45:33Z,partner,31136,active,,US-C
ORD-010133,2025-06-26T18:09:13Z,partner,64035,refunded,,US-E
ORD-010134,2025-08-20T17:29:45Z,web,67385,cancelled,,US-W
ORD-010135,2025-09-30T04:20:33Z,mobile,87284,completed,,US-W
ORD-010136,2025-03-20T18:04:23Z,web,9078,completed,,US-W
ORD-010137,2025-10-21T16:57:49Z,web,34735,active,,US-C
ORD-010138,2025-10-24T16:06:37Z,mobile,68430,refunded,,CA
ORD-010139,2025-11-21T18:01:30Z,partner,28234,completed,,US-E
ORD-010140,2025-05-24T17:56:18Z,web,8146,cancelled,,US-C
ORD-010141,2025-06-04T17:06:59Z,mobile,87038,cancelled,,US-C
ORD-010142,2025-05-05T17:47:09Z,web,59739,active,,US-E
ORD-010143,2025-08-14T15:36:12Z,mobile,4885,completed,,US-E
ORD-010144,2025-01-21T20:19:37Z,web,85271,cancelled,,CA
ORD-010145,2025-08-02T20:40:10Z,mobile,79896,active,,US-E
ORD-010146,2025-05-17T20:49:55Z,partner,34480,completed,,CA
ORD-010147,2025-03-25T21:53:58Z,partner,56590,refunded,,US-C
ORD-010148,2025-02-03T23:19:44Z,partner,54112,cancelled,,US-E
ORD-010149,2025-03-07T18:03:00Z,partner,24789,cancelled,,US-C
ORD-010150,2025-05-19T22:07:01Z,web,14216,cancelled,,US-W
ORD-010151,2025-07-29T19:17:23Z,partner,41833,completed,,CA
ORD-010152,2025-10-31T18:01:54Z,web,78719,refunded,,US-E
ORD-010153,2025-08-26T15:20:58Z,mobile,44560,cancelled,,US-C
ORD-010154,2025-02-24T20:29:47Z,mobile,85766,active,,US-E
ORD-010155,2025-12-16T19:53:27Z,mobile,27759,cancelled,,CA
ORD-010156,2025-08-30T15:10:06Z,web,10341,active,,CA
ORD-010157,2025-06-06T19:45:10Z,partner,60462,refunded,,US-E
ORD-010158,2025-12-22T19:16:55Z,web,50280,cancelled,,CA
ORD-010159,2025-04-18T16:42:13Z,web,81195,refunded,,US-C
ORD-010160,2025-08-29T14:58:19Z,partner,86887,refunded,,US-W
ORD-010161,2025-03-21T21:04:56Z,partner,82212,completed,,CA
ORD-010162,2025-08-28T18:07:46Z,partner,68054,refunded,,CA
ORD-010163,2025-12-22T19:53:48Z,partner,78252,cancelled,,US-C
ORD-010164,2025-06-21T16:15:02Z,partner,15203,cancelled,,US-E
ORD-010165,2025-12-19T18:10:36Z,web,81914,completed,,US-C
ORD-010166,2025-01-04T20:42:10Z,web,66562,active,,US-E
ORD-010167,2025-06-03T14:30:48Z,partner,52315,active,,US-E
ORD-010168,2025-02-20T16:24:58Z,mobile,8563,completed,,US-C
ORD-010169,2025-09-26T19:48:31Z,mobile,52083,refunded,,US-C
ORD-010170,2025-07-05T19:40:15Z,partner,23218,refunded,2025-07-07T12:40:15Z,US-W
ORD-010171,2025-06-03T21:38:56Z,mobile,33686,cancelled,2025-06-04T01:38:56Z,CA
ORD-010172,2025-11-09T17:14:45Z,partner,1100,active,,US-C
ORD-010173,2025-01-10T22:15:02Z,web,35187,refunded,2025-01-17T16:15:02Z,US-W
ORD-010174,2025-03-06T19:48:51Z,web,63589,cancelled,,US-C
ORD-010175,2025-08-03T17:21:42Z,partner,1761,completed,,CA
ORD-010176,2025-04-18T18:45:46Z,partner,16155,cancelled,,US-W
ORD-010177,2025-07-14T22:22:20Z,web,48021,refunded,,US-E
ORD-010178,2025-02-13T15:25:42Z,partner,76470,completed,,US-E
ORD-010179,2025-09-13T21:28:01Z,partner,12296,cancelled,,CA
ORD-010180,2025-10-01T18:02:10Z,partner,35160,refunded,,US-W
ORD-010181,2025-11-05T19:59:28Z,mobile,53162,refunded,,CA
ORD-010182,2025-12-19T23:00:52Z,partner,77715,completed,,US-W
ORD-010183,2025-07-30T22:22:03Z,partner,41062,completed,,US-W
ORD-010184,2025-06-07T04:08:26Z,mobile,81561,cancelled,,US-C
ORD-010185,2025-04-14T21:38:22Z,web,49322,cancelled,2025-04-16T18:38:22Z,CA
ORD-010186,2025-08-08T14:38:52Z,partner,46342,refunded,,US-E
ORD-010187,2025-12-07T19:33:48Z,mobile,5404,refunded,,US-E
ORD-010188,2025-06-08T14:19:25Z,partner,30626,active,,CA
ORD-010189,2025-10-02T18:18:46Z,web,61595,active,,US-C
ORD-010190,2025-03-13T03:40:13Z,web,27023,active,,US-E
ORD-010191,2025-09-10T15:07:36Z,web,25485,refunded,,US-C
ORD-010192,2025-06-03T17:57:22Z,partner,55547,completed,,US-E
ORD-010193,2025-12-26T18:14:04Z,partner,2334,active,,US-W
ORD-010194,2025-12-27T20:17:30Z,mobile,71581,active,,US-W
ORD-010195,2025-11-26T15:08:38Z,partner,7444,cancelled,2025-11-27T15:08:38Z,US-E
ORD-010196,2025-02-15T19:35:29Z,partner,61900,active,,US-C
ORD-010197,2025-04-05T15:02:06Z,mobile,39125,refunded,,US-C
ORD-010198,2025-11-04T15:07:20Z,web,48348,active,,US-W
ORD-010199,2025-01-04T16:02:49Z,web,60347,completed,,US-W
ORD-010200,2025-09-06T19:50:26Z,web,88600,cancelled,,US-E
ORD-010201,2025-09-27T16:41:12Z,mobile,87584,refunded,,US-E
ORD-010202,2025-08-26T17:53:11Z,partner,61448,completed,,CA
ORD-010203,2025-06-21T18:17:28Z,partner,25769,refunded,2025-06-27T08:17:28Z,CA
ORD-010204,2025-08-01T15:02:44Z,web,55256,completed,,CA
ORD-010205,2025-02-12T22:31:51Z,mobile,11264,cancelled,,US-W
ORD-010206,2025-03-10T14:51:06Z,web,74823,completed,,US-E
ORD-010207,2025-05-01T22:43:27Z,partner,46262,active,,CA
ORD-010208,2025-05-28T18:24:55Z,partner,85755,cancelled,,US-C
ORD-010209,2025-11-12T15:51:31Z,partner,46935,completed,,US-E
ORD-010210,2025-03-10T14:48:53Z,legacy_pos,25900,refunded,,US-W
ORD-010211,2025-06-19T21:38:35Z,partner,53032,completed,,US-E
ORD-010212,2025-08-20T19:35:31Z,web,60268,refunded,,US-W
ORD-010213,2025-08-02T22:31:53Z,partner,56961,refunded,,CA
ORD-010214,2025-09-03T14:41:08Z,mobile,54355,refunded,,CA
ORD-010215,2025-06-13T18:40:30Z,legacy_pos,50000,cancelled,,US-C
ORD-010216,2025-10-18T20:15:24Z,web,18183,active,,US-W
ORD-010217,2025-06-28T14:07:25Z,web,63709,refunded,,US-E
ORD-010218,2025-02-21T16:12:22Z,web,54507,cancelled,,CA
ORD-010219,2025-06-13T22:00:18Z,partner,17565,active,,US-C
ORD-010220,2025-05-24T21:05:27Z,partner,71856,cancelled,,US-W
ORD-010221,2025-08-03T20:03:34Z,partner,21699,completed,,US-W
ORD-010222,2025-09-26T20:19:36Z,partner,50695,cancelled,,CA
ORD-010223,2025-07-23T15:51:49Z,mobile,10305,refunded,,US-E
ORD-010224,2025-11-11T22:40:56Z,mobile,51153,refunded,,US-E
ORD-010225,2025-12-22T19:07:32Z,mobile,27659,active,,US-W
ORD-010226,2025-05-19T20:50:22Z,partner,6280,cancelled,,US-E
ORD-010227,2025-01-31T16:24:29Z,partner,85319,refunded,,US-E
ORD-010228,2025-06-04T19:18:28Z,web,4630,active,2025-06-08T11:18:28Z,CA
ORD-010229,2025-10-04T15:54:51Z,web,44798,completed,,US-C
ORD-010230,2025-05-16T18:24:32Z,mobile,34664,active,,US-E
ORD-010231,2025-04-30T05:03:27Z,mobile,2476,refunded,,US-C
ORD-010232,2025-12-05T16:38:07Z,partner,9073,refunded,,CA
ORD-010233,2025-08-26T22:27:54Z,mobile,27993,cancelled,,US-W
ORD-010234,2025-06-11T17:55:19Z,web,71687,refunded,2025-06-18T13:55:19Z,CA
ORD-010235,2025-11-04T20:39:47Z,web,61720,refunded,,US-W
ORD-010236,2025-01-08T07:55:52Z,partner,43742,completed,,US-C
ORD-010237,2025-08-22T18:40:29Z,mobile,19718,completed,,US-C
ORD-010238,2025-06-30T19:27:33Z,mobile,64860,refunded,,US-E
ORD-010239,2025-07-06T20:14:50Z,mobile,83276,active,,US-C
ORD-010240,2025-07-31T21:22:08Z,mobile,32156,completed,,US-W
ORD-010241,2025-10-24T15:37:24Z,mobile,29821,active,,US-W
ORD-010242,2025-03-05T23:35:11Z,partner,83772,completed,,CA
ORD-010243,2025-12-23T17:38:25Z,web,726,completed,,US-E
ORD-010244,2025-11-16T15:23:24Z,partner,89626,cancelled,,US-W
ORD-010245,2025-10-11T19:21:07Z,web,80824,cancelled,,CA
ORD-010246,2025-03-15T14:46:54Z,partner,81728,completed,,CA
ORD-010247,2025-07-15T22:19:51Z,web,3981,active,,US-E
ORD-010248,2025-03-21T14:49:45Z,mobile,53812,cancelled,,US-E
ORD-010249,2025-06-16T15:37:45Z,partner,4953,cancelled,,CA
ORD-010250,2025-09-12T21:58:09Z,partner,13324,completed,,US-E
ORD-010251,2025-02-10T21:18:58Z,web,47219,refunded,,US-W
ORD-010252,2025-10-02T18:13:00Z,web,14515,active,,US-E
ORD-010253,2025-01-01T15:58:37Z,mobile,85992,refunded,,US-W
ORD-010254,2025-12-12T15:31:18Z,partner,1908,completed,,US-E
ORD-010255,2025-11-10T20:39:32Z,partner,48882,cancelled,,US-E
ORD-010256,2025-04-19T16:58:40Z,mobile,10532,cancelled,,CA
ORD-010257,2025-01-06T22:00:54Z,mobile,12326,completed,,CA
ORD-010258,2025-08-12T20:56:59Z,web,41085,refunded,,CA
ORD-010259,2025-10-11T15:29:01Z,mobile,64777,completed,,US-E
ORD-010260,2025-08-15T21:56:05Z,partner,36614,completed,2025-08-17T16:56:05Z,US-W
ORD-010261,2025-05-23T18:54:13Z,web,4359,cancelled,,US-E
ORD-010262,2025-12-04T20:41:53Z,mobile,81529,refunded,,CA
ORD-010263,2025-06-04T21:24:38Z,web,27484,active,2025-06-09T06:24:38Z,US-C
ORD-010264,2025-07-17T20:27:58Z,partner,63534,refunded,,CA
ORD-010265,2025-07-18T16:37:04Z,web,44757,refunded,,US-W
ORD-010266,2025-11-05T21:36:52Z,mobile,39873,refunded,,US-E
ORD-010267,2025-08-31T19:20:15Z,partner,16746,refunded,,US-W
ORD-010268,2025-12-29T19:43:38Z,mobile,20053,refunded,,US-C
ORD-010269,2025-02-02T20:06:44Z,mobile,76262,cancelled,,US-E
ORD-010270,2025-07-04T20:03:43Z,mobile,86309,completed,,US-W
ORD-010271,2025-03-02T23:57:28Z,web,54834,refunded,,CA
ORD-010272,2025-12-10T23:46:14Z,mobile,25908,refunded,,US-C
ORD-010273,2025-10-03T22:38:30Z,mobile,83098,completed,,US-E
ORD-010274,2025-09-21T15:09:35Z,mobile,2686,cancelled,,US-W
ORD-010275,2025-01-26T17:03:45Z,partner,37857,active,,US-W
ORD-010276,2025-08-10T18:15:51Z,mobile,9920,refunded,,US-C
ORD-010277,2025-12-31T21:51:02Z,web,7277,cancelled,,CA
ORD-010278,2025-06-19T17:20:13Z,web,22586,active,,CA
ORD-010279,2025-01-21T21:57:33Z,web,15842,active,,CA
ORD-010280,2025-10-06T14:36:05Z,web,75050,cancelled,,CA
ORD-010281,2025-08-10T20:38:35Z,web,77338,cancelled,,US-W
ORD-010282,2025-09-08T17:32:20Z,partner,75991,refunded,,US-C
ORD-010283,2025-07-19T14:32:40Z,mobile,11924,cancelled,,CA
ORD-010284,2025-10-31T16:02:02Z,web,45470,cancelled,,US-C
ORD-010285,2025-11-12T17:08:28Z,web,18079,active,,US-W
ORD-010286,2025-01-18T22:26:08Z,partner,6761,completed,,US-W
ORD-010287,2025-06-27T14:14:45Z,partner,52320,refunded,,US-C
ORD-010288,2025-02-06T21:32:48Z,mobile,32557,completed,,US-W
ORD-010289,2025-01-19T22:24:03Z,web,27440,refunded,,US-C
ORD-010290,2025-12-13T23:34:37Z,mobile,28620,active,,CA
ORD-010291,2025-12-02T23:36:19Z,partner,76412,completed,,CA
ORD-010292,2025-02-20T15:56:19Z,mobile,55473,refunded,,CA
ORD-010293,2025-06-12T21:32:17Z,web,7749,refunded,,US-C
ORD-010294,2025-12-24T22:17:50Z,web,64406,cancelled,,CA
ORD-010295,2025-02-16T21:12:21Z,web,42786,cancelled,,US-E
ORD-010296,2025-12-14T21:03:17Z,mobile,24991,active,,US-W
ORD-010297,2025-03-16T19:02:00Z,partner,22070,cancelled,,CA
ORD-010298,2025-04-28T20:08:55Z,mobile,81467,cancelled,,CA
ORD-010299,2025-09-16T17:16:59Z,web,34713,active,,US-W
ORD-010300,2025-09-26T22:13:40Z,web,61493,cancelled,,US-C
ORD-010301,2025-09-13T22:10:22Z,web,43698,active,,CA
ORD-010302,2025-01-30T07:32:03Z,legacy_pos,52386,completed,,US-E
ORD-010303,2025-05-14T17:00:38Z,web,77648,completed,,US-C
ORD-010304,2025-11-11T23:24:58Z,partner,40013,cancelled,,US-C
ORD-010305,2025-08-03T17:44:29Z,partner,20842,refunded,,US-C
ORD-010306,2025-06-12T21:57:09Z,web,68259,refunded,,US-C
ORD-010307,2025-04-13T18:55:17Z,web,19208,cancelled,,CA
ORD-010308,2025-06-19T22:24:48Z,mobile,12865,refunded,,US-W
ORD-010309,2025-05-04T16:08:40Z,partner,32706,completed,,US-E
ORD-010310,2025-04-07T15:12:31Z,web,66192,active,,CA
ORD-010311,2025-05-06T01:29:24Z,partner,22674,cancelled,,US-C
ORD-010312,2025-11-03T20:24:43Z,web,22158,refunded,,US-C
ORD-010313,2025-05-05T18:50:10Z,partner,83533,cancelled,,CA
ORD-010314,2025-04-30T20:25:56Z,partner,58329,active,,US-W
ORD-010315,2025-09-28T16:42:23Z,web,17902,refunded,,CA
ORD-010316,2025-03-01T18:53:47Z,web,46516,completed,,CA
ORD-010317,2025-09-30T16:14:40Z,web,1618,completed,,CA
ORD-010318,2025-03-13T18:03:09Z,mobile,44631,cancelled,,US-C
ORD-010319,2025-11-14T19:29:07Z,mobile,42417,completed,,US-E
ORD-010320,2025-04-16T19:14:10Z,mobile,10197,refunded,,US-W
ORD-010321,2025-07-03T15:11:14Z,mobile,44056,refunded,,US-E
ORD-010322,2025-06-15T21:40:52Z,mobile,60855,active,,CA
ORD-010323,2025-09-25T15:12:27Z,web,88652,cancelled,,US-C
ORD-010324,2025-01-02T17:26:27Z,partner,2626,active,,US-W
ORD-010325,2025-09-13T22:23:06Z,partner,88848,cancelled,,US-W
ORD-010326,2025-01-24T21:43:25Z,mobile,51034,refunded,,US-C
ORD-010327,2025-07-03T20:13:03Z,mobile,49799,active,,CA
ORD-010328,2025-10-06T21:52:11Z,mobile,65299,completed,,US-C
ORD-010329,2025-01-10T23:33:12Z,partner,68208,completed,,CA
ORD-010330,2025-03-31T22:25:52Z,mobile,50061,cancelled,,US-E
ORD-010331,2025-06-25T14:17:19Z,partner,53449,completed,,US-C
ORD-010332,2025-01-03T23:26:03Z,partner,72548,active,,US-W
ORD-010333,2025-07-05T14:00:13Z,web,73682,active,,US-W
ORD-010334,2025-11-02T22:37:48Z,web,48993,refunded,,US-C
ORD-010335,2025-08-13T19:30:06Z,web,14676,active,,CA
ORD-010336,2025-08-11T19:26:30Z,partner,73109,completed,,US-C
ORD-010337,2025-09-28T17:32:29Z,mobile,2588,refunded,,CA
ORD-010338,2025-06-20T15:14:14Z,partner,78885,cancelled,,US-W
ORD-010339,2025-05-21T21:38:08Z,mobile,56892,completed,,US-C
ORD-010340,2025-05-12T22:54:03Z,partner,75098,refunded,,US-C
ORD-010341,2025-12-17T17:59:58Z,legacy_pos,79800,cancelled,,CA
ORD-010342,2025-09-02T20:35:40Z,web,8890,refunded,,US-E
ORD-010343,2025-10-26T14:11:03Z,mobile,45551,active,,US-E
ORD-010344,2025-08-05T20:17:01Z,web,25688,cancelled,,CA
ORD-010345,2025-12-31T18:25:13Z,partner,23540,completed,,US-W
ORD-010346,2025-11-07T20:30:44Z,mobile,75189,refunded,,CA
ORD-010347,2025-10-11T18:59:06Z,mobile,42670,cancelled,,US-W
ORD-010348,2025-09-22T20:54:30Z,partner,71096,cancelled,,US-W
ORD-010349,2025-07-27T16:43:48Z,web,8031,cancelled,,CA
ORD-010350,2025-06-04T18:51:36Z,mobile,11323,refunded,,CA
ORD-010351,2025-10-12T15:55:25Z,mobile,52189,refunded,,US-W
ORD-010352,2025-08-26T16:14:58Z,web,70147,active,,US-W
ORD-010353,2025-02-02T20:09:29Z,mobile,26723,refunded,,CA
ORD-010354,2025-11-14T18:08:17Z,web,8946,refunded,,US-C
ORD-010355,2025-12-28T17:23:18Z,web,73831,completed,,US-C
ORD-010356,2025-04-23T19:34:01Z,partner,31096,active,,CA
ORD-010357,2025-06-05T18:22:49Z,mobile,46033,completed,,US-C
ORD-010358,2025-11-18T18:36:11Z,partner,55054,active,,CA
ORD-010359,2025-03-19T14:02:34Z,web,17476,completed,,US-C
ORD-010360,2025-11-09T20:56:01Z,mobile,25449,completed,,US-E
ORD-010361,2025-05-22T19:58:18Z,partner,86313,completed,,US-E
ORD-010362,2025-01-28T22:08:33Z,partner,57889,active,,US-C
ORD-010363,2025-11-23T22:49:57Z,partner,9063,cancelled,,US-C
ORD-010364,2025-09-25T22:48:15Z,web,49852,completed,,CA
ORD-010365,2025-06-25T22:28:46Z,mobile,45683,cancelled,,US-W
ORD-010366,2025-04-10T18:55:55Z,partner,46166,completed,,US-W
ORD-010367,2025-04-13T14:49:58Z,web,36152,completed,,US-W
ORD-010368,2025-03-09T18:55:58Z,partner,73011,completed,,CA
ORD-010369,2025-04-18T15:49:18Z,web,35151,active,,CA
ORD-010370,2025-07-27T18:31:53Z,partner,50758,refunded,,US-W
ORD-010371,2025-04-29T18:30:10Z,mobile,55166,cancelled,,US-C
ORD-010372,2025-09-30T14:14:07Z,mobile,52453,active,,CA
ORD-010373,2025-09-15T15:11:02Z,partner,64931,cancelled,,US-E
ORD-010374,2025-03-01T17:37:57Z,web,12041,cancelled,,US-C
ORD-010375,2025-04-01T22:04:32Z,web,62195,completed,,US-E
ORD-010376,2025-02-27T16:25:00Z,mobile,1347,active,,US-W
ORD-010377,2025-04-16T17:08:50Z,web,80008,completed,,CA
ORD-010378,2025-05-24T17:31:35Z,partner,34897,active,,US-E
ORD-010379,2025-07-22T14:44:21Z,partner,24320,completed,,US-E
ORD-010380,2025-08-23T14:58:03Z,partner,63155,cancelled,,US-W
ORD-010381,2025-04-09T19:03:41Z,partner,53044,refunded,,CA
ORD-010382,2025-08-18T17:02:36Z,web,44275,completed,,CA
ORD-010383,2025-09-27T15:33:05Z,legacy_pos,21200,completed,,US-C
ORD-010384,2025-07-15T22:54:39Z,web,49485,cancelled,,US-C
ORD-010385,2025-12-03T16:40:19Z,web,47374,active,,US-C
ORD-010386,2025-03-27T19:28:48Z,web,48090,refunded,,CA
ORD-010387,2025-09-01T20:16:19Z,partner,1317,refunded,,US-C
ORD-010388,2025-10-06T18:12:17Z,partner,89239,completed,,US-E
ORD-010389,2025-03-11T15:24:35Z,partner,49131,completed,,US-E
ORD-010390,2025-10-24T19:57:05Z,mobile,23491,cancelled,,US-E
ORD-010391,2025-05-13T17:26:06Z,partner,52644,completed,,CA
ORD-010392,2025-04-03T22:27:18Z,partner,65774,completed,,US-E
ORD-010393,2025-02-24T22:46:26Z,mobile,34514,active,,US-W
ORD-010394,2025-02-28T16:58:49Z,mobile,69433,refunded,,CA
ORD-010395,2025-06-16T17:39:39Z,partner,60210,completed,,CA
ORD-010396,2025-11-29T21:51:47Z,mobile,79894,active,,US-E
ORD-010397,2025-03-26T20:35:01Z,mobile,29535,cancelled,,US-C
ORD-010398,2025-03-27T03:43:57Z,partner,25264,active,,US-W
ORD-010399,2025-02-02T15:41:27Z,partner,23565,active,,US-W
ORD-010400,2025-06-04T17:15:53Z,partner,63946,refunded,,US-E
ORD-010401,2025-03-13T22:30:58Z,partner,71760,active,,US-E
ORD-010402,2025-03-27T22:03:35Z,partner,5993,active,,US-E
ORD-010403,2025-06-17T22:36:43Z,web,46310,refunded,,US-W
ORD-010404,2025-10-25T14:53:24Z,partner,49190,refunded,,US-W
ORD-010405,2025-04-07T22:39:05Z,mobile,6449,active,,CA
ORD-010406,2025-11-17T15:26:15Z,legacy_pos,23420,refunded,,US-C
ORD-010407,2025-10-18T20:21:15Z,mobile,43755,cancelled,,CA
ORD-010408,2025-11-01T17:37:08Z,web,34416,refunded,,US-W
ORD-010409,2025-09-26T21:17:30Z,web,51362,cancelled,,CA
ORD-010410,2025-02-16T15:26:41Z,web,57647,refunded,2025-02-21T19:26:41Z,CA
ORD-010411,2025-04-20T21:16:37Z,partner,59879,completed,,US-C
ORD-010412,2025-11-09T17:16:26Z,partner,87028,cancelled,,US-C
ORD-010413,2025-08-03T17:59:21Z,partner,77837,active,,US-W
ORD-010414,2025-02-22T18:06:01Z,web,30527,cancelled,,US-E
ORD-010415,2025-04-11T16:52:31Z,partner,9869,active,,CA
ORD-010416,2025-04-13T15:00:46Z,web,1423,refunded,,US-W
ORD-010417,2025-07-24T16:08:34Z,partner,86918,completed,,US-E
ORD-010418,2025-10-17T19:57:50Z,mobile,13601,completed,,US-E
ORD-010419,2025-07-18T17:32:43Z,partner,87871,active,,CA
ORD-010420,2025-05-26T22:23:15Z,mobile,15767,active,,US-W
ORD-010421,2025-08-28T22:43:30Z,mobile,32239,active,,US-W
ORD-010422,2025-08-22T16:51:14Z,web,12965,refunded,2025-08-29T16:51:14Z,CA
ORD-010423,2025-11-27T21:48:22Z,partner,72076,completed,,US-W
ORD-010424,2025-07-19T21:11:38Z,mobile,20303,cancelled,,US-E
ORD-010425,2025-07-16T16:43:10Z,partner,52895,refunded,,US-C
ORD-010426,2025-01-30T16:40:45Z,partner,5588,completed,,CA
ORD-010427,2025-12-26T18:17:11Z,partner,49808,refunded,,US-W
ORD-010428,2025-03-26T14:05:54Z,mobile,50384,refunded,,US-C
ORD-010429,2025-11-28T21:54:54Z,mobile,53758,refunded,,US-W
ORD-010430,2025-07-19T22:19:57Z,partner,54530,refunded,,US-C
ORD-010431,2025-01-13T20:03:39Z,mobile,24601,refunded,,CA
ORD-010432,2025-11-04T17:29:48Z,mobile,68675,refunded,,US-W
ORD-010433,2025-04-25T19:44:30Z,mobile,16427,cancelled,,US-E
ORD-010434,2025-03-16T20:28:30Z,mobile,84024,active,,US-W
ORD-010435,2025-07-08T16:57:30Z,web,16194,active,,US-C
ORD-010436,2025-05-13T15:35:51Z,partner,69599,active,,US-C
ORD-010437,2025-10-19T17:07:56Z,web,18726,refunded,,US-W
ORD-010438,2025-06-18T14:58:34Z,web,22770,refunded,,US-E
ORD-010439,2025-01-29T19:30:06Z,partner,26084,active,,US-W
ORD-010440,2025-07-16T15:09:19Z,partner,43834,completed,,US-W
ORD-010441,2025-12-02T18:58:48Z,web,77331,cancelled,,US-E
ORD-010442,2025-12-28T19:53:38Z,mobile,60454,completed,,US-E
ORD-010443,2025-12-03T22:28:29Z,web,70914,cancelled,,US-C
ORD-010444,2025-10-26T17:53:25Z,partner,33587,cancelled,,US-E
ORD-010445,2025-02-22T21:37:46Z,web,80099,refunded,,US-C
ORD-010446,2025-04-12T21:32:06Z,mobile,78050,refunded,,CA
ORD-010447,2025-05-11T22:14:46Z,legacy_pos,57700,active,,CA
ORD-010448,2025-03-27T22:16:52Z,mobile,73933,completed,,US-E
ORD-010449,2025-02-20T19:43:47Z,web,66136,active,,US-C
ORD-010450,2025-06-05T22:17:58Z,partner,35643,completed,,US-W
ORD-010451,2025-12-22T22:04:18Z,mobile,53178,cancelled,,US-C
ORD-010452,2025-01-16T22:32:51Z,web,86041,refunded,,CA
ORD-010453,2025-03-16T17:41:18Z,mobile,64280,completed,,US-W
ORD-010454,2025-01-10T23:39:06Z,mobile,81891,completed,,US-E
ORD-010455,2025-07-18T21:15:47Z,mobile,84922,active,,US-C
ORD-010456,2025-03-04T19:38:49Z,partner,3846,refunded,,CA
ORD-010457,2025-02-05T15:14:18Z,partner,68882,refunded,,US-E
ORD-010458,2025-08-15T17:48:36Z,partner,65960,active,,US-W
ORD-010459,2025-07-06T18:18:31Z,legacy_pos,15214,completed,,US-E
ORD-010460,2025-10-06T16:27:06Z,partner,62496,refunded,,CA
ORD-010461,2025-05-19T22:22:35Z,mobile,34043,active,,US-E
ORD-010462,2025-02-03T23:50:43Z,mobile,26742,active,,US-C
ORD-010463,2025-05-04T21:13:03Z,web,49031,refunded,,US-E
ORD-010464,2025-02-15T15:41:38Z,mobile,56998,active,,CA
ORD-010465,2025-08-16T16:48:27Z,web,89421,completed,,CA
ORD-010466,2025-03-28T18:01:15Z,web,45995,cancelled,,CA
ORD-010467,2025-04-20T07:42:34Z,mobile,7712,completed,,US-E
ORD-010468,2025-01-10T17:51:01Z,web,34868,active,,US-C
ORD-010469,2025-04-06T16:25:40Z,legacy_pos,72000,cancelled,,US-E
ORD-010470,2025-11-27T18:19:16Z,mobile,18506,cancelled,,US-E
ORD-010471,2025-12-09T20:08:23Z,mobile,42567,cancelled,,US-E
ORD-010472,2025-04-23T19:38:41Z,web,6779,completed,,US-W
ORD-010473,2025-08-24T19:55:51Z,mobile,28951,refunded,,US-E
ORD-010474,2025-05-16T18:44:25Z,web,28628,active,,US-C
ORD-010475,2025-01-11T18:41:37Z,partner,22728,cancelled,,US-C
ORD-010476,2025-08-19T20:57:01Z,mobile,20235,active,,CA
ORD-010477,2025-10-05T15:21:40Z,web,65422,completed,,US-W
ORD-010478,2025-02-09T22:26:46Z,mobile,76777,cancelled,,US-C
ORD-010479,2025-11-04T17:02:09Z,web,54515,refunded,,CA
ORD-010480,2025-04-03T19:23:22Z,mobile,70809,cancelled,,US-E
ORD-010481,2025-09-10T07:48:15Z,mobile,8091,refunded,,US-W
ORD-010482,2025-10-07T14:53:07Z,partner,16533,refunded,,US-E
ORD-010483,2025-10-03T20:12:37Z,mobile,76546,cancelled,,US-W
ORD-010484,2025-04-25T22:39:59Z,partner,66237,cancelled,,US-W
ORD-010485,2025-07-22T22:10:51Z,partner,2763,completed,,CA
ORD-010486,2025-09-13T21:43:49Z,partner,1368,cancelled,,US-C
ORD-010487,2025-12-28T18:49:36Z,web,58544,refunded,,CA
ORD-010488,2025-10-10T20:47:40Z,mobile,31745,completed,,US-C
ORD-010489,2025-02-28T16:00:42Z,partner,5293,completed,,US-C
ORD-010490,2025-05-07T18:33:08Z,partner,10812,completed,,US-E
ORD-010491,2025-09-16T21:00:43Z,partner,83027,cancelled,,US-E
ORD-010492,2025-01-30T19:19:43Z,web,71474,cancelled,,US-W
ORD-010493,2025-09-12T18:16:43Z,mobile,19055,cancelled,,US-E
ORD-010494,2025-04-08T14:19:43Z,partner,38099,refunded,,US-E
ORD-010495,2025-04-28T14:07:52Z,mobile,5617,refunded,,CA
ORD-010496,2025-02-09T19:24:04Z,mobile,5115,cancelled,,US-W
ORD-010497,2025-11-14T20:10:16Z,mobile,18769,active,2025-11-18T16:10:16Z,US-C
ORD-010498,2025-08-19T17:02:39Z,mobile,14405,cancelled,,CA
ORD-010499,2025-07-21T14:42:17Z,partner,87301,cancelled,,CA
ORD-010500,2025-11-11T17:08:15Z,web,51854,refunded,,US-W
ORD-010501,2025-09-17T19:17:26Z,partner,52925,refunded,,CA
ORD-010502,2025-02-21T20:17:30Z,partner,48908,refunded,,US-E
ORD-010503,2025-07-19T22:00:44Z,partner,40042,completed,,US-W
ORD-010504,2025-10-25T20:31:31Z,partner,83766,refunded,,CA
ORD-010505,2025-04-17T16:57:23Z,mobile,70820,cancelled,,CA
ORD-010506,2025-09-19T21:33:17Z,partner,70854,cancelled,,CA
ORD-010507,2025-07-16T14:35:17Z,partner,21171,refunded,,US-W
ORD-010508,2025-01-05T17:12:25Z,web,68863,completed,,US-E
ORD-010509,2025-04-08T22:12:26Z,web,70337,active,,US-E
ORD-010510,2025-05-26T20:45:21Z,partner,74507,active,,CA
ORD-010511,2025-05-28T21:34:08Z,partner,71647,completed,,US-C
ORD-010512,2025-05-26T20:01:01Z,mobile,65881,cancelled,,CA
ORD-010513,2025-09-21T20:04:16Z,partner,87307,refunded,,CA
ORD-010514,2025-04-17T19:46:57Z,mobile,59659,refunded,,CA
ORD-010515,2025-03-16T07:57:10Z,partner,53463,active,,US-C
ORD-010516,2025-11-02T18:41:31Z,partner,87290,refunded,,US-W
ORD-010517,2025-06-11T18:39:23Z,mobile,60227,active,,US-E
ORD-010518,2025-12-03T17:20:32Z,mobile,30481,cancelled,2025-12-05T07:20:32Z,US-C
ORD-010519,2025-01-10T16:45:48Z,partner,35849,cancelled,,CA
ORD-010520,2025-05-17T16:09:51Z,web,27507,cancelled,,CA
ORD-010521,2025-01-16T20:45:01Z,web,51964,cancelled,,CA
ORD-010522,2025-09-18T14:43:30Z,web,16248,completed,,US-W
ORD-010523,2025-05-25T14:56:33Z,web,32346,completed,,CA
ORD-010524,2025-05-05T14:40:56Z,web,52371,active,,US-C
ORD-010525,2025-02-05T17:19:21Z,legacy_pos,25920,active,,US-E
ORD-010526,2025-01-11T18:30:59Z,partner,22272,cancelled,,CA
ORD-010527,2025-04-10T16:56:05Z,partner,1483,refunded,,CA
ORD-010528,2025-10-15T19:05:56Z,mobile,62332,completed,,US-W
ORD-010529,2025-07-26T18:13:40Z,mobile,85573,completed,,US-E
ORD-010530,2025-11-02T17:47:55Z,mobile,68609,completed,,CA
ORD-010531,2025-03-24T21:44:19Z,mobile,9578,active,,US-E
ORD-010532,2025-12-01T16:22:59Z,partner,52837,active,,US-W
ORD-010533,2025-10-01T17:52:25Z,partner,85929,refunded,,US-W
ORD-010534,2025-05-15T18:27:06Z,mobile,32856,active,,US-C
ORD-010535,2025-02-03T20:46:35Z,web,87336,active,,US-W
ORD-010536,2025-02-21T21:16:36Z,mobile,34646,completed,,US-E
ORD-010537,2025-01-02T23:31:30Z,mobile,28828,completed,,US-C
ORD-010538,2025-07-05T17:51:16Z,web,39842,cancelled,,US-W
ORD-010539,2025-08-05T16:23:02Z,mobile,68449,completed,,US-E
ORD-010540,2025-06-10T15:03:51Z,mobile,49313,refunded,,US-E
ORD-010541,2025-09-20T18:50:18Z,mobile,74038,cancelled,,US-E
ORD-010542,2025-03-31T14:21:31Z,legacy_pos,87500,cancelled,,US-W
ORD-010543,2025-03-21T17:42:15Z,mobile,39793,refunded,,US-E
ORD-010544,2025-04-02T16:28:39Z,partner,16437,cancelled,,US-E
ORD-010545,2025-05-09T17:56:25Z,mobile,12835,cancelled,,US-C
ORD-010546,2025-09-01T17:21:22Z,partner,29400,completed,,US-E
ORD-010547,2025-04-06T17:03:01Z,partner,9728,completed,,CA
ORD-010548,2025-05-03T14:21:28Z,partner,50680,refunded,,CA
ORD-010549,2025-12-09T23:07:21Z,web,66127,completed,,CA
ORD-010550,2025-09-10T17:10:19Z,web,86521,cancelled,,US-E
ORD-010551,2025-02-22T21:17:06Z,partner,49347,completed,,US-E
ORD-010552,2025-01-09T21:17:12Z,partner,74085,refunded,,US-W
ORD-010553,2025-11-15T16:34:14Z,web,13938,completed,,US-W
ORD-010554,2025-09-27T15:41:55Z,web,48917,refunded,,US-W
ORD-010555,2025-08-09T19:03:27Z,partner,83589,active,,US-W
ORD-010556,2025-12-22T15:03:12Z,web,39626,completed,,US-C
ORD-010557,2025-06-30T16:30:41Z,web,41835,refunded,,US-C
ORD-010558,2025-08-23T14:57:32Z,web,73858,refunded,,US-E
ORD-010559,2025-01-17T20:57:06Z,partner,75819,cancelled,,CA
ORD-010560,2025-06-10T21:16:18Z,web,55266,refunded,,CA
ORD-010561,2025-04-19T22:34:43Z,legacy_pos,17016,completed,,US-W
ORD-010562,2025-05-19T21:36:42Z,partner,17638,refunded,,US-E
ORD-010563,2025-01-24T17:05:28Z,mobile,74245,active,,CA
ORD-010564,2025-03-19T20:00:46Z,web,39386,cancelled,,US-W
ORD-010565,2025-05-23T18:30:51Z,partner,72999,active,,US-C
ORD-010566,2025-12-08T23:14:56Z,partner,39038,active,,US-C
ORD-010567,2025-09-16T19:40:32Z,web,26897,active,,CA
ORD-010568,2025-12-07T16:47:10Z,web,85807,active,,US-C
ORD-010569,2025-02-12T17:39:46Z,web,22860,active,,US-W
ORD-010570,2025-05-13T20:27:32Z,partner,80530,completed,,US-E
ORD-010571,2025-11-16T20:47:20Z,partner,58512,refunded,,US-C
ORD-010572,2025-12-09T20:41:16Z,partner,62610,refunded,,CA
ORD-010573,2025-03-21T17:18:19Z,partner,44651,refunded,,US-W
ORD-010574,2025-08-01T19:46:22Z,web,2534,completed,,US-W
ORD-010575,2025-08-24T17:38:46Z,mobile,30666,cancelled,,US-W
ORD-010576,2025-06-13T07:50:13Z,partner,5226,cancelled,,US-E
ORD-010577,2025-03-15T18:08:03Z,web,30374,refunded,,CA
ORD-010578,2025-02-05T17:00:29Z,mobile,84467,completed,,US-E
ORD-010579,2025-04-17T15:30:24Z,mobile,43050,active,,US-C
ORD-010580,2025-05-20T17:10:03Z,mobile,45785,completed,,US-E
ORD-010581,2025-11-22T19:39:05Z,mobile,63921,active,,US-C
ORD-010582,2025-06-09T17:18:29Z,web,62183,refunded,,US-W
ORD-010583,2025-07-08T19:52:19Z,mobile,23289,refunded,,CA
ORD-010584,2025-04-16T14:24:52Z,mobile,74029,refunded,,US-C
ORD-010585,2025-06-24T16:08:12Z,mobile,62150,refunded,,CA
ORD-010586,2025-11-02T19:09:53Z,mobile,86829,active,2025-11-03T02:09:53Z,US-W
ORD-010587,2025-02-22T21:23:34Z,mobile,8891,active,,US-E
ORD-010588,2025-01-12T23:21:25Z,web,65233,completed,,CA
ORD-010589,2025-06-07T15:49:45Z,partner,30003,active,,US-E
ORD-010590,2025-05-12T18:54:35Z,mobile,27551,cancelled,,CA
ORD-010591,2025-12-24T16:22:31Z,partner,55831,active,,US-E
ORD-010592,2025-12-09T21:00:12Z,web,56254,active,,CA
ORD-010593,2025-06-18T22:16:12Z,partner,66726,cancelled,,US-C
ORD-010594,2025-03-16T17:13:11Z,partner,32353,active,,US-W
ORD-010595,2025-08-27T19:39:54Z,mobile,20978,active,,US-E
ORD-010596,2025-08-05T17:49:45Z,mobile,34819,active,,CA
ORD-010597,2025-06-03T19:22:39Z,partner,65128,active,,US-W
ORD-010598,2025-06-04T21:07:32Z,mobile,23174,active,,CA
ORD-010599,2025-04-02T19:50:36Z,mobile,59003,completed,,CA
ORD-010600,2025-11-08T21:47:02Z,partner,29080,active,,CA
ORD-010601,2025-06-08T19:04:14Z,web,28328,active,,US-E
ORD-010602,2025-08-29T19:46:10Z,legacy_pos,7200,active,,US-C
ORD-010603,2025-10-27T14:40:21Z,web,11163,cancelled,,CA
ORD-010604,2025-05-27T21:47:44Z,web,84388,cancelled,,US-E
ORD-010605,2025-06-10T14:19:32Z,web,8504,completed,,US-W
ORD-010606,2025-01-05T23:04:52Z,mobile,55804,active,,US-W
ORD-010607,2025-12-29T22:39:27Z,mobile,17284,refunded,,US-C
ORD-010608,2025-04-05T19:43:24Z,mobile,59128,active,,US-E
ORD-010609,2025-06-28T17:35:55Z,web,79338,active,,US-W
ORD-010610,2025-07-07T15:52:36Z,partner,70458,active,,US-C
ORD-010611,2025-05-19T20:55:25Z,mobile,17109,completed,,US-W
ORD-010612,2025-10-22T16:32:23Z,partner,56383,completed,,CA
ORD-010613,2025-07-29T22:44:13Z,mobile,43509,refunded,,US-W
ORD-010614,2025-10-19T20:22:29Z,mobile,67625,active,,US-E
ORD-010615,2025-03-14T22:08:51Z,mobile,65889,active,,US-W
ORD-010616,2025-02-22T07:11:35Z,legacy_pos,18276,refunded,,US-C
ORD-010617,2025-04-19T21:15:04Z,web,32377,refunded,,US-E
ORD-010618,2025-11-08T21:59:39Z,web,22465,refunded,,US-W
ORD-010619,2025-02-20T18:30:17Z,partner,41147,refunded,,US-W
ORD-010620,2025-06-04T19:03:18Z,legacy_pos,8200,cancelled,,US-E
ORD-010621,2025-01-30T16:44:13Z,web,64634,cancelled,,US-C
ORD-010622,2025-05-17T18:47:11Z,web,19414,cancelled,,US-W
ORD-010623,2025-09-27T19:36:55Z,web,26524,refunded,,US-C
ORD-010624,2025-09-24T21:46:07Z,mobile,22589,completed,,US-E
ORD-010625,2025-09-18T18:20:50Z,legacy_pos,57700,refunded,,US-E
ORD-010626,2025-10-13T20:39:04Z,web,2407,refunded,2025-10-20T16:39:04Z,CA
ORD-010627,2025-08-11T22:20:04Z,mobile,62021,cancelled,,US-E
ORD-010628,2025-06-21T20:30:19Z,web,8064,active,,US-C
ORD-010629,2025-05-23T17:15:36Z,partner,43824,active,,US-E
ORD-010630,2025-09-17T21:11:17Z,partner,28004,completed,,CA
ORD-010631,2025-05-06T19:02:15Z,partner,62707,refunded,,CA
ORD-010632,2025-04-30T15:38:32Z,partner,52488,completed,,CA
ORD-010633,2025-03-12T15:14:51Z,mobile,85984,refunded,,US-W
ORD-010634,2025-02-16T23:40:08Z,mobile,77694,refunded,,CA
ORD-010635,2025-11-22T17:47:17Z,mobile,1909,completed,,US-C
ORD-010636,2025-04-27T15:15:40Z,web,71302,completed,,CA
ORD-010637,2025-02-16T19:43:00Z,partner,71612,completed,,US-W
ORD-010638,2025-12-29T21:22:30Z,mobile,49926,active,,US-C
ORD-010639,2025-08-21T22:09:07Z,mobile,11894,refunded,,US-E
ORD-010640,2025-06-01T22:16:49Z,partner,71446,refunded,2025-06-10T03:16:49Z,CA
ORD-010641,2025-09-16T20:02:48Z,partner,62982,cancelled,,US-W
ORD-010642,2025-10-19T21:01:55Z,web,36906,active,,US-C
ORD-010643,2025-10-13T18:37:52Z,mobile,28443,refunded,,US-W
ORD-010644,2025-03-31T15:49:57Z,partner,24371,completed,,US-E
ORD-010645,2025-01-21T20:04:12Z,partner,39992,refunded,,US-C
ORD-010646,2025-06-01T14:49:25Z,partner,79730,refunded,,US-W
ORD-010647,2025-10-26T20:36:41Z,mobile,88726,active,,CA
ORD-010648,2025-01-12T22:34:45Z,partner,60853,cancelled,,CA
ORD-010649,2025-05-18T14:55:48Z,web,35659,completed,,US-W
ORD-010650,2025-05-25T14:41:29Z,web,59747,refunded,,US-W
ORD-010651,2025-09-22T18:58:01Z,mobile,73675,completed,,US-W
ORD-010652,2025-04-12T22:49:57Z,web,77045,active,,US-C
ORD-010653,2025-12-02T17:53:11Z,web,71307,completed,,US-W
ORD-010654,2025-01-17T17:05:28Z,mobile,86120,refunded,,US-W
ORD-010655,2025-09-13T17:57:36Z,web,22614,active,,US-C
ORD-010656,2025-11-18T16:16:42Z,mobile,10277,cancelled,,CA
ORD-010657,2025-05-15T17:02:00Z,mobile,56202,completed,,CA
ORD-010658,2025-07-29T21:55:26Z,web,22901,active,,US-C
ORD-010659,2025-10-07T19:52:15Z,web,71852,cancelled,,US-C
ORD-010660,2025-07-09T19:47:58Z,legacy_pos,11600,active,,CA
ORD-010661,2025-03-08T16:18:27Z,legacy_pos,17200,cancelled,,US-W
ORD-010662,2025-10-12T14:00:18Z,mobile,41036,refunded,,US-E
ORD-010663,2025-01-21T18:08:21Z,web,81509,completed,,CA
ORD-010664,2025-07-01T19:25:25Z,mobile,89351,refunded,,US-C
ORD-010665,2025-05-07T18:22:18Z,partner,89094,active,,US-W
ORD-010666,2025-05-24T14:26:32Z,mobile,82039,completed,,US-E
ORD-010667,2025-12-02T22:31:15Z,web,9841,refunded,,CA
ORD-010668,2025-10-01T20:33:43Z,web,49154,completed,,US-E
ORD-010669,2025-08-24T19:17:51Z,partner,66815,cancelled,,US-C
ORD-010670,2025-03-18T18:08:51Z,mobile,62591,active,,US-W
ORD-010671,2025-05-10T21:09:12Z,partner,4549,cancelled,,US-C
ORD-010672,2025-09-27T21:17:59Z,partner,75987,cancelled,,US-E
ORD-010673,2025-10-25T21:43:48Z,partner,88551,completed,,US-E
ORD-010674,2025-06-23T15:42:36Z,partner,27602,active,,US-E
ORD-010675,2025-06-09T19:59:55Z,web,41883,refunded,,CA
ORD-010676,2025-05-23T17:09:43Z,mobile,57478,refunded,,US-W
ORD-010677,2025-01-17T18:53:39Z,mobile,47956,refunded,,US-C
ORD-010678,2025-04-13T22:46:03Z,partner,76644,cancelled,,CA
ORD-010679,2025-09-11T22:49:14Z,web,2273,completed,,CA
ORD-010680,2025-07-17T14:31:08Z,legacy_pos,38000,completed,,US-W
ORD-010681,2025-01-01T15:06:58Z,mobile,23033,cancelled,,US-E
ORD-010682,2025-09-01T03:37:47Z,web,27794,completed,,US-E
ORD-010683,2025-12-06T16:34:01Z,mobile,1992,cancelled,,US-W
ORD-010684,2025-05-02T17:44:10Z,mobile,58677,active,,US-W
ORD-010685,2025-05-30T19:38:24Z,web,22631,completed,,CA
ORD-010686,2025-06-04T07:36:00Z,partner,68450,active,,US-W
ORD-010687,2025-11-09T16:35:57Z,partner,19626,completed,,US-E
ORD-010688,2025-10-22T14:11:10Z,mobile,70959,cancelled,,US-C
ORD-010689,2025-05-29T20:55:20Z,mobile,70682,completed,,US-W
ORD-010690,2025-11-18T15:37:25Z,partner,19681,cancelled,,US-C
ORD-010691,2025-12-11T19:35:25Z,partner,49816,refunded,,CA
ORD-010692,2025-03-08T23:59:29Z,mobile,52611,completed,,US-W
ORD-010693,2025-11-06T19:17:59Z,mobile,74387,cancelled,,US-C
ORD-010694,2025-11-27T22:45:12Z,partner,88749,refunded,,CA
ORD-010695,2025-02-20T15:28:39Z,mobile,34363,cancelled,,CA
ORD-010696,2025-08-29T22:04:15Z,partner,30819,active,,US-E
ORD-010697,2025-02-01T17:37:58Z,mobile,43157,active,,US-W
ORD-010698,2025-07-17T20:11:28Z,web,47243,cancelled,,CA
ORD-010699,2025-06-06T07:43:28Z,mobile,84229,active,,US-W
ORD-010700,2025-09-24T21:06:09Z,mobile,7189,completed,,US-C
ORD-010701,2025-07-16T16:41:26Z,partner,79279,refunded,,US-C
ORD-010702,2025-07-09T16:45:56Z,partner,15610,active,,US-C
ORD-010703,2025-06-06T18:27:36Z,mobile,49136,refunded,,US-E
ORD-010704,2025-08-12T16:38:59Z,web,55942,cancelled,,US-W
ORD-010705,2025-01-19T21:48:46Z,web,28605,refunded,,CA
ORD-010706,2025-02-22T18:12:09Z,web,54832,refunded,,US-W
ORD-010707,2025-03-06T16:01:54Z,partner,47026,completed,,US-W
ORD-010708,2025-11-10T19:36:28Z,partner,41683,completed,,US-C
ORD-010709,2025-07-16T15:29:20Z,web,811,refunded,,US-E
ORD-010710,2025-06-28T19:19:57Z,mobile,6717,completed,,US-E
ORD-010711,2025-02-27T22:35:57Z,web,81053,cancelled,,CA
ORD-010712,2025-02-17T23:31:48Z,mobile,60985,refunded,,US-W
ORD-010713,2025-09-09T22:19:21Z,web,11074,refunded,,US-W
ORD-010714,2025-05-28T20:03:22Z,web,69152,completed,,CA
ORD-010715,2025-04-16T03:20:23Z,web,21937,cancelled,,US-C
ORD-010716,2025-08-10T22:42:06Z,web,36976,completed,,US-W
ORD-010717,2025-02-20T20:11:54Z,web,44685,cancelled,2025-02-26T16:11:54Z,US-W
ORD-010718,2025-04-02T20:55:01Z,mobile,68964,refunded,2025-04-09T06:55:01Z,US-W
ORD-010719,2025-11-13T16:58:12Z,web,66625,active,,CA
ORD-010720,2025-04-28T16:52:45Z,partner,60725,refunded,,US-W
ORD-010721,2025-11-14T21:40:20Z,mobile,87849,active,,US-W
ORD-010722,2025-01-05T18:24:05Z,mobile,75690,completed,,US-E
ORD-010723,2025-08-12T19:53:50Z,mobile,16389,active,,US-E
ORD-010724,2025-11-30T20:47:15Z,web,15195,cancelled,,US-C
ORD-010725,2025-09-09T16:09:42Z,mobile,38815,completed,,US-C
ORD-010726,2025-05-05T21:26:21Z,web,51488,cancelled,2025-05-10T18:26:21Z,US-E
ORD-010727,2025-07-30T22:54:00Z,partner,7402,completed,,US-C
ORD-010728,2025-08-30T21:03:00Z,web,57149,active,,US-E
ORD-010729,2025-08-11T19:40:47Z,partner,3520,refunded,,CA
ORD-010730,2025-08-30T14:47:19Z,web,77251,cancelled,,US-C
ORD-010731,2025-10-13T16:28:32Z,web,69954,cancelled,,CA
ORD-010732,2025-03-26T16:57:42Z,mobile,77459,refunded,,US-E
ORD-010733,2025-11-23T23:13:38Z,web,30654,completed,,US-W
ORD-010734,2025-12-08T15:14:27Z,mobile,80864,active,,US-C
ORD-010735,2025-01-08T18:59:01Z,mobile,44318,cancelled,,US-C
ORD-010736,2025-07-25T14:55:35Z,partner,47846,completed,,CA
ORD-010737,2025-03-17T20:15:37Z,web,77702,cancelled,,US-W
ORD-010738,2025-01-03T15:49:29Z,mobile,35387,completed,,CA
ORD-010739,2025-08-02T16:17:06Z,web,48142,active,,CA
ORD-010740,2025-12-26T23:19:00Z,partner,27252,refunded,,US-W
ORD-010741,2025-02-28T21:21:39Z,mobile,29617,cancelled,,US-E
ORD-010742,2025-03-07T21:38:39Z,web,33140,completed,,CA
ORD-010743,2025-05-09T18:35:04Z,mobile,72871,active,,US-C
ORD-010744,2025-11-11T23:02:37Z,mobile,23856,active,,CA
ORD-010745,2025-02-18T23:20:32Z,mobile,71234,refunded,,US-W
ORD-010746,2025-05-22T18:45:19Z,partner,41818,active,,US-W
ORD-010747,2025-02-22T21:50:40Z,mobile,53824,completed,,US-C
ORD-010748,2025-09-16T22:22:06Z,legacy_pos,56900,active,,CA
ORD-010749,2025-10-14T21:23:31Z,mobile,3556,active,,US-E
ORD-010750,2025-08-05T04:09:06Z,partner,55212,cancelled,,CA
ORD-010751,2025-04-08T18:43:19Z,mobile,3782,refunded,,US-E
ORD-010752,2025-07-01T15:31:55Z,mobile,76076,active,,CA
ORD-010753,2025-03-31T15:41:14Z,partner,25229,completed,,US-E
ORD-010754,2025-04-03T21:38:07Z,mobile,47979,refunded,,US-C
ORD-010755,2025-03-12T20:33:32Z,web,2657,completed,,CA
ORD-010756,2025-10-25T14:52:48Z,mobile,22679,refunded,,CA
ORD-010757,2025-01-02T21:27:26Z,web,15535,active,,US-E
ORD-010758,2025-07-06T16:03:02Z,mobile,30733,cancelled,,US-C
ORD-010759,2025-12-05T23:10:23Z,web,53580,active,,US-W
ORD-010760,2025-06-23T20:02:43Z,web,75293,refunded,,US-C
ORD-010761,2025-02-02T23:30:57Z,partner,16918,active,,US-W
ORD-010762,2025-01-04T16:10:51Z,web,38314,active,,US-C
ORD-010763,2025-08-03T18:16:54Z,web,8361,cancelled,,US-W
ORD-010764,2025-04-03T14:39:04Z,web,27538,refunded,,US-E
ORD-010765,2025-12-01T22:22:05Z,partner,38792,completed,,US-W
ORD-010766,2025-07-04T22:49:03Z,web,70134,active,,US-C
ORD-010767,2025-05-09T21:56:13Z,mobile,24089,completed,,US-W
ORD-010768,2025-09-08T14:24:13Z,partner,26070,refunded,,US-W
ORD-010769,2025-04-12T14:50:16Z,partner,72738,completed,,US-C
ORD-010770,2025-07-08T22:22:34Z,mobile,31364,cancelled,,US-C
ORD-010771,2025-05-18T21:45:00Z,mobile,39554,cancelled,,US-W
ORD-010772,2025-06-23T14:46:53Z,mobile,17324,completed,,US-C
ORD-010773,2025-12-10T22:52:34Z,mobile,81341,cancelled,,US-W
ORD-010774,2025-07-16T17:41:48Z,mobile,49507,cancelled,,US-E
ORD-010775,2025-03-03T23:42:59Z,partner,5294,completed,,US-W
ORD-010776,2025-08-11T21:49:19Z,mobile,17265,cancelled,,US-C
ORD-010777,2025-11-30T17:26:22Z,legacy_pos,77900,cancelled,,US-C
ORD-010778,2025-06-26T16:31:51Z,mobile,75121,completed,,US-E
ORD-010779,2025-01-12T17:04:09Z,partner,48691,active,,US-W
ORD-010780,2025-12-18T16:26:17Z,partner,45858,refunded,,US-E
ORD-010781,2025-08-16T16:06:23Z,partner,36334,cancelled,,US-E
ORD-010782,2025-11-26T16:10:08Z,mobile,69136,refunded,,US-E
ORD-010783,2025-09-26T19:44:23Z,partner,30786,completed,,CA
ORD-010784,2025-09-17T17:39:25Z,web,86365,completed,,CA
ORD-010785,2025-07-23T15:30:40Z,web,62214,active,,US-E
ORD-010786,2025-10-04T03:55:50Z,legacy_pos,27572,active,,US-C
ORD-010787,2025-04-02T15:42:34Z,web,75600,refunded,,US-E
ORD-010788,2025-04-28T05:34:55Z,partner,72038,cancelled,,US-W
ORD-010789,2025-03-04T19:25:16Z,web,66872,cancelled,,US-C
ORD-010790,2025-12-26T18:09:25Z,partner,71731,refunded,,US-E
ORD-010791,2025-02-11T23:18:11Z,mobile,66475,active,,US-C
ORD-010792,2025-08-21T19:13:43Z,web,40775,refunded,,US-E
ORD-010793,2025-09-15T19:22:15Z,partner,80168,completed,2025-09-23T04:22:15Z,CA
ORD-010794,2025-05-04T14:02:37Z,partner,70659,cancelled,,CA
ORD-010795,2025-12-23T22:02:49Z,mobile,20810,cancelled,,CA
ORD-010796,2025-11-24T20:18:13Z,partner,20966,active,,CA
ORD-010797,2025-11-17T19:53:34Z,partner,31891,active,,US-E
ORD-010798,2025-04-04T20:01:39Z,mobile,50898,active,,US-E
ORD-010799,2025-04-24T14:12:45Z,partner,32719,completed,,CA
ORD-010800,2025-09-23T17:10:16Z,mobile,61007,completed,,US-C
ORD-010801,2025-09-02T20:40:56Z,partner,66678,cancelled,,CA
ORD-010802,2025-07-31T18:55:46Z,mobile,73761,refunded,,US-C
ORD-010803,2025-04-20T21:04:35Z,web,60402,refunded,,CA
ORD-010804,2025-07-24T16:59:03Z,partner,1445,refunded,,CA
ORD-010805,2025-06-30T14:35:42Z,web,87821,active,,US-E
ORD-010806,2025-08-31T20:08:25Z,partner,40815,completed,,US-W
ORD-010807,2025-03-06T15:48:11Z,mobile,85157,active,,US-W
ORD-010808,2025-01-20T18:01:09Z,mobile,39610,active,,CA
ORD-010809,2025-05-22T17:10:26Z,mobile,78288,cancelled,,US-W
ORD-010810,2025-11-23T22:58:10Z,partner,69766,completed,,US-E
ORD-010811,2025-04-11T22:21:08Z,mobile,25448,completed,,US-C
ORD-010812,2025-12-25T18:06:15Z,web,6179,cancelled,,US-W
ORD-010813,2025-12-05T18:55:54Z,web,4322,completed,,CA
ORD-010814,2025-12-05T23:28:02Z,web,63045,active,,US-W
ORD-010815,2025-10-04T07:00:05Z,mobile,83065,completed,,US-W
ORD-010816,2025-01-21T16:40:44Z,partner,35444,refunded,,US-C
ORD-010817,2025-08-04T22:05:58Z,partner,54406,completed,,US-W
ORD-010818,2025-03-03T23:29:05Z,partner,38583,active,,CA
ORD-010819,2025-09-10T14:28:48Z,partner,77538,cancelled,,US-C
ORD-010820,2025-07-17T21:24:12Z,mobile,66035,refunded,,US-C
ORD-010821,2025-03-21T21:22:32Z,partner,53542,active,,US-W
ORD-010822,2025-02-06T21:09:40Z,partner,12436,active,,CA
ORD-010823,2025-09-25T14:45:47Z,mobile,7385,active,,US-E
ORD-010824,2025-07-31T14:20:42Z,partner,35831,refunded,,US-C
ORD-010825,2025-05-06T20:32:05Z,web,78984,cancelled,,US-W
ORD-010826,2025-09-05T14:10:51Z,partner,80679,active,,US-C
ORD-010827,2025-09-12T20:03:20Z,legacy_pos,74200,refunded,,US-E
ORD-010828,2025-10-12T16:18:19Z,mobile,48175,cancelled,,US-E
ORD-010829,2025-04-09T19:06:46Z,mobile,85661,active,,US-W
ORD-010830,2025-10-13T14:05:14Z,mobile,47328,completed,,US-E
ORD-010831,2025-01-14T15:54:35Z,legacy_pos,1100,completed,,CA
ORD-010832,2025-05-02T15:50:17Z,mobile,36459,active,,US-C
ORD-010833,2025-04-17T15:17:23Z,legacy_pos,88200,cancelled,,US-C
ORD-010834,2025-04-23T21:12:39Z,partner,30704,refunded,,US-W
ORD-010835,2025-02-27T19:46:06Z,web,52957,completed,,US-W
ORD-010836,2025-07-20T19:55:59Z,web,55497,completed,,US-E
ORD-010837,2025-04-27T21:55:22Z,web,76738,active,,US-C
ORD-010838,2025-08-20T05:33:01Z,mobile,4977,active,,US-E
ORD-010839,2025-11-01T22:58:45Z,web,82251,completed,,US-C
ORD-010840,2025-09-01T07:13:47Z,web,87431,cancelled,,US-W
ORD-010841,2025-03-01T20:27:10Z,partner,9710,active,,US-E
ORD-010842,2025-05-03T16:52:52Z,partner,60563,active,,US-C
ORD-010843,2025-04-20T14:41:19Z,partner,80855,completed,,US-E
ORD-010844,2025-12-11T23:33:28Z,partner,76432,active,,US-E
ORD-010845,2025-03-10T16:21:01Z,mobile,43891,completed,,CA
ORD-010846,2025-01-13T23:34:45Z,legacy_pos,47374,cancelled,,US-C
ORD-010847,2025-10-13T20:36:54Z,partner,69132,refunded,,US-C
ORD-010848,2025-05-11T16:38:06Z,partner,60283,refunded,,US-W
ORD-010849,2025-12-23T21:53:53Z,partner,6394,refunded,,CA
ORD-010850,2025-06-11T21:37:51Z,web,73056,cancelled,,US-E
ORD-010851,2025-07-29T22:49:56Z,mobile,79071,completed,,US-W
ORD-010852,2025-10-24T15:33:07Z,mobile,76787,active,,CA
ORD-010853,2025-10-23T15:59:59Z,mobile,19692,cancelled,,US-C
ORD-010854,2025-03-07T18:29:23Z,partner,17434,active,,US-W
ORD-010855,2025-08-20T14:48:57Z,partner,5143,refunded,,US-E
ORD-010856,2025-03-27T22:16:33Z,partner,47133,completed,,US-W
ORD-010857,2025-03-09T17:39:41Z,web,66398,active,,CA
ORD-010858,2025-04-21T22:41:15Z,mobile,3202,completed,,US-W
ORD-010859,2025-04-28T18:36:17Z,mobile,48203,completed,,CA
ORD-010860,2025-08-12T21:09:51Z,web,46019,completed,,US-W
ORD-010861,2025-03-25T18:08:32Z,web,48106,active,,US-E
ORD-010862,2025-03-20T19:08:18Z,mobile,78506,active,,US-C
ORD-010863,2025-01-21T17:39:09Z,web,49323,cancelled,,US-E
ORD-010864,2025-06-03T17:18:53Z,partner,19663,refunded,,US-C
ORD-010865,2025-06-09T07:38:32Z,mobile,40484,refunded,,US-C
ORD-010866,2025-01-11T20:21:14Z,web,11835,active,,CA
ORD-010867,2025-01-29T07:15:15Z,mobile,38596,cancelled,,US-E
ORD-010868,2025-02-22T18:46:53Z,web,82137,active,,CA
ORD-010869,2025-11-09T17:11:28Z,web,41501,refunded,,US-C
ORD-010870,2025-10-31T02:07:18Z,partner,59319,completed,,US-W
ORD-010871,2025-11-01T14:18:56Z,web,23190,completed,,US-E
ORD-010872,2025-06-26T19:09:51Z,mobile,21303,active,,CA
ORD-010873,2025-09-08T18:58:08Z,mobile,60790,cancelled,,US-W
ORD-010874,2025-04-18T17:32:57Z,mobile,46669,cancelled,,CA
ORD-010875,2025-07-15T14:10:12Z,partner,65111,completed,,US-W
ORD-010876,2025-05-05T20:33:04Z,partner,42282,cancelled,,US-W
ORD-010877,2025-04-18T14:05:18Z,mobile,73890,completed,,CA
ORD-010878,2025-06-13T16:10:42Z,mobile,80538,active,,US-W
ORD-010879,2025-03-06T16:13:22Z,web,84309,completed,,US-E
ORD-010880,2025-02-19T22:36:57Z,mobile,30661,refunded,,US-C
ORD-010881,2025-09-14T18:32:56Z,mobile,27375,active,,US-E
ORD-010882,2025-11-21T17:05:14Z,partner,83357,refunded,,US-W
ORD-010883,2025-08-01T22:45:16Z,web,7619,completed,,US-W
ORD-010884,2025-08-11T20:25:21Z,web,41071,active,,US-C
ORD-010885,2025-04-03T16:35:12Z,partner,2291,completed,,CA
ORD-010886,2025-10-22T18:15:23Z,partner,30308,active,,US-W
ORD-010887,2025-01-15T15:44:14Z,mobile,74286,refunded,,US-W
ORD-010888,2025-10-31T22:02:30Z,partner,50078,active,,US-W
ORD-010889,2025-08-07T07:47:48Z,web,8793,completed,,US-C
ORD-010890,2025-11-29T23:27:07Z,web,59086,active,,US-W
ORD-010891,2025-07-10T14:34:24Z,web,47608,active,,US-W
ORD-010892,2025-09-06T19:55:24Z,mobile,48779,cancelled,,CA
ORD-010893,2025-02-02T18:42:39Z,partner,74291,refunded,,US-E
ORD-010894,2025-10-04T18:38:03Z,partner,41507,active,,US-W
ORD-010895,2025-05-28T19:52:44Z,partner,20690,completed,,US-W
ORD-010896,2025-05-07T17:52:05Z,mobile,81135,completed,,US-E
ORD-010897,2025-10-16T22:58:09Z,web,88115,active,,CA
ORD-010898,2025-11-01T21:40:44Z,web,79943,cancelled,,US-C
ORD-010899,2025-03-29T14:33:49Z,mobile,54507,active,,US-W
ORD-010900,2025-01-31T20:00:17Z,partner,77335,completed,,US-W
ORD-010901,2025-01-07T22:19:22Z,partner,37111,refunded,,US-C
ORD-010902,2025-10-10T20:59:08Z,mobile,50904,cancelled,,US-C
ORD-010903,2025-06-22T20:09:31Z,mobile,32560,cancelled,,US-E
ORD-010904,2025-06-25T15:59:58Z,partner,55811,cancelled,,CA
ORD-010905,2025-12-24T23:22:21Z,mobile,22247,active,,CA
ORD-010906,2025-03-23T14:27:15Z,mobile,7901,completed,,CA
ORD-010907,2025-09-17T18:29:24Z,partner,14703,cancelled,,US-C
ORD-010908,2025-07-15T16:42:17Z,web,35724,completed,,US-C
ORD-010909,2025-11-01T21:41:15Z,partner,78613,active,,CA
ORD-010910,2025-01-22T15:48:58Z,partner,70386,completed,,CA
ORD-010911,2025-06-14T18:01:01Z,mobile,75167,cancelled,,US-E
ORD-010912,2025-09-27T16:09:02Z,web,17251,active,,US-C
ORD-010913,2025-10-19T19:07:02Z,partner,81326,completed,,US-C
ORD-010914,2025-10-23T16:14:42Z,web,52091,active,,US-W
ORD-010915,2025-08-18T15:56:59Z,mobile,72483,active,,US-E
ORD-010916,2025-06-28T14:09:17Z,mobile,20015,refunded,,US-E
ORD-010917,2025-11-01T22:02:14Z,partner,33728,refunded,,CA
ORD-010918,2025-07-11T16:40:50Z,partner,37446,active,,US-W
ORD-010919,2025-04-27T21:17:47Z,mobile,38341,completed,,US-E
ORD-010920,2025-01-30T19:09:56Z,partner,11486,active,,US-C
ORD-010921,2025-12-01T17:41:02Z,partner,89801,completed,,US-W
ORD-010922,2025-05-29T19:16:59Z,web,88601,refunded,,US-W
ORD-010923,2025-12-21T18:56:56Z,mobile,42559,refunded,,US-W
ORD-010924,2025-03-13T18:47:53Z,mobile,39238,completed,,US-C
ORD-010925,2025-05-18T20:24:56Z,legacy_pos,48711,cancelled,,US-W
ORD-010926,2025-06-27T16:47:16Z,web,42168,active,,US-E
ORD-010927,2025-09-10T18:24:47Z,partner,44390,cancelled,,US-C
ORD-010928,2025-12-21T22:44:20Z,mobile,4096,active,,US-C
ORD-010929,2025-12-28T16:11:31Z,web,61357,completed,,US-E
ORD-010930,2025-08-24T17:22:45Z,mobile,9266,refunded,,US-C
ORD-010931,2025-10-17T20:11:22Z,partner,61429,active,,US-E
ORD-010932,2025-08-11T15:28:46Z,web,19235,refunded,,US-W
ORD-010933,2025-09-10T04:06:25Z,web,81217,completed,,CA
ORD-010934,2025-09-24T19:24:01Z,mobile,62225,refunded,,US-W
ORD-010935,2025-06-27T16:57:33Z,partner,25929,active,,CA
ORD-010936,2025-02-15T18:24:56Z,mobile,57133,active,,CA
ORD-010937,2025-06-05T19:36:12Z,mobile,66100,refunded,,US-E
ORD-010938,2025-03-18T17:27:06Z,mobile,62654,refunded,,US-E
ORD-010939,2025-11-22T15:13:26Z,partner,52986,refunded,,US-W
ORD-010940,2025-07-08T14:46:53Z,mobile,78764,completed,,CA
ORD-010941,2025-06-22T20:50:25Z,partner,49321,completed,,US-W
ORD-010942,2025-08-29T16:31:03Z,mobile,35155,cancelled,,US-E
ORD-010943,2025-09-29T18:51:11Z,partner,35663,completed,,CA
ORD-010944,2025-03-18T07:49:02Z,mobile,20602,cancelled,,CA
ORD-010945,2025-01-03T20:50:45Z,mobile,50267,active,,US-W
ORD-010946,2025-09-17T16:03:31Z,partner,71305,cancelled,,CA
ORD-010947,2025-03-07T19:01:56Z,partner,60387,completed,,US-W
ORD-010948,2025-01-06T17:36:04Z,partner,74699,completed,,US-C
ORD-010949,2025-09-13T22:17:48Z,mobile,65178,completed,2025-09-21T16:17:48Z,US-W
ORD-010950,2025-02-14T18:18:37Z,partner,30405,active,,US-W
ORD-010951,2025-08-31T22:50:04Z,partner,39607,cancelled,,CA
ORD-010952,2025-11-30T18:54:39Z,legacy_pos,39400,active,,US-C
ORD-010953,2025-01-29T17:20:43Z,mobile,13384,active,,US-E
ORD-010954,2025-02-15T19:22:10Z,partner,27160,active,,CA
ORD-010955,2025-12-03T20:31:27Z,mobile,72054,cancelled,,US-W
ORD-010956,2025-02-21T23:19:50Z,mobile,33607,refunded,,US-W
ORD-010957,2025-08-23T20:35:13Z,web,23267,cancelled,,US-E
ORD-010958,2025-09-29T15:26:01Z,partner,5694,active,,US-E
ORD-010959,2025-09-02T20:25:50Z,partner,31764,cancelled,,CA
ORD-010960,2025-07-19T19:37:11Z,mobile,43994,active,,CA
ORD-010961,2025-02-16T22:37:21Z,partner,35471,active,,US-C
ORD-010962,2025-06-08T22:46:04Z,mobile,16655,completed,,US-C
ORD-010963,2025-02-03T20:17:49Z,partner,10586,active,,CA
ORD-010964,2025-07-14T21:46:45Z,mobile,34091,completed,,US-C
ORD-010965,2025-08-28T20:36:27Z,web,29726,active,,US-C
ORD-010966,2025-01-26T20:43:30Z,mobile,16738,refunded,,CA
ORD-010967,2025-08-22T22:18:35Z,partner,13777,cancelled,,CA
ORD-010968,2025-01-01T21:06:39Z,partner,80994,active,,US-E
ORD-010969,2025-08-02T18:26:30Z,mobile,14072,refunded,,US-E
ORD-010970,2025-12-15T18:38:36Z,web,77685,completed,,US-E
ORD-010971,2025-05-18T20:47:17Z,partner,22589,completed,,US-C
ORD-010972,2025-02-22T19:49:51Z,mobile,1516,active,,US-W
ORD-010973,2025-10-21T20:37:27Z,partner,72254,refunded,,US-C
ORD-010974,2025-08-12T22:59:20Z,web,75705,completed,,CA
ORD-010975,2025-11-24T23:27:57Z,web,68969,cancelled,,US-W
ORD-010976,2025-03-17T17:57:18Z,web,1086,refunded,,US-W
ORD-010977,2025-07-27T17:50:40Z,partner,89281,cancelled,,US-W
ORD-010978,2025-11-09T18:21:46Z,web,57709,refunded,,US-E
ORD-010979,2025-12-10T22:20:12Z,partner,515,cancelled,,CA
ORD-010980,2025-05-18T22:05:41Z,web,86934,active,,US-E
ORD-010981,2025-06-26T22:53:29Z,mobile,50799,cancelled,,US-W
ORD-010982,2025-09-26T22:20:04Z,mobile,18641,cancelled,,US-W
ORD-010983,2025-11-08T16:47:29Z,web,69466,active,,US-C
ORD-010984,2025-06-22T18:17:52Z,mobile,75454,active,,US-W
ORD-010985,2025-01-23T16:36:13Z,mobile,60932,refunded,,CA
ORD-010986,2025-06-14T19:04:29Z,partner,20808,refunded,,US-C
ORD-010987,2025-01-18T16:53:08Z,web,43384,active,,US-W
ORD-010988,2025-12-31T21:45:35Z,partner,32713,cancelled,,US-W
ORD-010989,2025-08-10T16:18:05Z,web,67237,completed,,US-C
ORD-010990,2025-12-02T16:24:50Z,web,5624,cancelled,,CA
ORD-010991,2025-12-04T21:34:30Z,partner,61621,active,,US-C
ORD-010992,2025-02-02T16:29:02Z,web,12824,active,,US-E
ORD-010993,2025-05-15T15:32:54Z,mobile,28978,completed,,US-C
ORD-010994,2025-05-27T21:07:10Z,web,85976,completed,,US-E
ORD-010995,2025-10-23T07:55:26Z,mobile,45428,completed,,US-E
ORD-010996,2025-03-01T20:42:07Z,mobile,85587,active,,US-C
ORD-010997,2025-03-07T20:54:47Z,mobile,24282,refunded,,US-E
ORD-010998,2025-04-15T17:39:59Z,legacy_pos,37281,refunded,,US-C
ORD-010999,2025-09-19T18:05:56Z,mobile,15741,refunded,,US-C
ORD-011000,2025-12-30T17:20:52Z,mobile,72213,refunded,,US-W
ORD-011001,2025-04-02T19:28:31Z,web,12976,completed,,US-E
ORD-011002,2025-06-24T22:10:48Z,mobile,72316,completed,,US-E
ORD-011003,2025-09-15T17:14:34Z,partner,64540,completed,2025-09-22T02:14:34Z,US-W
ORD-011004,2025-07-14T14:22:25Z,web,89936,refunded,,US-W
ORD-011005,2025-11-18T17:17:39Z,web,64769,completed,,US-C
ORD-011006,2025-07-04T07:29:12Z,partner,62432,completed,,US-E
ORD-011007,2025-04-19T21:57:46Z,mobile,55549,cancelled,,US-C
ORD-011008,2025-10-12T16:51:30Z,mobile,86047,completed,,US-E
ORD-011009,2025-09-30T20:49:02Z,web,46465,active,2025-10-03T14:49:02Z,CA
ORD-011010,2025-11-12T19:45:16Z,partner,76080,active,,US-E
ORD-011011,2025-11-11T16:12:02Z,web,42025,active,,US-E
ORD-011012,2025-09-29T22:37:37Z,legacy_pos,61468,cancelled,,US-E
ORD-011013,2025-03-21T19:48:02Z,mobile,45827,active,,CA
ORD-011014,2025-09-14T21:57:09Z,partner,48089,active,,US-W
ORD-011015,2025-12-23T19:20:37Z,mobile,11693,cancelled,,US-W
ORD-011016,2025-06-16T19:05:14Z,mobile,14439,refunded,,US-W
ORD-011017,2025-09-15T20:04:39Z,mobile,12782,completed,,US-W
ORD-011018,2025-07-18T21:23:12Z,partner,26923,completed,,CA
ORD-011019,2025-01-03T21:21:54Z,mobile,41932,refunded,,US-W
ORD-011020,2025-10-16T14:43:22Z,web,47963,cancelled,,US-C
ORD-011021,2025-08-14T20:56:26Z,web,32987,cancelled,,US-W
ORD-011022,2025-06-05T17:23:52Z,partner,59192,active,2025-06-12T18:23:52Z,US-E
ORD-011023,2025-06-10T17:55:08Z,web,65312,refunded,,US-C
ORD-011024,2025-01-10T16:36:28Z,partner,66171,active,,US-W
ORD-011025,2025-01-16T23:24:36Z,mobile,51834,completed,,CA
ORD-011026,2025-05-19T19:00:22Z,partner,83172,refunded,,CA
ORD-011027,2025-05-20T15:21:03Z,partner,27109,completed,,US-C
ORD-011028,2025-10-23T22:55:00Z,partner,65780,cancelled,,US-C
ORD-011029,2025-03-06T19:49:50Z,web,44781,cancelled,,US-W
ORD-011030,2025-06-03T20:49:26Z,web,72651,cancelled,,US-W
ORD-011031,2025-03-07T20:59:14Z,partner,49785,cancelled,,US-C
ORD-011032,2025-04-07T18:02:58Z,mobile,73081,active,,CA
ORD-011033,2025-10-22T15:38:12Z,partner,21837,refunded,,US-E
ORD-011034,2025-08-09T14:40:14Z,web,9452,cancelled,,US-C
ORD-011035,2025-11-22T18:56:54Z,mobile,25619,refunded,,US-E
ORD-011036,2025-08-28T17:00:52Z,partner,35872,active,,CA
ORD-011037,2025-08-21T20:48:46Z,web,68389,active,,US-C
ORD-011038,2025-01-27T17:20:23Z,web,7066,active,,CA
ORD-011039,2025-07-19T16:01:24Z,mobile,56892,active,,CA
ORD-011040,2025-04-20T18:03:46Z,mobile,26615,refunded,,CA
ORD-011041,2025-09-18T15:40:56Z,web,22444,active,,CA
ORD-011042,2025-11-26T19:05:46Z,mobile,48169,active,,US-W
ORD-011043,2025-02-26T16:04:25Z,mobile,589,refunded,,US-E
ORD-011044,2025-12-25T17:55:10Z,partner,51570,cancelled,,CA
ORD-011045,2025-01-07T15:21:59Z,mobile,21002,cancelled,,US-C
ORD-011046,2025-01-20T18:37:32Z,mobile,20669,completed,,US-W
ORD-011047,2025-02-15T22:44:39Z,mobile,87287,completed,,CA
ORD-011048,2025-11-06T15:04:31Z,mobile,44432,active,,US-E
ORD-011049,2025-07-08T20:34:19Z,mobile,2464,cancelled,,US-E
ORD-011050,2025-06-25T16:46:48Z,partner,63618,active,,CA
ORD-011051,2025-05-24T17:02:11Z,partner,36773,cancelled,,US-W
ORD-011052,2025-01-08T07:34:50Z,web,52065,completed,,US-W
ORD-011053,2025-04-22T20:15:39Z,partner,49796,active,,US-C
ORD-011054,2025-08-02T22:40:19Z,partner,44972,completed,,US-W
ORD-011055,2025-08-13T15:44:41Z,mobile,74083,completed,,US-C
ORD-011056,2025-04-17T16:45:53Z,partner,89765,refunded,,US-C
ORD-011057,2025-03-02T17:10:04Z,partner,83020,refunded,,CA
ORD-011058,2025-06-13T21:19:55Z,legacy_pos,9700,active,,CA
ORD-011059,2025-05-23T20:36:26Z,web,26345,completed,,US-C
ORD-011060,2025-01-07T21:01:24Z,web,70569,refunded,,US-E
ORD-011061,2025-04-14T16:46:18Z,partner,4824,completed,,CA
ORD-011062,2025-12-01T15:31:23Z,mobile,63138,active,,CA
ORD-011063,2025-01-22T19:17:55Z,web,35824,cancelled,,US-W
ORD-011064,2025-04-29T19:30:47Z,mobile,26608,active,,CA
ORD-011065,2025-07-21T20:00:17Z,web,9641,refunded,,US-W
ORD-011066,2025-01-29T19:48:25Z,partner,15024,active,,US-E
ORD-011067,2025-05-01T20:07:51Z,web,61196,refunded,,CA
ORD-011068,2025-03-16T17:00:13Z,web,68551,cancelled,,US-E
ORD-011069,2025-09-08T16:56:05Z,mobile,87591,cancelled,,US-C
ORD-011070,2025-01-25T15:35:48Z,mobile,71647,active,,US-E
ORD-011071,2025-05-29T14:48:04Z,partner,43092,refunded,,CA
ORD-011072,2025-03-01T22:35:44Z,mobile,83472,refunded,,US-E
ORD-011073,2025-01-03T21:10:00Z,web,33124,completed,,US-W
ORD-011074,2025-02-26T17:14:38Z,partner,6054,active,,US-E
ORD-011075,2025-10-14T14:19:24Z,partner,79912,refunded,,US-W
ORD-011076,2025-04-04T18:48:09Z,web,38250,active,,CA
ORD-011077,2025-01-02T16:40:30Z,web,52855,refunded,,US-W
ORD-011078,2025-12-21T16:21:04Z,mobile,77928,active,,CA
ORD-011079,2025-03-19T14:43:41Z,web,70129,active,,US-E
ORD-011080,2025-08-28T15:42:15Z,mobile,10367,active,,CA
ORD-011081,2025-01-06T18:40:56Z,mobile,38402,cancelled,,US-W
ORD-011082,2025-03-01T17:46:27Z,mobile,59363,cancelled,,US-W
ORD-011083,2025-07-29T22:32:16Z,partner,36615,completed,,US-W
ORD-011084,2025-08-04T14:35:04Z,web,19613,refunded,,US-C
ORD-011085,2025-07-24T15:38:35Z,mobile,64047,cancelled,,US-W
ORD-011086,2025-09-19T16:29:24Z,partner,32106,active,,US-E
ORD-011087,2025-08-23T17:47:28Z,mobile,57055,refunded,,US-E
ORD-011088,2025-12-27T23:11:10Z,partner,39280,active,,CA
ORD-011089,2025-04-10T20:20:59Z,web,30605,cancelled,,CA
ORD-011090,2025-04-07T18:04:10Z,partner,34622,refunded,,US-W
ORD-011091,2025-04-04T15:52:41Z,partner,9772,completed,,CA
ORD-011092,2025-04-26T22:31:39Z,web,3525,completed,,US-C
ORD-011093,2025-08-02T21:58:56Z,web,82203,completed,,CA
ORD-011094,2025-01-01T15:02:54Z,mobile,20389,completed,,US-W
ORD-011095,2025-04-11T22:18:20Z,web,71927,active,,US-E
ORD-011096,2025-05-26T17:00:31Z,partner,75644,refunded,,US-E
ORD-011097,2025-11-27T23:26:57Z,web,40250,completed,,US-C
ORD-011098,2025-10-17T17:07:45Z,partner,28343,active,,US-C
ORD-011099,2025-05-11T16:28:46Z,mobile,61090,completed,,CA
ORD-011100,2025-03-31T21:43:30Z,mobile,88910,active,,US-C
ORD-011101,2025-12-14T18:13:18Z,mobile,31827,completed,,US-E
ORD-011102,2025-05-20T21:08:01Z,partner,6868,active,,US-C
ORD-011103,2025-10-24T16:50:10Z,partner,36440,active,,US-E
ORD-011104,2025-12-30T17:12:55Z,partner,26388,completed,,US-W
ORD-011105,2025-06-27T16:06:41Z,mobile,23695,cancelled,,US-E
ORD-011106,2025-07-06T14:57:18Z,web,11046,active,,US-C
ORD-011107,2025-05-24T14:36:30Z,mobile,31313,cancelled,,US-C
ORD-011108,2025-09-30T20:56:14Z,web,64200,active,,US-C
ORD-011109,2025-10-10T17:21:04Z,web,19236,completed,,US-C
ORD-011110,2025-11-04T16:16:21Z,web,17957,refunded,,US-W
ORD-011111,2025-12-18T19:22:41Z,partner,48551,active,,US-W
ORD-011112,2025-02-04T19:08:18Z,mobile,1559,cancelled,,CA
ORD-011113,2025-05-02T19:53:04Z,partner,66340,refunded,,US-W
ORD-011114,2025-05-19T17:21:46Z,mobile,27160,completed,,US-C
ORD-011115,2025-05-12T20:47:43Z,partner,35550,completed,,US-C
ORD-011116,2025-05-08T14:43:09Z,partner,77860,active,,US-E
ORD-011117,2025-05-23T20:54:07Z,mobile,43162,active,,US-E
ORD-011118,2025-07-01T15:28:54Z,mobile,47413,refunded,,CA
ORD-011119,2025-05-02T18:35:20Z,web,25828,cancelled,,CA
ORD-011120,2025-03-03T19:42:11Z,partner,29328,completed,,US-E
ORD-011121,2025-12-16T19:40:36Z,mobile,39133,cancelled,,CA
ORD-011122,2025-07-19T22:05:09Z,mobile,50908,cancelled,,US-E
ORD-011123,2025-08-31T14:45:41Z,partner,80656,cancelled,2025-09-07T23:45:41Z,US-C
ORD-011124,2025-05-09T17:56:45Z,mobile,25480,cancelled,,CA
ORD-011125,2025-04-09T18:21:22Z,mobile,82067,completed,,US-W
ORD-011126,2025-07-20T17:23:04Z,web,80867,cancelled,,US-W
ORD-011127,2025-12-07T21:13:07Z,web,70088,active,,CA
ORD-011128,2025-10-17T21:58:03Z,mobile,78079,refunded,,US-C
ORD-011129,2025-07-14T19:53:57Z,partner,44835,active,,US-E
ORD-011130,2025-11-28T15:42:33Z,web,82051,refunded,,US-C
ORD-011131,2025-05-31T20:57:55Z,partner,64787,refunded,,US-E
ORD-011132,2025-09-11T17:45:02Z,legacy_pos,853,refunded,,US-W
ORD-011133,2025-11-02T23:42:15Z,partner,81873,cancelled,2025-11-04T09:42:15Z,US-W
ORD-011134,2025-11-09T16:17:50Z,partner,33619,active,,CA
ORD-011135,2025-07-06T21:40:21Z,web,4949,completed,,US-W
ORD-011136,2025-01-12T21:28:36Z,partner,58905,active,,US-W
ORD-011137,2025-01-31T15:10:48Z,partner,57157,refunded,,US-E
ORD-011138,2025-03-18T17:05:46Z,mobile,33188,cancelled,,CA
ORD-011139,2025-06-21T14:20:39Z,mobile,6290,cancelled,,US-E
ORD-011140,2025-05-12T15:17:02Z,partner,14304,cancelled,,US-E
ORD-011141,2025-08-24T14:35:04Z,web,33100,cancelled,,US-E
ORD-011142,2025-05-31T19:18:52Z,web,64823,refunded,,US-C
ORD-011143,2025-08-19T14:05:06Z,web,41558,cancelled,,US-E
ORD-011144,2025-01-13T20:30:51Z,partner,8487,completed,,US-W
ORD-011145,2025-11-25T20:19:10Z,partner,27299,completed,,US-W
ORD-011146,2025-01-30T21:54:26Z,partner,37478,refunded,,CA
ORD-011147,2025-06-23T14:13:19Z,web,66176,cancelled,,US-C
ORD-011148,2025-07-03T21:57:24Z,mobile,26325,active,,US-W
ORD-011149,2025-04-10T19:41:25Z,web,5673,active,,US-E
ORD-011150,2025-04-14T22:38:15Z,partner,76343,refunded,,CA
ORD-011151,2025-09-27T22:14:35Z,web,75436,cancelled,,US-E
ORD-011152,2025-09-17T22:07:57Z,mobile,57906,refunded,,CA
ORD-011153,2025-09-17T18:44:03Z,mobile,82957,completed,,US-W
ORD-011154,2025-03-31T21:51:59Z,mobile,26565,active,,US-W
ORD-011155,2025-08-02T17:13:57Z,partner,1395,active,,US-C
ORD-011156,2025-03-26T22:08:48Z,partner,1985,active,,US-C
ORD-011157,2025-01-21T18:27:20Z,legacy_pos,35800,completed,,US-E
ORD-011158,2025-07-07T22:37:10Z,mobile,85190,active,,US-E
ORD-011159,2025-11-16T22:21:01Z,mobile,86522,cancelled,,US-W
ORD-011160,2025-06-25T19:07:38Z,mobile,51211,refunded,,US-W
ORD-011161,2025-07-30T20:01:16Z,mobile,48288,cancelled,,US-W
ORD-011162,2025-03-09T20:39:03Z,partner,60702,active,,US-E
ORD-011163,2025-01-24T18:46:53Z,web,23234,completed,,CA
ORD-011164,2025-12-22T21:25:04Z,mobile,38722,completed,,US-E
ORD-011165,2025-11-21T20:15:19Z,web,13544,cancelled,,CA
ORD-011166,2025-06-08T18:47:37Z,partner,28396,completed,,CA
ORD-011167,2025-02-09T18:38:48Z,mobile,47108,completed,,US-E
ORD-011168,2025-02-26T19:05:43Z,mobile,44172,refunded,,US-E
ORD-011169,2025-09-13T22:09:12Z,legacy_pos,77937,cancelled,,US-W
ORD-011170,2025-06-11T17:32:15Z,legacy_pos,66000,active,,CA
ORD-011171,2025-07-03T14:57:21Z,web,82350,completed,,US-C
ORD-011172,2025-03-24T16:31:28Z,mobile,80187,refunded,2025-04-01T17:31:28Z,CA
ORD-011173,2025-06-07T14:16:10Z,mobile,58749,cancelled,,US-W
ORD-011174,2025-12-20T18:57:45Z,partner,15494,active,,US-E
ORD-011175,2025-02-24T02:52:53Z,mobile,25833,completed,,US-C
ORD-011176,2025-09-27T21:26:07Z,partner,74883,completed,,US-C
ORD-011177,2025-04-06T14:50:26Z,mobile,11811,active,,US-W
ORD-011178,2025-03-11T21:15:49Z,partner,5570,cancelled,,CA
ORD-011179,2025-06-16T19:23:10Z,web,41938,cancelled,,US-C
ORD-011180,2025-12-24T20:41:45Z,mobile,33918,refunded,,US-C
ORD-011181,2025-03-09T14:18:11Z,mobile,85906,completed,,US-W
ORD-011182,2025-07-27T22:09:52Z,partner,54898,active,,US-C
ORD-011183,2025-03-02T19:23:31Z,web,72383,cancelled,,US-C
ORD-011184,2025-04-07T14:46:42Z,web,73792,refunded,,US-C
ORD-011185,2025-11-15T18:34:17Z,partner,87202,active,,US-W
ORD-011186,2025-10-20T17:16:20Z,partner,89392,completed,,US-C
ORD-011187,2025-11-24T17:11:47Z,partner,19149,cancelled,,US-C
ORD-011188,2025-07-18T19:12:54Z,partner,16475,active,,US-E
ORD-011189,2025-06-22T16:25:38Z,web,84012,completed,,CA
ORD-011190,2025-04-02T15:33:36Z,partner,73538,completed,,US-E
ORD-011191,2025-08-05T17:18:08Z,mobile,616,completed,,US-E
ORD-011192,2025-11-17T19:52:15Z,web,15230,cancelled,,US-W
ORD-011193,2025-02-10T18:02:24Z,web,25504,refunded,,US-E
ORD-011194,2025-06-03T18:27:53Z,partner,31309,completed,,US-C
ORD-011195,2025-05-25T17:25:34Z,mobile,80082,cancelled,,CA
ORD-011196,2025-03-24T20:22:00Z,web,88214,cancelled,,US-C
ORD-011197,2025-02-21T21:01:58Z,web,18409,completed,,US-E
ORD-011198,2025-01-02T21:15:28Z,mobile,39937,active,,US-C
ORD-011199,2025-07-11T04:34:59Z,mobile,17798,active,,US-W
ORD-011200,2025-10-22T20:22:59Z,legacy_pos,43000,cancelled,,US-W
ORD-011201,2025-07-25T15:01:42Z,web,89612,refunded,,US-E
ORD-011202,2025-02-08T17:33:45Z,partner,80169,completed,,US-C
ORD-011203,2025-05-22T14:38:48Z,mobile,18541,refunded,,US-W
ORD-011204,2025-07-07T18:01:05Z,partner,68919,active,2025-07-10T12:01:05Z,US-C
ORD-011205,2025-01-27T18:28:51Z,mobile,76729,active,,US-W
ORD-011206,2025-10-17T17:52:26Z,web,38511,refunded,,US-W
ORD-011207,2025-11-18T22:30:43Z,partner,58295,completed,,US-C
ORD-011208,2025-04-10T20:41:17Z,legacy_pos,29700,cancelled,,US-E
ORD-011209,2025-03-07T21:43:02Z,mobile,84010,refunded,,CA
ORD-011210,2025-06-09T20:08:18Z,web,28199,refunded,,CA
ORD-011211,2025-09-02T17:55:06Z,web,31917,cancelled,,US-W
ORD-011212,2025-06-11T14:14:29Z,partner,65061,cancelled,,US-E
ORD-011213,2025-01-04T19:22:21Z,web,53936,cancelled,,CA
ORD-011214,2025-12-09T20:45:45Z,partner,30361,active,,CA
ORD-011215,2025-10-26T15:21:28Z,web,46617,cancelled,,US-C
ORD-011216,2025-11-23T19:18:01Z,web,64347,completed,,US-E
ORD-011217,2025-04-25T20:57:37Z,web,22610,completed,,CA
ORD-011218,2025-05-13T07:37:59Z,partner,19307,active,,US-C
ORD-011219,2025-10-06T15:52:49Z,web,69826,cancelled,,US-W
ORD-011220,2025-05-25T16:56:01Z,partner,40932,active,2025-05-26T15:56:01Z,US-W
ORD-011221,2025-03-03T19:52:19Z,mobile,13896,cancelled,,CA
ORD-011222,2025-04-29T14:36:20Z,mobile,3546,refunded,,US-W
ORD-011223,2025-07-29T16:46:26Z,web,74166,active,,CA
ORD-011224,2025-07-16T18:12:56Z,mobile,36580,active,,US-E
ORD-011225,2025-01-13T22:47:04Z,partner,39100,active,,US-E
ORD-011226,2025-09-26T19:03:43Z,partner,80088,cancelled,,CA
ORD-011227,2025-01-06T16:27:10Z,mobile,35852,refunded,,US-C
ORD-011228,2025-06-26T20:17:23Z,mobile,23140,cancelled,,US-W
ORD-011229,2025-08-30T15:01:20Z,mobile,14298,cancelled,,US-W
ORD-011230,2025-01-25T18:34:22Z,mobile,84608,active,,CA
ORD-011231,2025-07-16T22:30:27Z,mobile,26650,active,,US-E
ORD-011232,2025-03-01T23:25:27Z,partner,83622,completed,,US-C
ORD-011233,2025-10-26T18:50:08Z,web,24928,active,,US-C
ORD-011234,2025-02-09T17:13:06Z,web,9790,active,,CA
ORD-011235,2025-10-23T18:08:13Z,web,85907,completed,,US-W
ORD-011236,2025-07-23T17:58:10Z,mobile,40122,refunded,,US-E
ORD-011237,2025-07-21T16:58:42Z,mobile,42809,completed,,US-E
ORD-011238,2025-09-16T19:02:14Z,partner,8450,refunded,,US-C
ORD-011239,2025-07-13T22:49:18Z,web,914,refunded,,US-W
ORD-011240,2025-01-19T20:30:01Z,partner,85198,cancelled,,US-C
ORD-011241,2025-12-03T19:12:25Z,web,89557,cancelled,,CA
ORD-011242,2025-10-20T16:45:28Z,mobile,28756,cancelled,,US-C
ORD-011243,2025-01-31T22:32:22Z,partner,46008,cancelled,,US-E
ORD-011244,2025-02-15T22:02:32Z,web,18647,cancelled,,US-C
ORD-011245,2025-04-19T21:00:47Z,mobile,59423,refunded,,US-C
ORD-011246,2025-11-12T16:44:27Z,web,2283,cancelled,,CA
ORD-011247,2025-04-19T19:47:31Z,mobile,43152,active,,CA
ORD-011248,2025-12-01T17:48:13Z,partner,19227,completed,,CA
ORD-011249,2025-09-09T22:34:47Z,mobile,65742,cancelled,,US-E
ORD-011250,2025-05-27T22:19:52Z,partner,68651,completed,,US-W
ORD-011251,2025-10-28T15:38:53Z,partner,64317,refunded,,CA
ORD-011252,2025-08-07T15:29:32Z,partner,41663,completed,,US-E
ORD-011253,2025-04-15T14:05:26Z,mobile,87345,cancelled,,US-W
ORD-011254,2025-03-08T15:27:35Z,mobile,54731,completed,,US-E
ORD-011255,2025-07-14T16:10:29Z,web,79769,completed,,CA
ORD-011256,2025-03-02T23:32:41Z,partner,18350,refunded,,US-E
ORD-011257,2025-09-02T16:38:13Z,web,89239,completed,,US-C
ORD-011258,2025-11-22T20:45:59Z,mobile,64181,active,,US-C
ORD-011259,2025-05-19T20:45:51Z,partner,65168,cancelled,,US-W
ORD-011260,2025-03-28T16:30:25Z,partner,7436,completed,,US-E
ORD-011261,2025-01-05T22:34:50Z,web,70592,active,,US-W
ORD-011262,2025-11-24T16:58:36Z,web,8662,active,,US-E
ORD-011263,2025-01-17T21:18:09Z,partner,10723,cancelled,,US-W
ORD-011264,2025-03-08T17:16:55Z,web,73593,completed,,US-C
ORD-011265,2025-11-17T21:20:56Z,mobile,76711,cancelled,,CA
ORD-011266,2025-09-12T15:32:52Z,mobile,50802,completed,,US-E
ORD-011267,2025-07-10T16:32:59Z,partner,65263,cancelled,,US-C
ORD-011268,2025-12-12T21:03:38Z,partner,20019,completed,,US-C
ORD-011269,2025-02-21T00:01:10Z,web,49265,cancelled,,US-E
ORD-011270,2025-09-20T21:25:38Z,legacy_pos,13232,completed,,US-W
ORD-011271,2025-10-30T22:46:18Z,partner,55710,completed,,US-W
ORD-011272,2025-03-14T20:47:44Z,legacy_pos,11200,cancelled,,CA
ORD-011273,2025-07-03T22:36:47Z,mobile,24310,completed,,CA
ORD-011274,2025-10-26T21:49:06Z,web,70219,cancelled,2025-10-29T11:49:06Z,US-C
ORD-011275,2025-07-28T07:50:07Z,web,72523,completed,,CA
ORD-011276,2025-02-03T22:30:17Z,mobile,62982,refunded,,US-W
ORD-011277,2025-08-30T16:51:01Z,mobile,24288,cancelled,,US-C
ORD-011278,2025-09-04T19:17:48Z,partner,89769,cancelled,,US-W
ORD-011279,2025-04-12T21:40:04Z,partner,80727,active,,US-C
ORD-011280,2025-06-26T17:16:11Z,web,35649,completed,,CA
ORD-011281,2025-06-11T14:47:15Z,mobile,2058,refunded,,US-W
ORD-011282,2025-02-22T20:46:00Z,web,10286,active,,US-E
ORD-011283,2025-08-23T19:38:55Z,mobile,59730,refunded,,US-E
ORD-011284,2025-01-17T16:59:26Z,web,78527,completed,,US-E
ORD-011285,2025-06-04T15:10:19Z,legacy_pos,39000,cancelled,,US-W
ORD-011286,2025-03-02T17:19:09Z,partner,70511,active,,US-W
ORD-011287,2025-10-03T19:26:12Z,mobile,18633,cancelled,,CA
ORD-011288,2025-02-15T22:17:17Z,mobile,18303,active,,US-W
ORD-011289,2025-06-30T16:10:16Z,legacy_pos,53273,active,,US-W
ORD-011290,2025-02-18T19:06:15Z,mobile,6504,active,,US-C
ORD-011291,2025-12-03T20:03:21Z,partner,84834,completed,,CA
ORD-011292,2025-01-07T19:55:35Z,web,49117,completed,,US-W
ORD-011293,2025-06-07T20:10:01Z,partner,12203,active,,US-W
ORD-011294,2025-03-18T16:37:53Z,web,61846,active,,US-E
ORD-011295,2025-04-24T16:02:16Z,partner,40146,completed,,CA
ORD-011296,2025-10-29T20:27:15Z,web,66939,completed,,US-C
ORD-011297,2025-10-31T18:24:32Z,legacy_pos,12900,refunded,,CA
ORD-011298,2025-06-14T15:04:00Z,mobile,8723,active,,CA
ORD-011299,2025-09-25T14:16:53Z,mobile,58719,cancelled,,US-E
ORD-011300,2025-05-14T16:36:09Z,web,19979,cancelled,,US-W
ORD-011301,2025-05-13T20:56:51Z,web,29947,active,,CA
ORD-011302,2025-07-10T14:08:43Z,partner,9840,completed,,US-W
ORD-011303,2025-08-08T18:14:23Z,partner,30998,cancelled,,US-C
ORD-011304,2025-06-15T15:59:07Z,partner,23523,completed,,CA
ORD-011305,2025-03-26T21:17:00Z,mobile,63679,refunded,2025-04-01T02:17:00Z,US-W
ORD-011306,2025-09-27T22:21:38Z,web,10793,cancelled,,US-C
ORD-011307,2025-10-20T20:55:59Z,partner,80747,refunded,,US-C
ORD-011308,2025-01-31T17:22:21Z,web,4134,active,,CA
ORD-011309,2025-03-17T22:38:26Z,web,54845,active,,US-W
ORD-011310,2025-04-28T14:23:00Z,partner,80760,active,,CA
ORD-011311,2025-07-22T15:01:37Z,mobile,31341,cancelled,,US-E
ORD-011312,2025-02-16T18:10:07Z,web,73552,refunded,,CA
ORD-011313,2025-07-13T15:18:05Z,web,29733,completed,,CA
ORD-011314,2025-12-17T18:16:32Z,mobile,72464,active,,US-W
ORD-011315,2025-05-27T20:42:16Z,web,14109,cancelled,,CA
ORD-011316,2025-09-16T15:24:55Z,legacy_pos,47200,cancelled,,US-W
ORD-011317,2025-06-01T14:44:59Z,mobile,45277,refunded,,CA
ORD-011318,2025-08-22T21:43:36Z,partner,61790,refunded,,US-C
ORD-011319,2025-03-17T21:10:34Z,web,29021,active,,CA
ORD-011320,2025-04-02T14:22:31Z,partner,49105,cancelled,,US-W
ORD-011321,2025-08-14T18:02:04Z,partner,79745,refunded,,CA
ORD-011322,2025-06-11T17:15:24Z,mobile,14687,active,,US-W
ORD-011323,2025-01-12T15:11:08Z,web,38755,completed,,US-E
ORD-011324,2025-11-09T19:58:27Z,partner,77707,cancelled,,US-E
ORD-011325,2025-06-18T21:52:08Z,web,40990,completed,,CA
ORD-011326,2025-03-10T15:20:27Z,mobile,25390,active,,US-W
ORD-011327,2025-03-26T20:26:03Z,mobile,49537,completed,,US-C
ORD-011328,2025-04-19T21:51:31Z,mobile,8635,completed,,US-W
ORD-011329,2025-10-05T07:25:27Z,mobile,87567,cancelled,,US-E
ORD-011330,2025-02-04T16:18:16Z,mobile,24975,cancelled,,CA
ORD-011331,2025-01-18T23:25:43Z,partner,78807,cancelled,,US-C
ORD-011332,2025-05-28T14:28:44Z,legacy_pos,35800,refunded,,CA
ORD-011333,2025-04-04T19:34:17Z,web,80151,completed,,CA
ORD-011334,2025-04-16T17:13:08Z,partner,49564,cancelled,,US-E
ORD-011335,2025-05-18T15:33:09Z,mobile,64637,refunded,,CA
ORD-011336,2025-12-31T18:24:30Z,web,84226,completed,,US-E
ORD-011337,2025-01-10T22:33:50Z,legacy_pos,927,cancelled,,CA
ORD-011338,2025-02-01T15:20:06Z,mobile,29477,refunded,,US-E
ORD-011339,2025-04-01T20:15:43Z,web,58287,cancelled,,US-E
ORD-011340,2025-05-12T01:59:57Z,partner,30287,cancelled,,US-C
ORD-011341,2025-10-04T16:31:43Z,mobile,70811,completed,,US-W
ORD-011342,2025-10-09T20:10:30Z,partner,73771,completed,,US-W
ORD-011343,2025-08-22T22:29:35Z,web,12424,cancelled,,US-C
ORD-011344,2025-10-06T20:22:12Z,partner,26735,active,,US-C
ORD-011345,2025-03-18T19:28:05Z,mobile,64381,cancelled,,US-W
ORD-011346,2025-05-08T16:30:54Z,web,67278,cancelled,,US-C
ORD-011347,2025-06-21T21:08:07Z,partner,84181,active,,US-W
ORD-011348,2025-11-12T18:05:34Z,partner,85444,refunded,,US-C
ORD-011349,2025-06-01T18:26:52Z,mobile,47728,cancelled,,US-E
ORD-011350,2025-03-03T16:01:10Z,web,40954,active,,US-W
ORD-011351,2025-03-10T16:43:30Z,web,4054,cancelled,,US-C
ORD-011352,2025-05-02T16:05:23Z,mobile,37097,active,,US-W
ORD-011353,2025-03-10T19:31:55Z,partner,35062,cancelled,,US-C
ORD-011354,2025-09-29T14:57:16Z,partner,43817,completed,,US-C
ORD-011355,2025-09-01T22:03:30Z,mobile,523,cancelled,,CA
ORD-011356,2025-09-20T17:07:21Z,web,75954,cancelled,,US-E
ORD-011357,2025-08-12T19:33:27Z,mobile,54398,cancelled,,US-E
ORD-011358,2025-09-10T21:06:44Z,mobile,15806,cancelled,,US-C
ORD-011359,2025-12-19T21:24:47Z,mobile,77288,cancelled,,US-W
ORD-011360,2025-03-29T15:53:54Z,web,49233,completed,,US-E
ORD-011361,2025-09-19T20:19:36Z,web,15516,refunded,,US-E
ORD-011362,2025-04-26T21:17:54Z,mobile,87121,refunded,,US-E
ORD-011363,2025-03-28T22:59:10Z,web,81884,completed,,US-W
ORD-011364,2025-11-18T19:18:16Z,mobile,31988,refunded,,US-W
ORD-011365,2025-12-09T20:12:23Z,mobile,16534,completed,,CA
ORD-011366,2025-03-07T16:09:29Z,partner,35938,completed,,US-W
ORD-011367,2025-08-25T20:55:54Z,partner,39516,refunded,,US-E
ORD-011368,2025-08-12T18:07:56Z,partner,53781,completed,,CA
ORD-011369,2025-10-15T19:43:53Z,web,51800,refunded,,CA
ORD-011370,2025-03-06T21:45:31Z,mobile,79953,active,,US-W
ORD-011371,2025-05-03T21:42:10Z,partner,26710,cancelled,,US-C
ORD-011372,2025-12-25T19:32:50Z,partner,68096,refunded,,US-W
ORD-011373,2025-12-24T23:59:31Z,web,41288,refunded,,US-W
ORD-011374,2025-03-05T15:19:53Z,mobile,16762,active,,US-E
ORD-011375,2025-03-24T15:47:35Z,web,32712,refunded,,US-W
ORD-011376,2025-10-29T16:20:58Z,mobile,59226,completed,,CA
ORD-011377,2025-10-16T19:25:54Z,web,64014,completed,,CA
ORD-011378,2025-05-04T21:45:04Z,partner,44795,cancelled,,CA
ORD-011379,2025-05-12T16:11:53Z,web,28579,cancelled,,US-W
ORD-011380,2025-06-22T22:27:26Z,mobile,3658,completed,,US-W
ORD-011381,2025-10-10T16:36:25Z,partner,85121,refunded,,CA
ORD-011382,2025-01-24T07:22:42Z,web,45934,completed,,CA
ORD-011383,2025-04-11T16:35:12Z,mobile,68347,active,,US-E
ORD-011384,2025-07-11T17:16:40Z,partner,27611,active,,US-C
ORD-011385,2025-12-09T23:49:41Z,mobile,42742,refunded,,US-E
ORD-011386,2025-10-18T18:28:18Z,mobile,44827,refunded,,US-W
ORD-011387,2025-11-24T15:14:47Z,mobile,53683,active,,US-E
ORD-011388,2025-10-23T17:19:02Z,mobile,43214,refunded,,US-E
ORD-011389,2025-04-17T20:47:54Z,partner,82046,cancelled,,US-C
ORD-011390,2025-06-02T16:46:29Z,partner,84885,refunded,,US-E
ORD-011391,2025-05-27T21:51:54Z,partner,66741,active,,US-W
ORD-011392,2025-08-04T20:59:17Z,mobile,89565,refunded,,CA
ORD-011393,2025-05-04T22:34:11Z,mobile,52434,completed,,US-E
ORD-011394,2025-04-15T17:03:53Z,web,83913,completed,,CA
ORD-011395,2025-02-05T21:48:45Z,web,14264,cancelled,,US-W
ORD-011396,2025-11-04T17:20:40Z,mobile,66443,cancelled,,US-W
ORD-011397,2025-01-20T16:59:08Z,mobile,82224,active,,CA
ORD-011398,2025-02-14T15:23:03Z,mobile,10995,cancelled,,US-C
ORD-011399,2025-07-21T20:12:38Z,web,19786,cancelled,,US-W
ORD-011400,2025-04-18T18:54:20Z,mobile,41977,refunded,,US-W
ORD-011401,2025-12-20T22:26:09Z,partner,89157,refunded,,US-E
ORD-011402,2025-05-05T18:30:59Z,mobile,12225,active,,US-E
ORD-011403,2025-12-22T20:12:02Z,partner,62554,cancelled,,US-C
ORD-011404,2025-07-11T15:18:27Z,mobile,6749,completed,,US-W
ORD-011405,2025-08-31T18:00:18Z,partner,28835,completed,,US-C
ORD-011406,2025-02-26T16:52:08Z,partner,19941,cancelled,,US-C
ORD-011407,2025-09-25T22:51:42Z,partner,77770,completed,,US-W
ORD-011408,2025-02-18T20:43:12Z,web,78574,active,,US-E
ORD-011409,2025-01-13T18:09:31Z,web,28941,refunded,,CA
ORD-011410,2025-05-04T15:36:18Z,mobile,45668,completed,,US-E
ORD-011411,2025-01-27T16:29:23Z,mobile,33815,completed,,CA
ORD-011412,2025-05-12T19:45:19Z,web,8806,refunded,,CA
ORD-011413,2025-07-09T17:30:36Z,mobile,8263,active,,US-W
ORD-011414,2025-01-29T22:52:01Z,mobile,16075,completed,,US-C
ORD-011415,2025-06-13T16:21:08Z,partner,52055,cancelled,,CA
ORD-011416,2025-07-25T22:14:58Z,mobile,70761,completed,,US-C
ORD-011417,2025-09-26T16:22:36Z,mobile,66843,completed,,US-E
ORD-011418,2025-06-07T17:22:27Z,mobile,12498,cancelled,,US-C
ORD-011419,2025-11-18T23:09:02Z,partner,68019,refunded,,US-E
ORD-011420,2025-09-19T21:34:30Z,mobile,81538,cancelled,,CA
ORD-011421,2025-12-27T15:17:29Z,mobile,34844,cancelled,,US-W
ORD-011422,2025-05-11T16:11:23Z,mobile,88812,refunded,,US-C
ORD-011423,2025-11-10T21:37:59Z,web,72917,active,,US-C
ORD-011424,2025-04-07T17:38:12Z,web,15277,refunded,,US-E
ORD-011425,2025-07-04T22:59:28Z,partner,80747,active,,US-C
ORD-011426,2025-11-03T17:08:24Z,partner,62613,completed,,US-E
ORD-011427,2025-07-04T16:50:00Z,partner,13909,completed,,US-C
ORD-011428,2025-02-20T16:29:01Z,mobile,69410,active,,US-E
ORD-011429,2025-11-14T22:00:23Z,partner,86133,cancelled,,US-W
ORD-011430,2025-03-14T15:43:14Z,mobile,34959,active,,US-E
ORD-011431,2025-04-14T20:13:00Z,partner,18083,cancelled,,US-C
ORD-011432,2025-11-20T20:16:49Z,partner,83128,refunded,,US-C
ORD-011433,2025-03-09T16:28:43Z,partner,74087,cancelled,,US-C
ORD-011434,2025-12-17T21:36:28Z,web,24884,cancelled,,CA
ORD-011435,2025-07-27T21:02:47Z,partner,61953,active,,US-W
ORD-011436,2025-03-16T22:30:25Z,mobile,34799,active,,US-C
ORD-011437,2025-12-06T18:16:23Z,partner,59294,active,,US-C
ORD-011438,2025-12-10T19:52:51Z,partner,42459,refunded,,US-W
ORD-011439,2025-05-16T17:34:05Z,partner,63100,active,,US-C
ORD-011440,2025-07-12T22:12:28Z,partner,48097,active,,US-E
ORD-011441,2025-03-19T22:02:58Z,mobile,68030,refunded,,US-C
ORD-011442,2025-08-26T15:25:21Z,partner,84271,active,,US-W
ORD-011443,2025-12-08T20:59:42Z,mobile,60402,completed,,CA
ORD-011444,2025-09-25T17:51:33Z,partner,37136,completed,,US-W
ORD-011445,2025-04-17T14:18:01Z,partner,87190,active,,US-E
ORD-011446,2025-01-09T19:43:49Z,partner,34926,cancelled,,US-C
ORD-011447,2025-11-02T21:47:59Z,mobile,19417,refunded,,CA
ORD-011448,2025-08-13T20:33:13Z,mobile,69304,active,,US-W
ORD-011449,2025-04-20T21:58:21Z,web,89372,completed,,US-C
ORD-011450,2025-07-27T16:29:19Z,web,60386,active,,US-C
ORD-011451,2025-12-07T15:24:17Z,web,17390,refunded,,CA
ORD-011452,2025-07-01T18:45:41Z,mobile,86647,completed,,US-E
ORD-011453,2025-11-28T23:18:00Z,partner,58149,completed,,US-C
ORD-011454,2025-06-17T21:52:35Z,partner,950,completed,,CA
ORD-011455,2025-09-24T22:59:05Z,mobile,88304,active,,US-C
ORD-011456,2025-08-03T14:52:35Z,mobile,12903,cancelled,,CA
ORD-011457,2025-09-15T15:03:29Z,mobile,21279,refunded,,US-W
ORD-011458,2025-05-23T19:01:33Z,mobile,14521,completed,,US-W
ORD-011459,2025-03-23T17:46:32Z,web,79314,active,,CA
ORD-011460,2025-06-30T22:42:15Z,mobile,66408,completed,,US-E
ORD-011461,2025-08-02T21:41:09Z,web,56067,active,,US-E
ORD-011462,2025-09-05T19:01:36Z,web,22912,cancelled,,US-W
ORD-011463,2025-10-14T19:19:54Z,mobile,35622,active,,CA
ORD-011464,2025-09-11T15:57:12Z,web,76865,active,,US-E
ORD-011465,2025-06-09T18:50:55Z,partner,33138,cancelled,,US-W
ORD-011466,2025-01-06T16:47:45Z,mobile,33908,refunded,,US-E
ORD-011467,2025-07-17T16:09:29Z,mobile,48816,active,,US-W
ORD-011468,2025-08-24T14:15:40Z,mobile,51992,completed,,CA
ORD-011469,2025-04-08T15:04:42Z,partner,82430,completed,,CA
ORD-011470,2025-04-04T22:43:09Z,web,23713,active,,US-W
ORD-011471,2025-07-06T16:53:55Z,partner,21945,cancelled,,CA
ORD-011472,2025-01-30T19:44:14Z,mobile,88158,cancelled,,US-C
ORD-011473,2025-05-09T22:24:47Z,web,7280,refunded,,US-E
ORD-011474,2025-06-27T15:56:11Z,web,43045,completed,,US-W
ORD-011475,2025-02-24T17:02:02Z,mobile,32569,cancelled,,US-C
ORD-011476,2025-09-13T18:56:00Z,mobile,27143,completed,,US-W
ORD-011477,2025-11-13T18:26:16Z,legacy_pos,14200,cancelled,,CA
ORD-011478,2025-09-11T22:57:56Z,partner,64168,active,,US-C
ORD-011479,2025-06-07T19:31:33Z,mobile,84199,completed,2025-06-11T12:31:33Z,US-E
ORD-011480,2025-03-15T14:42:43Z,web,50664,completed,,US-E
ORD-011481,2025-03-11T22:23:18Z,partner,60538,completed,,CA
ORD-011482,2025-07-13T17:30:23Z,web,6400,active,,US-W
ORD-011483,2025-06-15T21:34:27Z,mobile,1754,completed,,CA
ORD-011484,2025-09-10T15:09:51Z,partner,38977,completed,,CA
ORD-011485,2025-12-04T15:39:24Z,web,54382,active,,CA
ORD-011486,2025-01-22T20:06:54Z,mobile,28921,active,,US-W
ORD-011487,2025-10-14T16:56:57Z,web,67249,active,2025-10-17T14:56:57Z,US-E
ORD-011488,2025-11-25T17:34:12Z,partner,61770,cancelled,,US-W
ORD-011489,2025-08-07T22:37:26Z,mobile,41080,cancelled,,US-C
ORD-011490,2025-07-28T20:30:01Z,partner,32405,completed,,CA
ORD-011491,2025-08-26T18:09:27Z,web,52913,completed,,US-C
ORD-011492,2025-06-01T17:56:15Z,web,12845,refunded,,US-E
ORD-011493,2025-07-01T21:17:54Z,web,60253,active,,US-W
ORD-011494,2025-08-17T22:58:49Z,web,75106,cancelled,,US-W
ORD-011495,2025-04-20T17:29:34Z,mobile,66103,cancelled,,CA
ORD-011496,2025-04-15T17:29:07Z,partner,2680,active,,US-E
ORD-011497,2025-04-12T22:56:26Z,partner,65391,cancelled,,US-C
ORD-011498,2025-08-18T15:15:59Z,mobile,4247,active,,US-C
ORD-011499,2025-04-06T22:09:29Z,partner,45223,active,,US-W
ORD-011500,2025-07-29T21:01:12Z,mobile,8902,completed,,US-W
ORD-011501,2025-06-27T20:59:24Z,mobile,83490,cancelled,,CA
ORD-011502,2025-07-23T17:12:01Z,web,54826,completed,,CA
ORD-011503,2025-11-08T18:11:21Z,partner,86572,active,,US-W
ORD-011504,2025-01-19T17:13:58Z,partner,15851,completed,,US-E
ORD-011505,2025-02-05T20:12:14Z,mobile,45004,active,,CA
ORD-011506,2025-03-22T21:12:26Z,web,73139,cancelled,,US-C
ORD-011507,2025-11-20T16:29:14Z,web,44551,completed,,CA
ORD-011508,2025-06-10T17:37:20Z,partner,85871,completed,,US-E
ORD-011509,2025-05-04T16:43:26Z,partner,16095,active,,US-E
ORD-011510,2025-11-06T21:43:56Z,web,82153,refunded,,US-C
ORD-011511,2025-11-04T23:21:23Z,mobile,17993,refunded,,US-W
ORD-011512,2025-10-11T20:08:39Z,mobile,33621,completed,,US-W
ORD-011513,2025-08-28T15:42:15Z,mobile,49655,active,,US-E
ORD-011514,2025-10-23T15:53:22Z,partner,39543,active,,US-W
ORD-011515,2025-10-05T14:39:50Z,mobile,25445,completed,,US-C
ORD-011516,2025-12-22T20:04:45Z,partner,83887,completed,,US-C
ORD-011517,2025-10-01T17:22:24Z,mobile,46123,active,,CA
ORD-011518,2025-04-07T21:07:39Z,web,33805,cancelled,,CA
ORD-011519,2025-04-22T22:28:19Z,partner,50776,completed,,CA
ORD-011520,2025-09-09T20:18:45Z,partner,54063,active,,CA
ORD-011521,2025-03-05T15:06:37Z,mobile,71094,active,,US-W
ORD-011522,2025-08-27T16:08:32Z,partner,23873,completed,,US-E
ORD-011523,2025-03-15T21:12:29Z,partner,80035,active,,US-C
ORD-011524,2025-09-29T14:19:14Z,web,51508,active,,US-C
ORD-011525,2025-07-12T14:13:38Z,mobile,81906,active,,CA
ORD-011526,2025-07-16T14:52:10Z,mobile,41729,refunded,2025-07-23T02:52:10Z,US-E
ORD-011527,2025-04-11T16:50:10Z,mobile,67715,cancelled,,US-E
ORD-011528,2025-06-30T21:06:29Z,web,63762,cancelled,,US-E
ORD-011529,2025-04-14T19:08:56Z,mobile,52600,refunded,,US-E
ORD-011530,2025-08-13T16:42:04Z,legacy_pos,4200,completed,,US-C
ORD-011531,2025-01-11T22:09:26Z,mobile,78910,active,,US-W
ORD-011532,2025-11-30T16:20:32Z,mobile,48315,cancelled,,CA
ORD-011533,2025-02-08T21:50:12Z,legacy_pos,7064,active,,US-E
ORD-011534,2025-12-15T22:25:42Z,web,13452,refunded,,US-E
ORD-011535,2025-04-15T16:03:21Z,web,17063,completed,,US-W
ORD-011536,2025-02-25T18:47:06Z,mobile,60116,active,,US-C
ORD-011537,2025-03-21T18:33:18Z,mobile,48991,cancelled,,US-C
ORD-011538,2025-06-20T20:55:17Z,mobile,60282,completed,,US-E
ORD-011539,2025-05-31T15:05:06Z,partner,3601,active,,US-W
ORD-011540,2025-06-29T20:16:16Z,web,27742,completed,2025-07-02T17:16:16Z,US-E
ORD-011541,2025-02-05T22:31:15Z,web,5124,refunded,,CA
ORD-011542,2025-11-21T20:39:05Z,mobile,89895,active,,US-C
ORD-011543,2025-05-29T16:25:46Z,mobile,88366,refunded,,US-W
ORD-011544,2025-07-12T16:46:37Z,mobile,2411,refunded,,US-E
ORD-011545,2025-04-21T14:11:29Z,partner,44817,completed,,CA
ORD-011546,2025-09-11T07:38:17Z,mobile,51700,active,,US-E
ORD-011547,2025-09-07T17:54:55Z,web,77192,completed,,CA
ORD-011548,2025-08-16T16:47:58Z,web,59284,cancelled,,US-E
ORD-011549,2025-09-20T17:36:07Z,web,57455,active,,US-W
ORD-011550,2025-02-06T17:32:31Z,mobile,27748,refunded,,US-C
ORD-011551,2025-10-01T21:29:53Z,mobile,64313,completed,,US-C
ORD-011552,2025-04-11T18:31:11Z,partner,36757,completed,,US-W
ORD-011553,2025-09-19T17:08:24Z,mobile,28392,completed,,US-W
ORD-011554,2025-06-20T18:11:13Z,partner,2534,refunded,,US-W
ORD-011555,2025-12-17T22:31:32Z,partner,66934,cancelled,,US-C
ORD-011556,2025-12-14T16:29:37Z,mobile,84448,active,,US-C
ORD-011557,2025-09-26T19:00:07Z,mobile,63468,cancelled,,CA
ORD-011558,2025-11-28T16:00:27Z,mobile,59283,completed,,US-C
ORD-011559,2025-05-27T21:47:19Z,web,46056,completed,,CA
ORD-011560,2025-01-04T16:38:56Z,legacy_pos,53869,completed,,US-C
ORD-011561,2025-03-31T15:06:15Z,mobile,64564,refunded,,CA
ORD-011562,2025-01-09T16:32:10Z,partner,26579,completed,,US-C
ORD-011563,2025-04-30T20:35:59Z,partner,80096,completed,,US-W
ORD-011564,2025-08-24T16:20:33Z,partner,69791,active,,US-W
ORD-011565,2025-04-21T20:25:26Z,partner,74079,cancelled,,US-C
ORD-011566,2025-09-25T20:46:05Z,mobile,21254,cancelled,,US-W
ORD-011567,2025-06-16T17:04:20Z,web,48484,active,,US-W
ORD-011568,2025-07-12T16:31:57Z,partner,81153,cancelled,,US-W
ORD-011569,2025-01-19T19:35:30Z,partner,23900,completed,,US-E
ORD-011570,2025-09-22T21:38:24Z,partner,32695,refunded,,CA
ORD-011571,2025-07-22T17:50:12Z,web,33428,active,,CA
ORD-011572,2025-01-03T22:57:14Z,mobile,68403,cancelled,,US-E
ORD-011573,2025-04-12T17:16:20Z,partner,68281,refunded,,US-W
ORD-011574,2025-01-04T17:52:54Z,partner,7897,active,,US-W
ORD-011575,2025-08-24T19:34:14Z,partner,51953,refunded,,CA
ORD-011576,2025-11-30T17:10:59Z,web,8988,cancelled,,CA
ORD-011577,2025-02-22T19:47:19Z,web,78249,active,,US-W
ORD-011578,2025-04-10T22:40:28Z,partner,79690,completed,,US-C
ORD-011579,2025-04-11T16:25:57Z,mobile,64738,active,,US-W
ORD-011580,2025-10-16T20:55:06Z,partner,42214,active,,CA
ORD-011581,2025-03-11T14:39:57Z,web,29134,refunded,,US-W
ORD-011582,2025-05-28T16:20:18Z,mobile,69845,completed,2025-06-03T06:20:18Z,US-C
ORD-011583,2025-01-21T23:37:36Z,mobile,72693,cancelled,,US-W
ORD-011584,2025-01-19T16:29:58Z,web,69335,active,,CA
ORD-011585,2025-11-30T15:01:16Z,web,62181,refunded,,US-E
ORD-011586,2025-10-25T17:40:20Z,mobile,20635,cancelled,,US-W
ORD-011587,2025-05-19T20:57:59Z,partner,81428,refunded,,US-E
ORD-011588,2025-06-14T16:17:38Z,web,85551,completed,,US-E
ORD-011589,2025-08-17T19:09:29Z,partner,33893,completed,,US-W
ORD-011590,2025-12-17T16:41:43Z,web,6334,cancelled,,US-C
ORD-011591,2025-03-05T19:29:25Z,partner,52335,active,,US-C
ORD-011592,2025-08-22T20:10:34Z,web,62665,cancelled,,CA
ORD-011593,2025-03-02T22:48:52Z,mobile,59533,completed,,US-E
ORD-011594,2025-05-15T22:46:51Z,partner,31903,active,,US-C
ORD-011595,2025-09-26T21:57:53Z,partner,55710,cancelled,,US-E
ORD-011596,2025-01-26T16:40:24Z,mobile,6772,completed,,US-C
ORD-011597,2025-10-13T16:49:44Z,mobile,16729,cancelled,,US-E
ORD-011598,2025-03-23T20:57:17Z,partner,40687,cancelled,,CA
ORD-011599,2025-07-05T15:23:16Z,partner,38687,cancelled,,US-W
ORD-011600,2025-01-26T21:55:16Z,web,65725,cancelled,,CA
ORD-011601,2025-11-06T18:37:54Z,web,7925,active,,CA
ORD-011602,2025-02-23T17:18:22Z,partner,75366,cancelled,,US-C
ORD-011603,2025-02-02T20:26:54Z,partner,79167,refunded,,US-W
ORD-011604,2025-07-12T18:39:56Z,web,36961,refunded,,US-C
ORD-011605,2025-06-01T20:33:10Z,web,52044,cancelled,,US-W
ORD-011606,2025-03-15T16:06:42Z,mobile,1512,completed,,US-C
ORD-011607,2025-06-16T22:08:51Z,mobile,23879,active,,US-C
ORD-011608,2025-07-01T14:13:34Z,mobile,6261,refunded,,US-C
ORD-011609,2025-02-11T19:27:21Z,web,54128,active,,US-C
ORD-011610,2025-02-14T18:35:23Z,web,32165,completed,,US-E
ORD-011611,2025-08-19T17:49:22Z,web,56315,completed,,US-E
ORD-011612,2025-05-11T19:47:26Z,partner,49763,active,,US-C
ORD-011613,2025-11-24T15:41:21Z,mobile,64059,cancelled,,US-C
ORD-011614,2025-08-18T19:01:36Z,mobile,72266,active,,US-E
ORD-011615,2025-04-10T15:52:50Z,mobile,34711,active,,CA
ORD-011616,2025-01-25T15:56:40Z,mobile,20243,active,,CA
ORD-011617,2025-10-07T14:00:06Z,web,47124,active,,US-W
ORD-011618,2025-05-06T15:04:40Z,mobile,39951,completed,,US-E
ORD-011619,2025-10-31T18:06:37Z,legacy_pos,2647,cancelled,,US-E
ORD-011620,2025-08-21T16:06:18Z,web,29030,active,,US-C
ORD-011621,2025-08-08T15:41:54Z,mobile,12276,active,,US-E
ORD-011622,2025-12-30T17:02:22Z,partner,6241,cancelled,,CA
ORD-011623,2025-10-10T21:13:40Z,partner,47115,refunded,,US-W
ORD-011624,2025-05-21T19:20:41Z,web,46513,cancelled,,US-W
ORD-011625,2025-09-08T16:26:09Z,web,73939,refunded,,CA
ORD-011626,2025-10-01T20:27:34Z,web,36304,cancelled,,CA
ORD-011627,2025-04-13T14:58:58Z,mobile,88932,active,,CA
ORD-011628,2025-10-25T18:16:49Z,web,48981,refunded,,US-C
ORD-011629,2025-12-23T19:21:46Z,web,13316,refunded,,CA
ORD-011630,2025-10-21T22:56:53Z,web,19619,cancelled,,CA
ORD-011631,2025-07-10T17:10:47Z,mobile,6636,cancelled,,US-E
ORD-011632,2025-07-21T15:44:01Z,web,75776,refunded,,US-W
ORD-011633,2025-06-10T16:47:15Z,web,13949,active,,CA
ORD-011634,2025-03-09T14:45:36Z,partner,31320,refunded,2025-03-13T09:45:36Z,US-W
ORD-011635,2025-09-08T20:05:46Z,mobile,69186,cancelled,,CA
ORD-011636,2025-12-12T19:37:43Z,mobile,42671,refunded,,CA
ORD-011637,2025-12-23T19:55:27Z,mobile,42201,cancelled,,US-E
ORD-011638,2025-06-23T15:47:38Z,partner,79762,refunded,,CA
ORD-011639,2025-03-18T16:43:49Z,partner,12148,completed,,US-E
ORD-011640,2025-08-25T15:59:57Z,mobile,61890,cancelled,,US-C
ORD-011641,2025-08-05T18:23:08Z,partner,1906,completed,,CA
ORD-011642,2025-04-16T20:14:53Z,mobile,16781,refunded,,CA
ORD-011643,2025-08-22T17:27:25Z,partner,30632,active,,US-W
ORD-011644,2025-10-25T20:24:15Z,web,67788,completed,,US-E
ORD-011645,2025-11-17T22:57:05Z,mobile,57843,refunded,,US-C
ORD-011646,2025-11-03T16:21:40Z,web,71057,completed,,US-W
ORD-011647,2025-01-02T20:59:03Z,mobile,74967,active,2025-01-04T17:59:03Z,CA
ORD-011648,2025-06-01T22:18:08Z,partner,43146,cancelled,,US-E
ORD-011649,2025-08-11T15:35:13Z,mobile,29328,completed,,US-E
ORD-011650,2025-12-22T22:36:53Z,web,75406,active,,US-C
ORD-011651,2025-01-27T22:31:04Z,mobile,2381,cancelled,,CA
ORD-011652,2025-01-18T21:07:12Z,web,32674,completed,,US-C
ORD-011653,2025-11-03T15:40:00Z,partner,24027,completed,,CA
ORD-011654,2025-01-12T21:33:57Z,mobile,83648,active,,US-E
ORD-011655,2025-02-19T17:37:11Z,partner,5502,refunded,,US-E
ORD-011656,2025-07-07T15:20:57Z,mobile,1643,cancelled,,US-W
ORD-011657,2025-09-04T22:04:55Z,web,68251,completed,,US-W
ORD-011658,2025-04-27T20:22:23Z,partner,815,completed,,US-E
ORD-011659,2025-10-21T20:01:59Z,web,23071,completed,,CA
ORD-011660,2025-07-23T14:53:40Z,web,39340,refunded,,US-E
ORD-011661,2025-02-10T16:19:54Z,mobile,42507,cancelled,,CA
ORD-011662,2025-01-17T18:41:40Z,mobile,14131,refunded,,US-E
ORD-011663,2025-02-09T22:50:03Z,mobile,27726,refunded,,US-C
ORD-011664,2025-08-03T07:10:52Z,web,30930,refunded,,US-E
ORD-011665,2025-06-18T18:47:47Z,partner,75363,refunded,,US-E
ORD-011666,2025-09-22T18:12:07Z,mobile,48461,active,,CA
ORD-011667,2025-11-11T15:11:55Z,mobile,77105,active,,US-E
ORD-011668,2025-07-27T19:37:27Z,partner,60390,refunded,,US-E
ORD-011669,2025-08-30T19:25:30Z,mobile,19047,completed,,US-E
ORD-011670,2025-07-19T20:33:23Z,mobile,88182,active,,US-E
ORD-011671,2025-06-06T14:38:16Z,mobile,80849,active,,US-E
ORD-011672,2025-08-07T15:44:18Z,web,57070,active,2025-08-07T19:44:18Z,US-W
ORD-011673,2025-09-07T21:24:01Z,web,78765,completed,,US-E
ORD-011674,2025-05-11T18:38:27Z,web,7551,completed,,US-C
ORD-011675,2025-03-13T14:20:54Z,mobile,46118,cancelled,,US-E
ORD-011676,2025-06-10T20:02:43Z,web,32954,completed,,CA
ORD-011677,2025-04-05T18:39:34Z,mobile,51781,active,,US-E
ORD-011678,2025-06-17T21:50:39Z,mobile,59456,active,,US-E
ORD-011679,2025-04-29T18:47:16Z,partner,19301,refunded,,US-E
ORD-011680,2025-05-02T14:01:57Z,web,61206,refunded,,US-C
ORD-011681,2025-03-12T19:57:47Z,web,53327,refunded,,US-E
ORD-011682,2025-11-12T18:12:57Z,partner,49524,refunded,,US-C
ORD-011683,2025-02-20T21:39:11Z,web,69563,cancelled,,CA
ORD-011684,2025-01-09T19:29:12Z,web,27368,completed,,CA
ORD-011685,2025-05-11T20:21:28Z,mobile,74794,cancelled,,US-C
ORD-011686,2025-12-24T17:30:38Z,partner,22883,cancelled,,US-W
ORD-011687,2025-04-20T17:04:11Z,web,17666,active,,CA
ORD-011688,2025-11-11T22:32:42Z,web,5943,refunded,,US-C
ORD-011689,2025-10-31T21:57:43Z,partner,66474,cancelled,,US-W
ORD-011690,2025-01-30T23:06:48Z,mobile,39119,cancelled,,CA
ORD-011691,2025-11-13T18:55:36Z,web,60859,completed,,CA
ORD-011692,2025-07-27T17:16:21Z,partner,73363,refunded,,US-W
ORD-011693,2025-10-23T22:51:53Z,web,6528,refunded,,US-W
ORD-011694,2025-07-27T15:45:57Z,partner,72250,active,,US-E
ORD-011695,2025-09-02T14:18:47Z,partner,22522,completed,,US-E
ORD-011696,2025-05-20T17:39:37Z,partner,20511,completed,,CA
ORD-011697,2025-11-28T19:52:49Z,partner,58294,cancelled,,CA
ORD-011698,2025-04-24T15:30:43Z,web,725,refunded,,US-E
ORD-011699,2025-01-27T22:03:05Z,mobile,23633,refunded,,US-E
ORD-011700,2025-05-25T17:40:43Z,mobile,20054,active,,US-E
ORD-011701,2025-02-14T15:55:16Z,mobile,29441,active,,US-E
ORD-011702,2025-12-25T21:43:38Z,web,79048,cancelled,,US-C
ORD-011703,2025-05-23T19:32:51Z,partner,21008,active,,US-E
ORD-011704,2025-03-15T19:56:42Z,web,4427,refunded,,US-E
ORD-011705,2025-07-07T22:25:14Z,web,37268,refunded,,US-E
ORD-011706,2025-04-14T20:06:21Z,mobile,44045,cancelled,,US-C
ORD-011707,2025-10-10T14:32:40Z,partner,32078,cancelled,,US-C
ORD-011708,2025-12-22T17:20:29Z,web,9873,completed,,US-W
ORD-011709,2025-01-19T16:17:03Z,mobile,61458,completed,,US-W
ORD-011710,2025-11-19T19:38:19Z,mobile,50854,refunded,,US-C
ORD-011711,2025-09-12T19:17:42Z,partner,3553,refunded,,CA
ORD-011712,2025-07-28T15:09:39Z,web,45141,cancelled,,US-E
ORD-011713,2025-03-14T16:30:48Z,mobile,25537,active,,CA
ORD-011714,2025-06-14T18:32:30Z,mobile,8472,completed,,CA
ORD-011715,2025-12-17T17:02:32Z,web,4771,cancelled,,US-C
ORD-011716,2025-10-22T15:42:33Z,mobile,61794,active,,CA
ORD-011717,2025-06-24T15:56:29Z,partner,47082,cancelled,2025-06-28T13:56:29Z,US-W
ORD-011718,2025-05-22T18:25:01Z,mobile,71009,refunded,,US-E
ORD-011719,2025-10-22T22:13:18Z,web,76429,completed,,US-C
ORD-011720,2025-03-04T22:33:08Z,web,7057,active,,US-E
ORD-011721,2025-12-09T18:22:24Z,mobile,82853,refunded,,US-W
ORD-011722,2025-01-17T23:22:54Z,mobile,26798,active,,US-E
ORD-011723,2025-03-28T22:10:51Z,partner,21921,cancelled,,US-C
ORD-011724,2025-03-23T07:00:50Z,web,54160,completed,,US-C
ORD-011725,2025-07-17T15:14:51Z,partner,89269,completed,,US-W
ORD-011726,2025-10-23T18:59:27Z,web,27669,completed,2025-10-24T20:59:27Z,CA
ORD-011727,2025-02-18T17:15:39Z,partner,52758,refunded,,CA
ORD-011728,2025-10-24T19:05:31Z,web,65409,refunded,,US-C
ORD-011729,2025-06-05T14:57:01Z,web,56132,completed,,US-C
ORD-011730,2025-07-09T22:18:01Z,web,36557,completed,,US-W
ORD-011731,2025-07-03T21:24:56Z,mobile,66768,completed,,US-W
ORD-011732,2025-06-07T20:55:17Z,web,59214,completed,,US-C
ORD-011733,2025-08-02T15:08:36Z,mobile,1524,completed,,US-C
ORD-011734,2025-12-12T20:37:28Z,partner,63340,active,,US-C
ORD-011735,2025-04-16T21:08:48Z,mobile,21486,cancelled,,US-C
ORD-011736,2025-12-11T18:55:53Z,mobile,5684,cancelled,,US-E
ORD-011737,2025-11-05T20:00:08Z,web,72621,completed,,US-C
ORD-011738,2025-11-26T20:17:22Z,mobile,86756,completed,,US-C
ORD-011739,2025-02-25T21:14:13Z,web,34267,completed,,US-E
ORD-011740,2025-03-17T21:52:56Z,partner,18149,completed,,US-C
ORD-011741,2025-07-21T16:45:56Z,partner,80499,completed,,CA
ORD-011742,2025-07-31T17:33:09Z,partner,78057,refunded,,US-C
ORD-011743,2025-05-18T14:25:24Z,web,25533,refunded,,CA
ORD-011744,2025-02-24T20:45:18Z,mobile,48831,completed,,CA
ORD-011745,2025-07-12T18:05:05Z,partner,27119,refunded,,US-W
ORD-011746,2025-08-09T19:10:55Z,web,43651,active,,US-E
ORD-011747,2025-02-08T16:04:58Z,web,40882,completed,,CA
ORD-011748,2025-10-21T21:57:09Z,mobile,54806,refunded,,CA
ORD-011749,2025-04-26T16:38:21Z,mobile,86522,cancelled,,US-W
ORD-011750,2025-11-17T22:54:34Z,partner,33094,active,,US-C
ORD-011751,2025-03-25T19:00:50Z,mobile,64930,cancelled,,US-C
ORD-011752,2025-12-30T15:02:44Z,partner,89863,cancelled,,US-W
ORD-011753,2025-03-25T20:34:09Z,partner,882,active,,CA
ORD-011754,2025-10-09T22:03:03Z,partner,41308,cancelled,,US-E
ORD-011755,2025-07-07T17:59:44Z,web,12771,completed,,US-C
ORD-011756,2025-05-01T22:02:31Z,partner,38867,completed,,US-C
ORD-011757,2025-04-14T21:03:14Z,partner,21765,refunded,,US-W
ORD-011758,2025-08-18T21:39:08Z,mobile,3791,active,,US-C
ORD-011759,2025-02-15T18:24:05Z,mobile,16588,refunded,,CA
ORD-011760,2025-01-29T16:31:57Z,web,43153,cancelled,,US-W
ORD-011761,2025-08-29T19:58:16Z,partner,84875,cancelled,2025-09-01T01:58:16Z,US-C
ORD-011762,2025-05-08T19:39:09Z,partner,71864,cancelled,,US-C
ORD-011763,2025-08-28T18:53:35Z,mobile,34780,completed,,US-E
ORD-011764,2025-03-12T15:14:54Z,web,44726,refunded,,CA
ORD-011765,2025-10-19T22:49:17Z,mobile,77609,completed,,US-E
ORD-011766,2025-02-03T23:49:13Z,partner,63635,refunded,,US-E
ORD-011767,2025-11-07T22:02:18Z,partner,64359,active,,US-W
ORD-011768,2025-04-23T20:31:18Z,mobile,70701,refunded,,US-W
ORD-011769,2025-01-27T19:52:08Z,mobile,38092,cancelled,,CA
ORD-011770,2025-06-29T14:26:41Z,mobile,41502,completed,,CA
ORD-011771,2025-04-13T16:50:22Z,partner,80890,refunded,,US-C
ORD-011772,2025-07-21T22:32:32Z,web,3561,completed,,US-W
ORD-011773,2025-05-14T15:35:22Z,web,52591,refunded,,US-E
ORD-011774,2025-02-24T21:43:54Z,partner,35152,active,,US-C
ORD-011775,2025-04-08T15:13:31Z,web,78748,completed,,CA
ORD-011776,2025-06-09T18:49:05Z,mobile,54394,active,,CA
ORD-011777,2025-02-24T17:11:44Z,partner,2645,cancelled,,US-E
ORD-011778,2025-06-27T18:20:15Z,web,74553,completed,,US-C
ORD-011779,2025-12-14T22:09:41Z,mobile,11851,cancelled,,CA
ORD-011780,2025-04-08T14:09:50Z,mobile,45908,active,,US-W
ORD-011781,2025-12-04T19:30:04Z,partner,75454,cancelled,,US-C
ORD-011782,2025-03-18T19:39:33Z,web,23401,completed,,US-W
ORD-011783,2025-12-01T21:32:37Z,partner,69908,active,,US-C
ORD-011784,2025-11-06T16:54:37Z,mobile,23473,completed,,CA
ORD-011785,2025-09-02T18:20:27Z,web,27961,active,,CA
ORD-011786,2025-03-07T20:19:27Z,mobile,33790,completed,,US-C
ORD-011787,2025-09-07T15:12:28Z,mobile,18597,cancelled,,US-E
ORD-011788,2025-05-02T19:22:37Z,partner,27389,active,,US-W
ORD-011789,2025-07-02T15:55:13Z,web,19850,cancelled,,US-W
ORD-011790,2025-11-21T15:19:01Z,mobile,71566,refunded,,US-E
ORD-011791,2025-01-08T16:35:51Z,partner,25175,active,,US-E
ORD-011792,2025-12-22T18:43:55Z,mobile,44439,active,,US-C
ORD-011793,2025-03-20T19:58:06Z,partner,22250,active,2025-03-21T07:58:06Z,US-E
ORD-011794,2025-09-16T19:21:59Z,partner,7159,completed,,CA
ORD-011795,2025-07-22T18:58:36Z,web,37724,completed,,US-C
ORD-011796,2025-07-26T14:32:41Z,partner,35256,refunded,,US-E
ORD-011797,2025-02-22T22:36:49Z,partner,6084,refunded,,US-E
ORD-011798,2025-10-27T15:50:10Z,partner,19834,active,,US-W
ORD-011799,2025-01-13T22:24:47Z,mobile,79086,completed,,CA
ORD-011800,2025-01-09T16:42:59Z,web,75017,cancelled,2025-01-17T11:42:59Z,US-C
ORD-011801,2025-06-08T07:37:53Z,partner,28335,refunded,,US-C
ORD-011802,2025-03-26T14:58:14Z,partner,81919,completed,,US-C
ORD-011803,2025-07-11T15:03:05Z,web,73827,cancelled,,CA
ORD-011804,2025-02-09T16:51:24Z,partner,64777,cancelled,,US-E
ORD-011805,2025-01-24T17:18:03Z,mobile,1281,refunded,,US-C
ORD-011806,2025-12-28T21:28:59Z,web,32611,cancelled,,CA
ORD-011807,2025-06-05T21:51:46Z,partner,48543,active,,CA
ORD-011808,2025-02-19T15:01:23Z,partner,32238,refunded,,US-W
ORD-011809,2025-04-11T22:35:09Z,partner,59878,cancelled,,US-C
ORD-011810,2025-04-13T01:45:35Z,web,34790,active,,US-C
ORD-011811,2025-05-11T20:26:41Z,web,75897,completed,,US-W
ORD-011812,2025-05-30T18:00:01Z,mobile,4283,active,,US-W
ORD-011813,2025-05-03T15:59:37Z,mobile,18771,completed,,CA
ORD-011814,2025-06-21T22:57:37Z,web,15301,active,,CA
ORD-011815,2025-07-17T20:06:29Z,partner,9134,completed,,US-E
ORD-011816,2025-04-04T19:42:33Z,web,66535,active,,US-C
ORD-011817,2025-03-13T20:40:48Z,mobile,29534,completed,2025-03-21T16:40:48Z,US-W
ORD-011818,2025-06-02T22:57:36Z,partner,88447,refunded,,US-C
ORD-011819,2025-05-21T20:45:58Z,partner,54086,cancelled,,CA
ORD-011820,2025-04-13T17:27:49Z,web,89724,completed,,US-W
ORD-011821,2025-08-02T18:02:24Z,web,33557,active,,CA
ORD-011822,2025-02-12T21:33:57Z,partner,71323,cancelled,,US-E
ORD-011823,2025-05-11T18:22:34Z,partner,47279,refunded,,CA
ORD-011824,2025-03-26T16:48:45Z,mobile,14819,cancelled,,US-C
ORD-011825,2025-03-14T21:39:40Z,mobile,71845,refunded,,CA
ORD-011826,2025-11-14T17:36:25Z,web,69046,cancelled,2025-11-19T19:36:25Z,CA
ORD-011827,2025-05-18T16:03:12Z,web,21972,refunded,,US-C
ORD-011828,2025-07-12T21:01:11Z,mobile,74038,refunded,,US-C
ORD-011829,2025-05-18T16:05:08Z,web,87254,cancelled,,US-E
ORD-011830,2025-10-03T16:59:15Z,web,53184,completed,,US-E
ORD-011831,2025-07-16T15:03:37Z,mobile,81609,completed,,CA
ORD-011832,2025-05-20T14:10:46Z,partner,85533,cancelled,,US-E
ORD-011833,2025-10-26T15:31:41Z,legacy_pos,89700,cancelled,,US-C
ORD-011834,2025-07-01T16:57:57Z,web,11692,refunded,,US-E
ORD-011835,2025-12-29T21:12:03Z,mobile,88124,cancelled,,US-E
ORD-011836,2025-05-24T16:36:43Z,partner,17626,completed,,US-C
ORD-011837,2025-08-20T16:26:57Z,mobile,13666,completed,,CA
ORD-011838,2025-05-29T15:54:53Z,web,73221,active,,US-E
ORD-011839,2025-10-14T17:41:00Z,mobile,65268,cancelled,,US-C
ORD-011840,2025-05-22T19:07:52Z,legacy_pos,86200,cancelled,,US-W
ORD-011841,2025-08-09T17:58:00Z,mobile,2952,completed,,US-C
ORD-011842,2025-02-09T15:05:28Z,partner,15812,active,,US-W
ORD-011843,2025-09-03T14:29:28Z,partner,50949,completed,,US-W
ORD-011844,2025-01-07T16:13:29Z,web,86361,active,2025-01-09T12:13:29Z,CA
ORD-011845,2025-11-16T19:42:08Z,mobile,29133,completed,2025-11-19T08:42:08Z,CA
ORD-011846,2025-08-15T21:33:15Z,mobile,55960,refunded,,US-E
ORD-011847,2025-06-04T16:05:42Z,partner,22565,cancelled,,US-C
ORD-011848,2025-07-08T14:28:54Z,partner,40497,completed,,US-C
ORD-011849,2025-04-16T22:25:31Z,partner,19932,active,,CA
ORD-011850,2025-10-23T19:42:10Z,mobile,78808,cancelled,,CA
ORD-011851,2025-08-12T21:58:56Z,partner,44412,completed,,CA
ORD-011852,2025-01-28T21:33:03Z,partner,63400,active,,US-W
ORD-011853,2025-12-03T19:16:04Z,partner,69551,refunded,,US-C
ORD-011854,2025-05-24T16:18:41Z,partner,65424,refunded,,CA
ORD-011855,2025-06-10T18:35:21Z,mobile,41645,completed,,US-E
ORD-011856,2025-05-01T14:45:28Z,mobile,80766,completed,,US-W
ORD-011857,2025-02-11T17:51:42Z,mobile,58947,cancelled,,US-E
ORD-011858,2025-07-09T20:19:40Z,partner,72038,refunded,,US-E
