entry_id,order_id,business_date,amount_usd,currency,batch_id
LE-0000001,ORD-001127,2025-02-08,596.00,USD,B001
LE-0000002,ORD-006256,2025-06-04,171.32,USD,B002
LE-0000003,ORD-007504,2025-08-02,197.98,USD,B003
LE-0000004,ORD-006771,2025-06-21,772.55,USD,B004
LE-0000005,ORD-010950,2025-02-14,304.05,USD,B005
LE-0000006,ORD-003784,2025-06-14,715.88,USD,B006
LE-0000007,ORD-008156,2025-06-21,655.31,USD,B007
LE-0000008,ORD-002804,2025-02-16,795.63,USD,B008
LE-0000009,ORD-006356,2025-03-04,31.46,USD,B009
LE-0000010,ORD-007947,2025-09-07,429.36,USD,B010
LE-0000011,ORD-008791,2025-08-06,30.10,USD,B011
LE-0000012,ORD-011478,2025-09-11,641.68,USD,B012
LE-0000013,ORD-006220,2025-10-16,643.19,USD,B013
LE-0000014,ORD-001961,2025-11-24,652.71,USD,B014
LE-0000015,ORD-005011,2025-06-09,682.32,USD,B015
LE-0000016,ORD-002938,2025-12-19,355.65,USD,B016
LE-0000017,ORD-006896,2025-02-08,225.17,USD,B017
LE-0000018,ORD-009447,2025-03-21,557.49,USD,B018
LE-0000019,ORD-003891,2025-03-05,409.18,USD,B019
LE-0000020,ORD-000108,2025-09-30,396.41,USD,B020
LE-0000021,ORD-006089,2025-07-28,38.00,USD,B021
LE-0000022,ORD-005449,2025-04-03,201.90,USD,B022
LE-0000023,ORD-004856,2025-04-19,342.41,USD,B023
LE-0000024,ORD-003969,2025-06-27,791.43,USD,B024
LE-0000025,ORD-007009,2025-09-09,390.72,USD,B025
LE-0000026,ORD-003459,2025-07-08,748.00,USD,B026
LE-0000027,ORD-006908,2025-09-08,713.86,USD,B027
LE-0000028,ORD-009571,2025-03-05,151.18,USD,B028
LE-0000029,ORD-000288,2025-04-24,829.20,USD,B029
LE-0000030,ORD-001160,2025-02-16,612.92,USD,B030
LE-0000031,ORD-007161,2025-06-30,160.21,USD,B031
LE-0000032,ORD-000720,2025-05-11,351.85,USD,B032
LE-0000033,ORD-009978,2025-04-23,569.05,USD,B033
LE-0000034,ORD-010379,2025-07-22,243.20,USD,B034
LE-0000035,ORD-007698,2025-05-03,844.30,USD,B035
LE-0000036,ORD-000643,2025-07-12,728.58,USD,B036
LE-0000037,ORD-010589,2025-06-07,300.03,USD,B037
LE-0000038,ORD-006521,2025-03-07,484.59,USD,B038
LE-0000039,ORD-002352,2025-12-27,470.91,USD,B039
LE-0000040,ORD-003904,2025-08-11,380.43,USD,B040
LE-0000041,ORD-000839,2025-07-19,189.61,USD,B041
LE-0000042,ORD-005752,2025-01-05,93.29,USD,B042
LE-0000043,ORD-003559,2025-05-04,519.24,USD,B043
LE-0000044,ORD-002167,2025-03-08,888.98,USD,B044
LE-0000045,ORD-006807,2025-02-01,508.98,USD,B045
LE-0000046,ORD-000116,2025-05-10,688.39,USD,B046
LE-0000047,ORD-008221,2025-11-08,351.92,USD,B047
LE-0000048,ORD-008647,2025-01-31,309.88,USD,B048
LE-0000049,ORD-005240,2025-05-19,100.67,USD,B049
LE-0000050,ORD-003276,2025-04-24,653.00,USD,B050
LE-0000051,ORD-009616,2025-12-19,203.54,USD,B051
LE-0000052,ORD-004799,2025-01-23,35.05,USD,B052
LE-0000053,ORD-003358,2025-10-28,323.03,USD,B053
LE-0000054,ORD-010264,2025-07-17,635.34,USD,B054
LE-0000055,ORD-001987,2025-03-11,854.93,USD,B055
LE-0000056,ORD-009535,2025-04-27,265.88,USD,B056
LE-0000057,ORD-001997,2025-10-15,699.06,USD,B057
LE-0000058,ORD-008129,2025-10-16,825.16,USD,B058
LE-0000059,ORD-009074,2025-04-16,277.79,USD,B059
LE-0000060,ORD-002323,2025-02-27,482.04,USD,B060
LE-0000061,ORD-005261,2025-08-14,71.60,USD,B061
LE-0000062,ORD-004985,2025-05-05,539.58,USD,B062
LE-0000063,ORD-006938,2025-01-10,789.86,USD,B063
LE-0000064,ORD-002100,2025-07-01,74.81,USD,B064
LE-0000065,ORD-002398,2025-10-17,430.26,USD,B065
LE-0000066,ORD-001163,2025-07-20,272.28,USD,B066
LE-0000067,ORD-003755,2025-02-09,241.44,USD,B067
LE-0000068,ORD-005566,2025-08-06,818.63,USD,B068
LE-0000069,ORD-007474,2025-12-08,499.60,USD,B069
LE-0000070,ORD-008914,2025-08-18,56.72,USD,B070
LE-0000071,ORD-010114,2025-07-19,547.47,USD,B071
LE-0000072,ORD-008943,2025-02-22,28.83,USD,B072
LE-0000073,ORD-008881,2025-10-26,200.31,USD,B073
LE-0000074,ORD-005221,2025-06-29,583.78,USD,B074
LE-0000075,ORD-002753,2025-02-27,365.02,USD,B075
LE-0000076,ORD-001897,2025-12-21,214.00,USD,B076
LE-0000077,ORD-008017,2025-02-05,787.43,USD,B077
LE-0000078,ORD-005906,2025-01-26,366.38,USD,B078
LE-0000079,ORD-009436,2025-12-21,410.37,USD,B079
LE-0000080,ORD-009301,2025-07-29,148.66,USD,B080
LE-0000081,ORD-004469,2025-05-28,387.93,USD,B081
LE-0000082,ORD-011393,2025-05-04,524.34,USD,B082
LE-0000083,ORD-010388,2025-10-06,892.39,USD,B083
LE-0000084,ORD-001151,2025-08-20,327.10,USD,B084
LE-0000085,ORD-005740,2025-03-16,841.93,USD,B085
LE-0000086,ORD-003426,2025-07-24,775.83,USD,B086
LE-0000087,ORD-007815,2025-05-27,413.15,USD,B087
LE-0000088,ORD-005647,2025-07-18,661.93,USD,B088
LE-0000089,ORD-007179,2025-01-14,395.58,USD,B089
LE-0000090,ORD-010011,2025-04-20,105.66,USD,B090
LE-0000091,ORD-000636,2025-08-28,703.64,USD,B091
LE-0000092,ORD-001934,2025-10-11,189.09,USD,B092
LE-0000093,ORD-003359,2025-02-15,865.71,USD,B093
LE-0000094,ORD-006567,2025-12-29,645.41,USD,B094
LE-0000095,ORD-004667,2025-08-12,739.32,USD,B095
LE-0000096,ORD-011401,2025-12-20,891.57,USD,B096
LE-0000097,ORD-004777,2025-07-05,781.09,USD,B000
LE-0000098,ORD-006953,2025-11-24,276.71,USD,B001
LE-0000099,ORD-008291,2025-06-30,724.65,USD,B002
LE-0000100,ORD-009001,2025-08-06,645.71,USD,B003
LE-0000101,ORD-008525,2025-01-06,827.52,USD,B004
LE-0000102,ORD-009843,2025-07-11,320.14,USD,B005
LE-0000103,ORD-008084,2025-03-21,346.68,USD,B006
LE-0000104,ORD-008214,2025-05-29,774.27,USD,B007
LE-0000105,ORD-002931,2025-09-30,735.29,USD,B008
LE-0000106,ORD-005177,2025-06-10,728.93,USD,B009
LE-0000107,ORD-003495,2025-04-15,842.68,USD,B010
LE-0000108,ORD-006639,2025-06-04,769.61,USD,B011
LE-0000109,ORD-006247,2025-09-05,601.60,USD,B012
LE-0000110,ORD-004991,2025-09-12,142.87,USD,B013
LE-0000111,ORD-001593,2025-11-09,46.00,USD,B014
LE-0000112,ORD-007273,2025-12-01,261.72,USD,B015
LE-0000113,ORD-003581,2025-04-15,561.17,USD,B016
LE-0000114,ORD-001376,2025-03-30,502.34,USD,B017
LE-0000115,ORD-005774,2025-08-16,190.66,USD,B018
LE-0000116,ORD-005000,2025-07-12,685.22,USD,B019
LE-0000117,ORD-003544,2025-03-28,76.47,USD,B020
LE-0000118,ORD-004440,2025-04-01,212.06,USD,B021
LE-0000119,ORD-010568,2025-12-07,858.07,USD,B022
LE-0000120,ORD-010874,2025-04-18,466.69,USD,B023
LE-0000121,ORD-008188,2025-12-12,217.03,USD,B024
LE-0000122,ORD-002789,2025-05-18,473.15,USD,B025
LE-0000123,ORD-005535,2025-12-06,51.98,USD,B026
LE-0000124,ORD-008454,2025-02-08,200.36,USD,B027
LE-0000125,ORD-007922,2025-02-01,214.00,USD,B028
LE-0000126,ORD-009446,2025-12-30,169.99,USD,B029
LE-0000127,ORD-009997,2025-04-22,249.90,USD,B030
LE-0000128,ORD-005431,2025-07-13,454.89,USD,B031
LE-0000129,ORD-009572,2025-05-13,439.63,USD,B032
LE-0000130,ORD-006796,2025-03-20,412.22,USD,B033
LE-0000131,ORD-002413,2025-12-08,185.12,USD,B034
LE-0000132,ORD-003586,2025-08-02,305.09,USD,B035
LE-0000133,ORD-000936,2025-11-18,429.96,USD,B036
LE-0000134,ORD-004447,2025-05-25,215.26,USD,B037
LE-0000135,ORD-001952,2025-10-07,297.39,USD,B038
LE-0000136,ORD-002251,2025-03-18,566.34,USD,B039
LE-0000137,ORD-010377,2025-04-16,800.08,USD,B040
LE-0000138,ORD-005081,2025-10-29,349.76,USD,B041
LE-0000139,ORD-000979,2025-06-27,396.24,USD,B042
LE-0000140,ORD-008934,2025-05-11,690.92,USD,B043
LE-0000141,ORD-004471,2025-06-14,679.50,USD,B044
LE-0000142,ORD-009840,2025-10-16,699.96,USD,B045
LE-0000143,ORD-009287,2025-09-09,219.01,USD,B046
LE-0000144,ORD-006682,2025-12-12,541.85,USD,B047
LE-0000145,ORD-005871,2025-04-05,248.80,USD,B048
LE-0000146,ORD-000865,2025-04-14,560.69,USD,B049
LE-0000147,ORD-004153,2025-05-23,613.68,USD,B050
LE-0000148,ORD-004915,2025-07-02,751.93,USD,B051
LE-0000149,ORD-008145,2025-09-28,756.58,USD,B052
LE-0000150,ORD-004290,2025-04-12,324.96,USD,B053
LE-0000151,ORD-008026,2025-01-09,671.59,USD,B054
LE-0000152,ORD-009472,2025-06-27,70.36,USD,B055
LE-0000153,ORD-002485,2025-04-09,639.78,USD,B056
LE-0000154,ORD-010065,2025-09-15,423.47,USD,B057
LE-0000155,ORD-011226,2025-09-26,800.88,USD,B058
LE-0000156,ORD-003405,2025-09-06,211.67,USD,B059
LE-0000157,ORD-005411,2025-02-07,648.90,USD,B060
LE-0000158,ORD-010490,2025-05-07,108.12,USD,B061
LE-0000159,ORD-001772,2025-09-26,754.38,USD,B062
LE-0000160,ORD-010326,2025-01-24,510.34,USD,B063
LE-0000161,ORD-003937,2025-03-26,91.61,USD,B064
LE-0000162,ORD-008041,2025-11-14,620.94,USD,B065
LE-0000163,ORD-011814,2025-06-21,153.01,USD,B066
LE-0000164,ORD-009346,2025-05-27,796.53,USD,B067
LE-0000165,ORD-009117,2025-05-11,193.00,USD,B068
LE-0000166,ORD-000198,2025-03-30,242.30,USD,B069
LE-0000167,ORD-000178,2025-01-13,873.36,USD,B070
LE-0000168,ORD-007723,2025-01-18,518.36,USD,B071
LE-0000169,ORD-006147,2025-09-26,487.24,USD,B072
LE-0000170,ORD-009469,2025-06-30,528.75,USD,B073
LE-0000171,ORD-005608,2025-09-23,659.00,USD,B074
LE-0000172,ORD-009810,2025-11-02,708.83,USD,B075
LE-0000173,ORD-004552,2025-04-23,790.15,USD,B076
LE-0000174,ORD-007846,2025-08-23,650.12,USD,B077
LE-0000175,ORD-009011,2025-08-05,486.14,USD,B078
LE-0000176,ORD-003925,2025-04-08,120.75,USD,B079
LE-0000177,ORD-004682,2025-09-06,684.73,USD,B080
LE-0000178,ORD-011404,2025-07-11,67.49,USD,B081
LE-0000179,ORD-009758,2025-03-02,218.42,USD,B082
LE-0000180,ORD-002196,2025-12-11,30.95,USD,B083
LE-0000181,ORD-006404,2025-02-12,444.00,USD,B084
LE-0000182,ORD-011296,2025-10-29,669.39,USD,B085
LE-0000183,ORD-001753,2025-03-15,236.00,USD,B086
LE-0000184,ORD-003771,2025-03-31,684.80,USD,B087
LE-0000185,ORD-004302,2025-01-05,805.45,USD,B088
LE-0000186,ORD-005334,2025-02-03,816.23,USD,B089
LE-0000187,ORD-000015,2025-01-06,268.00,USD,B090
LE-0000188,ORD-004987,2025-11-16,611.73,USD,B091
LE-0000189,ORD-011217,2025-04-25,226.10,USD,B092
LE-0000190,ORD-003120,2025-05-16,794.16,USD,B093
LE-0000191,ORD-007554,2025-09-16,716.44,USD,B094
LE-0000192,ORD-009128,2025-01-07,852.69,USD,B095
LE-0000193,ORD-010673,2025-10-25,885.51,USD,B096
LE-0000194,ORD-003147,2025-01-17,898.81,USD,B000
LE-0000195,ORD-011309,2025-03-17,548.45,USD,B001
LE-0000196,ORD-006111,2025-02-10,545.41,USD,B002
LE-0000197,ORD-006421,2025-03-11,151.00,USD,B003
LE-0000198,ORD-008488,2025-09-08,687.54,USD,B004
LE-0000199,ORD-001877,2025-02-26,653.92,USD,B005
LE-0000200,ORD-005779,2025-02-24,285.36,USD,B006
LE-0000201,ORD-004894,2025-07-05,546.94,USD,B007
LE-0000202,ORD-008681,2025-11-30,483.31,USD,B008
LE-0000203,ORD-007227,2025-09-15,639.66,USD,B009
LE-0000204,ORD-003765,2025-07-19,694.40,USD,B010
LE-0000205,ORD-003411,2025-08-15,335.07,USD,B011
LE-0000206,ORD-010213,2025-08-02,569.61,USD,B012
LE-0000207,ORD-004022,2025-10-11,394.53,USD,B013
LE-0000208,ORD-007999,2025-01-13,21.61,USD,B014
LE-0000209,ORD-005618,2025-10-03,337.64,USD,B015
LE-0000210,ORD-009242,2025-01-11,40.34,USD,B016
LE-0000211,ORD-011842,2025-02-09,158.12,USD,B017
LE-0000212,ORD-001211,2025-08-21,560.47,USD,B018
LE-0000213,ORD-011542,2025-11-21,898.95,USD,B019
LE-0000214,ORD-009991,2025-03-23,51.44,USD,B020
LE-0000215,ORD-002242,2025-09-11,473.69,USD,B021
LE-0000216,ORD-006640,2025-09-18,670.82,USD,B022
LE-0000217,ORD-002308,2025-06-22,398.61,USD,B023
LE-0000218,ORD-011799,2025-01-13,790.86,USD,B024
LE-0000219,ORD-005649,2025-09-24,6.38,USD,B025
LE-0000220,ORD-000096,2025-04-26,145.49,USD,B026
LE-0000221,ORD-009566,2025-08-18,548.75,USD,B027
LE-0000222,ORD-008601,2025-03-19,833.50,USD,B028
LE-0000223,ORD-010628,2025-06-21,80.64,USD,B029
LE-0000224,ORD-004158,2025-03-10,525.56,USD,B030
LE-0000225,ORD-007809,2025-09-22,116.75,USD,B031
LE-0000226,ORD-002570,2025-12-10,635.51,USD,B032
LE-0000227,ORD-005150,2025-08-04,583.41,USD,B033
LE-0000228,ORD-000674,2025-04-01,320.67,USD,B034
LE-0000229,ORD-008677,2025-09-04,608.51,USD,B035
LE-0000230,ORD-005568,2025-03-30,355.93,USD,B036
LE-0000231,ORD-000007,2025-01-15,314.07,USD,B037
LE-0000232,ORD-008232,2025-06-20,781.90,USD,B038
LE-0000233,ORD-006102,2025-09-27,201.70,USD,B039
LE-0000234,ORD-006314,2025-02-17,600.15,USD,B040
LE-0000235,ORD-000387,2025-06-09,824.15,USD,B041
LE-0000236,ORD-003841,2025-10-16,569.11,USD,B042
LE-0000237,ORD-004090,2025-09-04,877.61,USD,B043
LE-0000238,ORD-000857,2025-07-21,240.86,USD,B044
LE-0000239,ORD-001906,2025-10-17,176.85,USD,B045
LE-0000240,ORD-004310,2025-05-14,243.91,USD,B046
LE-0000241,ORD-000331,2025-07-21,388.48,USD,B047
LE-0000242,ORD-008929,2025-01-01,606.88,USD,B048
LE-0000243,ORD-007745,2025-04-02,453.92,USD,B049
LE-0000244,ORD-003888,2025-09-16,699.00,USD,B050
LE-0000245,ORD-008657,2025-01-08,430.18,USD,B051
LE-0000246,ORD-011737,2025-11-05,726.21,USD,B052
LE-0000247,ORD-003664,2025-02-11,875.81,USD,B053
LE-0000248,ORD-010104,2025-09-08,10.46,USD,B054
LE-0000249,ORD-007872,2025-09-18,134.21,USD,B055
LE-0000250,ORD-009295,2025-05-17,279.59,USD,B056
LE-0000251,ORD-006824,2025-08-14,831.08,USD,B057
LE-0000252,ORD-001526,2025-05-09,218.91,USD,B058
LE-0000253,ORD-010847,2025-10-13,691.32,USD,B059
LE-0000254,ORD-011557,2025-09-26,634.68,USD,B060
LE-0000255,ORD-004042,2025-11-23,249.41,USD,B061
LE-0000256,ORD-003219,2025-01-17,63.47,USD,B062
LE-0000257,ORD-000801,2025-12-12,74.38,USD,B063
LE-0000258,ORD-000631,2025-05-11,395.76,USD,B064
LE-0000259,ORD-005838,2025-05-10,475.73,USD,B065
LE-0000260,ORD-008548,2025-12-11,681.99,USD,B066
LE-0000261,ORD-001956,2025-01-30,690.56,USD,B067
LE-0000262,ORD-006506,2025-01-10,602.95,USD,B068
LE-0000263,ORD-009013,2025-05-29,698.47,USD,B069
LE-0000264,ORD-004849,2025-05-25,846.58,USD,B070
LE-0000265,ORD-004564,2025-02-23,75.51,USD,B071
LE-0000266,ORD-003097,2025-03-27,601.00,USD,B072
LE-0000267,ORD-000310,2025-07-08,38.36,USD,B073
LE-0000268,ORD-005699,2025-09-30,119.81,USD,B074
LE-0000269,ORD-008254,2025-12-11,474.51,USD,B075
LE-0000270,ORD-006709,2025-06-07,565.52,USD,B076
LE-0000271,ORD-001308,2025-04-09,353.61,USD,B077
LE-0000272,ORD-005136,2025-07-31,283.93,USD,B078
LE-0000273,ORD-000442,2025-12-13,499.10,USD,B079
LE-0000274,ORD-010607,2025-12-29,172.84,USD,B080
LE-0000275,ORD-004851,2025-10-24,680.27,USD,B081
LE-0000276,ORD-010995,2025-10-22,454.28,USD,B082
LE-0000277,ORD-007190,2025-12-22,836.34,USD,B083
LE-0000278,ORD-001239,2025-12-27,732.97,USD,B084
LE-0000279,ORD-006399,2025-03-14,80.80,USD,B085
LE-0000280,ORD-004747,2025-11-11,674.68,USD,B086
LE-0000281,ORD-005678,2025-10-05,5.31,USD,B087
LE-0000282,ORD-007269,2025-02-01,152.00,USD,B088
LE-0000283,ORD-010686,2025-06-04,684.50,USD,B089
LE-0000284,ORD-005629,2025-05-19,663.86,USD,B090
LE-0000285,ORD-007824,2025-01-10,461.33,USD,B091
LE-0000286,ORD-008249,2025-05-20,795.31,USD,B092
LE-0000287,ORD-008671,2025-03-16,142.11,USD,B093
LE-0000288,ORD-006328,2025-07-14,340.59,USD,B094
LE-0000289,ORD-001156,2025-03-01,435.29,USD,B095
LE-0000290,ORD-004759,2025-09-10,552.37,USD,B096
LE-0000291,ORD-003476,2025-05-12,771.41,USD,B000
LE-0000292,ORD-011720,2025-03-04,70.57,USD,B001
LE-0000293,ORD-001008,2025-07-27,279.42,USD,B002
LE-0000294,ORD-006529,2025-05-01,434.00,USD,B003
LE-0000295,ORD-009302,2025-05-08,459.93,USD,B004
LE-0000296,ORD-004693,2025-02-23,156.00,USD,B005
LE-0000297,ORD-010406,2025-11-17,234.00,USD,B006
LE-0000298,ORD-010120,2025-08-28,579.07,USD,B007
LE-0000299,ORD-001026,2025-01-06,897.47,USD,B008
LE-0000300,ORD-010676,2025-05-23,574.78,USD,B009
LE-0000301,ORD-003774,2025-12-23,364.92,USD,B010
LE-0000302,ORD-006714,2025-03-20,884.00,USD,B011
LE-0000303,ORD-003676,2025-11-12,562.80,USD,B012
LE-0000304,ORD-004603,2025-04-29,565.00,USD,B013
LE-0000305,ORD-004884,2025-04-06,770.26,USD,B014
LE-0000306,ORD-007426,2025-01-15,235.22,USD,B015
LE-0000307,ORD-011728,2025-10-24,654.09,USD,B016
LE-0000308,ORD-008505,2025-02-21,566.93,USD,B017
LE-0000309,ORD-002463,2025-02-01,621.19,USD,B018
LE-0000310,ORD-004416,2025-08-22,134.57,USD,B019
LE-0000311,ORD-005142,2025-01-19,887.39,USD,B020
LE-0000312,ORD-009055,2025-01-23,41.60,USD,B021
LE-0000313,ORD-010041,2025-02-27,382.20,USD,B022
LE-0000314,ORD-004940,2025-03-15,810.00,USD,B023
LE-0000315,ORD-001243,2025-09-23,874.40,USD,B024
LE-0000316,ORD-010492,2025-01-30,714.74,USD,B025
LE-0000317,ORD-011242,2025-10-20,287.56,USD,B026
LE-0000318,ORD-003838,2025-09-12,859.48,USD,B027
LE-0000319,ORD-002109,2025-10-06,641.81,USD,B028
LE-0000320,ORD-007051,2025-02-08,88.49,USD,B029
LE-0000321,ORD-001446,2025-11-26,629.89,USD,B030
LE-0000322,ORD-007735,2025-04-03,504.66,USD,B031
LE-0000323,ORD-000731,2025-04-23,513.09,USD,B032
LE-0000324,ORD-004844,2025-01-23,586.31,USD,B033
LE-0000325,ORD-006941,2025-11-01,465.16,USD,B034
LE-0000326,ORD-006471,2025-10-18,811.19,USD,B035
LE-0000327,ORD-004721,2025-05-30,80.47,USD,B036
LE-0000328,ORD-003484,2025-12-28,527.03,USD,B037
LE-0000329,ORD-009455,2025-08-01,439.09,USD,B038
LE-0000330,ORD-007676,2025-09-05,314.28,USD,B039
LE-0000331,ORD-000692,2025-05-20,171.08,USD,B040
LE-0000332,ORD-003857,2025-09-16,882.21,USD,B041
LE-0000333,ORD-001784,2025-01-17,472.15,USD,B042
LE-0000334,ORD-002069,2025-06-26,263.26,USD,B043
LE-0000335,ORD-011277,2025-08-30,242.88,USD,B044
LE-0000336,ORD-001405,2025-02-08,874.06,USD,B045
LE-0000337,ORD-004433,2025-07-06,291.24,USD,B046
LE-0000338,ORD-003688,2025-06-04,895.07,USD,B047
LE-0000339,ORD-008241,2025-06-11,727.72,USD,B048
LE-0000340,ORD-010061,2025-03-02,425.00,USD,B049
LE-0000341,ORD-002289,2025-03-29,600.39,USD,B050
LE-0000342,ORD-006321,2025-11-30,615.35,USD,B051
LE-0000343,ORD-003737,2025-06-24,850.09,USD,B052
LE-0000344,ORD-003675,2025-10-29,856.98,USD,B053
LE-0000345,ORD-005497,2025-09-14,808.62,USD,B054
LE-0000346,ORD-000226,2025-06-22,176.46,USD,B055
LE-0000347,ORD-005206,2025-05-07,790.31,USD,B056
LE-0000348,ORD-005986,2025-09-17,27.29,USD,B057
LE-0000349,ORD-000799,2025-03-07,128.64,USD,B058
LE-0000350,ORD-009904,2025-05-22,845.43,USD,B059
LE-0000351,ORD-001728,2025-05-23,464.36,USD,B060
LE-0000352,ORD-008617,2025-10-19,808.36,USD,B061
LE-0000353,ORD-008132,2025-02-03,374.63,USD,B062
LE-0000354,ORD-001175,2025-05-18,164.72,USD,B063
LE-0000355,ORD-007936,2025-11-24,309.79,USD,B064
LE-0000356,ORD-001710,2025-03-18,343.07,USD,B065
LE-0000357,ORD-003421,2025-10-06,162.81,USD,B066
LE-0000358,ORD-008096,2025-12-17,541.70,USD,B067
LE-0000359,ORD-000654,2025-03-29,837.00,USD,B068
LE-0000360,ORD-008899,2025-07-07,794.60,USD,B069
LE-0000361,ORD-004300,2025-08-26,402.62,USD,B070
LE-0000362,ORD-006177,2025-07-13,44.03,USD,B071
LE-0000363,ORD-001375,2025-04-27,773.57,USD,B072
LE-0000364,ORD-000768,2025-07-18,284.26,USD,B073
LE-0000365,ORD-006208,2025-04-30,704.57,USD,B074
LE-0000366,ORD-001223,2025-05-05,50.55,USD,B075
LE-0000367,ORD-010730,2025-08-30,772.51,USD,B076
LE-0000368,ORD-004095,2025-10-11,638.07,USD,B077
LE-0000369,ORD-003434,2025-03-02,347.54,USD,B078
LE-0000370,ORD-005521,2025-02-26,277.65,USD,B079
LE-0000371,ORD-001438,2025-06-23,52.19,USD,B080
LE-0000372,ORD-007192,2025-11-19,263.98,USD,B081
LE-0000373,ORD-008315,2025-05-22,143.60,USD,B082
LE-0000374,ORD-001606,2025-08-06,259.12,USD,B083
LE-0000375,ORD-008611,2025-07-16,557.51,USD,B084
LE-0000376,ORD-002445,2025-10-14,254.78,USD,B085
LE-0000377,ORD-001000,2025-04-25,644.00,USD,B086
LE-0000378,ORD-001889,2025-10-27,576.26,USD,B087
LE-0000379,ORD-001920,2025-08-28,63.15,USD,B088
LE-0000380,ORD-005065,2025-08-01,628.87,USD,B089
LE-0000381,ORD-010129,2025-10-29,406.41,USD,B090
LE-0000382,ORD-006010,2025-09-10,12.37,USD,B091
LE-0000383,ORD-003321,2025-07-18,423.88,USD,B092
LE-0000384,ORD-010184,2025-06-07,815.61,USD,B093
LE-0000385,ORD-011027,2025-05-20,271.09,USD,B094
LE-0000386,ORD-003896,2025-02-27,72.74,USD,B095
LE-0000387,ORD-009220,2025-08-28,493.79,USD,B096
LE-0000388,ORD-001257,2025-04-30,861.14,USD,B000
LE-0000389,ORD-008172,2025-07-03,412.36,USD,B001
LE-0000390,ORD-005534,2025-08-30,115.15,USD,B002
LE-0000391,ORD-004392,2025-03-29,513.20,USD,B003
LE-0000392,ORD-002564,2025-07-14,666.01,USD,B004
LE-0000393,ORD-003090,2025-10-07,96.10,USD,B005
LE-0000394,ORD-002760,2025-06-10,588.91,USD,B006
LE-0000395,ORD-009774,2025-12-02,856.59,USD,B007
LE-0000396,ORD-006202,2025-07-08,559.04,USD,B008
LE-0000397,ORD-007899,2025-11-03,802.28,USD,B009
LE-0000398,ORD-005162,2025-11-01,501.87,USD,B010
LE-0000399,ORD-000914,2025-04-17,773.25,USD,B011
LE-0000400,ORD-006340,2025-08-23,95.86,USD,B012
LE-0000401,ORD-006413,2025-10-25,305.60,USD,B013
LE-0000402,ORD-011101,2025-12-14,318.27,USD,B014
LE-0000403,ORD-007139,2025-02-21,224.69,USD,B015
LE-0000404,ORD-011660,2025-07-23,393.40,USD,B016
LE-0000405,ORD-009676,2025-01-01,413.38,USD,B017
LE-0000406,ORD-007559,2025-09-22,271.02,USD,B018
LE-0000407,ORD-003948,2025-05-30,143.18,USD,B019
LE-0000408,ORD-010163,2025-12-22,782.52,USD,B020
LE-0000409,ORD-010086,2025-06-26,770.69,USD,B021
LE-0000410,ORD-005283,2025-05-31,421.42,USD,B022
LE-0000411,ORD-000982,2025-02-24,630.00,USD,B023
LE-0000412,ORD-000060,2025-01-25,708.19,USD,B024
LE-0000413,ORD-006337,2025-02-09,806.28,USD,B025
LE-0000414,ORD-003086,2025-11-03,347.71,USD,B026
LE-0000415,ORD-003714,2025-12-08,56.00,USD,B027
LE-0000416,ORD-009144,2025-08-25,208.49,USD,B028
LE-0000417,ORD-004830,2025-10-24,202.19,USD,B029
LE-0000418,ORD-005471,2025-11-08,81.22,USD,B030
LE-0000419,ORD-011243,2025-01-31,460.08,USD,B031
LE-0000420,ORD-001471,2025-08-06,591.29,USD,B032
LE-0000421,ORD-006568,2025-10-21,450.07,USD,B033
LE-0000422,ORD-009427,2025-07-09,719.43,USD,B034
LE-0000423,ORD-003291,2025-05-09,305.23,USD,B035
LE-0000424,ORD-005234,2025-12-16,169.15,USD,B036
LE-0000425,ORD-008931,2025-12-24,421.85,USD,B037
LE-0000426,ORD-010551,2025-02-22,493.47,USD,B038
LE-0000427,ORD-009108,2025-02-26,686.67,USD,B039
LE-0000428,ORD-000746,2025-08-31,378.48,USD,B040
LE-0000429,ORD-005257,2025-09-25,348.20,USD,B041
LE-0000430,ORD-003865,2025-03-10,222.08,USD,B042
LE-0000431,ORD-000701,2025-12-23,445.11,USD,B043
LE-0000432,ORD-006660,2025-08-30,859.53,USD,B044
LE-0000433,ORD-009251,2025-10-20,165.97,USD,B045
LE-0000434,ORD-008662,2025-02-18,389.49,USD,B046
LE-0000435,ORD-001674,2025-09-08,584.31,USD,B047
LE-0000436,ORD-007884,2025-08-30,222.68,USD,B048
LE-0000437,ORD-004029,2025-03-23,464.11,USD,B049
LE-0000438,ORD-008765,2025-05-19,836.37,USD,B050
LE-0000439,ORD-001279,2025-08-04,456.88,USD,B051
LE-0000440,ORD-006355,2025-01-06,729.70,USD,B052
LE-0000441,ORD-002346,2025-02-21,891.27,USD,B053
LE-0000442,ORD-010926,2025-06-27,421.68,USD,B054
LE-0000443,ORD-007124,2025-01-27,667.83,USD,B055
LE-0000444,ORD-008438,2025-06-01,517.48,USD,B056
LE-0000445,ORD-001602,2025-11-04,582.97,USD,B057
LE-0000446,ORD-009014,2025-07-29,426.02,USD,B058
LE-0000447,ORD-007225,2025-12-26,424.26,USD,B059
LE-0000448,ORD-001406,2025-04-11,677.51,USD,B060
LE-0000449,ORD-010296,2025-12-14,249.91,USD,B061
LE-0000450,ORD-002962,2025-01-27,99.58,USD,B062
LE-0000451,ORD-006738,2025-01-22,527.43,USD,B063
LE-0000452,ORD-005942,2025-09-27,504.73,USD,B064
LE-0000453,ORD-002543,2025-06-06,556.66,USD,B065
LE-0000454,ORD-002569,2025-05-02,229.20,USD,B066
LE-0000455,ORD-011474,2025-06-27,430.45,USD,B067
LE-0000456,ORD-000966,2025-05-23,142.48,USD,B068
LE-0000457,ORD-009492,2025-09-11,121.47,USD,B069
LE-0000458,ORD-011575,2025-08-24,519.53,USD,B070
LE-0000459,ORD-011409,2025-01-13,289.41,USD,B071
LE-0000460,ORD-009655,2025-10-03,270.90,USD,B072
LE-0000461,ORD-005427,2025-09-15,462.71,USD,B073
LE-0000462,ORD-004519,2025-05-11,776.82,USD,B074
LE-0000463,ORD-007876,2025-04-04,54.45,USD,B075
LE-0000464,ORD-000318,2025-12-31,202.37,USD,B076
LE-0000465,ORD-006710,2025-01-19,480.16,USD,B077
LE-0000466,ORD-011230,2025-01-25,846.08,USD,B078
LE-0000467,ORD-001003,2025-09-22,295.22,USD,B079
LE-0000468,ORD-010530,2025-11-02,686.09,USD,B080
LE-0000469,ORD-006429,2025-07-16,666.21,USD,B081
LE-0000470,ORD-002546,2025-09-11,716.68,USD,B082
LE-0000471,ORD-001904,2025-09-04,499.48,USD,B083
LE-0000472,ORD-010139,2025-11-21,282.34,USD,B084
LE-0000473,ORD-005685,2025-07-23,838.66,USD,B085
LE-0000474,ORD-009931,2025-06-24,678.00,USD,B086
LE-0000475,ORD-007832,2025-03-12,597.80,USD,B087
LE-0000476,ORD-008293,2025-06-19,755.24,USD,B088
LE-0000477,ORD-001416,2025-02-28,85.37,USD,B089
LE-0000478,ORD-004340,2025-04-07,846.12,USD,B090
LE-0000479,ORD-002168,2025-04-19,769.40,USD,B091
LE-0000480,ORD-011014,2025-09-14,480.89,USD,B092
LE-0000481,ORD-011071,2025-05-29,430.92,USD,B093
LE-0000482,ORD-003945,2025-09-19,439.45,USD,B094
LE-0000483,ORD-002960,2025-07-04,485.25,USD,B095
LE-0000484,ORD-004957,2025-06-27,23.48,USD,B096
LE-0000485,ORD-002273,2025-07-20,203.56,USD,B000
LE-0000486,ORD-001128,2025-12-25,802.76,USD,B001
LE-0000487,ORD-009799,2025-05-07,481.62,USD,B002
LE-0000488,ORD-001021,2025-10-25,657.00,USD,B003
LE-0000489,ORD-000228,2025-08-14,463.06,USD,B004
LE-0000490,ORD-002179,2025-03-03,57.98,USD,B005
LE-0000491,ORD-010849,2025-12-23,63.94,USD,B006
LE-0000492,ORD-010286,2025-01-18,67.61,USD,B007
LE-0000493,ORD-007608,2025-01-09,31.64,USD,B008
LE-0000494,ORD-003161,2025-11-08,611.87,USD,B009
LE-0000495,ORD-008598,2025-06-17,121.27,USD,B010
LE-0000496,ORD-006821,2025-11-18,285.86,USD,B011
LE-0000497,ORD-000411,2025-07-14,737.51,USD,B012
LE-0000498,ORD-004069,2025-05-09,371.29,USD,B013
LE-0000499,ORD-010186,2025-08-08,463.42,USD,B014
LE-0000500,ORD-006922,2025-07-05,180.98,USD,B015
LE-0000501,ORD-004271,2025-02-01,209.00,USD,B016
LE-0000502,ORD-006266,2025-02-20,416.68,USD,B017
LE-0000503,ORD-003813,2025-07-01,107.29,USD,B018
LE-0000504,ORD-009357,2025-03-11,514.26,USD,B019
LE-0000505,ORD-004047,2025-11-25,182.83,USD,B020
LE-0000506,ORD-005555,2025-04-28,213.53,USD,B021
LE-0000507,ORD-001867,2025-05-02,381.82,USD,B022
LE-0000508,ORD-001607,2025-06-23,817.35,USD,B023
LE-0000509,ORD-008382,2025-07-26,826.37,USD,B024
LE-0000510,ORD-004128,2025-05-26,129.15,USD,B025
LE-0000511,ORD-002646,2025-06-01,397.00,USD,B026
LE-0000512,ORD-002497,2025-12-14,750.00,USD,B027
LE-0000513,ORD-011550,2025-02-06,277.48,USD,B028
LE-0000514,ORD-010668,2025-10-01,491.54,USD,B029
LE-0000515,ORD-006103,2025-03-27,836.33,USD,B030
LE-0000516,ORD-000921,2025-10-18,109.88,USD,B031
LE-0000517,ORD-003839,2025-09-11,289.69,USD,B032
LE-0000518,ORD-002588,2025-12-20,248.09,USD,B033
LE-0000519,ORD-001290,2025-09-30,212.79,USD,B034
LE-0000520,ORD-009496,2025-03-27,613.72,USD,B035
LE-0000521,ORD-002561,2025-06-05,316.17,USD,B036
LE-0000522,ORD-008191,2025-04-03,136.59,USD,B037
LE-0000523,ORD-006658,2025-06-08,166.33,USD,B038
LE-0000524,ORD-000244,2025-05-25,893.47,USD,B039
LE-0000525,ORD-002299,2025-10-14,703.48,USD,B040
LE-0000526,ORD-000477,2025-05-17,90.16,USD,B041
LE-0000527,ORD-007277,2025-12-23,380.67,USD,B042
LE-0000528,ORD-005090,2025-04-11,88.00,USD,B043
LE-0000529,ORD-001605,2025-05-18,206.18,USD,B044
LE-0000530,ORD-010115,2025-07-06,454.54,USD,B045
LE-0000531,ORD-011844,2025-01-07,863.61,USD,B046
LE-0000532,ORD-008667,2025-11-19,85.18,USD,B047
LE-0000533,ORD-008537,2025-08-20,223.58,USD,B048
LE-0000534,ORD-004873,2025-07-20,640.18,USD,B049
LE-0000535,ORD-008577,2025-06-14,658.30,USD,B050
LE-0000536,ORD-008776,2025-12-24,178.65,USD,B051
LE-0000537,ORD-007322,2025-12-23,46.43,USD,B052
LE-0000538,ORD-010124,2025-06-22,893.80,USD,B053
LE-0000539,ORD-001380,2025-09-27,110.95,USD,B054
LE-0000540,ORD-003254,2025-11-11,291.50,USD,B055
LE-0000541,ORD-010529,2025-07-26,855.73,USD,B056
LE-0000542,ORD-007737,2025-03-29,839.80,USD,B057
LE-0000543,ORD-010026,2025-01-30,256.82,USD,B058
LE-0000544,ORD-005220,2025-05-03,888.76,USD,B059
LE-0000545,ORD-009519,2025-10-14,726.07,USD,B060
LE-0000546,ORD-005485,2025-07-20,831.63,USD,B061
LE-0000547,ORD-007650,2025-12-03,183.73,USD,B062
LE-0000548,ORD-006702,2025-06-05,659.50,USD,B063
LE-0000549,ORD-010801,2025-09-02,666.78,USD,B064
LE-0000550,ORD-007373,2025-10-02,832.30,USD,B065
LE-0000551,ORD-010499,2025-07-21,873.01,USD,B066
LE-0000552,ORD-006412,2025-11-30,37.30,USD,B067
LE-0000553,ORD-010271,2025-03-02,548.34,USD,B068
LE-0000554,ORD-000952,2025-03-07,64.35,USD,B069
LE-0000555,ORD-000114,2025-12-23,23.66,USD,B070
LE-0000556,ORD-004343,2025-08-25,113.12,USD,B071
LE-0000557,ORD-004641,2025-07-08,297.62,USD,B072
LE-0000558,ORD-007858,2025-09-21,209.61,USD,B073
LE-0000559,ORD-003903,2025-06-18,257.44,USD,B074
LE-0000560,ORD-011755,2025-07-07,127.71,USD,B075
LE-0000561,ORD-002718,2025-10-16,59.56,USD,B076
LE-0000562,ORD-005219,2025-02-07,400.24,USD,B077
LE-0000563,ORD-002670,2025-10-21,705.01,USD,B078
LE-0000564,ORD-002649,2025-03-14,744.63,USD,B079
LE-0000565,ORD-009263,2025-10-26,705.76,USD,B080
LE-0000566,ORD-010349,2025-07-27,80.31,USD,B081
LE-0000567,ORD-011721,2025-12-09,828.53,USD,B082
LE-0000568,ORD-005355,2025-02-02,847.31,USD,B083
LE-0000569,ORD-001388,2025-04-26,372.68,USD,B084
LE-0000570,ORD-009767,2025-06-28,357.25,USD,B085
LE-0000571,ORD-007748,2025-04-14,437.39,USD,B086
LE-0000572,ORD-009804,2025-01-26,887.21,USD,B087
LE-0000573,ORD-009362,2025-12-16,832.34,USD,B088
LE-0000574,ORD-007399,2025-02-04,526.65,USD,B089
LE-0000575,ORD-008337,2025-08-20,685.78,USD,B090
LE-0000576,ORD-001912,2025-01-18,482.02,USD,B091
LE-0000577,ORD-007395,2025-05-04,180.14,USD,B092
LE-0000578,ORD-005928,2025-08-14,534.10,USD,B093
LE-0000579,ORD-001672,2025-11-19,13.39,USD,B094
LE-0000580,ORD-008013,2025-06-13,54.52,USD,B095
LE-0000581,ORD-008615,2025-07-10,890.58,USD,B096
LE-0000582,ORD-006401,2025-09-13,876.75,USD,B000
LE-0000583,ORD-005138,2025-12-18,296.29,USD,B001
LE-0000584,ORD-006024,2025-05-26,675.10,USD,B002
LE-0000585,ORD-003780,2025-04-27,197.21,USD,B003
LE-0000586,ORD-003498,2025-03-05,560.10,USD,B004
LE-0000587,ORD-009787,2025-06-28,319.94,USD,B005
LE-0000588,ORD-001385,2025-09-06,438.09,USD,B006
LE-0000589,ORD-011802,2025-03-26,819.19,USD,B007
LE-0000590,ORD-009061,2025-09-07,127.94,USD,B008
LE-0000591,ORD-007524,2025-04-13,140.00,USD,B009
LE-0000592,ORD-005118,2025-11-04,619.17,USD,B010
LE-0000593,ORD-005561,2025-04-10,110.37,USD,B011
LE-0000594,ORD-011011,2025-11-11,420.25,USD,B012
LE-0000595,ORD-002995,2025-05-10,433.49,USD,B013
LE-0000596,ORD-008878,2025-06-17,58.32,USD,B014
LE-0000597,ORD-007865,2025-01-29,859.27,USD,B015
LE-0000598,ORD-003431,2025-12-24,799.25,USD,B016
LE-0000599,ORD-004126,2025-07-02,722.80,USD,B017
LE-0000600,ORD-009412,2025-09-07,94.07,USD,B018
LE-0000601,ORD-005036,2025-06-25,551.98,USD,B019
LE-0000602,ORD-003879,2025-08-20,694.09,USD,B020
LE-0000603,ORD-005822,2025-11-19,822.39,USD,B021
LE-0000604,ORD-009900,2025-05-20,705.28,USD,B022
LE-0000605,ORD-009628,2025-01-14,617.17,USD,B023
LE-0000606,ORD-009268,2025-10-25,865.80,USD,B024
LE-0000607,ORD-008782,2025-05-27,381.06,USD,B025
LE-0000608,ORD-005832,2025-01-05,42.11,USD,B026
LE-0000609,ORD-004280,2025-06-15,752.91,USD,B027
LE-0000610,ORD-006884,2025-12-19,325.29,USD,B028
LE-0000611,ORD-001009,2025-12-13,520.09,USD,B029
LE-0000612,ORD-009359,2025-02-28,693.23,USD,B030
LE-0000613,ORD-001483,2025-06-16,126.56,USD,B031
LE-0000614,ORD-000680,2025-11-06,316.47,USD,B032
LE-0000615,ORD-003091,2025-04-22,564.11,USD,B033
LE-0000616,ORD-002598,2025-04-19,44.18,USD,B034
LE-0000617,ORD-001921,2025-10-30,320.26,USD,B035
LE-0000618,ORD-002734,2025-09-10,767.02,USD,B036
LE-0000619,ORD-001273,2025-04-18,659.25,USD,B037
LE-0000620,ORD-005943,2025-04-28,427.93,USD,B038
LE-0000621,ORD-008668,2025-11-12,346.00,USD,B039
LE-0000622,ORD-003108,2025-05-09,304.68,USD,B040
LE-0000623,ORD-009495,2025-06-22,774.61,USD,B041
LE-0000624,ORD-002568,2025-07-18,763.24,USD,B042
LE-0000625,ORD-004306,2025-07-07,125.07,USD,B043
LE-0000626,ORD-007414,2025-02-25,847.67,USD,B044
LE-0000627,ORD-011314,2025-12-17,724.64,USD,B045
LE-0000628,ORD-007468,2025-07-08,171.21,USD,B046
LE-0000629,ORD-000283,2025-05-04,510.29,USD,B047
LE-0000630,ORD-000997,2025-11-26,727.93,USD,B048
LE-0000631,ORD-003088,2025-11-26,177.52,USD,B049
LE-0000632,ORD-003656,2025-06-05,884.53,USD,B050
LE-0000633,ORD-008060,2025-11-21,577.47,USD,B051
LE-0000634,ORD-000703,2025-12-17,141.52,USD,B052
LE-0000635,ORD-003735,2025-03-03,235.19,USD,B053
LE-0000636,ORD-011307,2025-10-20,807.47,USD,B054
LE-0000637,ORD-005044,2025-04-28,58.52,USD,B055
LE-0000638,ORD-000201,2025-01-21,502.84,USD,B056
LE-0000639,ORD-001860,2025-08-07,627.70,USD,B057
LE-0000640,ORD-000365,2025-09-03,765.68,USD,B058
LE-0000641,ORD-003125,2025-06-24,281.03,USD,B059
LE-0000642,ORD-002237,2025-05-07,587.63,USD,B060
LE-0000643,ORD-008227,2025-08-11,234.62,USD,B061
LE-0000644,ORD-003293,2025-02-02,12.03,USD,B062
LE-0000645,ORD-006978,2025-07-23,182.58,USD,B063
LE-0000646,ORD-005107,2025-05-21,771.78,USD,B064
LE-0000647,ORD-003323,2025-04-05,156.33,USD,B065
LE-0000648,ORD-011063,2025-01-22,358.24,USD,B066
LE-0000649,ORD-006952,2025-11-10,313.50,USD,B067
LE-0000650,ORD-007642,2025-07-23,253.31,USD,B068
LE-0000651,ORD-001253,2025-04-05,278.49,USD,B069
LE-0000652,ORD-002843,2025-02-08,379.48,USD,B070
LE-0000653,ORD-011623,2025-10-10,471.15,USD,B071
LE-0000654,ORD-008499,2025-10-22,597.03,USD,B072
LE-0000655,ORD-008211,2025-02-26,603.79,USD,B073
LE-0000656,ORD-003210,2025-01-05,896.91,USD,B074
LE-0000657,ORD-004363,2025-05-31,640.45,USD,B075
LE-0000658,ORD-001603,2025-07-22,511.35,USD,B076
LE-0000659,ORD-009831,2025-01-26,238.10,USD,B077
LE-0000660,ORD-002226,2025-08-24,142.69,USD,B078
LE-0000661,ORD-004481,2025-02-11,214.48,USD,B079
LE-0000662,ORD-009219,2025-06-23,329.52,USD,B080
LE-0000663,ORD-003054,2025-11-18,546.67,USD,B081
LE-0000664,ORD-010172,2025-11-09,11.00,USD,B082
LE-0000665,ORD-001300,2025-06-08,225.00,USD,B083
LE-0000666,ORD-001379,2025-12-04,80.35,USD,B084
LE-0000667,ORD-001338,2025-06-07,240.04,USD,B085
LE-0000668,ORD-009195,2025-05-10,233.10,USD,B086
LE-0000669,ORD-007048,2025-05-10,214.74,USD,B087
LE-0000670,ORD-008267,2025-01-09,553.23,USD,B088
LE-0000671,ORD-008329,2025-05-04,742.89,USD,B089
LE-0000672,ORD-002851,2025-12-06,833.57,USD,B090
LE-0000673,ORD-011365,2025-12-09,165.34,USD,B091
LE-0000674,ORD-010216,2025-10-18,181.83,USD,B092
LE-0000675,ORD-006885,2025-02-06,479.90,USD,B093
LE-0000676,ORD-001033,2025-05-17,537.92,USD,B094
LE-0000677,ORD-005017,2025-01-30,104.19,USD,B095
LE-0000678,ORD-010063,2025-11-23,512.35,USD,B096
LE-0000679,ORD-011534,2025-12-15,1034.52,USD,B000
LE-0000680,ORD-003962,2025-02-03,762.92,USD,B001
LE-0000681,ORD-007200,2025-09-04,422.04,USD,B002
LE-0000682,ORD-010482,2025-10-07,165.33,USD,B003
LE-0000683,ORD-001584,2025-07-12,64.07,USD,B004
LE-0000684,ORD-004999,2025-11-21,233.89,USD,B005
LE-0000685,ORD-008660,2025-06-28,52.41,USD,B006
LE-0000686,ORD-001108,2025-10-18,520.55,USD,B007
LE-0000687,ORD-010511,2025-05-28,716.47,USD,B008
LE-0000688,ORD-008674,2025-11-12,759.00,USD,B009
LE-0000689,ORD-004191,2025-10-01,40.05,USD,B010
LE-0000690,ORD-008945,2025-05-18,306.00,USD,B011
LE-0000691,ORD-010567,2025-09-16,268.97,USD,B012
LE-0000692,ORD-010200,2025-09-06,886.00,USD,B013
LE-0000693,ORD-006001,2025-06-26,214.89,USD,B014
LE-0000694,ORD-000179,2025-08-25,360.03,USD,B015
LE-0000695,ORD-004223,2025-09-12,282.00,USD,B016
LE-0000696,ORD-002882,2025-12-29,252.26,USD,B017
LE-0000697,ORD-010426,2025-01-30,55.88,USD,B018
LE-0000698,ORD-006313,2025-09-16,881.69,USD,B019
LE-0000699,ORD-009073,2025-05-15,269.55,USD,B020
LE-0000700,ORD-002268,2025-04-29,48.89,USD,B021
LE-0000701,ORD-006603,2025-03-29,232.89,USD,B022
LE-0000702,ORD-001045,2025-01-21,697.55,USD,B023
LE-0000703,ORD-004462,2025-09-25,785.80,USD,B024
LE-0000704,ORD-010282,2025-09-08,759.91,USD,B025
LE-0000705,ORD-006479,2025-02-23,515.31,USD,B026
LE-0000706,ORD-003526,2025-05-20,351.32,USD,B027
LE-0000707,ORD-005849,2025-09-24,306.81,USD,B028
LE-0000708,ORD-004406,2025-11-13,608.20,USD,B029
LE-0000709,ORD-008682,2025-08-31,579.52,USD,B030
LE-0000710,ORD-008966,2025-04-20,259.06,USD,B031
LE-0000711,ORD-009924,2025-05-27,243.93,USD,B032
LE-0000712,ORD-000238,2025-01-12,842.12,USD,B033
LE-0000713,ORD-004800,2025-01-25,142.68,USD,B034
LE-0000714,ORD-009389,2025-01-19,450.72,USD,B035
LE-0000715,ORD-000890,2025-03-29,509.54,USD,B036
LE-0000716,ORD-005771,2025-05-08,590.08,USD,B037
LE-0000717,ORD-010382,2025-08-18,442.75,USD,B038
LE-0000718,ORD-007859,2025-06-18,52.76,USD,B039
LE-0000719,ORD-003928,2025-11-18,717.42,USD,B040
LE-0000720,ORD-002145,2025-11-12,866.66,USD,B041
LE-0000721,ORD-000901,2025-07-03,804.03,USD,B042
LE-0000722,ORD-000081,2025-04-11,132.41,USD,B043
LE-0000723,ORD-001565,2025-03-11,287.47,USD,B044
LE-0000724,ORD-004671,2025-08-18,577.71,USD,B045
LE-0000725,ORD-010317,2025-09-30,16.18,USD,B046
LE-0000726,ORD-005557,2025-03-08,359.30,USD,B047
LE-0000727,ORD-010930,2025-08-24,92.66,USD,B048
LE-0000728,ORD-009542,2025-02-05,199.85,USD,B049
LE-0000729,ORD-006095,2025-06-03,831.17,USD,B050
LE-0000730,ORD-004843,2025-07-27,327.21,USD,B051
LE-0000731,ORD-006132,2025-08-11,22.43,USD,B052
LE-0000732,ORD-001183,2025-08-01,345.96,USD,B053
LE-0000733,ORD-003094,2025-04-11,233.49,USD,B054
LE-0000734,ORD-002068,2025-12-17,356.29,USD,B055
LE-0000735,ORD-007457,2025-06-29,687.04,USD,B056
LE-0000736,ORD-004738,2025-08-13,334.34,USD,B057
LE-0000737,ORD-000047,2025-09-05,893.00,USD,B058
LE-0000738,ORD-001905,2025-04-15,694.73,USD,B059
LE-0000739,ORD-005211,2025-06-22,574.48,USD,B060
LE-0000740,ORD-010393,2025-02-24,345.14,USD,B061
LE-0000741,ORD-002966,2025-09-24,817.67,USD,B062
LE-0000742,ORD-000001,2025-06-11,551.87,USD,B063
LE-0000743,ORD-005421,2025-12-10,441.02,USD,B064
LE-0000744,ORD-009260,2025-08-02,839.35,USD,B065
LE-0000745,ORD-008358,2025-02-11,541.28,USD,B066
LE-0000746,ORD-003572,2025-08-09,44.83,USD,B067
LE-0000747,ORD-000747,2025-01-25,389.78,USD,B068
LE-0000748,ORD-007790,2025-09-23,860.45,USD,B069
LE-0000749,ORD-001617,2025-12-20,797.30,USD,B070
LE-0000750,ORD-007661,2025-10-13,825.00,USD,B071
LE-0000751,ORD-009968,2025-08-31,672.63,USD,B072
LE-0000752,ORD-004205,2025-08-03,224.52,USD,B073
LE-0000753,ORD-007969,2025-07-16,51.07,USD,B074
LE-0000754,ORD-002404,2025-08-30,478.22,USD,B075
LE-0000755,ORD-008186,2025-05-07,116.35,USD,B076
LE-0000756,ORD-000651,2025-04-20,492.18,USD,B077
LE-0000757,ORD-009544,2025-09-14,346.51,USD,B078
LE-0000758,ORD-001430,2025-04-18,84.08,USD,B079
LE-0000759,ORD-003067,2025-07-09,285.41,USD,B080
LE-0000760,ORD-004355,2025-10-09,305.00,USD,B081
LE-0000761,ORD-003377,2025-08-10,530.12,USD,B082
LE-0000762,ORD-002001,2025-02-26,13.73,USD,B083
LE-0000763,ORD-005475,2025-01-20,398.98,USD,B084
LE-0000764,ORD-003457,2025-02-15,597.92,USD,B085
LE-0000765,ORD-003423,2025-06-10,610.32,USD,B086
LE-0000766,ORD-000894,2025-10-10,503.91,USD,B087
LE-0000767,ORD-011107,2025-05-24,313.13,USD,B088
LE-0000768,ORD-008262,2025-06-20,618.42,USD,B089
LE-0000769,ORD-011855,2025-06-10,416.45,USD,B090
LE-0000770,ORD-002448,2025-02-16,871.63,USD,B091
LE-0000771,ORD-000052,2025-09-21,107.81,USD,B092
LE-0000772,ORD-001992,2025-11-05,346.32,USD,B093
LE-0000773,ORD-003596,2025-12-04,518.48,USD,B094
LE-0000774,ORD-009749,2025-07-18,715.64,USD,B095
LE-0000775,ORD-002123,2025-06-12,881.29,USD,B096
LE-0000776,ORD-009862,2025-09-27,362.86,USD,B000
LE-0000777,ORD-000749,2025-03-23,39.82,USD,B001
LE-0000778,ORD-004294,2025-12-30,37.39,USD,B002
LE-0000779,ORD-003820,2025-04-05,615.00,USD,B003
LE-0000780,ORD-009407,2025-05-08,22.07,USD,B004
LE-0000781,ORD-009547,2025-05-20,138.93,USD,B005
LE-0000782,ORD-004806,2025-01-17,622.67,USD,B006
LE-0000783,ORD-004006,2025-08-07,438.50,USD,B007
LE-0000784,ORD-003930,2025-07-05,795.72,USD,B008
LE-0000785,ORD-007092,2025-01-29,850.98,USD,B009
LE-0000786,ORD-005947,2025-06-21,28.67,USD,B010
LE-0000787,ORD-008760,2025-05-01,410.75,USD,B011
LE-0000788,ORD-011148,2025-07-03,263.25,USD,B012
LE-0000789,ORD-008274,2025-02-01,792.63,USD,B013
LE-0000790,ORD-005776,2025-09-04,282.29,USD,B014
LE-0000791,ORD-005080,2025-10-07,594.99,USD,B015
LE-0000792,ORD-002855,2025-05-04,14.02,USD,B016
LE-0000793,ORD-011450,2025-07-27,603.86,USD,B017
LE-0000794,ORD-010541,2025-09-20,740.38,USD,B018
LE-0000795,ORD-004848,2025-02-22,17.27,USD,B019
LE-0000796,ORD-007168,2025-01-01,256.06,USD,B020
LE-0000797,ORD-006870,2025-07-27,278.46,USD,B021
LE-0000798,ORD-005840,2025-01-07,8.81,USD,B022
LE-0000799,ORD-004105,2025-10-21,191.16,USD,B023
LE-0000800,ORD-009249,2025-02-23,297.81,USD,B024
LE-0000801,ORD-000696,2025-04-25,442.17,USD,B025
LE-0000802,ORD-010021,2025-09-11,453.09,USD,B026
LE-0000803,ORD-010735,2025-01-08,443.18,USD,B027
LE-0000804,ORD-007296,2025-05-15,445.17,USD,B028
LE-0000805,ORD-007913,2025-12-11,327.00,USD,B029
LE-0000806,ORD-000607,2025-02-02,376.05,USD,B030
LE-0000807,ORD-002608,2025-11-04,286.23,USD,B031
LE-0000808,ORD-009185,2025-04-10,408.69,USD,B032
LE-0000809,ORD-001842,2025-12-17,849.00,USD,B033
LE-0000810,ORD-004390,2025-01-23,743.04,USD,B034
LE-0000811,ORD-008166,2025-05-26,482.37,USD,B035
LE-0000812,ORD-003319,2025-05-29,574.38,USD,B036
LE-0000813,ORD-007599,2025-04-12,435.60,USD,B037
LE-0000814,ORD-008600,2025-06-26,50.63,USD,B038
LE-0000815,ORD-000487,2025-10-30,418.09,USD,B039
LE-0000816,ORD-010155,2025-12-16,277.59,USD,B040
LE-0000817,ORD-008128,2025-08-23,333.61,USD,B041
LE-0000818,ORD-010597,2025-06-03,651.28,USD,B042
LE-0000819,ORD-006474,2025-08-21,236.99,USD,B043
LE-0000820,ORD-007556,2025-11-08,888.90,USD,B044
LE-0000821,ORD-003220,2025-06-07,263.00,USD,B045
LE-0000822,ORD-005048,2025-05-17,695.46,USD,B046
LE-0000823,ORD-005073,2025-10-29,661.55,USD,B047
LE-0000824,ORD-001334,2025-08-23,759.94,USD,B048
LE-0000825,ORD-010805,2025-06-30,878.21,USD,B049
LE-0000826,ORD-003182,2025-03-18,705.29,USD,B050
LE-0000827,ORD-004916,2025-08-10,171.03,USD,B051
LE-0000828,ORD-004514,2025-07-15,314.58,USD,B052
LE-0000829,ORD-010342,2025-09-02,88.90,USD,B053
LE-0000830,ORD-008130,2025-07-03,567.60,USD,B054
LE-0000831,ORD-011227,2025-01-06,358.52,USD,B055
LE-0000832,ORD-003576,2025-02-10,460.58,USD,B056
LE-0000833,ORD-007331,2025-02-24,593.00,USD,B057
LE-0000834,ORD-009558,2025-03-01,602.79,USD,B058
LE-0000835,ORD-000419,2025-02-08,887.87,USD,B059
LE-0000836,ORD-000666,2025-07-12,442.38,USD,B060
LE-0000837,ORD-008639,2025-12-02,450.26,USD,B061
LE-0000838,ORD-011480,2025-03-15,506.64,USD,B062
LE-0000839,ORD-001051,2025-09-07,522.34,USD,B063
LE-0000840,ORD-011046,2025-01-20,206.69,USD,B064
LE-0000841,ORD-002489,2025-03-12,518.87,USD,B065
LE-0000842,ORD-007146,2025-12-01,321.81,USD,B066
LE-0000843,ORD-011507,2025-11-20,445.51,USD,B067
LE-0000844,ORD-007230,2025-07-22,810.00,USD,B068
LE-0000845,ORD-007835,2025-03-23,524.62,USD,B069
LE-0000846,ORD-006749,2025-08-19,577.41,USD,B070
LE-0000847,ORD-000740,2025-10-27,749.68,USD,B071
LE-0000848,ORD-006297,2025-06-12,889.31,USD,B072
LE-0000849,ORD-010907,2025-09-17,147.03,USD,B073
LE-0000850,ORD-004480,2025-09-06,156.30,USD,B074
LE-0000851,ORD-001746,2025-11-27,897.36,USD,B075
LE-0000852,ORD-001142,2025-01-28,70.02,USD,B076
LE-0000853,ORD-002169,2025-02-09,215.75,USD,B077
LE-0000854,ORD-007357,2025-10-28,650.46,USD,B078
LE-0000855,ORD-004513,2025-03-30,580.27,USD,B079
LE-0000856,ORD-001206,2025-07-27,898.88,USD,B080
LE-0000857,ORD-006161,2025-06-25,478.60,USD,B081
LE-0000858,ORD-011603,2025-02-02,791.67,USD,B082
LE-0000859,ORD-000942,2025-05-15,699.72,USD,B083
LE-0000860,ORD-010781,2025-08-16,363.34,USD,B084
LE-0000861,ORD-008503,2025-06-20,124.01,USD,B085
LE-0000862,ORD-007783,2025-10-03,100.80,USD,B086
LE-0000863,ORD-011232,2025-03-01,835.00,USD,B087
LE-0000864,ORD-000343,2025-07-17,629.48,USD,B088
LE-0000865,ORD-004084,2025-08-15,93.42,USD,B089
LE-0000866,ORD-010746,2025-05-22,418.18,USD,B090
LE-0000867,ORD-001826,2025-09-22,119.00,USD,B091
LE-0000868,ORD-003608,2025-12-09,379.44,USD,B092
LE-0000869,ORD-007097,2025-07-04,149.78,USD,B093
LE-0000870,ORD-009701,2025-01-31,381.00,USD,B094
LE-0000871,ORD-008392,2025-05-05,700.02,USD,B095
LE-0000872,ORD-001942,2025-04-19,684.09,USD,B096
LE-0000873,ORD-000268,2025-09-22,686.02,USD,B000
LE-0000874,ORD-000139,2025-09-01,861.10,USD,B001
LE-0000875,ORD-011124,2025-05-09,254.80,USD,B002
LE-0000876,ORD-010802,2025-07-31,737.61,USD,B003
LE-0000877,ORD-011166,2025-06-08,283.96,USD,B004
LE-0000878,ORD-007652,2025-10-15,91.17,USD,B005
LE-0000879,ORD-006288,2025-06-29,274.52,USD,B006
LE-0000880,ORD-003510,2025-05-26,549.72,USD,B007
LE-0000881,ORD-000788,2025-01-15,430.29,USD,B008
LE-0000882,ORD-007763,2025-04-03,42.94,USD,B009
LE-0000883,ORD-010423,2025-11-27,720.76,USD,B010
LE-0000884,ORD-001983,2025-10-27,799.65,USD,B011
LE-0000885,ORD-007325,2025-06-21,830.08,USD,B012
LE-0000886,ORD-010875,2025-07-15,651.11,USD,B013
LE-0000887,ORD-008304,2025-09-11,332.74,USD,B014
LE-0000888,ORD-009619,2025-12-16,226.88,USD,B015
LE-0000889,ORD-003441,2025-04-07,203.35,USD,B016
LE-0000890,ORD-001282,2025-10-10,193.89,USD,B017
LE-0000891,ORD-007045,2025-08-09,797.68,USD,B018
LE-0000892,ORD-007845,2025-03-08,658.00,USD,B019
LE-0000893,ORD-007830,2025-05-12,479.31,USD,B020
LE-0000894,ORD-008477,2025-06-07,614.13,USD,B021
LE-0000895,ORD-006905,2025-04-23,635.86,USD,B022
LE-0000896,ORD-001594,2025-03-02,451.20,USD,B023
LE-0000897,ORD-010722,2025-01-05,756.90,USD,B024
LE-0000898,ORD-001044,2025-05-17,403.41,USD,B025
LE-0000899,ORD-011563,2025-04-30,800.96,USD,B026
LE-0000900,ORD-010294,2025-12-24,644.06,USD,B027
LE-0000901,ORD-007234,2025-09-24,223.60,USD,B028
LE-0000902,ORD-010101,2025-10-11,244.48,USD,B029
LE-0000903,ORD-000980,2025-02-09,868.69,USD,B030
LE-0000904,ORD-009222,2025-09-11,665.84,USD,B031
LE-0000905,ORD-001359,2025-03-25,410.19,USD,B032
LE-0000906,ORD-004658,2025-01-16,643.00,USD,B033
LE-0000907,ORD-009250,2025-03-07,423.02,USD,B034
LE-0000908,ORD-010224,2025-11-11,511.53,USD,B035
LE-0000909,ORD-004500,2025-06-26,425.93,USD,B036
LE-0000910,ORD-004726,2025-07-22,330.41,USD,B037
LE-0000911,ORD-002004,2025-05-18,21.43,USD,B038
LE-0000912,ORD-006782,2025-12-28,373.04,USD,B039
LE-0000913,ORD-007819,2025-04-28,607.59,USD,B040
LE-0000914,ORD-005155,2025-10-14,330.20,USD,B041
LE-0000915,ORD-002452,2025-01-04,821.55,USD,B042
LE-0000916,ORD-001357,2025-02-12,127.63,USD,B043
LE-0000917,ORD-006954,2025-06-14,718.27,USD,B044
LE-0000918,ORD-006324,2025-06-22,726.35,USD,B045
LE-0000919,ORD-003003,2025-10-04,628.62,USD,B046
LE-0000920,ORD-000022,2025-10-05,726.63,USD,B047
LE-0000921,ORD-001925,2025-10-13,453.84,USD,B048
LE-0000922,ORD-002049,2025-06-27,194.67,USD,B049
LE-0000923,ORD-003287,2025-01-01,503.83,USD,B050
LE-0000924,ORD-003269,2025-05-30,340.63,USD,B051
LE-0000925,ORD-002762,2025-08-22,682.59,USD,B052
LE-0000926,ORD-008651,2025-05-01,543.67,USD,B053
LE-0000927,ORD-000236,2025-11-11,395.18,USD,B054
LE-0000928,ORD-007793,2025-11-04,534.93,USD,B055
LE-0000929,ORD-002037,2025-04-04,47.01,USD,B056
LE-0000930,ORD-000524,2025-05-26,626.23,USD,B057
LE-0000931,ORD-009948,2025-11-30,623.84,USD,B058
LE-0000932,ORD-009208,2025-07-21,181.30,USD,B059
LE-0000933,ORD-001235,2025-01-17,698.22,USD,B060
LE-0000934,ORD-005658,2025-05-26,316.34,USD,B061
LE-0000935,ORD-000704,2025-04-18,730.00,USD,B062
LE-0000936,ORD-004380,2025-03-07,719.49,USD,B063
LE-0000937,ORD-003908,2025-12-07,653.00,USD,B064
LE-0000938,ORD-006900,2025-05-23,449.68,USD,B065
LE-0000939,ORD-002439,2025-10-12,249.24,USD,B066
LE-0000940,ORD-002456,2025-03-28,486.69,USD,B067
LE-0000941,ORD-003612,2025-12-08,292.30,USD,B068
LE-0000942,ORD-010830,2025-10-13,473.28,USD,B069
LE-0000943,ORD-000129,2025-12-27,350.26,USD,B070
LE-0000944,ORD-005176,2025-07-14,628.18,USD,B071
LE-0000945,ORD-007774,2025-02-07,867.60,USD,B072
LE-0000946,ORD-009460,2025-11-20,405.55,USD,B073
LE-0000947,ORD-000744,2025-01-01,65.03,USD,B074
LE-0000948,ORD-010904,2025-06-25,558.11,USD,B075
LE-0000949,ORD-007560,2025-12-08,84.76,USD,B076
LE-0000950,ORD-005533,2025-10-20,699.61,USD,B077
LE-0000951,ORD-009157,2025-12-30,201.94,USD,B078
LE-0000952,ORD-011061,2025-04-14,48.24,USD,B079
LE-0000953,ORD-004755,2025-07-07,245.36,USD,B080
LE-0000954,ORD-010540,2025-06-10,493.13,USD,B081
LE-0000955,ORD-000260,2025-09-11,432.39,USD,B082
LE-0000956,ORD-004151,2025-07-01,449.18,USD,B083
LE-0000957,ORD-003655,2025-10-03,770.33,USD,B084
LE-0000958,ORD-003889,2025-11-27,12.30,USD,B085
LE-0000959,ORD-010454,2025-01-10,818.91,USD,B086
LE-0000960,ORD-003334,2025-05-25,781.85,USD,B087
LE-0000961,ORD-006596,2025-11-18,452.51,USD,B088
LE-0000962,ORD-006084,2025-04-25,37.90,USD,B089
LE-0000963,ORD-006383,2025-02-22,526.13,USD,B090
LE-0000964,ORD-004083,2025-11-08,444.27,USD,B091
LE-0000965,ORD-009031,2025-06-10,358.99,USD,B092
LE-0000966,ORD-003204,2025-09-01,302.57,USD,B093
LE-0000967,ORD-002571,2025-11-21,690.78,USD,B094
LE-0000968,ORD-004475,2025-05-01,654.01,USD,B095
LE-0000969,ORD-003697,2025-08-21,383.78,USD,B096
LE-0000970,ORD-008712,2025-05-09,160.00,USD,B000
LE-0000971,ORD-010576,2025-06-13,52.26,USD,B001
LE-0000972,ORD-003661,2025-04-08,295.07,USD,B002
LE-0000973,ORD-010425,2025-07-16,528.95,USD,B003
LE-0000974,ORD-002010,2025-01-25,219.99,USD,B004
LE-0000975,ORD-010433,2025-04-25,164.27,USD,B005
LE-0000976,ORD-003303,2025-10-03,728.50,USD,B006
LE-0000977,ORD-009037,2025-01-16,36.57,USD,B007
LE-0000978,ORD-001502,2025-11-07,352.21,USD,B008
LE-0000979,ORD-008031,2025-02-06,227.00,USD,B009
LE-0000980,ORD-000516,2025-04-10,77.77,USD,B010
LE-0000981,ORD-003346,2025-02-27,339.20,USD,B011
LE-0000982,ORD-001479,2025-12-23,754.26,USD,B012
LE-0000983,ORD-007183,2025-12-27,311.38,USD,B013
LE-0000984,ORD-004529,2025-07-21,579.94,USD,B014
LE-0000985,ORD-011452,2025-07-01,866.47,USD,B015
LE-0000986,ORD-001975,2025-12-09,617.68,USD,B016
LE-0000987,ORD-011425,2025-07-04,807.47,USD,B017
LE-0000988,ORD-002850,2025-06-16,568.52,USD,B018
LE-0000989,ORD-001652,2025-09-04,506.99,USD,B019
LE-0000990,ORD-011378,2025-05-04,447.95,USD,B020
LE-0000991,ORD-002392,2025-04-26,622.51,USD,B021
LE-0000992,ORD-004746,2025-11-14,234.06,USD,B022
LE-0000993,ORD-009573,2025-06-24,270.75,USD,B023
LE-0000994,ORD-010199,2025-01-04,603.47,USD,B024
LE-0000995,ORD-005442,2025-06-27,193.14,USD,B025
LE-0000996,ORD-011144,2025-01-13,84.87,USD,B026
LE-0000997,ORD-010062,2025-06-08,892.86,USD,B027
LE-0000998,ORD-006638,2025-11-30,339.01,USD,B028
LE-0000999,ORD-005565,2025-03-16,214.76,USD,B029
LE-0001000,ORD-008624,2025-03-03,346.38,USD,B030
LE-0001001,ORD-000852,2025-09-06,583.74,USD,B031
LE-0001002,ORD-010401,2025-03-13,717.60,USD,B032
LE-0001003,ORD-006110,2025-07-20,674.56,USD,B033
LE-0001004,ORD-003836,2025-01-20,834.24,USD,B034
LE-0001005,ORD-004811,2025-07-07,699.31,USD,B035
LE-0001006,ORD-004421,2025-05-10,415.48,USD,B036
LE-0001007,ORD-011273,2025-07-03,243.10,USD,B037
LE-0001008,ORD-010920,2025-01-30,114.86,USD,B038
LE-0001009,ORD-010569,2025-02-12,228.60,USD,B039
LE-0001010,ORD-000561,2025-06-27,461.89,USD,B040
LE-0001011,ORD-005432,2025-08-12,320.09,USD,B041
LE-0001012,ORD-009861,2025-06-23,171.45,USD,B042
LE-0001013,ORD-005412,2025-08-05,104.82,USD,B043
LE-0001014,ORD-004984,2025-09-07,108.61,USD,B044
LE-0001015,ORD-007526,2025-03-16,34.88,USD,B045
LE-0001016,ORD-007481,2025-01-07,278.04,USD,B046
LE-0001017,ORD-006296,2025-12-31,85.27,USD,B047
LE-0001018,ORD-010013,2025-12-30,244.57,USD,B048
LE-0001019,ORD-008411,2025-02-04,493.90,USD,B049
LE-0001020,ORD-001189,2025-08-29,459.20,USD,B050
LE-0001021,ORD-000594,2025-03-10,476.71,USD,B051
LE-0001022,ORD-011407,2025-09-25,777.70,USD,B052
LE-0001023,ORD-004324,2025-09-28,713.70,USD,B053
LE-0001024,ORD-005192,2025-08-05,546.77,USD,B054
LE-0001025,ORD-006740,2025-09-15,629.92,USD,B055
LE-0001026,ORD-007522,2025-04-05,541.36,USD,B056
LE-0001027,ORD-007439,2025-01-19,386.92,USD,B057
LE-0001028,ORD-010366,2025-04-10,461.66,USD,B058
LE-0001029,ORD-006457,2025-07-29,481.54,USD,B059
LE-0001030,ORD-002536,2025-04-21,91.12,USD,B060
LE-0001031,ORD-001656,2025-11-22,649.93,USD,B061
LE-0001032,ORD-001655,2025-08-04,459.51,USD,B062
LE-0001033,ORD-007077,2025-06-24,377.45,USD,B063
LE-0001034,ORD-004425,2025-09-10,661.33,USD,B064
LE-0001035,ORD-010687,2025-11-09,196.26,USD,B065
LE-0001036,ORD-004121,2025-10-17,346.55,USD,B066
LE-0001037,ORD-011666,2025-09-22,484.61,USD,B067
LE-0001038,ORD-004463,2025-03-01,155.19,USD,B068
LE-0001039,ORD-003972,2025-12-20,290.01,USD,B069
LE-0001040,ORD-002654,2025-11-08,234.07,USD,B070
LE-0001041,ORD-011484,2025-09-10,389.77,USD,B071
LE-0001042,ORD-001172,2025-12-13,525.53,USD,B072
LE-0001043,ORD-004134,2025-05-12,480.00,USD,B073
LE-0001044,ORD-006889,2025-07-19,690.85,USD,B074
LE-0001045,ORD-002246,2025-04-03,8.16,USD,B075
LE-0001046,ORD-007137,2025-07-11,513.47,USD,B076
LE-0001047,ORD-009337,2025-08-07,577.44,USD,B077
LE-0001048,ORD-008723,2025-06-21,235.18,USD,B078
LE-0001049,ORD-006263,2025-11-26,393.74,USD,B079
LE-0001050,ORD-009432,2025-12-22,149.81,USD,B080
LE-0001051,ORD-010250,2025-09-12,133.24,USD,B081
LE-0001052,ORD-007637,2025-10-22,488.63,USD,B082
LE-0001053,ORD-001893,2025-09-25,37.53,USD,B083
LE-0001054,ORD-010470,2025-11-27,185.06,USD,B084
LE-0001055,ORD-004131,2025-08-03,227.52,USD,B085
LE-0001056,ORD-003109,2025-07-19,503.40,USD,B086
LE-0001057,ORD-000871,2025-02-20,180.65,USD,B087
LE-0001058,ORD-004965,2025-12-08,645.62,USD,B088
LE-0001059,ORD-004381,2025-09-07,137.36,USD,B089
LE-0001060,ORD-002541,2025-01-29,622.83,USD,B090
LE-0001061,ORD-008596,2025-02-22,103.71,USD,B091
LE-0001062,ORD-002373,2025-07-23,503.00,USD,B092
LE-0001063,ORD-004138,2025-09-28,133.01,USD,B093
LE-0001064,ORD-003279,2025-09-23,450.24,USD,B094
LE-0001065,ORD-001715,2025-09-12,595.03,USD,B095
LE-0001066,ORD-000264,2025-06-17,457.00,USD,B096
LE-0001067,ORD-011641,2025-08-05,19.06,USD,B000
LE-0001068,ORD-004318,2025-09-01,483.85,USD,B001
LE-0001069,ORD-007596,2025-02-06,345.26,USD,B002
LE-0001070,ORD-000155,2025-12-09,724.69,USD,B003
LE-0001071,ORD-001270,2025-04-10,887.00,USD,B004
LE-0001072,ORD-010237,2025-08-22,197.18,USD,B005
LE-0001073,ORD-003252,2025-11-04,715.59,USD,B006
LE-0001074,ORD-004566,2025-08-15,854.05,USD,B007
LE-0001075,ORD-003200,2025-11-23,750.56,USD,B008
LE-0001076,ORD-009722,2025-03-18,660.78,USD,B009
LE-0001077,ORD-010462,2025-02-03,267.42,USD,B010
LE-0001078,ORD-010140,2025-05-24,81.46,USD,B011
LE-0001079,ORD-004412,2025-05-03,499.48,USD,B012
LE-0001080,ORD-010719,2025-11-13,666.25,USD,B013
LE-0001081,ORD-004009,2025-11-24,59.11,USD,B014
LE-0001082,ORD-010277,2025-12-31,72.77,USD,B015
LE-0001083,ORD-001117,2025-07-02,682.10,USD,B016
LE-0001084,ORD-010742,2025-03-07,331.40,USD,B017
LE-0001085,ORD-005880,2025-08-22,489.16,USD,B018
LE-0001086,ORD-007034,2025-12-03,495.18,USD,B019
LE-0001087,ORD-006703,2025-04-19,390.63,USD,B020
LE-0001088,ORD-004415,2025-08-25,292.16,USD,B021
LE-0001089,ORD-002895,2025-03-12,336.28,USD,B022
LE-0001090,ORD-006118,2025-06-13,241.36,USD,B023
LE-0001091,ORD-010791,2025-02-11,664.75,USD,B024
LE-0001092,ORD-004419,2025-02-26,485.89,USD,B025
LE-0001093,ORD-006041,2025-11-28,872.38,USD,B026
LE-0001094,ORD-001928,2025-06-12,809.82,USD,B027
LE-0001095,ORD-009358,2025-10-19,775.00,USD,B028
LE-0001096,ORD-007711,2025-04-26,485.29,USD,B029
LE-0001097,ORD-003671,2025-08-02,104.71,USD,B030
LE-0001098,ORD-010629,2025-05-23,438.24,USD,B031
LE-0001099,ORD-000389,2025-11-09,90.50,USD,B032
LE-0001100,ORD-005777,2025-03-05,543.75,USD,B033
LE-0001101,ORD-000309,2025-04-18,53.61,USD,B034
LE-0001102,ORD-002131,2025-12-07,547.59,USD,B035
LE-0001103,ORD-007081,2025-03-31,250.14,USD,B036
LE-0001104,ORD-009278,2025-12-28,716.00,USD,B037
LE-0001105,ORD-008466,2025-12-20,286.13,USD,B038
LE-0001106,ORD-008229,2025-12-25,9.45,USD,B039
LE-0001107,ORD-008907,2025-06-21,177.00,USD,B040
LE-0001108,ORD-002088,2025-01-11,223.00,USD,B041
LE-0001109,ORD-001001,2025-05-14,878.83,USD,B042
LE-0001110,ORD-003795,2025-07-13,432.63,USD,B043
LE-0001111,ORD-005227,2025-10-22,33.96,USD,B044
LE-0001112,ORD-007010,2025-12-09,41.78,USD,B045
LE-0001113,ORD-011446,2025-01-09,349.26,USD,B046
LE-0001114,ORD-009199,2025-03-25,407.69,USD,B047
LE-0001115,ORD-010241,2025-10-24,298.21,USD,B048
LE-0001116,ORD-005333,2025-08-15,268.32,USD,B049
LE-0001117,ORD-006060,2025-09-09,632.46,USD,B050
LE-0001118,ORD-004455,2025-03-16,879.93,USD,B051
LE-0001119,ORD-004372,2025-05-28,586.44,USD,B052
LE-0001120,ORD-000386,2025-01-12,579.65,USD,B053
LE-0001121,ORD-003123,2025-07-26,145.92,USD,B054
LE-0001122,ORD-001207,2025-11-20,46.42,USD,B055
LE-0001123,ORD-006350,2025-07-27,656.84,USD,B056
LE-0001124,ORD-010623,2025-09-27,265.24,USD,B057
LE-0001125,ORD-009418,2025-06-30,539.29,USD,B058
LE-0001126,ORD-008815,2025-02-10,868.37,USD,B059
LE-0001127,ORD-004268,2025-12-27,715.15,USD,B060
LE-0001128,ORD-007338,2025-12-29,832.99,USD,B061
LE-0001129,ORD-002985,2025-06-16,888.85,USD,B062
LE-0001130,ORD-007686,2025-05-18,177.78,USD,B063
LE-0001131,ORD-006115,2025-09-28,455.99,USD,B064
LE-0001132,ORD-008332,2025-01-04,79.00,USD,B065
LE-0001133,ORD-005153,2025-04-08,445.77,USD,B066
LE-0001134,ORD-011186,2025-10-20,893.92,USD,B067
LE-0001135,ORD-003438,2025-06-04,452.47,USD,B068
LE-0001136,ORD-001333,2025-02-24,472.79,USD,B069
LE-0001137,ORD-000575,2025-12-11,774.95,USD,B070
LE-0001138,ORD-011506,2025-03-22,731.39,USD,B071
LE-0001139,ORD-004025,2025-07-31,807.17,USD,B072
LE-0001140,ORD-004633,2025-04-10,162.01,USD,B073
LE-0001141,ORD-000932,2025-06-02,271.23,USD,B074
LE-0001142,ORD-004976,2025-11-23,505.86,USD,B075
LE-0001143,ORD-006757,2025-03-21,436.62,USD,B076
LE-0001144,ORD-010352,2025-08-26,701.47,USD,B077
LE-0001145,ORD-011383,2025-04-11,683.47,USD,B078
LE-0001146,ORD-005806,2025-08-24,511.98,USD,B079
LE-0001147,ORD-004101,2025-07-16,356.32,USD,B080
LE-0001148,ORD-003628,2025-06-22,130.04,USD,B081
LE-0001149,ORD-002079,2025-02-22,708.96,USD,B082
LE-0001150,ORD-003983,2025-09-06,787.20,USD,B083
LE-0001151,ORD-010498,2025-08-19,144.05,USD,B084
LE-0001152,ORD-003965,2025-01-18,586.59,USD,B085
LE-0001153,ORD-011628,2025-10-25,489.81,USD,B086
LE-0001154,ORD-010558,2025-08-23,738.58,USD,B087
LE-0001155,ORD-009266,2025-12-15,151.18,USD,B088
LE-0001156,ORD-008038,2025-07-08,345.76,USD,B089
LE-0001157,ORD-007024,2025-02-09,378.28,USD,B090
LE-0001158,ORD-002526,2025-07-18,580.86,USD,B091
LE-0001159,ORD-006308,2025-02-24,579.36,USD,B092
LE-0001160,ORD-010419,2025-07-18,878.71,USD,B093
LE-0001161,ORD-002722,2025-04-02,103.54,USD,B094
LE-0001162,ORD-002419,2025-04-23,302.05,USD,B095
LE-0001163,ORD-011573,2025-04-12,682.81,USD,B096
LE-0001164,ORD-008520,2025-08-27,435.11,USD,B000
LE-0001165,ORD-002384,2025-09-11,165.00,USD,B001
LE-0001166,ORD-005492,2025-11-06,139.52,USD,B002
LE-0001167,ORD-011264,2025-03-08,735.93,USD,B003
LE-0001168,ORD-006352,2025-10-29,31.08,USD,B004
LE-0001169,ORD-008405,2025-06-14,255.09,USD,B005
LE-0001170,ORD-009133,2025-07-09,217.00,USD,B006
LE-0001171,ORD-009331,2025-11-08,96.40,USD,B007
LE-0001172,ORD-000649,2025-08-24,791.92,USD,B008
LE-0001173,ORD-006893,2025-09-12,25.65,USD,B009
LE-0001174,ORD-010165,2025-12-19,819.14,USD,B010
LE-0001175,ORD-003344,2025-01-18,274.43,USD,B011
LE-0001176,ORD-011456,2025-08-03,129.03,USD,B012
LE-0001177,ORD-000818,2025-12-11,858.01,USD,B013
LE-0001178,ORD-000652,2025-04-22,842.59,USD,B014
LE-0001179,ORD-005612,2025-10-17,727.13,USD,B015
LE-0001180,ORD-010445,2025-02-22,800.99,USD,B016
LE-0001181,ORD-007390,2025-11-06,482.51,USD,B017
LE-0001182,ORD-009026,2025-02-08,792.94,USD,B018
LE-0001183,ORD-005210,2025-07-23,476.96,USD,B019
LE-0001184,ORD-008993,2025-11-10,697.27,USD,B020
LE-0001185,ORD-001555,2025-04-23,354.86,USD,B021
LE-0001186,ORD-005170,2025-05-26,437.24,USD,B022
LE-0001187,ORD-005664,2025-06-06,489.71,USD,B023
LE-0001188,ORD-011251,2025-10-28,643.17,USD,B024
LE-0001189,ORD-000795,2025-06-27,761.69,USD,B025
LE-0001190,ORD-000293,2025-02-11,436.58,USD,B026
LE-0001191,ORD-006533,2025-02-21,114.28,USD,B027
LE-0001192,ORD-002712,2025-07-20,322.74,USD,B028
LE-0001193,ORD-009470,2025-07-17,880.37,USD,B029
LE-0001194,ORD-006214,2025-02-12,261.26,USD,B030
LE-0001195,ORD-000568,2025-03-04,493.17,USD,B031
LE-0001196,ORD-005607,2025-08-05,127.10,USD,B032
LE-0001197,ORD-001230,2025-09-29,61.43,USD,B033
LE-0001198,ORD-009187,2025-01-27,882.84,USD,B034
LE-0001199,ORD-007749,2025-09-11,194.75,USD,B035
LE-0001200,ORD-004054,2025-11-01,667.93,USD,B036
LE-0001201,ORD-009639,2025-08-23,69.61,USD,B037
LE-0001202,ORD-011750,2025-11-17,330.94,USD,B038
LE-0001203,ORD-008219,2025-10-05,534.14,USD,B039
LE-0001204,ORD-007006,2025-06-27,444.61,USD,B040
LE-0001205,ORD-005209,2025-12-25,662.03,USD,B041
LE-0001206,ORD-002433,2025-03-19,679.22,USD,B042
LE-0001207,ORD-006764,2025-08-07,863.06,USD,B043
LE-0001208,ORD-003215,2025-08-29,229.56,USD,B044
LE-0001209,ORD-003519,2025-05-17,213.47,USD,B045
LE-0001210,ORD-003035,2025-03-21,117.93,USD,B046
LE-0001211,ORD-005798,2025-01-24,897.57,USD,B047
LE-0001212,ORD-008364,2025-04-18,688.00,USD,B048
LE-0001213,ORD-006599,2025-08-18,403.81,USD,B049
LE-0001214,ORD-000586,2025-08-09,672.76,USD,B050
LE-0001215,ORD-006937,2025-08-26,607.41,USD,B051
LE-0001216,ORD-004370,2025-07-11,623.73,USD,B052
LE-0001217,ORD-002044,2025-09-11,647.50,USD,B053
LE-0001218,ORD-010548,2025-05-03,506.80,USD,B054
LE-0001219,ORD-010387,2025-09-01,13.17,USD,B055
LE-0001220,ORD-004972,2025-09-20,859.87,USD,B056
LE-0001221,ORD-007628,2025-06-03,406.47,USD,B057
LE-0001222,ORD-004948,2025-06-19,631.40,USD,B058
LE-0001223,ORD-003914,2025-07-04,202.17,USD,B059
LE-0001224,ORD-000875,2025-02-19,873.03,USD,B060
LE-0001225,ORD-000638,2025-12-21,8.27,USD,B061
LE-0001226,ORD-001197,2025-05-06,69.27,USD,B062
LE-0001227,ORD-009239,2025-01-23,327.40,USD,B063
LE-0001228,ORD-011749,2025-04-26,865.22,USD,B064
LE-0001229,ORD-005883,2025-03-21,312.03,USD,B065
LE-0001230,ORD-003829,2025-04-22,636.73,USD,B066
LE-0001231,ORD-005132,2025-06-25,301.32,USD,B067
LE-0001232,ORD-004241,2025-01-25,631.61,USD,B068
LE-0001233,ORD-011811,2025-05-11,758.97,USD,B069
LE-0001234,ORD-000072,2025-07-04,306.76,USD,B070
LE-0001235,ORD-002820,2025-10-21,603.57,USD,B071
LE-0001236,ORD-007520,2025-11-12,755.57,USD,B072
LE-0001237,ORD-005586,2025-04-11,173.50,USD,B073
LE-0001238,ORD-004082,2025-01-19,36.00,USD,B074
LE-0001239,ORD-008207,2025-03-05,391.94,USD,B075
LE-0001240,ORD-001796,2025-01-15,344.37,USD,B076
LE-0001241,ORD-009084,2025-02-12,35.95,USD,B077
LE-0001242,ORD-002999,2025-08-16,127.05,USD,B078
LE-0001243,ORD-003529,2025-10-09,141.18,USD,B079
LE-0001244,ORD-011357,2025-08-12,543.98,USD,B080
LE-0001245,ORD-000064,2025-06-25,55.51,USD,B081
LE-0001246,ORD-003248,2025-10-11,245.15,USD,B082
LE-0001247,ORD-001586,2025-02-10,11.46,USD,B083
LE-0001248,ORD-011638,2025-06-23,797.62,USD,B084
LE-0001249,ORD-006187,2025-04-14,471.62,USD,B085
LE-0001250,ORD-010897,2025-10-16,881.15,USD,B086
LE-0001251,ORD-010153,2025-08-26,445.60,USD,B087
LE-0001252,ORD-001497,2025-03-12,769.71,USD,B088
LE-0001253,ORD-001042,2025-04-11,277.08,USD,B089
LE-0001254,ORD-005844,2025-10-04,25.99,USD,B090
LE-0001255,ORD-009319,2025-09-16,174.41,USD,B091
LE-0001256,ORD-002529,2025-01-27,218.71,USD,B092
LE-0001257,ORD-000042,2025-05-30,416.52,USD,B093
LE-0001258,ORD-001861,2025-01-15,827.89,USD,B094
LE-0001259,ORD-001077,2025-04-03,701.89,USD,B095
LE-0001260,ORD-006050,2025-02-26,329.90,USD,B096
LE-0001261,ORD-009574,2025-01-10,430.40,USD,B000
LE-0001262,ORD-005218,2025-11-01,80.30,USD,B001
LE-0001263,ORD-006597,2025-02-04,485.83,USD,B002
LE-0001264,ORD-006417,2025-11-23,837.73,USD,B003
LE-0001265,ORD-005284,2025-03-10,622.13,USD,B004
LE-0001266,ORD-011097,2025-11-27,402.50,USD,B005
LE-0001267,ORD-002047,2025-08-27,176.61,USD,B006
LE-0001268,ORD-002436,2025-08-25,756.58,USD,B007
LE-0001269,ORD-011457,2025-09-15,212.79,USD,B008
LE-0001270,ORD-006576,2025-02-10,495.56,USD,B009
LE-0001271,ORD-004403,2025-05-20,206.57,USD,B010
LE-0001272,ORD-002788,2025-09-03,534.03,USD,B011
LE-0001273,ORD-000582,2025-01-27,727.79,USD,B012
LE-0001274,ORD-000077,2025-07-10,272.58,USD,B013
LE-0001275,ORD-009288,2025-10-17,713.71,USD,B014
LE-0001276,ORD-007580,2025-09-27,69.89,USD,B015
LE-0001277,ORD-006188,2025-12-01,698.34,USD,B016
LE-0001278,ORD-008351,2025-07-12,680.00,USD,B017
LE-0001279,ORD-004458,2025-08-30,106.80,USD,B018
LE-0001280,ORD-010537,2025-01-02,288.28,USD,B019
LE-0001281,ORD-004237,2025-02-24,95.09,USD,B020
LE-0001282,ORD-000603,2025-03-27,155.39,USD,B021
LE-0001283,ORD-009009,2025-05-20,144.95,USD,B022
LE-0001284,ORD-011055,2025-08-13,740.83,USD,B023
LE-0001285,ORD-005964,2025-01-22,554.13,USD,B024
LE-0001286,ORD-011020,2025-10-16,479.63,USD,B025
LE-0001287,ORD-009197,2025-03-28,364.65,USD,B026
LE-0001288,ORD-006159,2025-03-24,576.12,USD,B027
LE-0001289,ORD-001071,2025-03-30,161.61,USD,B028
LE-0001290,ORD-010442,2025-12-28,604.54,USD,B029
LE-0001291,ORD-010570,2025-05-13,805.30,USD,B030
LE-0001292,ORD-006007,2025-02-05,342.53,USD,B031
LE-0001293,ORD-006403,2025-11-15,516.74,USD,B032
LE-0001294,ORD-003478,2025-04-20,200.33,USD,B033
LE-0001295,ORD-000849,2025-11-28,792.81,USD,B034
LE-0001296,ORD-000983,2025-06-10,704.01,USD,B035
LE-0001297,ORD-008037,2025-12-14,726.02,USD,B036
LE-0001298,ORD-002451,2025-07-02,234.85,USD,B037
LE-0001299,ORD-007965,2025-03-09,503.85,USD,B038
LE-0001300,ORD-004043,2025-04-25,375.05,USD,B039
LE-0001301,ORD-003357,2025-11-26,701.11,USD,B040
LE-0001302,ORD-010928,2025-12-21,40.96,USD,B041
LE-0001303,ORD-000719,2025-11-26,794.69,USD,B042
LE-0001304,ORD-010734,2025-12-08,808.64,USD,B043
LE-0001305,ORD-007932,2025-03-14,643.19,USD,B044
LE-0001306,ORD-010832,2025-05-02,364.59,USD,B045
LE-0001307,ORD-010981,2025-06-26,507.99,USD,B046
LE-0001308,ORD-004435,2025-01-10,222.20,USD,B047
LE-0001309,ORD-000345,2025-10-25,798.49,USD,B048
LE-0001310,ORD-001567,2025-07-14,313.63,USD,B049
LE-0001311,ORD-008781,2025-05-04,488.08,USD,B050
LE-0001312,ORD-011778,2025-06-27,745.53,USD,B051
LE-0001313,ORD-004405,2025-03-18,598.05,USD,B052
LE-0001314,ORD-010826,2025-09-05,806.79,USD,B053
LE-0001315,ORD-004474,2025-09-23,801.00,USD,B054
LE-0001316,ORD-000379,2025-01-26,163.00,USD,B055
LE-0001317,ORD-007219,2025-06-24,586.10,USD,B056
LE-0001318,ORD-006998,2025-11-25,606.39,USD,B057
LE-0001319,ORD-006772,2025-07-15,366.00,USD,B058
LE-0001320,ORD-011188,2025-07-18,164.75,USD,B059
LE-0001321,ORD-001659,2025-11-05,810.96,USD,B060
LE-0001322,ORD-011261,2025-01-05,705.92,USD,B061
LE-0001323,ORD-009336,2025-11-19,851.98,USD,B062
LE-0001324,ORD-008139,2025-03-31,596.92,USD,B063
LE-0001325,ORD-008427,2025-09-24,877.83,USD,B064
LE-0001326,ORD-009561,2025-10-12,593.25,USD,B065
LE-0001327,ORD-009704,2025-11-07,68.34,USD,B066
LE-0001328,ORD-001554,2025-08-06,336.06,USD,B067
LE-0001329,ORD-000606,2025-04-23,561.00,USD,B068
LE-0001330,ORD-006969,2025-06-04,536.29,USD,B069
LE-0001331,ORD-010182,2025-12-19,777.15,USD,B070
LE-0001332,ORD-001705,2025-03-13,226.30,USD,B071
LE-0001333,ORD-008750,2025-09-11,471.81,USD,B072
LE-0001334,ORD-010314,2025-04-30,583.29,USD,B073
LE-0001335,ORD-000395,2025-05-04,144.88,USD,B074
LE-0001336,ORD-010040,2025-04-01,609.66,USD,B075
LE-0001337,ORD-011594,2025-05-15,319.03,USD,B076
LE-0001338,ORD-001701,2025-12-09,309.24,USD,B077
LE-0001339,ORD-001368,2025-06-03,89.65,USD,B078
LE-0001340,ORD-011368,2025-08-12,537.81,USD,B079
LE-0001341,ORD-005409,2025-12-05,621.64,USD,B080
LE-0001342,ORD-009841,2025-04-10,439.90,USD,B081
LE-0001343,ORD-004928,2025-02-27,143.15,USD,B082
LE-0001344,ORD-009967,2025-10-25,295.08,USD,B083
LE-0001345,ORD-005109,2025-01-23,874.01,USD,B084
LE-0001346,ORD-000907,2025-10-30,292.56,USD,B085
LE-0001347,ORD-003165,2025-10-15,761.32,USD,B086
LE-0001348,ORD-005172,2025-08-10,727.65,USD,B087
LE-0001349,ORD-009617,2025-06-19,896.42,USD,B088
LE-0001350,ORD-006119,2025-04-15,721.31,USD,B089
LE-0001351,ORD-007849,2025-04-07,370.07,USD,B090
LE-0001352,ORD-000004,2025-09-11,22.97,USD,B091
LE-0001353,ORD-007345,2025-05-08,813.21,USD,B092
LE-0001354,ORD-006127,2025-07-23,622.50,USD,B093
LE-0001355,ORD-010397,2025-03-26,295.35,USD,B094
LE-0001356,ORD-002216,2025-03-14,92.08,USD,B095
LE-0001357,ORD-005277,2025-05-19,404.52,USD,B096
LE-0001358,ORD-000148,2025-06-24,513.03,USD,B000
LE-0001359,ORD-009030,2025-12-19,808.37,USD,B001
LE-0001360,ORD-007543,2025-05-01,765.19,USD,B002
LE-0001361,ORD-004963,2025-08-18,67.07,USD,B003
LE-0001362,ORD-005714,2025-12-29,50.47,USD,B004
LE-0001363,ORD-009304,2025-10-04,37.71,USD,B005
LE-0001364,ORD-003074,2025-01-20,615.45,USD,B006
LE-0001365,ORD-001636,2025-08-01,738.27,USD,B007
LE-0001366,ORD-000657,2025-02-01,753.82,USD,B008
LE-0001367,ORD-011712,2025-07-28,451.41,USD,B009
LE-0001368,ORD-005941,2025-03-21,745.50,USD,B010
LE-0001369,ORD-009785,2025-08-15,389.64,USD,B011
LE-0001370,ORD-008629,2025-06-30,479.68,USD,B012
LE-0001371,ORD-006410,2025-02-08,234.96,USD,B013
LE-0001372,ORD-002625,2025-12-22,174.60,USD,B014
LE-0001373,ORD-004924,2025-05-11,218.52,USD,B015
LE-0001374,ORD-011762,2025-05-08,718.64,USD,B016
LE-0001375,ORD-010517,2025-06-11,602.27,USD,B017
LE-0001376,ORD-007130,2025-02-10,528.66,USD,B018
LE-0001377,ORD-008805,2025-06-29,245.18,USD,B019
LE-0001378,ORD-005037,2025-03-18,242.00,USD,B020
LE-0001379,ORD-011270,2025-09-20,132.00,USD,B021
LE-0001380,ORD-007332,2025-03-08,410.07,USD,B022
LE-0001381,ORD-003973,2025-04-14,539.04,USD,B023
LE-0001382,ORD-009757,2025-08-27,383.72,USD,B024
LE-0001383,ORD-006382,2025-01-12,109.32,USD,B025
LE-0001384,ORD-001740,2025-06-25,348.00,USD,B026
LE-0001385,ORD-009993,2025-04-29,304.98,USD,B027
LE-0001386,ORD-003734,2025-11-30,686.63,USD,B028
LE-0001387,ORD-010335,2025-08-13,146.76,USD,B029
LE-0001388,ORD-002305,2025-10-28,348.27,USD,B030
LE-0001389,ORD-008378,2025-12-31,641.99,USD,B031
LE-0001390,ORD-002078,2025-06-09,110.25,USD,B032
LE-0001391,ORD-001102,2025-05-24,10.02,USD,B033
LE-0001392,ORD-007920,2025-11-23,244.24,USD,B034
LE-0001393,ORD-004048,2025-01-13,830.00,USD,B035
LE-0001394,ORD-006551,2025-11-04,688.18,USD,B036
LE-0001395,ORD-002297,2025-02-12,720.96,USD,B037
LE-0001396,ORD-005467,2025-10-02,642.92,USD,B038
LE-0001397,ORD-003997,2025-05-09,98.69,USD,B039
LE-0001398,ORD-002460,2025-11-24,249.99,USD,B040
LE-0001399,ORD-006778,2025-09-07,304.08,USD,B041
LE-0001400,ORD-010550,2025-09-10,865.21,USD,B042
LE-0001401,ORD-009941,2025-01-31,471.80,USD,B043
LE-0001402,ORD-005780,2025-10-05,542.50,USD,B044
LE-0001403,ORD-010861,2025-03-25,481.06,USD,B045
LE-0001404,ORD-000676,2025-01-21,557.78,USD,B046
LE-0001405,ORD-003567,2025-07-15,643.29,USD,B047
LE-0001406,ORD-009912,2025-07-11,546.30,USD,B048
LE-0001407,ORD-003929,2025-11-24,867.02,USD,B049
LE-0001408,ORD-007744,2025-10-30,546.23,USD,B050
LE-0001409,ORD-001161,2025-07-18,621.78,USD,B051
LE-0001410,ORD-009493,2025-09-25,91.56,USD,B052
LE-0001411,ORD-006891,2025-06-16,189.06,USD,B053
LE-0001412,ORD-010050,2025-09-03,21.09,USD,B054
LE-0001413,ORD-009429,2025-03-08,783.76,USD,B055
LE-0001414,ORD-008604,2025-02-07,223.02,USD,B056
LE-0001415,ORD-009986,2025-12-21,708.00,USD,B057
LE-0001416,ORD-007906,2025-08-31,402.64,USD,B058
LE-0001417,ORD-004974,2025-11-07,607.37,USD,B059
LE-0001418,ORD-004968,2025-10-18,79.22,USD,B060
LE-0001419,ORD-004076,2025-12-14,153.61,USD,B061
LE-0001420,ORD-004292,2025-01-14,557.63,USD,B062
LE-0001421,ORD-009584,2025-06-24,33.39,USD,B063
LE-0001422,ORD-011463,2025-10-14,356.22,USD,B064
LE-0001423,ORD-010807,2025-03-06,851.57,USD,B065
LE-0001424,ORD-001745,2025-07-15,768.61,USD,B066
LE-0001425,ORD-006250,2025-10-12,757.00,USD,B067
LE-0001426,ORD-003320,2025-04-30,125.66,USD,B068
LE-0001427,ORD-000642,2025-12-04,109.28,USD,B069
LE-0001428,ORD-007173,2025-03-01,317.28,USD,B070
LE-0001429,ORD-009315,2025-09-23,857.29,USD,B071
LE-0001430,ORD-003378,2025-07-07,325.00,USD,B072
LE-0001431,ORD-008469,2025-06-28,431.82,USD,B073
LE-0001432,ORD-002772,2025-12-21,879.44,USD,B074
LE-0001433,ORD-011473,2025-05-09,72.80,USD,B075
LE-0001434,ORD-008802,2025-10-21,283.08,USD,B076
LE-0001435,ORD-003455,2025-07-14,340.99,USD,B077
LE-0001436,ORD-006857,2025-03-14,292.24,USD,B078
LE-0001437,ORD-005115,2025-10-14,438.72,USD,B079
LE-0001438,ORD-008855,2025-06-07,643.44,USD,B080
LE-0001439,ORD-009098,2025-04-10,833.52,USD,B081
LE-0001440,ORD-009134,2025-04-27,417.18,USD,B082
LE-0001441,ORD-002754,2025-04-15,267.52,USD,B083
LE-0001442,ORD-008421,2025-01-31,756.01,USD,B084
LE-0001443,ORD-000529,2025-03-14,799.92,USD,B085
LE-0001444,ORD-002255,2025-07-02,830.15,USD,B086
LE-0001445,ORD-003646,2025-11-18,857.55,USD,B087
LE-0001446,ORD-010316,2025-03-01,465.16,USD,B088
LE-0001447,ORD-001871,2025-12-19,562.78,USD,B089
LE-0001448,ORD-006653,2025-10-08,586.11,USD,B090
LE-0001449,ORD-005298,2025-10-04,418.66,USD,B091
LE-0001450,ORD-001469,2025-02-24,503.59,USD,B092
LE-0001451,ORD-001315,2025-03-04,589.94,USD,B093
LE-0001452,ORD-006179,2025-03-20,268.47,USD,B094
LE-0001453,ORD-000937,2025-11-22,763.00,USD,B095
LE-0001454,ORD-006720,2025-05-27,429.78,USD,B096
LE-0001455,ORD-004209,2025-05-26,392.16,USD,B000
LE-0001456,ORD-008403,2025-12-07,551.78,USD,B001
LE-0001457,ORD-004764,2025-07-04,21.72,USD,B002
LE-0001458,ORD-006295,2025-11-16,695.79,USD,B003
LE-0001459,ORD-005888,2025-12-07,892.97,USD,B004
LE-0001460,ORD-006923,2025-06-16,553.92,USD,B005
LE-0001461,ORD-009419,2025-07-14,243.47,USD,B006
LE-0001462,ORD-007942,2025-05-10,492.39,USD,B007
LE-0001463,ORD-003257,2025-11-13,536.25,USD,B008
LE-0001464,ORD-007611,2025-05-08,486.27,USD,B009
LE-0001465,ORD-000949,2025-03-22,501.39,USD,B010
LE-0001466,ORD-000905,2025-05-01,375.18,USD,B011
LE-0001467,ORD-009369,2025-04-04,792.70,USD,B012
LE-0001468,ORD-006934,2025-09-06,390.15,USD,B013
LE-0001469,ORD-006415,2025-04-05,283.00,USD,B014
LE-0001470,ORD-004486,2025-03-01,322.52,USD,B015
LE-0001471,ORD-009458,2025-03-13,125.32,USD,B016
LE-0001472,ORD-009930,2025-01-04,95.27,USD,B017
LE-0001473,ORD-002091,2025-11-01,568.66,USD,B018
LE-0001474,ORD-004311,2025-01-16,318.11,USD,B019
LE-0001475,ORD-002558,2025-08-23,194.85,USD,B020
LE-0001476,ORD-008697,2025-02-27,894.00,USD,B021
LE-0001477,ORD-009425,2025-04-18,770.72,USD,B022
LE-0001478,ORD-005499,2025-04-20,807.71,USD,B023
LE-0001479,ORD-008053,2025-08-16,443.00,USD,B024
LE-0001480,ORD-009678,2025-07-10,428.65,USD,B025
LE-0001481,ORD-007224,2025-06-07,651.74,USD,B026
LE-0001482,ORD-002458,2025-11-19,862.10,USD,B027
LE-0001483,ORD-006745,2025-02-23,371.42,USD,B028
LE-0001484,ORD-001888,2025-10-30,774.36,USD,B029
LE-0001485,ORD-007860,2025-12-05,830.35,USD,B030
LE-0001486,ORD-004814,2025-03-24,18.89,USD,B031
LE-0001487,ORD-004169,2025-06-28,608.44,USD,B032
LE-0001488,ORD-005737,2025-02-23,559.40,USD,B033
LE-0001489,ORD-011064,2025-04-29,266.08,USD,B034
LE-0001490,ORD-004795,2025-05-26,851.15,USD,B035
LE-0001491,ORD-011245,2025-04-19,594.23,USD,B036
LE-0001492,ORD-004079,2025-09-10,736.67,USD,B037
LE-0001493,ORD-010833,2025-04-17,882.00,USD,B038
LE-0001494,ORD-007035,2025-06-05,685.50,USD,B039
LE-0001495,ORD-001166,2025-11-14,686.51,USD,B040
LE-0001496,ORD-010693,2025-11-06,743.87,USD,B041
LE-0001497,ORD-002927,2025-12-07,296.33,USD,B042
LE-0001498,ORD-008710,2025-09-07,164.06,USD,B043
LE-0001499,ORD-011075,2025-10-14,799.12,USD,B044
LE-0001500,ORD-008361,2025-11-23,332.29,USD,B045
LE-0001501,ORD-009974,2025-03-17,744.74,USD,B046
LE-0001502,ORD-000702,2025-02-17,850.53,USD,B047
LE-0001503,ORD-009003,2025-02-05,611.25,USD,B048
LE-0001504,ORD-004724,2025-02-11,731.05,USD,B049
LE-0001505,ORD-006427,2025-10-31,792.48,USD,B050
LE-0001506,ORD-004397,2025-06-11,693.23,USD,B051
LE-0001507,ORD-004817,2025-02-24,95.82,USD,B052
LE-0001508,ORD-001608,2025-09-15,434.35,USD,B053
LE-0001509,ORD-003867,2025-03-23,622.72,USD,B054
LE-0001510,ORD-008917,2025-02-10,320.36,USD,B055
LE-0001511,ORD-008216,2025-05-29,845.00,USD,B056
LE-0001512,ORD-007432,2025-09-11,259.80,USD,B057
LE-0001513,ORD-004454,2025-03-06,698.94,USD,B058
LE-0001514,ORD-005560,2025-06-13,725.01,USD,B059
LE-0001515,ORD-000113,2025-08-07,818.67,USD,B060
LE-0001516,ORD-006859,2025-10-21,785.75,USD,B061
LE-0001517,ORD-009132,2025-11-04,391.16,USD,B062
LE-0001518,ORD-002845,2025-02-28,785.00,USD,B063
LE-0001519,ORD-003754,2025-09-21,359.21,USD,B064
LE-0001520,ORD-001576,2025-10-20,745.65,USD,B065
LE-0001521,ORD-004689,2025-05-18,893.47,USD,B066
LE-0001522,ORD-007577,2025-08-11,16.11,USD,B067
LE-0001523,ORD-002892,2025-05-10,816.90,USD,B068
LE-0001524,ORD-007292,2025-08-18,457.47,USD,B069
LE-0001525,ORD-006284,2025-07-28,121.97,USD,B070
LE-0001526,ORD-010354,2025-11-14,89.46,USD,B071
LE-0001527,ORD-009183,2025-09-08,683.52,USD,B072
LE-0001528,ORD-006534,2025-01-22,252.29,USD,B073
LE-0001529,ORD-004238,2025-03-10,62.32,USD,B074
LE-0001530,ORD-006631,2025-05-11,8.44,USD,B075
LE-0001531,ORD-000567,2025-05-26,515.93,USD,B076
LE-0001532,ORD-001695,2025-07-04,880.02,USD,B077
LE-0001533,ORD-008246,2025-05-12,599.42,USD,B078
LE-0001534,ORD-011610,2025-02-14,321.65,USD,B079
LE-0001535,ORD-009888,2025-11-12,608.38,USD,B080
LE-0001536,ORD-004580,2025-10-17,527.31,USD,B081
LE-0001537,ORD-006032,2025-07-12,718.36,USD,B082
LE-0001538,ORD-006920,2025-05-31,539.62,USD,B083
LE-0001539,ORD-002290,2025-02-18,621.18,USD,B084
LE-0001540,ORD-005966,2025-12-05,431.33,USD,B085
LE-0001541,ORD-007712,2025-12-05,35.81,USD,B086
LE-0001542,ORD-010031,2025-11-08,408.62,USD,B087
LE-0001543,ORD-006398,2025-07-02,807.35,USD,B088
LE-0001544,ORD-011099,2025-05-11,610.90,USD,B089
LE-0001545,ORD-000583,2025-05-11,295.41,USD,B090
LE-0001546,ORD-003670,2025-10-03,662.84,USD,B091
LE-0001547,ORD-006812,2025-09-21,676.82,USD,B092
LE-0001548,ORD-008394,2025-12-23,601.20,USD,B093
LE-0001549,ORD-009280,2025-07-18,226.52,USD,B094
LE-0001550,ORD-009788,2025-08-09,742.10,USD,B095
LE-0001551,ORD-005874,2025-06-02,598.56,USD,B096
LE-0001552,ORD-003329,2025-08-20,71.40,USD,B000
LE-0001553,ORD-000271,2025-02-03,151.83,USD,B001
LE-0001554,ORD-005363,2025-10-07,283.21,USD,B002
LE-0001555,ORD-009449,2025-09-02,772.18,USD,B003
LE-0001556,ORD-006283,2025-11-28,181.46,USD,B004
LE-0001557,ORD-008372,2025-07-05,54.59,USD,B005
LE-0001558,ORD-010083,2025-10-24,689.97,USD,B006
LE-0001559,ORD-001196,2025-03-02,597.44,USD,B007
LE-0001560,ORD-007890,2025-09-13,645.67,USD,B008
LE-0001561,ORD-011430,2025-03-14,349.59,USD,B009
LE-0001562,ORD-003657,2025-06-12,292.54,USD,B010
LE-0001563,ORD-002642,2025-10-04,435.40,USD,B011
LE-0001564,ORD-000726,2025-01-21,493.31,USD,B012
LE-0001565,ORD-005095,2025-01-24,784.79,USD,B013
LE-0001566,ORD-003197,2025-08-03,192.27,USD,B014
LE-0001567,ORD-001660,2025-10-10,274.64,USD,B015
LE-0001568,ORD-007945,2025-06-19,892.82,USD,B016
LE-0001569,ORD-008286,2025-03-13,775.58,USD,B017
LE-0001570,ORD-007795,2025-12-10,314.33,USD,B018
LE-0001571,ORD-007732,2025-05-16,526.82,USD,B019
LE-0001572,ORD-000097,2025-03-12,335.01,USD,B020
LE-0001573,ORD-005274,2025-03-03,366.47,USD,B021
LE-0001574,ORD-002022,2025-10-07,467.35,USD,B022
LE-0001575,ORD-002494,2025-05-25,747.54,USD,B023
LE-0001576,ORD-001977,2025-02-08,515.39,USD,B024
LE-0001577,ORD-000416,2025-01-04,227.63,USD,B025
LE-0001578,ORD-003875,2025-10-14,35.71,USD,B026
LE-0001579,ORD-006092,2025-08-31,758.36,USD,B027
LE-0001580,ORD-004530,2025-06-25,296.58,USD,B028
LE-0001581,ORD-001002,2025-07-10,402.30,USD,B029
LE-0001582,ORD-010245,2025-10-11,808.24,USD,B030
LE-0001583,ORD-002532,2025-04-04,287.19,USD,B031
LE-0001584,ORD-010876,2025-05-05,422.82,USD,B032
LE-0001585,ORD-001124,2025-07-23,501.56,USD,B033
LE-0001586,ORD-011163,2025-01-24,232.34,USD,B034
LE-0001587,ORD-004077,2025-02-04,381.52,USD,B035
LE-0001588,ORD-001996,2025-06-09,584.62,USD,B036
LE-0001589,ORD-011131,2025-05-31,647.87,USD,B037
LE-0001590,ORD-006716,2025-07-28,193.37,USD,B038
LE-0001591,ORD-000317,2025-09-25,526.30,USD,B039
LE-0001592,ORD-006904,2025-11-05,732.27,USD,B040
LE-0001593,ORD-000250,2025-12-19,253.81,USD,B041
LE-0001594,ORD-008876,2025-03-22,551.49,USD,B042
LE-0001595,ORD-005694,2025-05-16,290.75,USD,B043
LE-0001596,ORD-002810,2025-03-16,215.62,USD,B044
LE-0001597,ORD-011699,2025-01-27,236.33,USD,B045
LE-0001598,ORD-009513,2025-04-29,23.00,USD,B046
LE-0001599,ORD-009204,2025-08-31,304.24,USD,B047
LE-0001600,ORD-006693,2025-09-21,516.52,USD,B048
LE-0001601,ORD-004669,2025-04-25,777.40,USD,B049
LE-0001602,ORD-004537,2025-06-06,788.20,USD,B050
LE-0001603,ORD-007587,2025-06-12,62.20,USD,B051
LE-0001604,ORD-003365,2025-03-14,522.19,USD,B052
LE-0001605,ORD-006272,2025-09-13,422.61,USD,B053
LE-0001606,ORD-002055,2025-10-09,93.91,USD,B054
LE-0001607,ORD-004417,2025-04-19,412.09,USD,B055
LE-0001608,ORD-002578,2025-11-26,149.38,USD,B056
LE-0001609,ORD-002332,2025-10-19,808.00,USD,B057
LE-0001610,ORD-011715,2025-12-17,47.71,USD,B058
LE-0001611,ORD-005803,2025-08-08,159.26,USD,B059
LE-0001612,ORD-005802,2025-04-13,473.72,USD,B060
LE-0001613,ORD-008856,2025-03-23,838.81,USD,B061
LE-0001614,ORD-008877,2025-07-14,101.25,USD,B062
LE-0001615,ORD-004140,2025-05-11,735.24,USD,B063
LE-0001616,ORD-005299,2025-03-18,491.06,USD,B064
LE-0001617,ORD-003480,2025-04-01,792.64,USD,B065
LE-0001618,ORD-007778,2025-09-18,865.48,USD,B066
LE-0001619,ORD-006467,2025-08-20,126.87,USD,B067
LE-0001620,ORD-009119,2025-07-20,274.00,USD,B068
LE-0001621,ORD-007003,2025-02-21,560.98,USD,B069
LE-0001622,ORD-002351,2025-01-17,369.73,USD,B070
LE-0001623,ORD-001751,2025-12-28,829.93,USD,B071
LE-0001624,ORD-007094,2025-04-05,383.00,USD,B072
LE-0001625,ORD-009312,2025-11-25,97.01,USD,B073
LE-0001626,ORD-003137,2025-07-03,8.99,USD,B074
LE-0001627,ORD-002742,2025-11-10,501.69,USD,B075
LE-0001628,ORD-010378,2025-05-24,348.97,USD,B076
LE-0001629,ORD-000927,2025-05-22,10.00,USD,B077
LE-0001630,ORD-006958,2025-02-20,831.47,USD,B078
LE-0001631,ORD-003975,2025-04-09,849.32,USD,B079
LE-0001632,ORD-006558,2025-08-18,779.63,USD,B080
LE-0001633,ORD-003483,2025-12-29,894.13,USD,B081
LE-0001634,ORD-007026,2025-07-18,680.78,USD,B082
LE-0001635,ORD-001547,2025-06-08,689.69,USD,B083
LE-0001636,ORD-009376,2025-08-10,135.78,USD,B084
LE-0001637,ORD-000336,2025-05-15,8.63,USD,B085
LE-0001638,ORD-008742,2025-12-20,43.73,USD,B086
LE-0001639,ORD-010882,2025-11-21,833.57,USD,B087
LE-0001640,ORD-000639,2025-02-06,20.99,USD,B088
LE-0001641,ORD-006659,2025-05-07,887.51,USD,B089
LE-0001642,ORD-001721,2025-01-06,306.33,USD,B090
LE-0001643,ORD-007866,2025-01-27,756.18,USD,B091
LE-0001644,ORD-002695,2025-10-06,378.75,USD,B092
LE-0001645,ORD-011347,2025-06-21,841.81,USD,B093
LE-0001646,ORD-011759,2025-02-15,165.88,USD,B094
LE-0001647,ORD-009082,2025-08-04,691.20,USD,B095
LE-0001648,ORD-006875,2025-02-18,845.93,USD,B096
LE-0001649,ORD-009854,2025-01-04,391.60,USD,B000
LE-0001650,ORD-004810,2025-01-29,485.58,USD,B001
LE-0001651,ORD-002799,2025-02-21,384.54,USD,B002
LE-0001652,ORD-000752,2025-10-26,367.90,USD,B003
LE-0001653,ORD-002056,2025-05-25,527.22,USD,B004
LE-0001654,ORD-010654,2025-01-17,861.20,USD,B005
LE-0001655,ORD-011625,2025-09-08,739.39,USD,B006
LE-0001656,ORD-010297,2025-03-16,220.70,USD,B007
LE-0001657,ORD-008057,2025-02-04,760.89,USD,B008
LE-0001658,ORD-009953,2025-03-31,743.05,USD,B009
LE-0001659,ORD-007391,2025-11-27,730.76,USD,B010
LE-0001660,ORD-003642,2025-02-26,898.15,USD,B011
LE-0001661,ORD-001456,2025-08-07,334.25,USD,B012
LE-0001662,ORD-011781,2025-12-04,754.54,USD,B013
LE-0001663,ORD-001052,2025-01-19,257.00,USD,B014
LE-0001664,ORD-007663,2025-05-25,424.91,USD,B015
LE-0001665,ORD-005925,2025-07-25,623.29,USD,B016
LE-0001666,ORD-011074,2025-02-26,60.54,USD,B017
LE-0001667,ORD-000628,2025-07-22,226.58,USD,B018
LE-0001668,ORD-010738,2025-01-03,353.87,USD,B019
LE-0001669,ORD-004320,2025-07-22,247.35,USD,B020
LE-0001670,ORD-007997,2025-04-24,135.74,USD,B021
LE-0001671,ORD-006612,2025-08-05,215.87,USD,B022
LE-0001672,ORD-003310,2025-07-26,418.89,USD,B023
LE-0001673,ORD-011053,2025-04-22,497.96,USD,B024
LE-0001674,ORD-009899,2025-12-31,594.45,USD,B025
LE-0001675,ORD-000650,2025-08-09,326.98,USD,B026
LE-0001676,ORD-007059,2025-01-19,135.30,USD,B027
LE-0001677,ORD-011025,2025-01-16,518.34,USD,B028
LE-0001678,ORD-009163,2025-12-18,205.12,USD,B029
LE-0001679,ORD-003073,2025-06-08,105.62,USD,B030
LE-0001680,ORD-002253,2025-08-04,858.78,USD,B031
LE-0001681,ORD-004215,2025-07-15,852.94,USD,B032
LE-0001682,ORD-001327,2025-08-03,274.55,USD,B033
LE-0001683,ORD-008941,2025-09-01,386.02,USD,B034
LE-0001684,ORD-003711,2025-04-16,70.95,USD,B035
LE-0001685,ORD-003207,2025-11-03,471.18,USD,B036
LE-0001686,ORD-009937,2025-12-13,87.24,USD,B037
LE-0001687,ORD-003835,2025-02-23,318.05,USD,B038
LE-0001688,ORD-005398,2025-09-01,64.70,USD,B039
LE-0001689,ORD-002548,2025-08-08,239.80,USD,B040
LE-0001690,ORD-001139,2025-02-21,631.20,USD,B041
LE-0001691,ORD-009002,2025-09-16,768.63,USD,B042
LE-0001692,ORD-001222,2025-06-22,103.00,USD,B043
LE-0001693,ORD-006624,2025-06-04,620.54,USD,B044
LE-0001694,ORD-002296,2025-09-11,580.46,USD,B045
LE-0001695,ORD-005046,2025-06-13,31.58,USD,B046
LE-0001696,ORD-006575,2025-11-01,52.09,USD,B047
LE-0001697,ORD-006706,2025-03-02,100.18,USD,B048
LE-0001698,ORD-011096,2025-05-26,756.44,USD,B049
LE-0001699,ORD-005295,2025-11-28,155.00,USD,B050
LE-0001700,ORD-001958,2025-04-18,474.20,USD,B051
LE-0001701,ORD-003922,2025-03-06,423.70,USD,B052
LE-0001702,ORD-009976,2025-07-13,863.45,USD,B053
LE-0001703,ORD-009531,2025-01-21,879.17,USD,B054
LE-0001704,ORD-009111,2025-04-15,367.48,USD,B055
LE-0001705,ORD-011725,2025-07-17,892.69,USD,B056
LE-0001706,ORD-001940,2025-04-23,342.63,USD,B057
LE-0001707,ORD-008242,2025-11-28,649.00,USD,B058
LE-0001708,ORD-005236,2025-09-11,478.43,USD,B059
LE-0001709,ORD-007411,2025-11-22,467.19,USD,B060
LE-0001710,ORD-001823,2025-06-17,380.06,USD,B061
LE-0001711,ORD-009211,2025-11-01,304.25,USD,B062
LE-0001712,ORD-009747,2025-03-24,489.80,USD,B063
LE-0001713,ORD-011694,2025-07-27,722.50,USD,B064
LE-0001714,ORD-008997,2025-07-18,549.37,USD,B065
LE-0001715,ORD-005738,2025-12-15,637.59,USD,B066
LE-0001716,ORD-001050,2025-04-07,715.61,USD,B067
LE-0001717,ORD-008370,2025-10-26,528.77,USD,B068
LE-0001718,ORD-009539,2025-09-12,787.28,USD,B069
LE-0001719,ORD-001321,2025-08-11,78.90,USD,B070
LE-0001720,ORD-002884,2025-10-20,12.21,USD,B071
LE-0001721,ORD-003732,2025-06-17,350.90,USD,B072
LE-0001722,ORD-009592,2025-07-17,221.78,USD,B073
LE-0001723,ORD-004895,2025-05-09,627.85,USD,B074
LE-0001724,ORD-005910,2025-02-16,465.85,USD,B075
LE-0001725,ORD-001937,2025-10-07,820.90,USD,B076
LE-0001726,ORD-004855,2025-03-04,646.46,USD,B077
LE-0001727,ORD-003785,2025-01-26,62.47,USD,B078
LE-0001728,ORD-000174,2025-04-10,761.47,USD,B079
LE-0001729,ORD-007517,2025-11-16,607.50,USD,B080
LE-0001730,ORD-008197,2025-06-16,721.55,USD,B081
LE-0001731,ORD-006661,2025-11-20,710.60,USD,B082
LE-0001732,ORD-008512,2025-03-06,144.60,USD,B083
LE-0001733,ORD-002041,2025-05-21,483.63,USD,B084
LE-0001734,ORD-007957,2025-06-05,138.45,USD,B085
LE-0001735,ORD-004561,2025-11-16,722.34,USD,B086
LE-0001736,ORD-009206,2025-05-03,248.19,USD,B087
LE-0001737,ORD-006815,2025-01-07,89.95,USD,B088
LE-0001738,ORD-007496,2025-10-03,592.56,USD,B089
LE-0001739,ORD-002491,2025-04-13,23.77,USD,B090
LE-0001740,ORD-003058,2025-04-02,895.23,USD,B091
LE-0001741,ORD-010507,2025-07-16,211.71,USD,B092
LE-0001742,ORD-002371,2025-10-13,886.78,USD,B093
LE-0001743,ORD-002171,2025-06-20,466.31,USD,B094
LE-0001744,ORD-001637,2025-12-08,114.41,USD,B095
LE-0001745,ORD-004291,2025-09-23,425.85,USD,B096
LE-0001746,ORD-007855,2025-07-11,412.59,USD,B000
LE-0001747,ORD-005824,2025-03-18,528.04,USD,B001
LE-0001748,ORD-001859,2025-07-25,153.63,USD,B002
LE-0001749,ORD-006866,2025-09-28,621.72,USD,B003
LE-0001750,ORD-005527,2025-12-12,658.61,USD,B004
LE-0001751,ORD-007463,2025-09-28,172.03,USD,B005
LE-0001752,ORD-005523,2025-08-21,640.37,USD,B006
LE-0001753,ORD-006233,2025-07-28,497.99,USD,B007
LE-0001754,ORD-002590,2025-10-18,301.49,USD,B008
LE-0001755,ORD-001460,2025-02-15,352.47,USD,B009
LE-0001756,ORD-003793,2025-10-03,624.66,USD,B010
LE-0001757,ORD-009961,2025-05-11,586.27,USD,B011
LE-0001758,ORD-011185,2025-11-15,872.02,USD,B012
LE-0001759,ORD-003527,2025-06-01,97.82,USD,B013
LE-0001760,ORD-001492,2025-02-25,627.46,USD,B014
LE-0001761,ORD-009777,2025-09-21,274.45,USD,B015
LE-0001762,ORD-005867,2025-09-23,97.63,USD,B016
LE-0001763,ORD-000003,2025-01-13,441.56,USD,B017
LE-0001764,ORD-007659,2025-05-15,41.15,USD,B018
LE-0001765,ORD-008553,2025-10-18,112.79,USD,B019
LE-0001766,ORD-011182,2025-07-27,548.98,USD,B020
LE-0001767,ORD-007807,2025-09-14,364.37,USD,B021
LE-0001768,ORD-007019,2025-07-26,404.37,USD,B022
LE-0001769,ORD-000851,2025-11-30,785.67,USD,B023
LE-0001770,ORD-007555,2025-01-23,155.87,USD,B024
LE-0001771,ORD-003602,2025-10-30,308.56,USD,B025
LE-0001772,ORD-011509,2025-05-04,160.95,USD,B026
LE-0001773,ORD-004216,2025-08-17,173.53,USD,B027
LE-0001774,ORD-010983,2025-11-08,694.66,USD,B028
LE-0001775,ORD-011414,2025-01-29,160.75,USD,B029
LE-0001776,ORD-007493,2025-11-15,96.35,USD,B030
LE-0001777,ORD-007327,2025-11-01,408.96,USD,B031
LE-0001778,ORD-007060,2025-03-15,374.05,USD,B032
LE-0001779,ORD-005010,2025-10-12,301.61,USD,B033
LE-0001780,ORD-000069,2025-07-03,511.23,USD,B034
LE-0001781,ORD-002295,2025-10-23,648.11,USD,B035
LE-0001782,ORD-003241,2025-10-06,470.48,USD,B036
LE-0001783,ORD-005156,2025-10-10,216.58,USD,B037
LE-0001784,ORD-009518,2025-06-07,32.02,USD,B038
LE-0001785,ORD-000279,2025-09-05,63.94,USD,B039
LE-0001786,ORD-004508,2025-02-13,490.61,USD,B040
LE-0001787,ORD-000904,2025-05-16,102.50,USD,B041
LE-0001788,ORD-003833,2025-02-17,681.51,USD,B042
LE-0001789,ORD-006468,2025-08-08,50.52,USD,B043
LE-0001790,ORD-004391,2025-02-05,788.06,USD,B044
LE-0001791,ORD-001943,2025-06-26,817.08,USD,B045
LE-0001792,ORD-010925,2025-05-18,487.00,USD,B046
LE-0001793,ORD-001057,2025-07-20,768.47,USD,B047
LE-0001794,ORD-005326,2025-12-03,286.25,USD,B048
LE-0001795,ORD-000776,2025-03-27,453.73,USD,B049
LE-0001796,ORD-010613,2025-07-29,435.09,USD,B050
LE-0001797,ORD-011794,2025-09-16,71.59,USD,B051
LE-0001798,ORD-010337,2025-09-28,25.88,USD,B052
LE-0001799,ORD-008563,2025-02-03,253.14,USD,B053
LE-0001800,ORD-011370,2025-03-06,799.53,USD,B054
LE-0001801,ORD-010647,2025-10-26,887.26,USD,B055
LE-0001802,ORD-006748,2025-05-27,470.12,USD,B056
LE-0001803,ORD-001645,2025-05-20,245.33,USD,B057
LE-0001804,ORD-000143,2025-03-18,517.31,USD,B058
LE-0001805,ORD-010600,2025-11-08,290.80,USD,B059
LE-0001806,ORD-009466,2025-01-17,557.43,USD,B060
LE-0001807,ORD-008763,2025-11-13,554.00,USD,B061
LE-0001808,ORD-004632,2025-07-28,842.90,USD,B062
LE-0001809,ORD-000552,2025-02-05,595.27,USD,B063
LE-0001810,ORD-008064,2025-11-11,540.52,USD,B064
LE-0001811,ORD-008014,2025-10-04,135.21,USD,B065
LE-0001812,ORD-005091,2025-11-09,680.99,USD,B066
LE-0001813,ORD-002531,2025-02-12,752.11,USD,B067
LE-0001814,ORD-003550,2025-11-11,124.91,USD,B068
LE-0001815,ORD-009546,2025-09-27,588.24,USD,B069
LE-0001816,ORD-009292,2025-06-03,751.56,USD,B070
LE-0001817,ORD-002746,2025-08-19,285.55,USD,B071
LE-0001818,ORD-002708,2025-10-26,693.54,USD,B072
LE-0001819,ORD-002235,2025-08-15,169.86,USD,B073
LE-0001820,ORD-009452,2025-08-09,484.84,USD,B074
LE-0001821,ORD-003568,2025-10-08,326.27,USD,B075
LE-0001822,ORD-010468,2025-01-10,348.68,USD,B076
LE-0001823,ORD-003517,2025-11-09,280.56,USD,B077
LE-0001824,ORD-007460,2025-09-05,438.48,USD,B078
LE-0001825,ORD-006787,2025-09-08,810.85,USD,B079
LE-0001826,ORD-011361,2025-09-19,155.16,USD,B080
LE-0001827,ORD-011391,2025-05-27,667.41,USD,B081
LE-0001828,ORD-001668,2025-07-26,518.20,USD,B082
LE-0001829,ORD-007843,2025-11-19,363.56,USD,B083
LE-0001830,ORD-007761,2025-01-05,255.37,USD,B084
LE-0001831,ORD-008518,2025-08-11,714.16,USD,B085
LE-0001832,ORD-002406,2025-01-28,244.55,USD,B086
LE-0001833,ORD-009448,2025-02-20,631.45,USD,B087
LE-0001834,ORD-010996,2025-03-01,855.87,USD,B088
LE-0001835,ORD-005410,2025-02-28,381.08,USD,B089
LE-0001836,ORD-005213,2025-01-28,387.21,USD,B090
LE-0001837,ORD-000298,2025-11-15,378.29,USD,B091
LE-0001838,ORD-009314,2025-07-22,15.03,USD,B092
LE-0001839,ORD-007903,2025-02-16,186.59,USD,B093
LE-0001840,ORD-007895,2025-04-05,596.23,USD,B094
LE-0001841,ORD-010720,2025-04-28,607.25,USD,B095
LE-0001842,ORD-001157,2025-05-31,471.93,USD,B096
LE-0001843,ORD-004827,2025-04-09,81.00,USD,B000
LE-0001844,ORD-003011,2025-04-11,887.77,USD,B001
LE-0001845,ORD-007771,2025-10-06,105.60,USD,B002
LE-0001846,ORD-004872,2025-04-25,359.52,USD,B003
LE-0001847,ORD-003679,2025-08-30,340.76,USD,B004
LE-0001848,ORD-010809,2025-05-22,782.88,USD,B005
LE-0001849,ORD-011424,2025-04-07,152.77,USD,B006
LE-0001850,ORD-000689,2025-04-29,641.90,USD,B007
LE-0001851,ORD-003060,2025-12-08,439.20,USD,B008
LE-0001852,ORD-009072,2025-02-28,679.17,USD,B009
LE-0001853,ORD-001800,2025-04-27,866.31,USD,B010
LE-0001854,ORD-008150,2025-06-24,202.45,USD,B011
LE-0001855,ORD-008151,2025-04-11,238.51,USD,B012
LE-0001856,ORD-007467,2025-11-13,283.66,USD,B013
LE-0001857,ORD-001419,2025-11-23,568.16,USD,B014
LE-0001858,ORD-011179,2025-06-16,419.38,USD,B015
LE-0001859,ORD-006407,2025-01-29,194.64,USD,B016
LE-0001860,ORD-004988,2025-07-31,561.01,USD,B017
LE-0001861,ORD-009167,2025-02-13,696.31,USD,B018
LE-0001862,ORD-002312,2025-10-09,475.27,USD,B019
LE-0001863,ORD-002353,2025-05-08,118.26,USD,B020
LE-0001864,ORD-000011,2025-09-28,579.22,USD,B021
LE-0001865,ORD-003075,2025-10-06,125.62,USD,B022
LE-0001866,ORD-000538,2025-07-12,17.00,USD,B023
LE-0001867,ORD-008632,2025-09-02,377.38,USD,B024
LE-0001868,ORD-006767,2025-08-24,578.91,USD,B025
LE-0001869,ORD-009507,2025-08-25,227.82,USD,B026
LE-0001870,ORD-006186,2025-07-30,13.48,USD,B027
LE-0001871,ORD-008000,2025-02-02,166.89,USD,B028
LE-0001872,ORD-004165,2025-09-27,773.32,USD,B029
LE-0001873,ORD-003779,2025-07-15,758.92,USD,B030
LE-0001874,ORD-003663,2025-10-30,817.85,USD,B031
LE-0001875,ORD-011253,2025-04-15,873.45,USD,B032
LE-0001876,ORD-009743,2025-04-28,431.39,USD,B033
LE-0001877,ORD-001212,2025-05-14,203.60,USD,B034
LE-0001878,ORD-007800,2025-02-11,726.28,USD,B035
LE-0001879,ORD-006707,2025-12-02,268.48,USD,B036
LE-0001880,ORD-003696,2025-10-01,816.07,USD,B037
LE-0001881,ORD-008849,2025-02-25,735.59,USD,B038
LE-0001882,ORD-005258,2025-10-17,95.37,USD,B039
LE-0001883,ORD-006955,2025-08-17,320.86,USD,B040
LE-0001884,ORD-005734,2025-07-13,852.61,USD,B041
LE-0001885,ORD-001225,2025-04-24,112.92,USD,B042
LE-0001886,ORD-011481,2025-03-11,605.38,USD,B043
LE-0001887,ORD-003350,2025-07-06,870.22,USD,B044
LE-0001888,ORD-006424,2025-02-17,511.30,USD,B045
LE-0001889,ORD-001933,2025-12-17,523.11,USD,B046
LE-0001890,ORD-008549,2025-11-16,130.90,USD,B047
LE-0001891,ORD-008937,2025-12-07,357.19,USD,B048
LE-0001892,ORD-001818,2025-05-20,882.67,USD,B049
LE-0001893,ORD-003118,2025-02-13,715.81,USD,B050
LE-0001894,ORD-002280,2025-09-27,808.94,USD,B051
LE-0001895,ORD-004896,2025-06-10,592.83,USD,B052
LE-0001896,ORD-002805,2025-02-03,773.03,USD,B053
LE-0001897,ORD-000974,2025-01-09,772.54,USD,B054
LE-0001898,ORD-009229,2025-12-24,504.00,USD,B055
LE-0001899,ORD-010526,2025-01-11,222.72,USD,B056
LE-0001900,ORD-009276,2025-11-04,220.81,USD,B057
LE-0001901,ORD-001274,2025-06-04,490.20,USD,B058
LE-0001902,ORD-011012,2025-09-29,614.00,USD,B059
LE-0001903,ORD-008195,2025-04-26,531.68,USD,B060
LE-0001904,ORD-008323,2025-07-24,460.37,USD,B061
LE-0001905,ORD-008476,2025-02-04,425.66,USD,B062
LE-0001906,ORD-008004,2025-10-17,767.31,USD,B063
LE-0001907,ORD-001724,2025-07-14,7.63,USD,B064
LE-0001908,ORD-008319,2025-12-16,768.20,USD,B065
LE-0001909,ORD-004857,2025-05-22,14.81,USD,B066
LE-0001910,ORD-004565,2025-07-02,66.37,USD,B067
LE-0001911,ORD-010675,2025-06-09,418.83,USD,B068
LE-0001912,ORD-007877,2025-02-19,721.68,USD,B069
LE-0001913,ORD-000082,2025-04-24,694.61,USD,B070
LE-0001914,ORD-004540,2025-02-19,6.81,USD,B071
LE-0001915,ORD-011604,2025-07-12,369.61,USD,B072
LE-0001916,ORD-008101,2025-04-29,619.67,USD,B073
LE-0001917,ORD-006883,2025-09-13,622.07,USD,B074
LE-0001918,ORD-010796,2025-11-24,209.66,USD,B075
LE-0001919,ORD-000684,2025-10-14,544.19,USD,B076
LE-0001920,ORD-004427,2025-12-11,876.05,USD,B077
LE-0001921,ORD-007794,2025-10-08,377.77,USD,B078
LE-0001922,ORD-006452,2025-11-26,844.52,USD,B079
LE-0001923,ORD-006515,2025-10-30,255.30,USD,B080
LE-0001924,ORD-004087,2025-05-30,291.68,USD,B081
LE-0001925,ORD-006389,2025-03-20,865.45,USD,B082
LE-0001926,ORD-009277,2025-01-02,521.88,USD,B083
LE-0001927,ORD-000225,2025-11-06,808.74,USD,B084
LE-0001928,ORD-005761,2025-09-19,29.28,USD,B085
LE-0001929,ORD-000094,2025-10-02,572.27,USD,B086
LE-0001930,ORD-007303,2025-08-06,897.00,USD,B087
LE-0001931,ORD-002035,2025-02-28,825.17,USD,B088
LE-0001932,ORD-010942,2025-08-29,351.55,USD,B089
LE-0001933,ORD-006175,2025-12-19,229.57,USD,B090
LE-0001934,ORD-009923,2025-06-17,668.58,USD,B091
LE-0001935,ORD-008833,2025-05-24,853.04,USD,B092
LE-0001936,ORD-001949,2025-03-25,861.27,USD,B093
LE-0001937,ORD-007747,2025-01-08,209.45,USD,B094
LE-0001938,ORD-010901,2025-01-07,371.11,USD,B095
LE-0001939,ORD-006865,2025-11-25,673.87,USD,B096
LE-0001940,ORD-008790,2025-03-12,490.44,USD,B000
LE-0001941,ORD-009552,2025-06-06,762.85,USD,B001
LE-0001942,ORD-001209,2025-01-04,827.86,USD,B002
LE-0001943,ORD-006077,2025-06-07,101.49,USD,B003
LE-0001944,ORD-004967,2025-10-28,168.90,USD,B004
LE-0001945,ORD-011566,2025-09-25,212.54,USD,B005
LE-0001946,ORD-005335,2025-03-13,140.80,USD,B006
LE-0001947,ORD-000790,2025-04-02,305.13,USD,B007
LE-0001948,ORD-005286,2025-07-18,566.60,USD,B008
LE-0001949,ORD-007914,2025-05-01,546.57,USD,B009
LE-0001950,ORD-004611,2025-07-28,222.27,USD,B010
LE-0001951,ORD-007959,2025-03-29,472.25,USD,B011
LE-0001952,ORD-005927,2025-03-30,21.50,USD,B012
LE-0001953,ORD-000769,2025-12-29,173.52,USD,B013
LE-0001954,ORD-009626,2025-04-25,400.50,USD,B014
LE-0001955,ORD-010392,2025-04-03,657.74,USD,B015
LE-0001956,ORD-004408,2025-06-10,582.86,USD,B016
LE-0001957,ORD-010836,2025-07-20,554.97,USD,B017
LE-0001958,ORD-000637,2025-06-20,226.17,USD,B018
LE-0001959,ORD-002766,2025-11-23,71.07,USD,B019
LE-0001960,ORD-007263,2025-02-07,261.87,USD,B020
LE-0001961,ORD-006604,2025-07-13,404.41,USD,B021
LE-0001962,ORD-010890,2025-11-29,590.86,USD,B022
LE-0001963,ORD-009690,2025-05-31,373.26,USD,B023
LE-0001964,ORD-000622,2025-01-22,713.44,USD,B024
LE-0001965,ORD-003389,2025-07-02,684.26,USD,B025
LE-0001966,ORD-009663,2025-12-15,566.11,USD,B026
LE-0001967,ORD-010867,2025-01-29,385.96,USD,B027
LE-0001968,ORD-001450,2025-03-25,491.36,USD,B028
LE-0001969,ORD-005186,2025-01-28,139.00,USD,B029
LE-0001970,ORD-008215,2025-08-06,731.97,USD,B030
LE-0001971,ORD-007527,2025-06-17,224.00,USD,B031
LE-0001972,ORD-007069,2025-06-28,62.01,USD,B032
LE-0001973,ORD-006197,2025-02-24,412.76,USD,B033
LE-0001974,ORD-008619,2025-09-07,448.05,USD,B034
LE-0001975,ORD-002085,2025-03-13,423.27,USD,B035
LE-0001976,ORD-009928,2025-07-27,685.26,USD,B036
LE-0001977,ORD-001347,2025-07-21,849.96,USD,B037
LE-0001978,ORD-001401,2025-10-21,199.98,USD,B038
LE-0001979,ORD-007538,2025-01-09,768.92,USD,B039
LE-0001980,ORD-002786,2025-12-24,131.46,USD,B040
LE-0001981,ORD-004674,2025-06-01,126.90,USD,B041
LE-0001982,ORD-007881,2025-11-26,822.12,USD,B042
LE-0001983,ORD-011521,2025-03-05,710.94,USD,B043
LE-0001984,ORD-000633,2025-12-26,578.94,USD,B044
LE-0001985,ORD-005120,2025-03-10,89.42,USD,B045
LE-0001986,ORD-006473,2025-09-15,382.14,USD,B046
LE-0001987,ORD-010612,2025-10-22,563.83,USD,B047
LE-0001988,ORD-002322,2025-01-18,104.23,USD,B048
LE-0001989,ORD-009404,2025-04-20,17.00,USD,B049
LE-0001990,ORD-008925,2025-08-02,213.49,USD,B050
LE-0001991,ORD-003099,2025-11-20,234.72,USD,B051
LE-0001992,ORD-005690,2025-06-03,628.84,USD,B052
LE-0001993,ORD-010994,2025-05-27,859.76,USD,B053
LE-0001994,ORD-001106,2025-07-09,252.41,USD,B054
LE-0001995,ORD-002512,2025-11-18,506.13,USD,B055
LE-0001996,ORD-005249,2025-03-22,177.88,USD,B056
LE-0001997,ORD-005105,2025-03-15,395.42,USD,B057
LE-0001998,ORD-000287,2025-03-20,668.62,USD,B058
LE-0001999,ORD-008493,2025-07-24,776.27,USD,B059
LE-0002000,ORD-006840,2025-05-21,604.31,USD,B060
LE-0002001,ORD-002135,2025-01-06,685.67,USD,B061
LE-0002002,ORD-010884,2025-08-11,410.71,USD,B062
LE-0002003,ORD-001644,2025-02-09,453.64,USD,B063
LE-0002004,ORD-006927,2025-12-17,427.03,USD,B064
LE-0002005,ORD-003979,2025-01-05,671.89,USD,B065
LE-0002006,ORD-011008,2025-10-12,860.47,USD,B066
LE-0002007,ORD-002291,2025-12-14,140.09,USD,B067
LE-0002008,ORD-004308,2025-01-10,403.74,USD,B068
LE-0002009,ORD-002249,2025-03-07,514.78,USD,B069
LE-0002010,ORD-008970,2025-12-11,838.07,USD,B070
LE-0002011,ORD-002400,2025-01-21,90.48,USD,B071
LE-0002012,ORD-000591,2025-12-27,240.66,USD,B072
LE-0002013,ORD-011708,2025-12-22,98.73,USD,B073
LE-0002014,ORD-007043,2025-06-05,363.23,USD,B074
LE-0002015,ORD-003337,2025-01-02,324.84,USD,B075
LE-0002016,ORD-004903,2025-02-11,232.30,USD,B076
LE-0002017,ORD-002630,2025-09-10,599.33,USD,B077
LE-0002018,ORD-000220,2025-08-06,272.33,USD,B078
LE-0002019,ORD-009194,2025-07-08,892.97,USD,B079
LE-0002020,ORD-007841,2025-07-10,867.42,USD,B080
LE-0002021,ORD-000398,2025-12-19,354.25,USD,B081
LE-0002022,ORD-006895,2025-04-02,592.31,USD,B082
LE-0002023,ORD-009596,2025-06-05,513.20,USD,B083
LE-0002024,ORD-009344,2025-05-29,878.65,USD,B084
LE-0002025,ORD-007301,2025-04-27,44.54,USD,B085
LE-0002026,ORD-011342,2025-10-09,737.71,USD,B086
LE-0002027,ORD-010159,2025-04-18,811.95,USD,B087
LE-0002028,ORD-009443,2025-01-18,375.00,USD,B088
LE-0002029,ORD-002333,2025-07-03,579.85,USD,B089
LE-0002030,ORD-008588,2025-11-26,305.65,USD,B090
LE-0002031,ORD-002674,2025-11-23,77.63,USD,B091
LE-0002032,ORD-004027,2025-03-05,358.49,USD,B092
LE-0002033,ORD-009097,2025-11-19,498.81,USD,B093
LE-0002034,ORD-006620,2025-08-06,190.31,USD,B094
LE-0002035,ORD-005686,2025-11-16,566.39,USD,B095
LE-0002036,ORD-004853,2025-04-04,291.21,USD,B096
LE-0002037,ORD-001254,2025-02-11,417.23,USD,B000
LE-0002038,ORD-008113,2025-01-01,48.76,USD,B001
LE-0002039,ORD-007404,2025-12-08,723.12,USD,B002
LE-0002040,ORD-002639,2025-10-28,64.00,USD,B003
LE-0002041,ORD-000977,2025-11-25,712.81,USD,B004
LE-0002042,ORD-002599,2025-12-06,66.63,USD,B005
LE-0002043,ORD-010048,2025-11-28,892.37,USD,B006
LE-0002044,ORD-003630,2025-02-15,502.96,USD,B007
LE-0002045,ORD-005387,2025-09-05,732.26,USD,B008
LE-0002046,ORD-002682,2025-07-24,511.58,USD,B009
LE-0002047,ORD-008521,2025-07-14,317.61,USD,B010
LE-0002048,ORD-011278,2025-09-04,897.69,USD,B011
LE-0002049,ORD-002795,2025-08-23,809.58,USD,B012
LE-0002050,ORD-011815,2025-07-17,91.34,USD,B013
LE-0002051,ORD-009217,2025-12-24,451.20,USD,B014
LE-0002052,ORD-002483,2025-04-18,86.74,USD,B015
LE-0002053,ORD-006319,2025-03-10,106.23,USD,B016
LE-0002054,ORD-003591,2025-11-14,499.98,USD,B017
LE-0002055,ORD-006791,2025-05-23,488.56,USD,B018
LE-0002056,ORD-009497,2025-09-30,607.07,USD,B019
LE-0002057,ORD-009457,2025-04-20,264.54,USD,B020
LE-0002058,ORD-003830,2025-03-07,10.91,USD,B021
LE-0002059,ORD-000445,2025-05-28,304.71,USD,B022
LE-0002060,ORD-007207,2025-08-11,627.07,USD,B023
LE-0002061,ORD-006251,2025-05-14,779.00,USD,B024
LE-0002062,ORD-006065,2025-11-14,437.06,USD,B025
LE-0002063,ORD-007337,2025-12-20,118.37,USD,B026
LE-0002064,ORD-002360,2025-01-10,200.06,USD,B027
LE-0002065,ORD-007909,2025-11-04,483.04,USD,B028
LE-0002066,ORD-005270,2025-11-24,361.48,USD,B029
LE-0002067,ORD-006752,2025-09-27,544.58,USD,B030
LE-0002068,ORD-003954,2025-10-31,570.28,USD,B031
LE-0002069,ORD-008407,2025-04-24,267.27,USD,B032
LE-0002070,ORD-009159,2025-03-13,25.91,USD,B033
LE-0002071,ORD-004323,2025-07-30,129.15,USD,B034
LE-0002072,ORD-000156,2025-08-23,869.70,USD,B035
LE-0002073,ORD-002090,2025-02-09,434.47,USD,B036
LE-0002074,ORD-010931,2025-10-17,614.29,USD,B037
LE-0002075,ORD-010440,2025-07-16,438.34,USD,B038
LE-0002076,ORD-002945,2025-04-26,759.45,USD,B039
LE-0002077,ORD-002878,2025-05-03,768.11,USD,B040
LE-0002078,ORD-004891,2025-06-18,821.88,USD,B041
LE-0002079,ORD-002791,2025-10-28,830.69,USD,B042
LE-0002080,ORD-006076,2025-07-14,352.60,USD,B043
LE-0002081,ORD-004646,2025-09-02,819.06,USD,B044
LE-0002082,ORD-001686,2025-11-26,698.25,USD,B045
LE-0002083,ORD-010698,2025-07-17,472.43,USD,B046
LE-0002084,ORD-011279,2025-04-12,807.27,USD,B047
LE-0002085,ORD-004876,2025-08-31,730.84,USD,B048
LE-0002086,ORD-011548,2025-08-16,592.84,USD,B049
LE-0002087,ORD-001079,2025-03-09,526.88,USD,B050
LE-0002088,ORD-003815,2025-05-16,59.53,USD,B051
LE-0002089,ORD-000946,2025-02-24,283.92,USD,B052
LE-0002090,ORD-005801,2025-02-23,551.38,USD,B053
LE-0002091,ORD-010380,2025-08-23,631.55,USD,B054
LE-0002092,ORD-004297,2025-10-24,431.63,USD,B055
LE-0002093,ORD-011747,2025-02-08,408.82,USD,B056
LE-0002094,ORD-002689,2025-05-31,274.91,USD,B057
LE-0002095,ORD-011150,2025-04-14,763.43,USD,B058
LE-0002096,ORD-011157,2025-01-21,358.00,USD,B059
LE-0002097,ORD-001514,2025-01-05,322.07,USD,B060
LE-0002098,ORD-005868,2025-05-24,48.86,USD,B061
LE-0002099,ORD-011713,2025-03-14,255.37,USD,B062
LE-0002100,ORD-006091,2025-07-24,868.85,USD,B063
LE-0002101,ORD-009579,2025-11-16,66.76,USD,B064
LE-0002102,ORD-009430,2025-04-07,404.46,USD,B065
LE-0002103,ORD-010229,2025-10-04,447.98,USD,B066
LE-0002104,ORD-011559,2025-05-27,460.56,USD,B067
LE-0002105,ORD-001791,2025-06-24,51.92,USD,B068
LE-0002106,ORD-008489,2025-12-30,222.89,USD,B069
LE-0002107,ORD-005592,2025-06-26,734.01,USD,B070
LE-0002108,ORD-008628,2025-11-29,158.03,USD,B071
LE-0002109,ORD-002655,2025-05-10,857.25,USD,B072
LE-0002110,ORD-009399,2025-05-22,272.54,USD,B073
LE-0002111,ORD-002092,2025-07-08,483.00,USD,B074
LE-0002112,ORD-007776,2025-11-10,452.22,USD,B075
LE-0002113,ORD-005703,2025-09-28,390.78,USD,B076
LE-0002114,ORD-001638,2025-07-14,361.33,USD,B077
LE-0002115,ORD-001585,2025-07-20,637.24,USD,B078
LE-0002116,ORD-010225,2025-12-22,276.59,USD,B079
LE-0002117,ORD-001649,2025-10-22,456.33,USD,B080
LE-0002118,ORD-002454,2025-09-27,605.70,USD,B081
LE-0002119,ORD-005731,2025-09-18,242.00,USD,B082
LE-0002120,ORD-005766,2025-12-22,131.18,USD,B083
LE-0002121,ORD-004832,2025-05-25,431.42,USD,B084
LE-0002122,ORD-003552,2025-02-18,182.56,USD,B085
LE-0002123,ORD-006844,2025-02-06,305.17,USD,B086
LE-0002124,ORD-008309,2025-10-15,342.01,USD,B087
LE-0002125,ORD-008269,2025-08-11,390.95,USD,B088
LE-0002126,ORD-006571,2025-06-22,457.58,USD,B089
LE-0002127,ORD-005496,2025-09-24,181.25,USD,B090
LE-0002128,ORD-004208,2025-10-16,707.32,USD,B091
LE-0002129,ORD-000917,2025-11-14,379.88,USD,B092
LE-0002130,ORD-000255,2025-02-11,658.83,USD,B093
LE-0002131,ORD-006271,2025-02-17,744.43,USD,B094
LE-0002132,ORD-006899,2025-08-31,557.82,USD,B095
LE-0002133,ORD-010395,2025-06-16,602.10,USD,B096
LE-0002134,ORD-008029,2025-01-11,772.29,USD,B000
LE-0002135,ORD-005890,2025-04-13,217.92,USD,B001
LE-0002136,ORD-002667,2025-11-10,113.69,USD,B002
LE-0002137,ORD-003525,2025-07-18,95.34,USD,B003
LE-0002138,ORD-005093,2025-01-06,54.49,USD,B004
LE-0002139,ORD-000249,2025-01-14,272.18,USD,B005
LE-0002140,ORD-006863,2025-01-23,512.07,USD,B006
LE-0002141,ORD-004821,2025-10-11,355.53,USD,B007
LE-0002142,ORD-005074,2025-01-27,230.06,USD,B008
LE-0002143,ORD-006606,2025-12-28,717.70,USD,B009
LE-0002144,ORD-010557,2025-06-30,418.35,USD,B010
LE-0002145,ORD-002061,2025-04-07,180.12,USD,B011
LE-0002146,ORD-000485,2025-02-01,326.97,USD,B012
LE-0002147,ORD-002597,2025-04-08,778.91,USD,B013
LE-0002148,ORD-000742,2025-03-05,278.74,USD,B014
LE-0002149,ORD-002977,2025-05-30,378.55,USD,B015
LE-0002150,ORD-009435,2025-12-22,418.00,USD,B016
LE-0002151,ORD-000478,2025-01-16,405.81,USD,B017
LE-0002152,ORD-007751,2025-07-02,122.78,USD,B018
LE-0002153,ORD-005518,2025-10-02,95.33,USD,B019
LE-0002154,ORD-004598,2025-05-08,121.92,USD,B020
LE-0002155,ORD-009296,2025-08-07,433.16,USD,B021
LE-0002156,ORD-000750,2025-06-03,23.18,USD,B022
LE-0002157,ORD-001018,2025-05-02,510.13,USD,B023
LE-0002158,ORD-009007,2025-04-30,402.37,USD,B024
LE-0002159,ORD-001138,2025-10-28,716.77,USD,B025
LE-0002160,ORD-002572,2025-12-11,778.68,USD,B026
LE-0002161,ORD-002640,2025-08-09,656.60,USD,B027
LE-0002162,ORD-001661,2025-05-26,645.35,USD,B028
LE-0002163,ORD-004909,2025-10-26,730.49,USD,B029
LE-0002164,ORD-000895,2025-05-06,253.68,USD,B030
LE-0002165,ORD-009658,2025-05-05,462.18,USD,B031
LE-0002166,ORD-003496,2025-07-12,192.44,USD,B032
LE-0002167,ORD-009791,2025-08-15,261.00,USD,B033
LE-0002168,ORD-011645,2025-11-17,578.43,USD,B034
LE-0002169,ORD-007027,2025-05-04,286.32,USD,B035
LE-0002170,ORD-000828,2025-10-31,459.66,USD,B036
LE-0002171,ORD-001014,2025-02-03,143.58,USD,B037
LE-0002172,ORD-009677,2025-04-06,397.04,USD,B038
LE-0002173,ORD-003019,2025-03-24,52.80,USD,B039
LE-0002174,ORD-008343,2025-09-01,607.11,USD,B040
LE-0002175,ORD-000115,2025-03-29,365.04,USD,B041
LE-0002176,ORD-010233,2025-08-26,279.93,USD,B042
LE-0002177,ORD-004941,2025-11-03,659.97,USD,B043
LE-0002178,ORD-004516,2025-09-05,134.32,USD,B044
LE-0002179,ORD-011511,2025-11-04,179.93,USD,B045
LE-0002180,ORD-005059,2025-05-06,115.40,USD,B046
LE-0002181,ORD-005620,2025-01-08,794.84,USD,B047
LE-0002182,ORD-006137,2025-08-06,659.69,USD,B048
LE-0002183,ORD-011031,2025-03-07,497.85,USD,B049
LE-0002184,ORD-000725,2025-12-09,631.65,USD,B050
LE-0002185,ORD-002211,2025-02-14,184.54,USD,B051
LE-0002186,ORD-007753,2025-05-30,442.97,USD,B052
LE-0002187,ORD-009863,2025-09-05,604.10,USD,B053
LE-0002188,ORD-009802,2025-08-04,640.78,USD,B054
LE-0002189,ORD-004112,2025-08-24,115.86,USD,B055
LE-0002190,ORD-009243,2025-08-16,608.99,USD,B056
LE-0002191,ORD-009834,2025-07-11,616.66,USD,B057
LE-0002192,ORD-002183,2025-05-10,525.59,USD,B058
LE-0002193,ORD-011029,2025-03-06,447.81,USD,B059
LE-0002194,ORD-010681,2025-01-01,230.33,USD,B060
LE-0002195,ORD-005246,2025-05-18,684.93,USD,B061
LE-0002196,ORD-010778,2025-06-26,751.21,USD,B062
LE-0002197,ORD-006142,2025-11-17,816.55,USD,B063
LE-0002198,ORD-005112,2025-03-27,579.61,USD,B064
LE-0002199,ORD-003214,2025-01-22,336.71,USD,B065
LE-0002200,ORD-002947,2025-02-28,460.40,USD,B066
LE-0002201,ORD-002188,2025-01-28,502.13,USD,B067
LE-0002202,ORD-002487,2025-07-15,156.04,USD,B068
LE-0002203,ORD-009019,2025-04-29,247.16,USD,B069
LE-0002204,ORD-007867,2025-12-27,485.17,USD,B070
LE-0002205,ORD-004571,2025-03-28,39.76,USD,B071
LE-0002206,ORD-007870,2025-07-15,578.00,USD,B072
LE-0002207,ORD-010334,2025-11-02,489.93,USD,B073
LE-0002208,ORD-006262,2025-11-17,414.41,USD,B074
LE-0002209,ORD-009378,2025-07-10,812.20,USD,B075
LE-0002210,ORD-010710,2025-06-28,67.17,USD,B076
LE-0002211,ORD-008957,2025-06-28,828.03,USD,B077
LE-0002212,ORD-004249,2025-12-06,123.37,USD,B078
LE-0002213,ORD-004797,2025-12-22,868.85,USD,B079
LE-0002214,ORD-000459,2025-10-16,514.34,USD,B080
LE-0002215,ORD-009310,2025-12-30,658.65,USD,B081
LE-0002216,ORD-005973,2025-08-07,822.53,USD,B082
LE-0002217,ORD-004024,2025-09-11,231.05,USD,B083
LE-0002218,ORD-004858,2025-02-20,492.74,USD,B084
LE-0002219,ORD-004016,2025-05-13,415.45,USD,B085
LE-0002220,ORD-004385,2025-02-12,548.32,USD,B086
LE-0002221,ORD-005487,2025-08-02,898.19,USD,B087
LE-0002222,ORD-000017,2025-01-28,38.15,USD,B088
LE-0002223,ORD-009053,2025-08-16,181.28,USD,B089
LE-0002224,ORD-007760,2025-04-02,89.92,USD,B090
LE-0002225,ORD-009983,2025-10-27,331.32,USD,B091
LE-0002226,ORD-003077,2025-12-23,522.09,USD,B092
LE-0002227,ORD-011231,2025-07-16,266.50,USD,B093
LE-0002228,ORD-000986,2025-04-20,50.59,USD,B094
LE-0002229,ORD-000530,2025-01-12,351.41,USD,B095
LE-0002230,ORD-007428,2025-05-05,280.87,USD,B096
LE-0002231,ORD-003902,2025-08-25,622.56,USD,B000
LE-0002232,ORD-003821,2025-03-29,733.52,USD,B001
LE-0002233,ORD-009489,2025-11-01,637.70,USD,B002
LE-0002234,ORD-004389,2025-09-28,732.50,USD,B003
LE-0002235,ORD-003403,2025-10-06,565.92,USD,B004
LE-0002236,ORD-004867,2025-02-03,21.37,USD,B005
LE-0002237,ORD-007792,2025-05-11,824.63,USD,B006
LE-0002238,ORD-002653,2025-09-21,507.37,USD,B007
LE-0002239,ORD-006862,2025-10-02,344.15,USD,B008
LE-0002240,ORD-004167,2025-02-12,432.13,USD,B009
LE-0002241,ORD-003428,2025-06-07,486.98,USD,B010
LE-0002242,ORD-004429,2025-09-24,441.77,USD,B011
LE-0002243,ORD-008127,2025-04-22,174.29,USD,B012
LE-0002244,ORD-011748,2025-10-21,548.06,USD,B013
LE-0002245,ORD-004284,2025-03-20,16.03,USD,B014
LE-0002246,ORD-010045,2025-04-27,435.91,USD,B015
LE-0002247,ORD-001501,2025-07-18,750.30,USD,B016
LE-0002248,ORD-000110,2025-01-14,500.24,USD,B017
LE-0002249,ORD-001004,2025-04-24,246.08,USD,B018
LE-0002250,ORD-003236,2025-03-19,499.46,USD,B019
LE-0002251,ORD-011701,2025-02-14,294.41,USD,B020
LE-0002252,ORD-009807,2025-08-01,560.53,USD,B021
LE-0002253,ORD-011388,2025-10-23,432.14,USD,B022
LE-0002254,ORD-011379,2025-05-12,285.79,USD,B023
LE-0002255,ORD-009685,2025-01-18,266.16,USD,B024
LE-0002256,ORD-001720,2025-09-19,148.46,USD,B025
LE-0002257,ORD-003107,2025-07-25,561.54,USD,B026
LE-0002258,ORD-000739,2025-08-14,271.83,USD,B027
LE-0002259,ORD-003064,2025-09-09,147.00,USD,B028
LE-0002260,ORD-005695,2025-06-02,35.07,USD,B029
LE-0002261,ORD-001509,2025-09-18,810.31,USD,B030
LE-0002262,ORD-004262,2025-07-08,120.19,USD,B031
LE-0002263,ORD-001595,2025-03-01,246.04,USD,B032
LE-0002264,ORD-003982,2025-03-04,101.57,USD,B033
LE-0002265,ORD-002825,2025-05-26,75.40,USD,B034
LE-0002266,ORD-000146,2025-10-27,259.78,USD,B035
LE-0002267,ORD-002680,2025-07-18,456.13,USD,B036
LE-0002268,ORD-009809,2025-08-01,811.03,USD,B037
LE-0002269,ORD-010318,2025-03-13,446.31,USD,B038
LE-0002270,ORD-009291,2025-02-15,657.74,USD,B039
LE-0002271,ORD-006299,2025-01-13,508.95,USD,B040
LE-0002272,ORD-006338,2025-04-09,202.91,USD,B041
LE-0002273,ORD-001482,2025-05-24,570.91,USD,B042
LE-0002274,ORD-010779,2025-01-12,486.91,USD,B043
LE-0002275,ORD-009521,2025-01-24,350.23,USD,B044
LE-0002276,ORD-001683,2025-02-19,445.03,USD,B045
LE-0002277,ORD-005152,2025-05-27,110.54,USD,B046
LE-0002278,ORD-006451,2025-11-21,433.60,USD,B047
LE-0002279,ORD-005967,2025-01-03,379.66,USD,B048
LE-0002280,ORD-009662,2025-08-27,760.89,USD,B049
LE-0002281,ORD-004166,2025-07-10,624.42,USD,B050
LE-0002282,ORD-006099,2025-11-10,418.02,USD,B051
LE-0002283,ORD-003603,2025-11-25,46.18,USD,B052
LE-0002284,ORD-003575,2025-08-12,847.59,USD,B053
LE-0002285,ORD-002286,2025-11-29,754.21,USD,B054
LE-0002286,ORD-010444,2025-10-26,335.87,USD,B055
LE-0002287,ORD-004937,2025-07-30,121.14,USD,B056
LE-0002288,ORD-010903,2025-06-22,325.60,USD,B057
LE-0002289,ORD-007882,2025-06-20,894.48,USD,B058
LE-0002290,ORD-008387,2025-02-15,753.34,USD,B059
LE-0002291,ORD-003188,2025-02-14,323.76,USD,B060
LE-0002292,ORD-005953,2025-06-15,710.04,USD,B061
LE-0002293,ORD-008535,2025-08-31,776.82,USD,B062
LE-0002294,ORD-005018,2025-05-30,482.40,USD,B063
LE-0002295,ORD-006141,2025-07-22,225.78,USD,B064
LE-0002296,ORD-002117,2025-08-31,72.84,USD,B065
LE-0002297,ORD-002840,2025-07-27,18.31,USD,B066
LE-0002298,ORD-011135,2025-07-06,49.49,USD,B067
LE-0002299,ORD-004583,2025-05-24,292.66,USD,B068
LE-0002300,ORD-008418,2025-11-30,832.00,USD,B069
LE-0002301,ORD-010429,2025-11-28,537.58,USD,B070
LE-0002302,ORD-008597,2025-12-03,68.27,USD,B071
LE-0002303,ORD-001173,2025-11-22,40.27,USD,B072
LE-0002304,ORD-009712,2025-08-24,90.57,USD,B073
LE-0002305,ORD-000900,2025-12-28,408.15,USD,B074
LE-0002306,ORD-004774,2025-05-05,559.98,USD,B075
LE-0002307,ORD-001980,2025-11-28,833.94,USD,B076
LE-0002308,ORD-002767,2025-10-12,438.48,USD,B077
LE-0002309,ORD-010939,2025-11-22,529.86,USD,B078
LE-0002310,ORD-007671,2025-04-09,6.95,USD,B079
LE-0002311,ORD-000427,2025-09-23,876.16,USD,B080
LE-0002312,ORD-003469,2025-05-11,109.00,USD,B081
LE-0002313,ORD-005086,2025-08-27,587.13,USD,B082
LE-0002314,ORD-010879,2025-03-06,843.09,USD,B083
LE-0002315,ORD-010003,2025-06-01,363.59,USD,B084
LE-0002316,ORD-011632,2025-07-21,757.76,USD,B085
LE-0002317,ORD-002980,2025-05-07,51.17,USD,B086
LE-0002318,ORD-004892,2025-05-08,481.19,USD,B087
LE-0002319,ORD-006100,2025-03-31,315.00,USD,B088
LE-0002320,ORD-009265,2025-08-12,398.00,USD,B089
LE-0002321,ORD-007443,2025-05-04,676.43,USD,B090
LE-0002322,ORD-001500,2025-07-09,324.45,USD,B091
LE-0002323,ORD-008056,2025-01-06,446.49,USD,B092
LE-0002324,ORD-001351,2025-12-01,731.47,USD,B093
LE-0002325,ORD-003192,2025-01-04,245.62,USD,B094
LE-0002326,ORD-006724,2025-08-25,410.46,USD,B095
LE-0002327,ORD-005978,2025-01-24,782.75,USD,B096
LE-0002328,ORD-009734,2025-09-07,224.00,USD,B000
LE-0002329,ORD-004099,2025-12-23,258.45,USD,B001
LE-0002330,ORD-011732,2025-06-07,592.14,USD,B002
LE-0002331,ORD-009150,2025-07-19,775.64,USD,B003
LE-0002332,ORD-004547,2025-05-12,439.14,USD,B004
LE-0002333,ORD-002300,2025-06-28,214.96,USD,B005
LE-0002334,ORD-010821,2025-03-21,535.42,USD,B006
LE-0002335,ORD-002325,2025-03-30,605.85,USD,B007
LE-0002336,ORD-006820,2025-08-26,402.65,USD,B008
LE-0002337,ORD-000617,2025-08-05,393.89,USD,B009
LE-0002338,ORD-011018,2025-07-18,269.23,USD,B010
LE-0002339,ORD-002209,2025-12-26,220.88,USD,B011
LE-0002340,ORD-011607,2025-06-16,238.79,USD,B012
LE-0002341,ORD-011102,2025-05-20,68.68,USD,B013
LE-0002342,ORD-009131,2025-04-13,27.93,USD,B014
LE-0002343,ORD-003808,2025-10-01,253.91,USD,B015
LE-0002344,ORD-009910,2025-12-09,502.01,USD,B016
LE-0002345,ORD-006145,2025-02-27,301.06,USD,B017
LE-0002346,ORD-010936,2025-02-15,571.33,USD,B018
LE-0002347,ORD-005831,2025-01-12,440.03,USD,B019
LE-0002348,ORD-000020,2025-02-24,590.22,USD,B020
LE-0002349,ORD-008985,2025-11-23,280.73,USD,B021
LE-0002350,ORD-011687,2025-04-20,176.66,USD,B022
LE-0002351,ORD-002140,2025-05-06,820.65,USD,B023
LE-0002352,ORD-011420,2025-09-19,815.38,USD,B024
LE-0002353,ORD-000205,2025-08-05,772.28,USD,B025
LE-0002354,ORD-007320,2025-07-21,899.72,USD,B026
LE-0002355,ORD-001312,2025-09-11,189.20,USD,B027
LE-0002356,ORD-000531,2025-03-14,785.90,USD,B028
LE-0002357,ORD-006316,2025-01-01,515.12,USD,B029
LE-0002358,ORD-005750,2025-10-27,92.79,USD,B030
LE-0002359,ORD-002757,2025-04-11,602.98,USD,B031
LE-0002360,ORD-004182,2025-01-27,174.80,USD,B032
LE-0002361,ORD-008176,2025-08-11,854.82,USD,B033
LE-0002362,ORD-008794,2025-01-08,700.37,USD,B034
LE-0002363,ORD-004742,2025-12-06,168.51,USD,B035
LE-0002364,ORD-010275,2025-01-26,378.57,USD,B036
LE-0002365,ORD-005395,2025-12-12,887.23,USD,B037
LE-0002366,ORD-003583,2025-05-13,41.43,USD,B038
LE-0002367,ORD-005611,2025-02-01,141.84,USD,B039
LE-0002368,ORD-003610,2025-12-27,590.39,USD,B040
LE-0002369,ORD-008063,2025-04-09,548.42,USD,B041
LE-0002370,ORD-008724,2025-01-06,763.99,USD,B042
LE-0002371,ORD-007153,2025-03-26,770.03,USD,B043
LE-0002372,ORD-004729,2025-02-21,47.13,USD,B044
LE-0002373,ORD-006950,2025-06-24,885.00,USD,B045
LE-0002374,ORD-011447,2025-11-02,194.17,USD,B046
LE-0002375,ORD-010248,2025-03-21,538.12,USD,B047
LE-0002376,ORD-008912,2025-09-19,668.03,USD,B048
LE-0002377,ORD-000899,2025-11-29,249.86,USD,B049
LE-0002378,ORD-008715,2025-12-22,616.97,USD,B050
LE-0002379,ORD-000090,2025-11-04,121.86,USD,B051
LE-0002380,ORD-003030,2025-04-05,491.72,USD,B052
LE-0002381,ORD-002347,2025-10-06,213.49,USD,B053
LE-0002382,ORD-007062,2025-07-06,706.15,USD,B054
LE-0002383,ORD-007418,2025-06-14,456.76,USD,B055
LE-0002384,ORD-000667,2025-01-04,832.93,USD,B056
LE-0002385,ORD-004796,2025-12-10,618.19,USD,B057
LE-0002386,ORD-008078,2025-02-02,549.19,USD,B058
LE-0002387,ORD-000480,2025-07-14,261.17,USD,B059
LE-0002388,ORD-002031,2025-05-12,744.19,USD,B060
LE-0002389,ORD-009689,2025-08-16,131.41,USD,B061
LE-0002390,ORD-010020,2025-12-14,377.23,USD,B062
LE-0002391,ORD-010019,2025-01-11,860.55,USD,B063
LE-0002392,ORD-008801,2025-06-16,869.43,USD,B064
LE-0002393,ORD-003180,2025-04-09,282.72,USD,B065
LE-0002394,ORD-008821,2025-04-30,558.74,USD,B066
LE-0002395,ORD-004050,2025-02-05,59.37,USD,B067
LE-0002396,ORD-000954,2025-12-02,287.38,USD,B068
LE-0002397,ORD-000300,2025-10-26,670.12,USD,B069
LE-0002398,ORD-003690,2025-11-27,797.86,USD,B070
LE-0002399,ORD-011089,2025-04-10,306.05,USD,B071
LE-0002400,ORD-005666,2025-03-02,16.10,USD,B072
LE-0002401,ORD-003822,2025-05-05,285.64,USD,B073
LE-0002402,ORD-010598,2025-06-04,231.74,USD,B074
LE-0002403,ORD-005035,2025-04-19,145.27,USD,B075
LE-0002404,ORD-005082,2025-04-25,687.57,USD,B076
LE-0002405,ORD-007804,2025-11-10,496.63,USD,B077
LE-0002406,ORD-006960,2025-06-22,15.43,USD,B078
LE-0002407,ORD-004347,2025-08-05,754.17,USD,B079
LE-0002408,ORD-007880,2025-09-04,388.29,USD,B080
LE-0002409,ORD-008073,2025-01-20,468.06,USD,B081
LE-0002410,ORD-004739,2025-02-18,787.80,USD,B082
LE-0002411,ORD-004145,2025-10-01,483.90,USD,B083
LE-0002412,ORD-007697,2025-11-27,880.84,USD,B084
LE-0002413,ORD-010142,2025-05-05,597.39,USD,B085
LE-0002414,ORD-010853,2025-10-23,196.92,USD,B086
LE-0002415,ORD-005749,2025-05-18,607.84,USD,B087
LE-0002416,ORD-006046,2025-11-01,141.22,USD,B088
LE-0002417,ORD-008123,2025-01-18,792.73,USD,B089
LE-0002418,ORD-011690,2025-01-30,391.19,USD,B090
LE-0002419,ORD-008234,2025-12-18,322.35,USD,B091
LE-0002420,ORD-008485,2025-06-15,93.63,USD,B092
LE-0002421,ORD-007392,2025-12-12,12.56,USD,B093
LE-0002422,ORD-001542,2025-03-18,102.85,USD,B094
LE-0002423,ORD-006113,2025-03-15,238.52,USD,B095
LE-0002424,ORD-007377,2025-03-16,584.32,USD,B096
LE-0002425,ORD-008737,2025-04-18,422.26,USD,B000
LE-0002426,ORD-000062,2025-07-09,669.01,USD,B001
LE-0002427,ORD-004788,2025-09-05,660.20,USD,B002
LE-0002428,ORD-007782,2025-08-10,44.40,USD,B003
LE-0002429,ORD-000306,2025-01-22,714.43,USD,B004
LE-0002430,ORD-003361,2025-11-28,405.17,USD,B005
LE-0002431,ORD-009517,2025-10-07,122.48,USD,B006
LE-0002432,ORD-000708,2025-04-10,256.49,USD,B007
LE-0002433,ORD-001470,2025-11-04,218.35,USD,B008
LE-0002434,ORD-006498,2025-03-05,284.19,USD,B009
LE-0002435,ORD-011331,2025-01-18,788.07,USD,B010
LE-0002436,ORD-007590,2025-09-22,83.00,USD,B011
LE-0002437,ORD-008880,2025-04-27,209.80,USD,B012
LE-0002438,ORD-004563,2025-12-14,119.83,USD,B013
LE-0002439,ORD-000644,2025-06-10,477.54,USD,B014
LE-0002440,ORD-000495,2025-12-03,327.13,USD,B015
LE-0002441,ORD-009025,2025-12-20,759.23,USD,B016
LE-0002442,ORD-007825,2025-04-15,490.56,USD,B017
LE-0002443,ORD-009020,2025-12-15,208.40,USD,B018
LE-0002444,ORD-009868,2025-10-17,333.11,USD,B019
LE-0002445,ORD-004259,2025-05-16,319.85,USD,B020
LE-0002446,ORD-009403,2025-06-02,157.38,USD,B021
LE-0002447,ORD-001993,2025-09-22,667.46,USD,B022
LE-0002448,ORD-000157,2025-06-27,193.00,USD,B023
LE-0002449,ORD-009833,2025-11-23,367.77,USD,B024
LE-0002450,ORD-006981,2025-07-11,643.95,USD,B025
LE-0002451,ORD-010571,2025-11-16,585.12,USD,B026
LE-0002452,ORD-011121,2025-12-16,391.33,USD,B027
LE-0002453,ORD-006152,2025-07-20,449.12,USD,B028
LE-0002454,ORD-010574,2025-08-01,25.34,USD,B029
LE-0002455,ORD-010381,2025-04-09,530.44,USD,B030
LE-0002456,ORD-004732,2025-08-16,634.33,USD,B031
LE-0002457,ORD-004743,2025-01-13,170.78,USD,B032
LE-0002458,ORD-005043,2025-10-31,762.74,USD,B033
LE-0002459,ORD-005670,2025-09-20,333.38,USD,B034
LE-0002460,ORD-000727,2025-10-29,388.74,USD,B035
LE-0002461,ORD-005205,2025-12-18,172.47,USD,B036
LE-0002462,ORD-001101,2025-10-27,436.49,USD,B037
LE-0002463,ORD-003477,2025-06-10,173.02,USD,B038
LE-0002464,ORD-009413,2025-01-08,306.52,USD,B039
LE-0002465,ORD-010750,2025-08-05,552.12,USD,B040
LE-0002466,ORD-011851,2025-08-12,444.12,USD,B041
LE-0002467,ORD-002703,2025-12-11,188.90,USD,B042
LE-0002468,ORD-009506,2025-08-10,180.86,USD,B043
LE-0002469,ORD-004748,2025-05-03,582.96,USD,B044
LE-0002470,ORD-010505,2025-04-17,708.20,USD,B045
LE-0002471,ORD-010602,2025-08-29,72.00,USD,B046
LE-0002472,ORD-005897,2025-05-15,695.77,USD,B047
LE-0002473,ORD-007852,2025-08-19,676.32,USD,B048
LE-0002474,ORD-007769,2025-10-20,807.38,USD,B049
LE-0002475,ORD-008081,2025-05-09,405.80,USD,B050
LE-0002476,ORD-003949,2025-09-27,122.97,USD,B051
LE-0002477,ORD-011502,2025-07-23,548.26,USD,B052
LE-0002478,ORD-006423,2025-03-12,41.42,USD,B053
LE-0002479,ORD-005366,2025-11-28,599.39,USD,B054
LE-0002480,ORD-007602,2025-07-22,89.41,USD,B055
LE-0002481,ORD-002274,2025-05-06,19.00,USD,B056
LE-0002482,ORD-005311,2025-08-16,270.07,USD,B057
LE-0002483,ORD-000863,2025-01-18,876.48,USD,B058
LE-0002484,ORD-011554,2025-06-20,25.34,USD,B059
LE-0002485,ORD-000850,2025-02-24,777.10,USD,B060
LE-0002486,ORD-005197,2025-04-16,824.00,USD,B061
LE-0002487,ORD-000663,2025-01-20,275.80,USD,B062
LE-0002488,ORD-002421,2025-02-19,225.52,USD,B063
LE-0002489,ORD-011004,2025-07-14,899.36,USD,B064
LE-0002490,ORD-009085,2025-10-22,620.19,USD,B065
LE-0002491,ORD-010266,2025-11-05,398.73,USD,B066
LE-0002492,ORD-004442,2025-07-11,269.46,USD,B067
LE-0002493,ORD-000503,2025-03-07,170.49,USD,B068
LE-0002494,ORD-000593,2025-04-05,198.20,USD,B069
LE-0002495,ORD-011394,2025-04-15,839.13,USD,B070
LE-0002496,ORD-008036,2025-05-11,187.06,USD,B071
LE-0002497,ORD-007465,2025-06-11,247.56,USD,B072
LE-0002498,ORD-008451,2025-06-28,853.25,USD,B073
LE-0002499,ORD-002628,2025-11-07,213.30,USD,B074
LE-0002500,ORD-010752,2025-07-01,760.76,USD,B075
LE-0002501,ORD-003742,2025-10-02,461.14,USD,B076
LE-0002502,ORD-007118,2025-06-01,878.55,USD,B077
LE-0002503,ORD-009812,2025-10-03,809.87,USD,B078
LE-0002504,ORD-009140,2025-02-20,688.96,USD,B079
LE-0002505,ORD-010828,2025-10-12,481.75,USD,B080
LE-0002506,ORD-004404,2025-01-22,276.80,USD,B081
LE-0002507,ORD-007719,2025-03-16,284.13,USD,B082
LE-0002508,ORD-009548,2025-12-06,406.56,USD,B083
LE-0002509,ORD-005640,2025-07-23,236.75,USD,B084
LE-0002510,ORD-005490,2025-09-08,432.98,USD,B085
LE-0002511,ORD-009634,2025-03-03,819.60,USD,B086
LE-0002512,ORD-001056,2025-06-29,758.76,USD,B087
LE-0002513,ORD-003556,2025-11-22,105.16,USD,B088
LE-0002514,ORD-011703,2025-05-23,210.08,USD,B089
LE-0002515,ORD-007706,2025-11-08,414.09,USD,B090
LE-0002516,ORD-005067,2025-07-29,214.42,USD,B091
LE-0002517,ORD-008157,2025-10-07,37.71,USD,B092
LE-0002518,ORD-005429,2025-10-11,372.31,USD,B093
LE-0002519,ORD-005622,2025-06-14,730.08,USD,B094
LE-0002520,ORD-003792,2025-04-07,418.45,USD,B095
LE-0002521,ORD-004934,2025-12-13,139.59,USD,B096
LE-0002522,ORD-009739,2025-07-18,555.76,USD,B000
LE-0002523,ORD-007785,2025-09-23,200.14,USD,B001
LE-0002524,ORD-005004,2025-01-23,645.11,USD,B002
LE-0002525,ORD-002285,2025-05-11,957.03,USD,B003
LE-0002526,ORD-002000,2025-01-01,641.63,USD,B004
LE-0002527,ORD-000892,2025-07-17,503.17,USD,B005
LE-0002528,ORD-008808,2025-10-31,852.57,USD,B006
LE-0002529,ORD-000039,2025-05-26,603.93,USD,B007
LE-0002530,ORD-005634,2025-08-26,172.00,USD,B008
LE-0002531,ORD-007911,2025-03-02,838.95,USD,B009
LE-0002532,ORD-001048,2025-04-19,635.42,USD,B010
LE-0002533,ORD-010107,2025-02-07,748.26,USD,B011
LE-0002534,ORD-000328,2025-05-16,410.96,USD,B012
LE-0002535,ORD-007594,2025-02-04,585.00,USD,B013
LE-0002536,ORD-000217,2025-03-26,174.98,USD,B014
LE-0002537,ORD-007343,2025-10-10,58.54,USD,B015
LE-0002538,ORD-010340,2025-05-12,750.98,USD,B016
LE-0002539,ORD-000351,2025-05-19,717.25,USD,B017
LE-0002540,ORD-006006,2025-04-14,711.10,USD,B018
LE-0002541,ORD-005225,2025-08-20,721.65,USD,B019
LE-0002542,ORD-010494,2025-04-08,380.99,USD,B020
LE-0002543,ORD-000359,2025-10-26,609.39,USD,B021
LE-0002544,ORD-008784,2025-09-25,295.24,USD,B022
LE-0002545,ORD-007430,2025-08-10,595.37,USD,B023
LE-0002546,ORD-009347,2025-06-06,531.61,USD,B024
LE-0002547,ORD-006075,2025-12-03,181.33,USD,B025
LE-0002548,ORD-008310,2025-04-15,455.57,USD,B026
LE-0002549,ORD-010409,2025-09-26,513.26,USD,B027
LE-0002550,ORD-007446,2025-07-01,497.67,USD,B028
LE-0002551,ORD-005680,2025-07-22,488.59,USD,B029
LE-0002552,ORD-003532,2025-01-09,347.38,USD,B030
LE-0002553,ORD-004203,2025-09-19,727.99,USD,B031
LE-0002554,ORD-010767,2025-05-09,240.89,USD,B032
LE-0002555,ORD-008470,2025-02-08,692.00,USD,B033
LE-0002556,ORD-000185,2025-07-08,593.10,USD,B034
LE-0002557,ORD-001670,2025-05-20,739.37,USD,B035
LE-0002558,ORD-001883,2025-12-09,840.05,USD,B036
LE-0002559,ORD-003390,2025-12-18,513.05,USD,B037
LE-0002560,ORD-004897,2025-07-05,710.70,USD,B038
LE-0002561,ORD-005577,2025-08-09,756.21,USD,B039
LE-0002562,ORD-009090,2025-02-09,823.60,USD,B040
LE-0002563,ORD-009885,2025-12-15,397.37,USD,B041
LE-0002564,ORD-007578,2025-04-19,664.62,USD,B042
LE-0002565,ORD-006804,2025-07-25,115.78,USD,B043
LE-0002566,ORD-008641,2025-07-14,121.52,USD,B044
LE-0002567,ORD-006311,2025-05-02,167.96,USD,B045
LE-0002568,ORD-007941,2025-01-13,362.34,USD,B046
LE-0002569,ORD-008962,2025-07-19,415.97,USD,B047
LE-0002570,ORD-001917,2025-10-28,345.00,USD,B048
LE-0002571,ORD-009484,2025-11-16,371.45,USD,B049
LE-0002572,ORD-000722,2025-02-07,489.70,USD,B050
LE-0002573,ORD-007253,2025-05-22,686.36,USD,B051
LE-0002574,ORD-009416,2025-11-18,356.05,USD,B052
LE-0002575,ORD-010253,2025-01-01,859.92,USD,B053
LE-0002576,ORD-009186,2025-09-18,697.50,USD,B054
LE-0002577,ORD-000100,2025-03-06,844.61,USD,B055
LE-0002578,ORD-003538,2025-12-02,520.67,USD,B056
LE-0002579,ORD-011819,2025-05-21,540.86,USD,B057
LE-0002580,ORD-004139,2025-01-31,705.69,USD,B058
LE-0002581,ORD-003616,2025-02-24,347.62,USD,B059
LE-0002582,ORD-003234,2025-04-29,186.99,USD,B060
LE-0002583,ORD-006174,2025-10-18,715.24,USD,B061
LE-0002584,ORD-011727,2025-02-18,527.58,USD,B062
LE-0002585,ORD-002997,2025-10-01,601.00,USD,B063
LE-0002586,ORD-000662,2025-04-07,799.85,USD,B064
LE-0002587,ORD-000697,2025-08-21,579.92,USD,B065
LE-0002588,ORD-005190,2025-02-11,659.00,USD,B066
LE-0002589,ORD-000508,2025-11-25,215.97,USD,B067
LE-0002590,ORD-000439,2025-08-28,280.00,USD,B068
LE-0002591,ORD-003226,2025-09-19,756.74,USD,B069
LE-0002592,ORD-007352,2025-04-20,338.30,USD,B070
LE-0002593,ORD-007315,2025-12-07,591.54,USD,B071
LE-0002594,ORD-001813,2025-06-12,332.65,USD,B072
LE-0002595,ORD-011490,2025-07-28,324.05,USD,B073
LE-0002596,ORD-002391,2025-03-18,549.75,USD,B074
LE-0002597,ORD-005573,2025-08-31,873.49,USD,B075
LE-0002598,ORD-006019,2025-07-12,80.90,USD,B076
LE-0002599,ORD-008904,2025-07-10,282.32,USD,B077
LE-0002600,ORD-005955,2025-06-28,583.61,USD,B078
LE-0002601,ORD-005279,2025-05-07,77.01,USD,B079
LE-0002602,ORD-010280,2025-10-06,750.50,USD,B080
LE-0002603,ORD-004829,2025-10-15,689.68,USD,B081
LE-0002604,ORD-006644,2025-03-27,392.68,USD,B082
LE-0002605,ORD-004623,2025-11-05,179.53,USD,B083
LE-0002606,ORD-009782,2025-07-10,218.83,USD,B084
LE-0002607,ORD-009644,2025-10-23,421.45,USD,B085
LE-0002608,ORD-007871,2025-09-25,684.16,USD,B086
LE-0002609,ORD-002702,2025-11-18,269.61,USD,B087
LE-0002610,ORD-000526,2025-08-20,897.89,USD,B088
LE-0002611,ORD-002941,2025-05-12,871.68,USD,B089
LE-0002612,ORD-007796,2025-02-06,95.59,USD,B090
LE-0002613,ORD-010795,2025-12-23,208.10,USD,B091
LE-0002614,ORD-001512,2025-03-09,30.18,USD,B092
LE-0002615,ORD-002465,2025-05-02,894.81,USD,B093
LE-0002616,ORD-003384,2025-11-24,727.66,USD,B094
LE-0002617,ORD-003931,2025-07-31,732.82,USD,B095
LE-0002618,ORD-004614,2025-07-10,85.25,USD,B096
LE-0002619,ORD-006957,2025-02-24,615.46,USD,B000
LE-0002620,ORD-009838,2025-01-11,503.68,USD,B001
LE-0002621,ORD-001291,2025-12-23,50.19,USD,B002
LE-0002622,ORD-005110,2025-11-01,436.79,USD,B003
LE-0002623,ORD-000352,2025-04-23,669.40,USD,B004
LE-0002624,ORD-005096,2025-04-24,434.41,USD,B005
LE-0002625,ORD-003562,2025-12-29,327.57,USD,B006
LE-0002626,ORD-000947,2025-04-28,412.36,USD,B007
LE-0002627,ORD-007380,2025-02-02,19.73,USD,B008
LE-0002628,ORD-001181,2025-05-24,5.20,USD,B009
LE-0002629,ORD-004501,2025-03-01,624.75,USD,B010
LE-0002630,ORD-003659,2025-04-29,228.00,USD,B011
LE-0002631,ORD-005423,2025-07-09,100.60,USD,B012
LE-0002632,ORD-006701,2025-01-08,587.10,USD,B013
LE-0002633,ORD-000926,2025-02-06,768.97,USD,B014
LE-0002634,ORD-006584,2025-04-09,770.09,USD,B015
LE-0002635,ORD-006547,2025-10-13,820.70,USD,B016
LE-0002636,ORD-002114,2025-09-04,396.15,USD,B017
LE-0002637,ORD-010149,2025-03-07,247.89,USD,B018
LE-0002638,ORD-000035,2025-07-09,743.33,USD,B019
LE-0002639,ORD-009338,2025-12-11,359.49,USD,B020
LE-0002640,ORD-006522,2025-01-08,171.28,USD,B021
LE-0002641,ORD-008796,2025-08-16,892.16,USD,B022
LE-0002642,ORD-009765,2025-11-02,709.95,USD,B023
LE-0002643,ORD-002592,2025-05-02,210.01,USD,B024
LE-0002644,ORD-011772,2025-07-21,35.61,USD,B025
LE-0002645,ORD-005444,2025-08-19,342.62,USD,B026
LE-0002646,ORD-006492,2025-02-16,224.11,USD,B027
LE-0002647,ORD-006909,2025-07-12,497.52,USD,B028
LE-0002648,ORD-007261,2025-02-22,535.51,USD,B029
LE-0002649,ORD-007272,2025-09-26,431.10,USD,B030
LE-0002650,ORD-010133,2025-06-26,640.35,USD,B031
LE-0002651,ORD-009973,2025-02-07,822.70,USD,B032
LE-0002652,ORD-011665,2025-06-18,753.63,USD,B033
LE-0002653,ORD-011654,2025-01-12,836.48,USD,B034
LE-0002654,ORD-002098,2025-07-02,865.85,USD,B035
LE-0002655,ORD-007136,2025-09-07,161.97,USD,B036
LE-0002656,ORD-002872,2025-10-17,887.00,USD,B037
LE-0002657,ORD-004697,2025-05-31,463.14,USD,B038
LE-0002658,ORD-002151,2025-08-04,799.47,USD,B039
LE-0002659,ORD-006581,2025-09-27,772.72,USD,B040
LE-0002660,ORD-006150,2025-10-17,688.13,USD,B041
LE-0002661,ORD-005358,2025-08-04,621.00,USD,B042
LE-0002662,ORD-000493,2025-09-17,267.37,USD,B043
LE-0002663,ORD-000093,2025-01-07,388.17,USD,B044
LE-0002664,ORD-010672,2025-09-27,759.87,USD,B045
LE-0002665,ORD-010775,2025-03-03,52.94,USD,B046
LE-0002666,ORD-009793,2025-04-24,227.66,USD,B047
LE-0002667,ORD-002336,2025-02-11,690.70,USD,B048
LE-0002668,ORD-009503,2025-10-12,267.40,USD,B049
LE-0002669,ORD-007511,2025-05-01,463.82,USD,B050
LE-0002670,ORD-010084,2025-10-05,123.83,USD,B051
LE-0002671,ORD-008400,2025-02-28,85.28,USD,B052
LE-0002672,ORD-008626,2025-01-15,653.36,USD,B053
LE-0002673,ORD-005765,2025-07-14,543.80,USD,B054
LE-0002674,ORD-002395,2025-03-25,503.45,USD,B055
LE-0002675,ORD-005511,2025-10-13,377.13,USD,B056
LE-0002676,ORD-000242,2025-07-25,125.29,USD,B057
LE-0002677,ORD-003817,2025-12-25,564.41,USD,B058
LE-0002678,ORD-011376,2025-10-29,592.26,USD,B059
LE-0002679,ORD-006829,2025-04-05,816.53,USD,B060
LE-0002680,ORD-001400,2025-05-19,224.27,USD,B061
LE-0002681,ORD-002864,2025-12-08,579.64,USD,B062
LE-0002682,ORD-010858,2025-04-21,32.02,USD,B063
LE-0002683,ORD-010820,2025-07-17,660.35,USD,B064
LE-0002684,ORD-006800,2025-09-04,60.14,USD,B065
LE-0002685,ORD-006528,2025-04-20,780.40,USD,B066
LE-0002686,ORD-007031,2025-08-11,405.05,USD,B067
LE-0002687,ORD-001578,2025-11-03,797.13,USD,B068
LE-0002688,ORD-006265,2025-03-31,350.83,USD,B069
LE-0002689,ORD-008692,2025-02-10,837.95,USD,B070
LE-0002690,ORD-007709,2025-01-15,130.04,USD,B071
LE-0002691,ORD-000835,2025-09-11,362.05,USD,B072
LE-0002692,ORD-007933,2025-03-04,112.07,USD,B073
LE-0002693,ORD-002508,2025-06-13,166.22,USD,B074
LE-0002694,ORD-000595,2025-12-25,212.81,USD,B075
LE-0002695,ORD-003268,2025-01-14,822.19,USD,B076
LE-0002696,ORD-006826,2025-06-15,331.85,USD,B077
LE-0002697,ORD-007615,2025-01-20,815.35,USD,B078
LE-0002698,ORD-006170,2025-11-15,255.61,USD,B079
LE-0002699,ORD-000204,2025-04-28,712.26,USD,B080
LE-0002700,ORD-006852,2025-08-10,877.45,USD,B081
LE-0002701,ORD-010731,2025-10-13,699.54,USD,B082
LE-0002702,ORD-008153,2025-04-08,402.72,USD,B083
LE-0002703,ORD-003367,2025-04-01,306.63,USD,B084
LE-0002704,ORD-004328,2025-01-04,222.99,USD,B085
LE-0002705,ORD-005480,2025-04-11,877.93,USD,B086
LE-0002706,ORD-008686,2025-09-07,568.68,USD,B087
LE-0002707,ORD-008835,2025-05-12,608.59,USD,B088
LE-0002708,ORD-002153,2025-05-25,54.24,USD,B089
LE-0002709,ORD-004953,2025-06-19,714.09,USD,B090
LE-0002710,ORD-003748,2025-03-06,693.94,USD,B091
LE-0002711,ORD-003326,2025-09-13,320.45,USD,B092
LE-0002712,ORD-003781,2025-08-29,512.86,USD,B093
LE-0002713,ORD-000634,2025-06-29,477.95,USD,B094
LE-0002714,ORD-004004,2025-09-15,683.49,USD,B095
LE-0002715,ORD-008892,2025-06-04,674.99,USD,B096
LE-0002716,ORD-006734,2025-02-13,168.41,USD,B000
LE-0002717,ORD-010743,2025-05-09,728.71,USD,B001
LE-0002718,ORD-007940,2025-10-07,406.89,USD,B002
LE-0002719,ORD-006117,2025-06-12,580.32,USD,B003
LE-0002720,ORD-007266,2025-11-11,748.84,USD,B004
LE-0002721,ORD-001220,2025-02-17,176.01,USD,B005
LE-0002722,ORD-002335,2025-10-26,219.16,USD,B006
LE-0002723,ORD-000612,2025-02-18,803.70,USD,B007
LE-0002724,ORD-010368,2025-03-09,730.11,USD,B008
LE-0002725,ORD-006354,2025-06-21,87.71,USD,B009
LE-0002726,ORD-005040,2025-09-06,142.69,USD,B010
LE-0002727,ORD-004468,2025-10-02,346.59,USD,B011
LE-0002728,ORD-010428,2025-03-26,503.84,USD,B012
LE-0002729,ORD-001393,2025-04-24,709.89,USD,B013
LE-0002730,ORD-006426,2025-02-09,780.05,USD,B014
LE-0002731,ORD-011128,2025-10-17,780.79,USD,B015
LE-0002732,ORD-000641,2025-02-20,637.00,USD,B016
LE-0002733,ORD-007551,2025-05-17,98.00,USD,B017
LE-0002734,ORD-005650,2025-11-18,94.64,USD,B018
LE-0002735,ORD-010046,2025-01-01,295.92,USD,B019
LE-0002736,ORD-011091,2025-04-04,97.72,USD,B020
LE-0002737,ORD-007530,2025-07-23,490.47,USD,B021
LE-0002738,ORD-002902,2025-03-27,205.37,USD,B022
LE-0002739,ORD-001468,2025-10-23,276.27,USD,B023
LE-0002740,ORD-000383,2025-03-14,53.00,USD,B024
LE-0002741,ORD-008694,2025-02-16,171.85,USD,B025
LE-0002742,ORD-005940,2025-10-20,775.13,USD,B026
LE-0002743,ORD-004684,2025-03-22,474.68,USD,B027
LE-0002744,ORD-004585,2025-06-17,655.68,USD,B028
LE-0002745,ORD-007267,2025-09-25,162.15,USD,B029
LE-0002746,ORD-003222,2025-12-03,622.25,USD,B030
LE-0002747,ORD-009805,2025-02-13,631.29,USD,B031
LE-0002748,ORD-010566,2025-12-08,390.38,USD,B032
LE-0002749,ORD-009703,2025-01-20,556.16,USD,B033
LE-0002750,ORD-003430,2025-10-23,23.00,USD,B034
LE-0002751,ORD-005554,2025-08-10,495.54,USD,B035
LE-0002752,ORD-008261,2025-09-15,431.38,USD,B036
LE-0002753,ORD-002215,2025-07-02,151.79,USD,B037
LE-0002754,ORD-007485,2025-01-27,395.10,USD,B038
LE-0002755,ORD-006825,2025-12-09,334.38,USD,B039
LE-0002756,ORD-011151,2025-09-27,754.36,USD,B040
LE-0002757,ORD-005919,2025-12-18,238.98,USD,B041
LE-0002758,ORD-003897,2025-06-14,393.72,USD,B042
LE-0002759,ORD-006387,2025-03-16,786.50,USD,B043
LE-0002760,ORD-004942,2025-10-21,669.16,USD,B044
LE-0002761,ORD-004073,2025-06-03,513.48,USD,B045
LE-0002762,ORD-007742,2025-01-17,695.13,USD,B046
LE-0002763,ORD-008353,2025-06-22,346.91,USD,B047
LE-0002764,ORD-005959,2025-01-10,151.11,USD,B048
LE-0002765,ORD-004996,2025-09-25,699.19,USD,B049
LE-0002766,ORD-008991,2025-06-17,10.70,USD,B050
LE-0002767,ORD-007165,2025-11-05,824.05,USD,B051
LE-0002768,ORD-010958,2025-09-29,56.94,USD,B052
LE-0002769,ORD-003474,2025-10-10,26.30,USD,B053
LE-0002770,ORD-009815,2025-06-30,525.06,USD,B054
LE-0002771,ORD-005339,2025-02-05,576.62,USD,B055
LE-0002772,ORD-008922,2025-07-31,249.55,USD,B056
LE-0002773,ORD-011400,2025-04-18,419.77,USD,B057
LE-0002774,ORD-006853,2025-10-07,415.13,USD,B058
LE-0002775,ORD-000210,2025-11-20,616.51,USD,B059
LE-0002776,ORD-007503,2025-02-12,57.54,USD,B060
LE-0002777,ORD-009483,2025-11-09,729.90,USD,B061
LE-0002778,ORD-003470,2025-08-29,41.23,USD,B062
LE-0002779,ORD-003689,2025-02-21,90.99,USD,B063
LE-0002780,ORD-001457,2025-07-01,464.23,USD,B064
LE-0002781,ORD-011416,2025-07-25,707.61,USD,B065
LE-0002782,ORD-007838,2025-11-17,688.75,USD,B066
LE-0002783,ORD-005644,2025-07-20,356.98,USD,B067
LE-0002784,ORD-011707,2025-10-10,320.78,USD,B068
LE-0002785,ORD-001944,2025-07-10,463.94,USD,B069
LE-0002786,ORD-004983,2025-01-30,605.52,USD,B070
LE-0002787,ORD-011835,2025-12-29,881.24,USD,B071
LE-0002788,ORD-009456,2025-08-28,346.04,USD,B072
LE-0002789,ORD-004387,2025-06-02,684.22,USD,B073
LE-0002790,ORD-011753,2025-03-25,8.82,USD,B074
LE-0002791,ORD-006526,2025-06-03,320.38,USD,B075
LE-0002792,ORD-001764,2025-12-01,40.65,USD,B076
LE-0002793,ORD-004599,2025-04-11,603.74,USD,B077
LE-0002794,ORD-001036,2025-08-21,247.67,USD,B078
LE-0002795,ORD-002150,2025-11-19,659.77,USD,B079
LE-0002796,ORD-000957,2025-03-20,753.98,USD,B080
LE-0002797,ORD-000971,2025-01-12,684.22,USD,B081
LE-0002798,ORD-003354,2025-09-28,677.94,USD,B082
LE-0002799,ORD-002677,2025-05-08,357.12,USD,B083
LE-0002800,ORD-008827,2025-04-27,236.84,USD,B084
LE-0002801,ORD-006737,2025-05-18,333.50,USD,B085
LE-0002802,ORD-011587,2025-05-17,814.82,USD,B086
LE-0002803,ORD-004141,2025-08-18,634.14,USD,B087
LE-0002804,ORD-011193,2025-02-10,255.04,USD,B088
LE-0002805,ORD-000504,2025-12-18,250.34,USD,B089
LE-0002806,ORD-009032,2025-05-25,890.17,USD,B090
LE-0002807,ORD-003447,2025-09-29,272.78,USD,B091
LE-0002808,ORD-003624,2025-01-23,503.38,USD,B092
LE-0002809,ORD-008858,2025-07-03,433.59,USD,B093
LE-0002810,ORD-004061,2025-08-21,661.39,USD,B094
LE-0002811,ORD-007299,2025-10-29,429.01,USD,B095
LE-0002812,ORD-001080,2025-03-29,266.00,USD,B096
LE-0002813,ORD-003152,2025-12-19,343.78,USD,B000
LE-0002814,ORD-003727,2025-01-07,453.03,USD,B001
LE-0002815,ORD-007144,2025-02-16,636.25,USD,B002
LE-0002816,ORD-011303,2025-08-08,309.98,USD,B003
LE-0002817,ORD-009832,2025-10-12,135.40,USD,B004
LE-0002818,ORD-008328,2025-02-24,472.82,USD,B005
LE-0002819,ORD-008887,2025-08-13,883.35,USD,B006
LE-0002820,ORD-002096,2025-06-09,305.26,USD,B007
LE-0002821,ORD-002180,2025-10-23,244.28,USD,B008
LE-0002822,ORD-007961,2025-11-28,552.16,USD,B009
LE-0002823,ORD-006079,2025-08-25,111.84,USD,B010
LE-0002824,ORD-010667,2025-12-02,98.41,USD,B011
LE-0002825,ORD-002579,2025-10-01,648.30,USD,B012
LE-0002826,ORD-011344,2025-10-06,267.35,USD,B013
LE-0002827,ORD-006718,2025-05-22,153.24,USD,B014
LE-0002828,ORD-010361,2025-05-22,863.13,USD,B015
LE-0002829,ORD-003141,2025-03-13,292.37,USD,B016
LE-0002830,ORD-002854,2025-04-13,163.13,USD,B017
LE-0002831,ORD-011139,2025-06-21,62.90,USD,B018
LE-0002832,ORD-009129,2025-04-28,806.95,USD,B019
LE-0002833,ORD-006913,2025-12-05,227.93,USD,B020
LE-0002834,ORD-000600,2025-02-28,646.22,USD,B021
LE-0002835,ORD-006056,2025-09-26,887.73,USD,B022
LE-0002836,ORD-010554,2025-09-27,489.17,USD,B023
LE-0002837,ORD-003924,2025-01-08,87.10,USD,B024
LE-0002838,ORD-008074,2025-10-12,784.07,USD,B025
LE-0002839,ORD-006274,2025-10-13,843.29,USD,B026
LE-0002840,ORD-002891,2025-05-19,828.73,USD,B027
LE-0002841,ORD-006500,2025-08-13,819.19,USD,B028
LE-0002842,ORD-003362,2025-07-10,612.97,USD,B029
LE-0002843,ORD-002576,2025-02-20,501.74,USD,B030
LE-0002844,ORD-003511,2025-04-30,732.95,USD,B031
LE-0002845,ORD-001346,2025-10-30,790.18,USD,B032
LE-0002846,ORD-004866,2025-08-20,693.94,USD,B033
LE-0002847,ORD-001676,2025-05-24,502.00,USD,B034
LE-0002848,ORD-003951,2025-11-06,797.00,USD,B035
LE-0002849,ORD-002953,2025-05-09,145.89,USD,B036
LE-0002850,ORD-003791,2025-08-07,326.53,USD,B037
LE-0002851,ORD-000537,2025-11-23,567.73,USD,B038
LE-0002852,ORD-002063,2025-02-01,259.75,USD,B039
LE-0002853,ORD-006602,2025-12-04,491.98,USD,B040
LE-0002854,ORD-001285,2025-08-28,84.84,USD,B041
LE-0002855,ORD-008288,2025-06-25,298.60,USD,B042
LE-0002856,ORD-002399,2025-03-12,41.61,USD,B043
LE-0002857,ORD-001596,2025-03-03,83.14,USD,B044
LE-0002858,ORD-003814,2025-06-28,213.83,USD,B045
LE-0002859,ORD-008797,2025-12-06,303.11,USD,B046
LE-0002860,ORD-002829,2025-08-04,331.21,USD,B047
LE-0002861,ORD-011469,2025-04-08,824.30,USD,B048
LE-0002862,ORD-004197,2025-04-27,365.43,USD,B049
LE-0002863,ORD-008209,2025-01-01,307.21,USD,B050
LE-0002864,ORD-006172,2025-09-30,859.83,USD,B051
LE-0002865,ORD-002143,2025-07-05,256.49,USD,B052
LE-0002866,ORD-005609,2025-09-07,686.14,USD,B053
LE-0002867,ORD-001115,2025-10-01,661.69,USD,B054
LE-0002868,ORD-008783,2025-02-10,561.45,USD,B055
LE-0002869,ORD-005337,2025-12-17,397.88,USD,B056
LE-0002870,ORD-002916,2025-05-16,899.92,USD,B057
LE-0002871,ORD-007829,2025-11-06,798.87,USD,B058
LE-0002872,ORD-000327,2025-10-28,139.39,USD,B059
LE-0002873,ORD-004533,2025-05-27,5.55,USD,B060
LE-0002874,ORD-001328,2025-08-12,427.00,USD,B061
LE-0002875,ORD-008621,2025-06-08,701.95,USD,B062
LE-0002876,ORD-011782,2025-03-18,234.01,USD,B063
LE-0002877,ORD-001748,2025-07-04,125.28,USD,B064
LE-0002878,ORD-004820,2025-12-15,574.69,USD,B065
LE-0002879,ORD-005271,2025-08-17,380.72,USD,B066
LE-0002880,ORD-005628,2025-01-26,249.67,USD,B067
LE-0002881,ORD-011448,2025-08-13,693.04,USD,B068
LE-0002882,ORD-010988,2025-12-31,327.13,USD,B069
LE-0002883,ORD-004345,2025-10-26,574.98,USD,B070
LE-0002884,ORD-005818,2025-10-01,522.60,USD,B071
LE-0002885,ORD-008321,2025-06-25,690.74,USD,B072
LE-0002886,ORD-009514,2025-03-28,631.67,USD,B073
LE-0002887,ORD-005038,2025-05-27,104.61,USD,B074
LE-0002888,ORD-006888,2025-02-06,849.79,USD,B075
LE-0002889,ORD-011676,2025-06-10,329.54,USD,B076
LE-0002890,ORD-002475,2025-04-02,190.65,USD,B077
LE-0002891,ORD-002018,2025-06-19,665.05,USD,B078
LE-0002892,ORD-006832,2025-09-16,242.14,USD,B079
LE-0002893,ORD-010695,2025-02-20,343.63,USD,B080
LE-0002894,ORD-002662,2025-07-14,840.82,USD,B081
LE-0002895,ORD-006774,2025-08-24,697.21,USD,B082
LE-0002896,ORD-006683,2025-04-09,168.68,USD,B083
LE-0002897,ORD-005718,2025-01-06,370.75,USD,B084
LE-0002898,ORD-002065,2025-06-17,98.60,USD,B085
LE-0002899,ORD-008275,2025-10-28,581.09,USD,B086
LE-0002900,ORD-009343,2025-08-14,463.46,USD,B087
LE-0002901,ORD-001317,2025-10-13,36.91,USD,B088
LE-0002902,ORD-009588,2025-04-19,491.83,USD,B089
LE-0002903,ORD-008623,2025-10-08,546.67,USD,B090
LE-0002904,ORD-003122,2025-02-17,61.60,USD,B091
LE-0002905,ORD-005837,2025-08-21,459.35,USD,B092
LE-0002906,ORD-004771,2025-03-16,629.16,USD,B093
LE-0002907,ORD-009351,2025-07-16,598.41,USD,B094
LE-0002908,ORD-003712,2025-09-21,651.49,USD,B095
LE-0002909,ORD-003881,2025-12-03,892.18,USD,B096
LE-0002910,ORD-009382,2025-02-07,691.95,USD,B000
LE-0002911,ORD-001725,2025-10-19,26.98,USD,B001
LE-0002912,ORD-010399,2025-02-02,235.65,USD,B002
LE-0002913,ORD-000030,2025-01-10,782.35,USD,B003
LE-0002914,ORD-001770,2025-10-07,108.86,USD,B004
LE-0002915,ORD-011765,2025-10-19,776.09,USD,B005
LE-0002916,ORD-008322,2025-07-27,249.86,USD,B006
LE-0002917,ORD-008582,2025-05-27,404.30,USD,B007
LE-0002918,ORD-011285,2025-06-04,390.00,USD,B008
LE-0002919,ORD-011282,2025-02-22,102.86,USD,B009
LE-0002920,ORD-005462,2025-08-28,346.20,USD,B010
LE-0002921,ORD-010758,2025-07-06,307.33,USD,B011
LE-0002922,ORD-008487,2025-02-26,327.55,USD,B012
LE-0002923,ORD-008455,2025-01-14,695.98,USD,B013
LE-0002924,ORD-008224,2025-05-14,320.39,USD,B014
LE-0002925,ORD-000016,2025-04-19,841.92,USD,B015
LE-0002926,ORD-000753,2025-09-10,23.33,USD,B016
LE-0002927,ORD-009494,2025-03-20,646.48,USD,B017
LE-0002928,ORD-005071,2025-12-08,35.25,USD,B018
LE-0002929,ORD-001337,2025-11-18,99.68,USD,B019
LE-0002930,ORD-011585,2025-11-30,621.81,USD,B020
LE-0002931,ORD-002778,2025-04-24,333.38,USD,B021
LE-0002932,ORD-003501,2025-10-17,619.84,USD,B022
LE-0002933,ORD-002318,2025-10-17,319.04,USD,B023
LE-0002934,ORD-007359,2025-07-14,817.27,USD,B024
LE-0002935,ORD-002424,2025-01-22,149.25,USD,B025
LE-0002936,ORD-010846,2025-01-13,473.00,USD,B026
LE-0002937,ORD-005237,2025-06-05,613.95,USD,B027
LE-0002938,ORD-010772,2025-06-23,173.24,USD,B028
LE-0002939,ORD-004751,2025-10-09,210.71,USD,B029
LE-0002940,ORD-000083,2025-11-13,109.06,USD,B030
LE-0002941,ORD-007898,2025-03-16,312.33,USD,B031
LE-0002942,ORD-007668,2025-01-08,74.68,USD,B032
LE-0002943,ORD-001926,2025-11-22,491.66,USD,B033
LE-0002944,ORD-003140,2025-06-17,417.07,USD,B034
LE-0002945,ORD-001511,2025-08-12,192.37,USD,B035
LE-0002946,ORD-002417,2025-01-09,562.08,USD,B036
LE-0002947,ORD-005316,2025-12-15,568.51,USD,B037
LE-0002948,ORD-004878,2025-06-06,554.17,USD,B038
LE-0002949,ORD-010168,2025-02-20,85.63,USD,B039
LE-0002950,ORD-005022,2025-02-01,605.71,USD,B040
LE-0002951,ORD-008359,2025-03-29,58.94,USD,B041
LE-0002952,ORD-001294,2025-10-06,179.55,USD,B042
LE-0002953,ORD-004833,2025-06-11,300.92,USD,B043
LE-0002954,ORD-009062,2025-05-31,81.83,USD,B044
LE-0002955,ORD-010922,2025-05-29,886.01,USD,B045
LE-0002956,ORD-009332,2025-04-13,454.00,USD,B046
LE-0002957,ORD-007117,2025-04-14,37.99,USD,B047
LE-0002958,ORD-011809,2025-04-11,598.78,USD,B048
LE-0002959,ORD-011238,2025-09-16,84.50,USD,B049
LE-0002960,ORD-006810,2025-08-18,274.97,USD,B050
LE-0002961,ORD-005407,2025-07-24,565.34,USD,B051
LE-0002962,ORD-005282,2025-06-07,630.64,USD,B052
LE-0002963,ORD-005198,2025-04-13,60.89,USD,B053
LE-0002964,ORD-003191,2025-09-09,239.85,USD,B054
LE-0002965,ORD-004639,2025-09-30,229.42,USD,B055
LE-0002966,ORD-005413,2025-07-31,591.00,USD,B056
LE-0002967,ORD-005447,2025-07-09,697.53,USD,B057
LE-0002968,ORD-002418,2025-03-06,386.22,USD,B058
LE-0002969,ORD-007260,2025-02-03,560.24,USD,B059
LE-0002970,ORD-008826,2025-08-15,403.20,USD,B060
LE-0002971,ORD-004664,2025-02-28,571.68,USD,B061
LE-0002972,ORD-007982,2025-06-24,738.57,USD,B062
LE-0002973,ORD-010503,2025-07-19,400.42,USD,B063
LE-0002974,ORD-008739,2025-06-14,754.74,USD,B064
LE-0002975,ORD-011669,2025-08-30,109.47,USD,B065
LE-0002976,ORD-005228,2025-05-19,444.84,USD,B066
LE-0002977,ORD-002896,2025-07-31,100.67,USD,B067
LE-0002978,ORD-000802,2025-11-08,732.86,USD,B068
LE-0002979,ORD-003368,2025-01-06,145.67,USD,B069
LE-0002980,ORD-005960,2025-02-16,798.10,USD,B070
LE-0002981,ORD-004576,2025-06-04,381.10,USD,B071
LE-0002982,ORD-005509,2025-11-02,149.18,USD,B072
LE-0002983,ORD-010403,2025-06-17,463.10,USD,B073
LE-0002984,ORD-007636,2025-11-09,20.23,USD,B074
LE-0002985,ORD-003767,2025-12-29,52.82,USD,B075
LE-0002986,ORD-000758,2025-04-23,863.97,USD,B076
LE-0002987,ORD-009726,2025-04-09,766.36,USD,B077
LE-0002988,ORD-010787,2025-04-02,756.00,USD,B078
LE-0002989,ORD-006552,2025-11-28,677.06,USD,B079
LE-0002990,ORD-011786,2025-03-07,337.90,USD,B080
LE-0002991,ORD-008589,2025-06-30,585.28,USD,B081
LE-0002992,ORD-000830,2025-12-26,896.54,USD,B082
LE-0002993,ORD-002386,2025-08-26,577.07,USD,B083
LE-0002994,ORD-011436,2025-03-16,347.99,USD,B084
LE-0002995,ORD-008468,2025-12-22,424.07,USD,B085
LE-0002996,ORD-010345,2025-12-31,235.40,USD,B086
LE-0002997,ORD-007158,2025-11-24,788.87,USD,B087
LE-0002998,ORD-002086,2025-01-06,151.04,USD,B088
LE-0002999,ORD-008540,2025-11-05,174.29,USD,B089
LE-0003000,ORD-003859,2025-02-27,411.80,USD,B090
LE-0003001,ORD-005957,2025-04-19,637.68,USD,B091
LE-0003002,ORD-009563,2025-08-04,224.82,USD,B092
LE-0003003,ORD-009917,2025-08-18,729.41,USD,B093
LE-0003004,ORD-002969,2025-07-11,297.27,USD,B094
LE-0003005,ORD-008894,2025-07-05,475.15,USD,B095
LE-0003006,ORD-006536,2025-03-04,668.45,USD,B096
LE-0003007,ORD-004080,2025-11-26,731.43,USD,B000
LE-0003008,ORD-009520,2025-01-29,558.25,USD,B001
LE-0003009,ORD-004995,2025-12-06,681.23,USD,B002
LE-0003010,ORD-000812,2025-08-17,769.46,USD,B003
LE-0003011,ORD-002502,2025-10-29,377.93,USD,B004
LE-0003012,ORD-007773,2025-05-02,77.40,USD,B005
LE-0003013,ORD-008787,2025-11-16,164.04,USD,B006
LE-0003014,ORD-006068,2025-05-10,471.93,USD,B007
LE-0003015,ORD-010969,2025-08-02,140.72,USD,B008
LE-0003016,ORD-011518,2025-04-07,338.05,USD,B009
LE-0003017,ORD-002095,2025-06-01,578.14,USD,B010
LE-0003018,ORD-007653,2025-08-09,49.18,USD,B011
LE-0003019,ORD-000471,2025-02-12,27.85,USD,B012
LE-0003020,ORD-007820,2025-11-12,409.29,USD,B013
LE-0003021,ORD-006743,2025-03-26,806.67,USD,B014
LE-0003022,ORD-010662,2025-10-12,410.36,USD,B015
LE-0003023,ORD-005595,2025-04-07,341.45,USD,B016
LE-0003024,ORD-004056,2025-01-09,106.97,USD,B017
LE-0003025,ORD-000153,2025-11-30,794.99,USD,B018
LE-0003026,ORD-005541,2025-07-27,380.83,USD,B019
LE-0003027,ORD-003416,2025-02-11,115.42,USD,B020
LE-0003028,ORD-000302,2025-02-12,461.45,USD,B021
LE-0003029,ORD-000928,2025-10-16,216.19,USD,B022
LE-0003030,ORD-002378,2025-05-05,126.28,USD,B023
LE-0003031,ORD-008311,2025-05-29,727.31,USD,B024
LE-0003032,ORD-001171,2025-05-14,437.39,USD,B025
LE-0003033,ORD-007643,2025-06-26,387.00,USD,B026
LE-0003034,ORD-003213,2025-03-03,308.65,USD,B027
LE-0003035,ORD-010559,2025-01-17,758.19,USD,B028
LE-0003036,ORD-001297,2025-07-25,664.78,USD,B029
LE-0003037,ORD-007143,2025-06-04,13.38,USD,B030
LE-0003038,ORD-007673,2025-07-05,640.10,USD,B031
LE-0003039,ORD-002800,2025-05-01,463.29,USD,B032
LE-0003040,ORD-006230,2025-04-04,856.17,USD,B033
LE-0003041,ORD-005235,2025-05-18,326.03,USD,B034
LE-0003042,ORD-006851,2025-11-11,252.37,USD,B035
LE-0003043,ORD-000348,2025-01-18,101.76,USD,B036
LE-0003044,ORD-008954,2025-02-24,813.03,USD,B037
LE-0003045,ORD-006206,2025-02-02,690.59,USD,B038
LE-0003046,ORD-007184,2025-09-27,767.36,USD,B039
LE-0003047,ORD-006302,2025-09-26,808.46,USD,B040
LE-0003048,ORD-006463,2025-01-07,740.85,USD,B041
LE-0003049,ORD-000891,2025-04-25,418.34,USD,B042
LE-0003050,ORD-010709,2025-07-16,8.11,USD,B043
LE-0003051,ORD-004792,2025-12-11,348.81,USD,B044
LE-0003052,ORD-010308,2025-06-19,128.65,USD,B045
LE-0003053,ORD-003446,2025-06-10,244.13,USD,B046
LE-0003054,ORD-002132,2025-08-01,268.00,USD,B047
LE-0003055,ORD-007116,2025-12-23,709.31,USD,B048
LE-0003056,ORD-003946,2025-12-14,898.37,USD,B049
LE-0003057,ORD-008814,2025-06-28,687.79,USD,B050
LE-0003058,ORD-004534,2025-11-28,387.98,USD,B051
LE-0003059,ORD-005796,2025-11-08,358.33,USD,B052
LE-0003060,ORD-006956,2025-03-04,340.59,USD,B053
LE-0003061,ORD-002522,2025-11-30,702.35,USD,B054
LE-0003062,ORD-005195,2025-11-10,515.07,USD,B055
LE-0003063,ORD-004944,2025-04-30,343.69,USD,B056
LE-0003064,ORD-000109,2025-09-08,60.11,USD,B057
LE-0003065,ORD-000647,2025-08-12,674.44,USD,B058
LE-0003066,ORD-003935,2025-06-03,487.19,USD,B059
LE-0003067,ORD-010236,2025-01-08,437.42,USD,B060
LE-0003068,ORD-003009,2025-01-14,223.88,USD,B061
LE-0003069,ORD-002733,2025-10-02,670.07,USD,B062
LE-0003070,ORD-008220,2025-09-02,447.30,USD,B063
LE-0003071,ORD-007133,2025-03-31,171.00,USD,B064
LE-0003072,ORD-000544,2025-02-04,180.37,USD,B065
LE-0003073,ORD-003635,2025-06-12,278.73,USD,B066
LE-0003074,ORD-005709,2025-10-12,669.77,USD,B067
LE-0003075,ORD-008035,2025-07-28,380.59,USD,B068
LE-0003076,ORD-000165,2025-03-14,30.58,USD,B069
LE-0003077,ORD-004789,2025-12-28,334.35,USD,B070
LE-0003078,ORD-001767,2025-03-16,424.13,USD,B071
LE-0003079,ORD-007181,2025-12-24,509.52,USD,B072
LE-0003080,ORD-003566,2025-01-24,400.60,USD,B073
LE-0003081,ORD-000393,2025-04-13,67.45,USD,B074
LE-0003082,ORD-001496,2025-05-02,398.53,USD,B075
LE-0003083,ORD-011395,2025-02-05,142.64,USD,B076
LE-0003084,ORD-006348,2025-04-17,159.89,USD,B077
LE-0003085,ORD-011679,2025-04-29,193.01,USD,B078
LE-0003086,ORD-003606,2025-03-02,637.25,USD,B079
LE-0003087,ORD-009603,2025-04-17,769.85,USD,B080
LE-0003088,ORD-009835,2025-01-18,318.11,USD,B081
LE-0003089,ORD-008631,2025-10-19,35.42,USD,B082
LE-0003090,ORD-009790,2025-03-22,826.62,USD,B083
LE-0003091,ORD-009043,2025-07-29,740.98,USD,B084
LE-0003092,ORD-001984,2025-06-27,702.70,USD,B085
LE-0003093,ORD-000261,2025-04-15,553.33,USD,B086
LE-0003094,ORD-006712,2025-11-30,244.31,USD,B087
LE-0003095,ORD-004204,2025-11-21,458.11,USD,B088
LE-0003096,ORD-004775,2025-11-23,169.00,USD,B089
LE-0003097,ORD-009632,2025-05-30,488.19,USD,B090
LE-0003098,ORD-009800,2025-10-26,177.27,USD,B091
LE-0003099,ORD-001155,2025-09-11,855.36,USD,B092
LE-0003100,ORD-002784,2025-02-21,100.73,USD,B093
LE-0003101,ORD-007729,2025-02-08,86.66,USD,B094
LE-0003102,ORD-001836,2025-09-08,773.39,USD,B095
LE-0003103,ORD-006255,2025-10-10,534.60,USD,B096
LE-0003104,ORD-002185,2025-07-13,647.24,USD,B000
LE-0003105,ORD-006910,2025-10-20,391.54,USD,B001
LE-0003106,ORD-005756,2025-03-16,697.67,USD,B002
LE-0003107,ORD-006680,2025-05-06,180.58,USD,B003
LE-0003108,ORD-011773,2025-05-14,525.91,USD,B004
LE-0003109,ORD-005508,2025-08-20,582.83,USD,B005
LE-0003110,ORD-008126,2025-08-11,104.78,USD,B006
LE-0003111,ORD-008410,2025-01-17,169.64,USD,B007
LE-0003112,ORD-010343,2025-10-26,455.51,USD,B008
LE-0003113,ORD-006733,2025-11-18,685.00,USD,B009
LE-0003114,ORD-009394,2025-06-25,18.34,USD,B010
LE-0003115,ORD-003763,2025-07-05,65.78,USD,B011
LE-0003116,ORD-003788,2025-04-15,72.24,USD,B012
LE-0003117,ORD-005698,2025-05-22,145.13,USD,B013
LE-0003118,ORD-005862,2025-05-26,141.32,USD,B014
LE-0003119,ORD-008117,2025-01-09,452.39,USD,B015
LE-0003120,ORD-006096,2025-07-11,331.79,USD,B016
LE-0003121,ORD-000848,2025-06-16,216.00,USD,B017
LE-0003122,ORD-000985,2025-08-14,266.15,USD,B018
LE-0003123,ORD-002082,2025-09-12,865.93,USD,B019
LE-0003124,ORD-001538,2025-06-09,844.28,USD,B020
LE-0003125,ORD-007276,2025-07-04,243.27,USD,B021
LE-0003126,ORD-006122,2025-04-10,718.79,USD,B022
LE-0003127,ORD-003231,2025-09-01,886.04,USD,B023
LE-0003128,ORD-011806,2025-12-28,326.11,USD,B024
LE-0003129,ORD-002949,2025-07-21,767.02,USD,B025
LE-0003130,ORD-004528,2025-11-12,128.42,USD,B026
LE-0003131,ORD-006304,2025-03-11,301.66,USD,B027
LE-0003132,ORD-007101,2025-06-01,574.41,USD,B028
LE-0003133,ORD-005684,2025-05-11,613.21,USD,B029
LE-0003134,ORD-008495,2025-11-23,325.78,USD,B030
LE-0003135,ORD-003684,2025-04-14,627.03,USD,B031
LE-0003136,ORD-003373,2025-02-22,605.14,USD,B032
LE-0003137,ORD-002206,2025-08-27,525.90,USD,B033
LE-0003138,ORD-002124,2025-02-12,521.49,USD,B034
LE-0003139,ORD-003461,2025-01-27,814.06,USD,B035
LE-0003140,ORD-005045,2025-04-24,776.01,USD,B036
LE-0003141,ORD-009714,2025-11-01,368.52,USD,B037
LE-0003142,ORD-003665,2025-10-28,129.87,USD,B038
LE-0003143,ORD-009898,2025-02-10,587.97,USD,B039
LE-0003144,ORD-004192,2025-10-25,627.37,USD,B040
LE-0003145,ORD-005813,2025-07-05,68.12,USD,B041
LE-0003146,ORD-009272,2025-07-06,321.67,USD,B042
LE-0003147,ORD-010074,2025-03-29,831.96,USD,B043
LE-0003148,ORD-010257,2025-01-06,123.26,USD,B044
LE-0003149,ORD-009397,2025-06-01,326.87,USD,B045
LE-0003150,ORD-001726,2025-06-06,572.92,USD,B046
LE-0003151,ORD-001513,2025-10-28,835.92,USD,B047
LE-0003152,ORD-005748,2025-05-12,130.04,USD,B048
LE-0003153,ORD-007376,2025-12-16,282.82,USD,B049
LE-0003154,ORD-008869,2025-04-25,318.48,USD,B050
LE-0003155,ORD-000126,2025-08-09,350.88,USD,B051
LE-0003156,ORD-007459,2025-08-04,51.58,USD,B052
LE-0003157,ORD-010747,2025-02-22,538.24,USD,B053
LE-0003158,ORD-011340,2025-05-12,302.87,USD,B054
LE-0003159,ORD-003482,2025-08-02,350.01,USD,B055
LE-0003160,ORD-003163,2025-09-15,408.03,USD,B056
LE-0003161,ORD-008534,2025-10-29,584.48,USD,B057
LE-0003162,ORD-005231,2025-11-15,354.91,USD,B058
LE-0003163,ORD-000653,2025-05-17,569.66,USD,B059
LE-0003164,ORD-006292,2025-09-22,535.54,USD,B060
LE-0003165,ORD-006470,2025-02-13,783.19,USD,B061
LE-0003166,ORD-005988,2025-03-01,183.00,USD,B062
LE-0003167,ORD-003687,2025-12-25,415.21,USD,B063
LE-0003168,ORD-008184,2025-03-18,794.64,USD,B064
LE-0003169,ORD-002435,2025-09-09,383.03,USD,B065
LE-0003170,ORD-001664,2025-12-22,518.90,USD,B066
LE-0003171,ORD-007476,2025-07-14,568.12,USD,B067
LE-0003172,ORD-002007,2025-04-14,345.74,USD,B068
LE-0003173,ORD-008968,2025-03-20,547.20,USD,B069
LE-0003174,ORD-011663,2025-02-09,277.26,USD,B070
LE-0003175,ORD-007605,2025-10-10,546.91,USD,B071
LE-0003176,ORD-006813,2025-01-14,594.42,USD,B072
LE-0003177,ORD-003497,2025-06-17,220.06,USD,B073
LE-0003178,ORD-007086,2025-03-07,494.80,USD,B074
LE-0003179,ORD-001744,2025-02-19,692.06,USD,B075
LE-0003180,ORD-007736,2025-04-01,309.01,USD,B076
LE-0003181,ORD-002946,2025-03-08,839.00,USD,B077
LE-0003182,ORD-009556,2025-07-06,630.40,USD,B078
LE-0003183,ORD-006402,2025-08-12,178.18,USD,B079
LE-0003184,ORD-001635,2025-10-25,232.70,USD,B080
LE-0003185,ORD-008612,2025-03-03,549.20,USD,B081
LE-0003186,ORD-002495,2025-10-26,471.73,USD,B082
LE-0003187,ORD-008888,2025-11-05,490.47,USD,B083
LE-0003188,ORD-003695,2025-04-02,844.97,USD,B084
LE-0003189,ORD-010911,2025-06-14,751.67,USD,B085
LE-0003190,ORD-006836,2025-04-02,891.62,USD,B086
LE-0003191,ORD-008140,2025-04-01,548.33,USD,B087
LE-0003192,ORD-009591,2025-04-25,873.99,USD,B088
LE-0003193,ORD-008799,2025-08-06,578.84,USD,B089
LE-0003194,ORD-003417,2025-03-07,291.27,USD,B090
LE-0003195,ORD-001793,2025-09-24,181.70,USD,B091
LE-0003196,ORD-008436,2025-08-31,641.00,USD,B092
LE-0003197,ORD-005904,2025-11-16,22.15,USD,B093
LE-0003198,ORD-002469,2025-08-18,731.44,USD,B094
LE-0003199,ORD-004477,2025-11-19,239.79,USD,B095
LE-0003200,ORD-001703,2025-07-30,368.55,USD,B096
LE-0003201,ORD-003512,2025-04-22,601.44,USD,B000
LE-0003202,ORD-003467,2025-09-29,398.29,USD,B001
LE-0003203,ORD-010167,2025-06-03,523.15,USD,B002
LE-0003204,ORD-005033,2025-08-30,9.36,USD,B003
LE-0003205,ORD-004410,2025-02-16,169.00,USD,B004
LE-0003206,ORD-011458,2025-05-23,145.21,USD,B005
LE-0003207,ORD-011467,2025-07-17,488.16,USD,B006
LE-0003208,ORD-006063,2025-03-27,399.47,USD,B007
LE-0003209,ORD-010481,2025-09-10,80.91,USD,B008
LE-0003210,ORD-008729,2025-04-23,43.27,USD,B009
LE-0003211,ORD-009846,2025-10-21,893.70,USD,B010
LE-0003212,ORD-008446,2025-06-17,235.28,USD,B011
LE-0003213,ORD-009656,2025-02-18,308.96,USD,B012
LE-0003214,ORD-001923,2025-05-17,132.74,USD,B013
LE-0003215,ORD-000259,2025-10-05,658.26,USD,B014
LE-0003216,ORD-004779,2025-03-04,456.83,USD,B015
LE-0003217,ORD-008979,2025-08-05,289.58,USD,B016
LE-0003218,ORD-011599,2025-07-05,386.87,USD,B017
LE-0003219,ORD-003351,2025-08-12,599.99,USD,B018
LE-0003220,ORD-007154,2025-03-29,261.32,USD,B019
LE-0003221,ORD-010639,2025-08-21,118.94,USD,B020
LE-0003222,ORD-003249,2025-04-12,35.68,USD,B021
LE-0003223,ORD-006928,2025-05-31,81.65,USD,B022
LE-0003224,ORD-011065,2025-07-21,96.41,USD,B023
LE-0003225,ORD-006105,2025-02-27,638.16,USD,B024
LE-0003226,ORD-008933,2025-01-31,91.16,USD,B025
LE-0003227,ORD-010138,2025-10-24,684.30,USD,B026
LE-0003228,ORD-009400,2025-08-17,617.42,USD,B027
LE-0003229,ORD-011330,2025-02-04,249.75,USD,B028
LE-0003230,ORD-002862,2025-11-15,279.80,USD,B029
LE-0003231,ORD-011636,2025-12-12,426.71,USD,B030
LE-0003232,ORD-011149,2025-04-10,56.73,USD,B031
LE-0003233,ORD-008263,2025-03-06,491.76,USD,B032
LE-0003234,ORD-008023,2025-06-23,503.33,USD,B033
LE-0003235,ORD-011757,2025-04-14,217.65,USD,B034
LE-0003236,ORD-005668,2025-07-27,247.96,USD,B035
LE-0003237,ORD-002025,2025-02-13,815.75,USD,B036
LE-0003238,ORD-010309,2025-05-04,327.06,USD,B037
LE-0003239,ORD-002256,2025-03-16,233.42,USD,B038
LE-0003240,ORD-010792,2025-08-21,407.75,USD,B039
LE-0003241,ORD-000990,2025-05-23,835.94,USD,B040
LE-0003242,ORD-005528,2025-08-26,745.61,USD,B041
LE-0003243,ORD-003148,2025-08-25,256.74,USD,B042
LE-0003244,ORD-004626,2025-04-05,639.71,USD,B043
LE-0003245,ORD-004281,2025-07-30,793.68,USD,B044
LE-0003246,ORD-008138,2025-08-30,521.80,USD,B045
LE-0003247,ORD-000078,2025-05-23,540.17,USD,B046
LE-0003248,ORD-003899,2025-04-19,717.15,USD,B047
LE-0003249,ORD-011271,2025-10-30,557.10,USD,B048
LE-0003250,ORD-000745,2025-05-22,268.00,USD,B049
LE-0003251,ORD-006907,2025-09-19,378.20,USD,B050
LE-0003252,ORD-003762,2025-03-09,296.44,USD,B051
LE-0003253,ORD-007274,2025-06-26,681.19,USD,B052
LE-0003254,ORD-011216,2025-11-23,643.47,USD,B053
LE-0003255,ORD-006708,2025-10-07,75.73,USD,B054
LE-0003256,ORD-010289,2025-01-19,274.40,USD,B055
LE-0003257,ORD-000705,2025-06-10,462.95,USD,B056
LE-0003258,ORD-011514,2025-10-23,395.43,USD,B057
LE-0003259,ORD-006739,2025-04-28,225.62,USD,B058
LE-0003260,ORD-011375,2025-03-24,327.12,USD,B059
LE-0003261,ORD-001213,2025-03-29,321.08,USD,B060
LE-0003262,ORD-002266,2025-09-21,399.85,USD,B061
LE-0003263,ORD-005946,2025-09-11,193.28,USD,B062
LE-0003264,ORD-008605,2025-11-12,6.65,USD,B063
LE-0003265,ORD-008813,2025-02-08,691.78,USD,B064
LE-0003266,ORD-011191,2025-08-05,6.16,USD,B065
LE-0003267,ORD-002574,2025-08-15,350.19,USD,B066
LE-0003268,ORD-000036,2025-08-09,351.64,USD,B067
LE-0003269,ORD-011080,2025-08-28,103.67,USD,B068
LE-0003270,ORD-001414,2025-10-04,306.49,USD,B069
LE-0003271,ORD-011209,2025-03-07,840.10,USD,B070
LE-0003272,ORD-006543,2025-09-22,281.90,USD,B071
LE-0003273,ORD-000105,2025-05-19,258.00,USD,B072
LE-0003274,ORD-011422,2025-05-11,888.12,USD,B073
LE-0003275,ORD-006648,2025-06-13,172.06,USD,B074
LE-0003276,ORD-008851,2025-06-25,32.29,USD,B075
LE-0003277,ORD-009754,2025-08-04,820.05,USD,B076
LE-0003278,ORD-008054,2025-02-21,841.13,USD,B077
LE-0003279,ORD-001310,2025-08-12,849.33,USD,B078
LE-0003280,ORD-011240,2025-01-19,851.98,USD,B079
LE-0003281,ORD-006480,2025-02-19,441.24,USD,B080
LE-0003282,ORD-010405,2025-04-07,64.49,USD,B081
LE-0003283,ORD-009792,2025-08-07,770.70,USD,B082
LE-0003284,ORD-007307,2025-05-19,422.97,USD,B083
LE-0003285,ORD-002115,2025-01-04,512.25,USD,B084
LE-0003286,ORD-001681,2025-12-22,138.59,USD,B085
LE-0003287,ORD-001231,2025-04-27,427.32,USD,B086
LE-0003288,ORD-010622,2025-05-17,194.14,USD,B087
LE-0003289,ORD-010443,2025-12-03,709.14,USD,B088
LE-0003290,ORD-011662,2025-01-17,141.31,USD,B089
LE-0003291,ORD-003316,2025-10-17,585.54,USD,B090
LE-0003292,ORD-002283,2025-06-24,102.03,USD,B091
LE-0003293,ORD-010183,2025-07-30,410.62,USD,B092
LE-0003294,ORD-000475,2025-12-05,526.63,USD,B093
LE-0003295,ORD-007000,2025-04-10,646.56,USD,B094
LE-0003296,ORD-002028,2025-05-10,837.03,USD,B095
LE-0003297,ORD-003454,2025-07-26,815.66,USD,B096
LE-0003298,ORD-006780,2025-05-08,100.11,USD,B000
LE-0003299,ORD-001381,2025-12-16,854.43,USD,B001
LE-0003300,ORD-007693,2025-08-16,898.94,USD,B002
LE-0003301,ORD-011250,2025-05-27,686.51,USD,B003
LE-0003302,ORD-010037,2025-09-25,795.21,USD,B004
LE-0003303,ORD-009633,2025-07-01,289.13,USD,B005
LE-0003304,ORD-005034,2025-06-03,334.20,USD,B006
LE-0003305,ORD-009096,2025-11-03,178.26,USD,B007
LE-0003306,ORD-004935,2025-02-04,72.87,USD,B008
LE-0003307,ORD-000308,2025-06-05,519.69,USD,B009
LE-0003308,ORD-011094,2025-01-01,203.89,USD,B010
LE-0003309,ORD-007247,2025-02-23,353.10,USD,B011
LE-0003310,ORD-007750,2025-12-05,289.07,USD,B012
LE-0003311,ORD-007297,2025-08-23,535.02,USD,B013
LE-0003312,ORD-004275,2025-06-02,379.99,USD,B014
LE-0003313,ORD-006057,2025-11-18,645.75,USD,B015
LE-0003314,ORD-008753,2025-04-30,153.07,USD,B016
LE-0003315,ORD-002765,2025-10-20,385.99,USD,B017
LE-0003316,ORD-010997,2025-03-07,242.82,USD,B018
LE-0003317,ORD-003297,2025-10-23,532.42,USD,B019
LE-0003318,ORD-004879,2025-12-27,259.75,USD,B020
LE-0003319,ORD-008011,2025-12-31,35.82,USD,B021
LE-0003320,ORD-002517,2025-10-16,124.63,USD,B022
LE-0003321,ORD-002679,2025-12-02,267.39,USD,B023
LE-0003322,ORD-001201,2025-08-08,825.26,USD,B024
LE-0003323,ORD-009307,2025-08-07,349.98,USD,B025
LE-0003324,ORD-008080,2025-08-14,394.50,USD,B026
LE-0003325,ORD-007157,2025-10-27,655.72,USD,B027
LE-0003326,ORD-010453,2025-03-16,642.80,USD,B028
LE-0003327,ORD-005524,2025-08-19,371.36,USD,B029
LE-0003328,ORD-011389,2025-04-17,820.46,USD,B030
LE-0003329,ORD-008551,2025-04-12,860.76,USD,B031
LE-0003330,ORD-008022,2025-06-11,383.25,USD,B032
LE-0003331,ORD-007561,2025-08-09,837.20,USD,B033
LE-0003332,ORD-007278,2025-08-14,599.35,USD,B034
LE-0003333,ORD-001598,2025-10-01,8.44,USD,B035
LE-0003334,ORD-008444,2025-04-30,76.59,USD,B036
LE-0003335,ORD-007472,2025-11-14,463.10,USD,B037
LE-0003336,ORD-009016,2025-12-26,27.81,USD,B038
LE-0003337,ORD-008377,2025-03-24,763.19,USD,B039
LE-0003338,ORD-011005,2025-11-18,647.69,USD,B040
LE-0003339,ORD-009875,2025-06-14,648.47,USD,B041
LE-0003340,ORD-006330,2025-09-17,193.36,USD,B042
LE-0003341,ORD-002866,2025-08-24,489.62,USD,B043
LE-0003342,ORD-003233,2025-05-24,588.83,USD,B044
LE-0003343,ORD-002848,2025-12-22,646.49,USD,B045
LE-0003344,ORD-004710,2025-09-03,677.26,USD,B046
LE-0003345,ORD-011106,2025-07-06,110.46,USD,B047
LE-0003346,ORD-000940,2025-07-18,23.01,USD,B048
LE-0003347,ORD-000989,2025-10-12,38.04,USD,B049
LE-0003348,ORD-000721,2025-07-16,18.88,USD,B050
LE-0003349,ORD-011051,2025-05-24,367.73,USD,B051
LE-0003350,ORD-011292,2025-01-07,491.17,USD,B052
LE-0003351,ORD-004918,2025-07-20,752.33,USD,B053
LE-0003352,ORD-002170,2025-08-12,542.56,USD,B054
LE-0003353,ORD-001378,2025-12-27,225.10,USD,B055
LE-0003354,ORD-011710,2025-11-19,508.54,USD,B056
LE-0003355,ORD-009160,2025-02-18,581.53,USD,B057
LE-0003356,ORD-001302,2025-11-15,380.60,USD,B058
LE-0003357,ORD-009890,2025-07-02,430.66,USD,B059
LE-0003358,ORD-010881,2025-09-14,273.75,USD,B060
LE-0003359,ORD-010221,2025-08-03,216.99,USD,B061
LE-0003360,ORD-001232,2025-01-15,191.98,USD,B062
LE-0003361,ORD-006713,2025-07-31,174.75,USD,B063
LE-0003362,ORD-005108,2025-03-18,376.95,USD,B064
LE-0003363,ORD-001957,2025-11-19,386.15,USD,B065
LE-0003364,ORD-003850,2025-07-15,799.67,USD,B066
LE-0003365,ORD-010563,2025-01-24,742.45,USD,B067
LE-0003366,ORD-005159,2025-02-17,820.31,USD,B068
LE-0003367,ORD-005126,2025-11-24,707.39,USD,B069
LE-0003368,ORD-000806,2025-09-25,644.37,USD,B070
LE-0003369,ORD-010885,2025-04-03,22.91,USD,B071
LE-0003370,ORD-002102,2025-06-26,246.07,USD,B072
LE-0003371,ORD-002128,2025-08-29,47.68,USD,B073
LE-0003372,ORD-001978,2025-05-14,314.77,USD,B074
LE-0003373,ORD-010371,2025-04-29,551.66,USD,B075
LE-0003374,ORD-011771,2025-04-13,808.90,USD,B076
LE-0003375,ORD-008843,2025-12-27,319.22,USD,B077
LE-0003376,ORD-002337,2025-01-01,538.67,USD,B078
LE-0003377,ORD-006129,2025-01-20,553.19,USD,B079
LE-0003378,ORD-005469,2025-11-08,553.59,USD,B080
LE-0003379,ORD-007244,2025-05-13,35.96,USD,B081
LE-0003380,ORD-011565,2025-04-21,740.79,USD,B082
LE-0003381,ORD-011631,2025-07-10,66.36,USD,B083
LE-0003382,ORD-000048,2025-02-12,386.36,USD,B084
LE-0003383,ORD-004586,2025-01-01,131.39,USD,B085
LE-0003384,ORD-011208,2025-04-10,297.00,USD,B086
LE-0003385,ORD-011223,2025-07-29,741.66,USD,B087
LE-0003386,ORD-010176,2025-04-18,161.55,USD,B088
LE-0003387,ORD-001621,2025-07-10,659.46,USD,B089
LE-0003388,ORD-001421,2025-03-18,206.04,USD,B090
LE-0003389,ORD-010716,2025-08-10,369.76,USD,B091
LE-0003390,ORD-002893,2025-01-23,5.77,USD,B092
LE-0003391,ORD-004057,2025-04-28,576.52,USD,B093
LE-0003392,ORD-003991,2025-02-03,178.86,USD,B094
LE-0003393,ORD-004720,2025-04-19,126.26,USD,B095
LE-0003394,ORD-005956,2025-04-11,594.52,USD,B096
LE-0003395,ORD-006628,2025-06-05,230.15,USD,B000
LE-0003396,ORD-004382,2025-09-30,514.51,USD,B001
LE-0003397,ORD-010197,2025-04-05,391.25,USD,B002
LE-0003398,ORD-000484,2025-08-12,293.77,USD,B003
LE-0003399,ORD-007170,2025-09-22,453.12,USD,B004
LE-0003400,ORD-005224,2025-10-30,729.06,USD,B005
LE-0003401,ORD-002014,2025-06-03,837.80,USD,B006
LE-0003402,ORD-004523,2025-04-17,496.61,USD,B007
LE-0003403,ORD-003106,2025-11-07,527.62,USD,B008
LE-0003404,ORD-000051,2025-05-26,414.49,USD,B009
LE-0003405,ORD-002461,2025-04-18,201.49,USD,B010
LE-0003406,ORD-009872,2025-12-30,744.17,USD,B011
LE-0003407,ORD-002457,2025-08-21,519.89,USD,B012
LE-0003408,ORD-000161,2025-06-27,412.74,USD,B013
LE-0003409,ORD-004252,2025-02-18,146.79,USD,B014
LE-0003410,ORD-002527,2025-06-22,656.65,USD,B015
LE-0003411,ORD-011831,2025-07-16,816.09,USD,B016
LE-0003412,ORD-004157,2025-11-29,733.94,USD,B017
LE-0003413,ORD-002808,2025-03-29,429.73,USD,B018
LE-0003414,ORD-009894,2025-09-05,680.86,USD,B019
LE-0003415,ORD-010476,2025-08-18,202.35,USD,B020
LE-0003416,ORD-010465,2025-08-16,894.21,USD,B021
LE-0003417,ORD-010431,2025-01-13,246.01,USD,B022
LE-0003418,ORD-001804,2025-02-22,842.56,USD,B023
LE-0003419,ORD-010307,2025-04-13,192.08,USD,B024
LE-0003420,ORD-008958,2025-11-23,74.00,USD,B025
LE-0003421,ORD-000394,2025-11-08,583.51,USD,B026
LE-0003422,ORD-004518,2025-01-06,369.83,USD,B027
LE-0003423,ORD-002340,2025-07-08,669.41,USD,B028
LE-0003424,ORD-004504,2025-09-28,679.12,USD,B029
LE-0003425,ORD-004962,2025-08-21,281.15,USD,B030
LE-0003426,ORD-001176,2025-12-09,407.44,USD,B031
LE-0003427,ORD-001397,2025-08-19,143.84,USD,B032
LE-0003428,ORD-001666,2025-10-26,728.99,USD,B033
LE-0003429,ORD-005364,2025-05-15,643.30,USD,B034
LE-0003430,ORD-000640,2025-08-16,881.12,USD,B035
LE-0003431,ORD-009390,2025-12-25,888.94,USD,B036
LE-0003432,ORD-008201,2025-01-07,385.95,USD,B037
LE-0003433,ORD-007784,2025-10-24,16.05,USD,B038
LE-0003434,ORD-007714,2025-06-17,397.43,USD,B039
LE-0003435,ORD-002910,2025-07-26,190.51,USD,B040
LE-0003436,ORD-006917,2025-06-15,846.55,USD,B041
LE-0003437,ORD-004011,2025-09-23,240.07,USD,B042
LE-0003438,ORD-008355,2025-11-18,882.77,USD,B043
LE-0003439,ORD-006294,2025-01-18,865.17,USD,B044
LE-0003440,ORD-004487,2025-11-27,475.41,USD,B045
LE-0003441,ORD-010299,2025-09-16,347.13,USD,B046
LE-0003442,ORD-011730,2025-07-09,365.57,USD,B047
LE-0003443,ORD-006721,2025-09-17,296.66,USD,B048
LE-0003444,ORD-003068,2025-11-24,672.88,USD,B049
LE-0003445,ORD-000497,2025-12-14,544.20,USD,B050
LE-0003446,ORD-004159,2025-02-22,682.00,USD,B051
LE-0003447,ORD-011671,2025-06-06,808.49,USD,B052
LE-0003448,ORD-011006,2025-07-03,624.32,USD,B053
LE-0003449,ORD-009555,2025-07-23,851.90,USD,B054
LE-0003450,ORD-011818,2025-06-02,884.47,USD,B055
LE-0003451,ORD-002693,2025-11-02,369.38,USD,B056
LE-0003452,ORD-008148,2025-12-11,852.87,USD,B057
LE-0003453,ORD-003738,2025-02-01,451.11,USD,B058
LE-0003454,ORD-002709,2025-01-08,478.13,USD,B059
LE-0003455,ORD-000341,2025-09-09,862.64,USD,B060
LE-0003456,ORD-003638,2025-12-30,784.08,USD,B061
LE-0003457,ORD-007546,2025-11-18,746.90,USD,B062
LE-0003458,ORD-005135,2025-03-10,363.03,USD,B063
LE-0003459,ORD-007573,2025-10-07,464.94,USD,B064
LE-0003460,ORD-000995,2025-01-29,652.43,USD,B065
LE-0003461,ORD-005417,2025-05-25,484.73,USD,B066
LE-0003462,ORD-004615,2025-05-01,865.52,USD,B067
LE-0003463,ORD-002207,2025-09-05,724.19,USD,B068
LE-0003464,ORD-001864,2025-01-10,29.06,USD,B069
LE-0003465,ORD-002869,2025-02-09,245.71,USD,B070
LE-0003466,ORD-008844,2025-07-01,653.40,USD,B071
LE-0003467,ORD-002040,2025-08-31,373.31,USD,B072
LE-0003468,ORD-007107,2025-11-07,311.84,USD,B073
LE-0003469,ORD-005914,2025-02-21,554.73,USD,B074
LE-0003470,ORD-006408,2025-01-07,647.56,USD,B075
LE-0003471,ORD-008244,2025-11-09,362.67,USD,B076
LE-0003472,ORD-000533,2025-07-14,693.54,USD,B077
LE-0003473,ORD-004067,2025-11-02,806.55,USD,B078
LE-0003474,ORD-008333,2025-08-24,769.36,USD,B079
LE-0003475,ORD-008872,2025-03-16,578.77,USD,B080
LE-0003476,ORD-009240,2025-01-05,241.53,USD,B081
LE-0003477,ORD-001653,2025-04-05,54.96,USD,B082
LE-0003478,ORD-000166,2025-03-31,51.61,USD,B083
LE-0003479,ORD-008498,2025-01-04,113.03,USD,B084
LE-0003480,ORD-000786,2025-03-24,457.54,USD,B085
LE-0003481,ORD-003992,2025-08-08,157.84,USD,B086
LE-0003482,ORD-007223,2025-07-17,845.33,USD,B087
LE-0003483,ORD-002887,2025-11-29,415.48,USD,B088
LE-0003484,ORD-005031,2025-07-11,834.27,USD,B089
LE-0003485,ORD-002341,2025-02-28,36.73,USD,B090
LE-0003486,ORD-002738,2025-11-14,594.76,USD,B091
LE-0003487,ORD-000878,2025-09-27,766.31,USD,B092
LE-0003488,ORD-003963,2025-03-28,396.66,USD,B093
LE-0003489,ORD-002468,2025-11-15,554.83,USD,B094
LE-0003490,ORD-007150,2025-04-06,255.12,USD,B095
LE-0003491,ORD-006828,2025-08-17,534.41,USD,B096
LE-0003492,ORD-005370,2025-04-05,197.12,USD,B000
LE-0003493,ORD-002043,2025-02-01,510.03,USD,B001
LE-0003494,ORD-011350,2025-03-03,409.54,USD,B002
LE-0003495,ORD-004956,2025-10-14,243.54,USD,B003
LE-0003496,ORD-003308,2025-11-05,54.50,USD,B004
LE-0003497,ORD-009482,2025-08-14,177.20,USD,B005
LE-0003498,ORD-010514,2025-04-17,596.59,USD,B006
LE-0003499,ORD-007755,2025-03-10,120.00,USD,B007
LE-0003500,ORD-005317,2025-05-19,39.69,USD,B008
LE-0003501,ORD-009893,2025-02-21,495.85,USD,B009
LE-0003502,ORD-008848,2025-10-16,775.26,USD,B010
LE-0003503,ORD-006380,2025-01-26,434.87,USD,B011
LE-0003504,ORD-000933,2025-11-18,737.53,USD,B012
LE-0003505,ORD-004210,2025-07-31,95.62,USD,B013
LE-0003506,ORD-000668,2025-02-25,144.48,USD,B014
LE-0003507,ORD-010235,2025-11-04,617.20,USD,B015
LE-0003508,ORD-008467,2025-09-17,713.00,USD,B016
LE-0003509,ORD-004195,2025-09-07,459.32,USD,B017
LE-0003510,ORD-006906,2025-05-11,628.41,USD,B018
LE-0003511,ORD-005171,2025-08-01,349.16,USD,B019
LE-0003512,ORD-001188,2025-07-07,542.03,USD,B020
LE-0003513,ORD-008173,2025-01-02,397.56,USD,B021
LE-0003514,ORD-009615,2025-07-06,626.09,USD,B022
LE-0003515,ORD-009421,2025-04-02,169.36,USD,B023
LE-0003516,ORD-009259,2025-06-20,289.29,USD,B024
LE-0003517,ORD-004898,2025-06-09,198.99,USD,B025
LE-0003518,ORD-011485,2025-12-04,543.82,USD,B026
LE-0003519,ORD-000347,2025-10-08,573.63,USD,B027
LE-0003520,ORD-004120,2025-12-23,862.02,USD,B028
LE-0003521,ORD-009373,2025-09-16,364.68,USD,B029
LE-0003522,ORD-011667,2025-11-11,771.05,USD,B030
LE-0003523,ORD-010506,2025-09-19,708.54,USD,B031
LE-0003524,ORD-003415,2025-02-27,693.04,USD,B032
LE-0003525,ORD-003157,2025-10-23,579.68,USD,B033
LE-0003526,ORD-005872,2025-07-23,278.26,USD,B034
LE-0003527,ORD-007996,2025-01-18,546.66,USD,B035
LE-0003528,ORD-011060,2025-01-07,705.69,USD,B036
LE-0003529,ORD-006490,2025-04-15,859.21,USD,B037
LE-0003530,ORD-010269,2025-02-02,762.62,USD,B038
LE-0003531,ORD-009168,2025-07-20,148.04,USD,B039
LE-0003532,ORD-011311,2025-07-22,313.41,USD,B040
LE-0003533,ORD-008806,2025-04-10,112.31,USD,B041
LE-0003534,ORD-001490,2025-01-22,252.31,USD,B042
LE-0003535,ORD-005448,2025-08-25,135.66,USD,B043
LE-0003536,ORD-005572,2025-04-10,528.95,USD,B044
LE-0003537,ORD-000547,2025-10-21,431.75,USD,B045
LE-0003538,ORD-009081,2025-03-03,874.06,USD,B046
LE-0003539,ORD-009191,2025-02-21,341.11,USD,B047
LE-0003540,ORD-006409,2025-12-01,645.10,USD,B048
LE-0003541,ORD-006343,2025-02-27,361.86,USD,B049
LE-0003542,ORD-008125,2025-03-03,101.88,USD,B050
LE-0003543,ORD-004899,2025-10-19,432.68,USD,B051
LE-0003544,ORD-002476,2025-03-02,784.73,USD,B052
LE-0003545,ORD-002978,2025-11-28,68.00,USD,B053
LE-0003546,ORD-010590,2025-05-12,275.51,USD,B054
LE-0003547,ORD-010810,2025-11-23,697.66,USD,B055
LE-0003548,ORD-007633,2025-07-02,374.27,USD,B056
LE-0003549,ORD-011608,2025-07-01,62.61,USD,B057
LE-0003550,ORD-010146,2025-05-17,344.80,USD,B058
LE-0003551,ORD-007329,2025-10-13,346.64,USD,B059
LE-0003552,ORD-006461,2025-06-03,35.45,USD,B060
LE-0003553,ORD-003158,2025-04-06,789.59,USD,B061
LE-0003554,ORD-005691,2025-04-28,22.36,USD,B062
LE-0003555,ORD-001301,2025-05-15,232.91,USD,B063
LE-0003556,ORD-005288,2025-11-10,118.52,USD,B064
LE-0003557,ORD-001631,2025-05-13,248.80,USD,B065
LE-0003558,ORD-004439,2025-01-22,102.78,USD,B066
LE-0003559,ORD-002446,2025-06-25,99.82,USD,B067
LE-0003560,ORD-002797,2025-11-06,705.61,USD,B068
LE-0003561,ORD-006879,2025-10-03,732.26,USD,B069
LE-0003562,ORD-001689,2025-11-22,254.49,USD,B070
LE-0003563,ORD-006022,2025-05-06,785.22,USD,B071
LE-0003564,ORD-009463,2025-04-24,782.34,USD,B072
LE-0003565,ORD-007071,2025-08-06,600.70,USD,B073
LE-0003566,ORD-010863,2025-01-21,493.23,USD,B074
LE-0003567,ORD-006945,2025-08-29,316.78,USD,B075
LE-0003568,ORD-000817,2025-08-19,686.36,USD,B076
LE-0003569,ORD-003505,2025-10-16,563.15,USD,B077
LE-0003570,ORD-005303,2025-01-21,502.95,USD,B078
LE-0003571,ORD-002944,2025-01-28,9.26,USD,B079
LE-0003572,ORD-005514,2025-05-14,517.73,USD,B080
LE-0003573,ORD-002184,2025-09-16,631.15,USD,B081
LE-0003574,ORD-010147,2025-03-25,565.90,USD,B082
LE-0003575,ORD-006902,2025-07-29,458.46,USD,B083
LE-0003576,ORD-004164,2025-03-03,486.86,USD,B084
LE-0003577,ORD-003049,2025-07-13,406.22,USD,B085
LE-0003578,ORD-003162,2025-05-12,889.17,USD,B086
LE-0003579,ORD-010416,2025-04-13,14.23,USD,B087
LE-0003580,ORD-003100,2025-01-14,684.25,USD,B088
LE-0003581,ORD-004376,2025-12-28,558.53,USD,B089
LE-0003582,ORD-000464,2025-09-01,342.19,USD,B090
LE-0003583,ORD-004118,2025-10-27,415.96,USD,B091
LE-0003584,ORD-000963,2025-07-11,832.97,USD,B092
LE-0003585,ORD-007112,2025-01-10,228.21,USD,B093
LE-0003586,ORD-011695,2025-09-02,225.22,USD,B094
LE-0003587,ORD-008271,2025-04-29,410.39,USD,B095
LE-0003588,ORD-005104,2025-07-20,779.71,USD,B096
LE-0003589,ORD-009147,2025-12-07,300.65,USD,B000
LE-0003590,ORD-006930,2025-01-13,794.25,USD,B001
LE-0003591,ORD-006440,2025-01-23,553.64,USD,B002
LE-0003592,ORD-008665,2025-11-30,506.22,USD,B003
LE-0003593,ORD-004911,2025-12-03,467.34,USD,B004
LE-0003594,ORD-004130,2025-09-17,825.77,USD,B005
LE-0003595,ORD-003275,2025-01-19,293.50,USD,B006
LE-0003596,ORD-004781,2025-07-13,624.71,USD,B007
LE-0003597,ORD-003312,2025-04-19,828.79,USD,B008
LE-0003598,ORD-002846,2025-10-12,115.47,USD,B009
LE-0003599,ORD-011658,2025-04-27,8.15,USD,B010
LE-0003600,ORD-005755,2025-08-17,289.01,USD,B011
LE-0003601,ORD-011586,2025-10-25,206.35,USD,B012
LE-0003602,ORD-008627,2025-05-01,133.00,USD,B013
LE-0003603,ORD-001973,2025-11-23,309.43,USD,B014
LE-0003604,ORD-002471,2025-01-02,336.05,USD,B015
LE-0003605,ORD-011122,2025-07-19,509.08,USD,B016
LE-0003606,ORD-003683,2025-12-28,165.79,USD,B017
LE-0003607,ORD-004687,2025-05-21,396.92,USD,B018
LE-0003608,ORD-001228,2025-01-26,404.83,USD,B019
LE-0003609,ORD-003546,2025-03-24,294.83,USD,B020
LE-0003610,ORD-005645,2025-11-21,518.33,USD,B021
LE-0003611,ORD-009255,2025-08-31,849.40,USD,B022
LE-0003612,ORD-001918,2025-11-05,734.28,USD,B023
LE-0003613,ORD-007515,2025-05-19,262.00,USD,B024
LE-0003614,ORD-003569,2025-02-18,89.00,USD,B025
LE-0003615,ORD-004524,2025-11-08,426.34,USD,B026
LE-0003616,ORD-008676,2025-03-09,31.09,USD,B027
LE-0003617,ORD-001657,2025-10-22,297.86,USD,B028
LE-0003618,ORD-000388,2025-11-19,447.73,USD,B029
LE-0003619,ORD-007482,2025-05-18,175.20,USD,B030
LE-0003620,ORD-003382,2025-02-21,39.44,USD,B031
LE-0003621,ORD-010635,2025-11-22,19.09,USD,B032
LE-0003622,ORD-002727,2025-03-09,164.07,USD,B033
LE-0003623,ORD-008730,2025-01-18,327.16,USD,B034
LE-0003624,ORD-006216,2025-12-13,844.06,USD,B035
LE-0003625,ORD-003473,2025-01-09,844.75,USD,B036
LE-0003626,ORD-007720,2025-05-17,187.61,USD,B037
LE-0003627,ORD-009305,2025-08-28,745.38,USD,B038
LE-0003628,ORD-008481,2025-03-20,210.97,USD,B039
LE-0003629,ORD-011229,2025-08-30,142.98,USD,B040
LE-0003630,ORD-011642,2025-04-16,167.81,USD,B041
LE-0003631,ORD-008447,2025-10-22,549.69,USD,B042
LE-0003632,ORD-007232,2025-02-14,323.48,USD,B043
LE-0003633,ORD-006903,2025-06-17,235.32,USD,B044
LE-0003634,ORD-010455,2025-07-18,849.22,USD,B045
LE-0003635,ORD-002761,2025-07-11,431.51,USD,B046
LE-0003636,ORD-002368,2025-09-28,21.85,USD,B047
LE-0003637,ORD-004341,2025-06-02,488.97,USD,B048
LE-0003638,ORD-006918,2025-06-08,758.57,USD,B049
LE-0003639,ORD-004185,2025-12-14,487.23,USD,B050
LE-0003640,ORD-008871,2025-10-06,330.49,USD,B051
LE-0003641,ORD-000943,2025-03-16,590.68,USD,B052
LE-0003642,ORD-000601,2025-10-10,820.88,USD,B053
LE-0003643,ORD-005371,2025-10-09,114.09,USD,B054
LE-0003644,ORD-003479,2025-11-03,12.12,USD,B055
LE-0003645,ORD-002821,2025-04-17,135.11,USD,B056
LE-0003646,ORD-002731,2025-10-01,552.60,USD,B057
LE-0003647,ORD-002053,2025-01-29,848.41,USD,B058
LE-0003648,ORD-003614,2025-05-02,468.40,USD,B059
LE-0003649,ORD-004298,2025-09-27,704.74,USD,B060
LE-0003650,ORD-005007,2025-01-03,108.87,USD,B061
LE-0003651,ORD-003129,2025-05-29,220.55,USD,B062
LE-0003652,ORD-006641,2025-12-30,504.00,USD,B063
LE-0003653,ORD-007346,2025-06-24,201.52,USD,B064
LE-0003654,ORD-008457,2025-05-22,461.17,USD,B065
LE-0003655,ORD-004059,2025-09-25,542.36,USD,B066
LE-0003656,ORD-010918,2025-07-11,374.46,USD,B067
LE-0003657,ORD-010653,2025-12-02,713.07,USD,B068
LE-0003658,ORD-006367,2025-07-18,557.47,USD,B069
LE-0003659,ORD-001872,2025-12-16,822.72,USD,B070
LE-0003660,ORD-009442,2025-02-05,681.66,USD,B071
LE-0003661,ORD-005117,2025-08-26,213.51,USD,B072
LE-0003662,ORD-004604,2025-02-26,411.16,USD,B073
LE-0003663,ORD-009876,2025-10-25,790.55,USD,B074
LE-0003664,ORD-001130,2025-10-24,187.90,USD,B075
LE-0003665,ORD-011519,2025-04-22,507.76,USD,B076
LE-0003666,ORD-003066,2025-12-06,872.60,USD,B077
LE-0003667,ORD-007708,2025-02-22,543.13,USD,B078
LE-0003668,ORD-011629,2025-12-23,133.16,USD,B079
LE-0003669,ORD-008295,2025-10-20,795.78,USD,B080
LE-0003670,ORD-009500,2025-08-09,168.79,USD,B081
LE-0003671,ORD-002314,2025-03-11,518.00,USD,B082
LE-0003672,ORD-002583,2025-06-10,150.90,USD,B083
LE-0003673,ORD-007025,2025-08-24,648.68,USD,B084
LE-0003674,ORD-008239,2025-05-06,406.36,USD,B085
LE-0003675,ORD-007471,2025-11-20,559.84,USD,B086
LE-0003676,ORD-007848,2025-04-06,254.31,USD,B087
LE-0003677,ORD-008380,2025-11-23,663.14,USD,B088
LE-0003678,ORD-000677,2025-04-30,356.71,USD,B089
LE-0003679,ORD-000448,2025-08-18,602.72,USD,B090
LE-0003680,ORD-006369,2025-09-08,323.16,USD,B091
LE-0003681,ORD-009933,2025-09-20,52.45,USD,B092
LE-0003682,ORD-006160,2025-04-28,179.80,USD,B093
LE-0003683,ORD-000996,2025-05-17,235.68,USD,B094
LE-0003684,ORD-002954,2025-10-14,625.53,USD,B095
LE-0003685,ORD-007142,2025-08-25,499.61,USD,B096
LE-0003686,ORD-006629,2025-03-28,412.91,USD,B000
LE-0003687,ORD-009461,2025-03-13,546.65,USD,B001
LE-0003688,ORD-008431,2025-11-02,643.36,USD,B002
LE-0003689,ORD-007425,2025-02-16,648.82,USD,B003
LE-0003690,ORD-007328,2025-12-03,61.96,USD,B004
LE-0003691,ORD-004071,2025-09-12,593.47,USD,B005
LE-0003692,ORD-005596,2025-08-29,94.47,USD,B006
LE-0003693,ORD-005553,2025-08-08,161.11,USD,B007
LE-0003694,ORD-000476,2025-02-01,747.29,USD,B008
LE-0003695,ORD-005863,2025-03-03,220.28,USD,B009
LE-0003696,ORD-008404,2025-01-09,349.87,USD,B010
LE-0003697,ORD-005002,2025-03-17,871.72,USD,B011
LE-0003698,ORD-009165,2025-10-22,670.89,USD,B012
LE-0003699,ORD-001778,2025-06-01,593.65,USD,B013
LE-0003700,ORD-000337,2025-11-11,277.64,USD,B014
LE-0003701,ORD-003736,2025-07-10,692.86,USD,B015
LE-0003702,ORD-009919,2025-06-22,825.02,USD,B016
LE-0003703,ORD-007540,2025-11-11,89.09,USD,B017
LE-0003704,ORD-011032,2025-04-07,730.81,USD,B018
LE-0003705,ORD-004635,2025-06-21,816.91,USD,B019
LE-0003706,ORD-002925,2025-06-07,655.00,USD,B020
LE-0003707,ORD-006556,2025-05-30,285.64,USD,B021
LE-0003708,ORD-009560,2025-12-06,666.16,USD,B022
LE-0003709,ORD-008613,2025-02-24,779.14,USD,B023
LE-0003710,ORD-011248,2025-12-01,192.27,USD,B024
LE-0003711,ORD-008268,2025-12-15,50.40,USD,B025
LE-0003712,ORD-008483,2025-05-12,826.09,USD,B026
LE-0003713,ORD-011345,2025-03-18,643.81,USD,B027
LE-0003714,ORD-005515,2025-10-01,422.85,USD,B028
LE-0003715,ORD-008280,2025-05-07,542.46,USD,B029
LE-0003716,ORD-011714,2025-06-14,84.72,USD,B030
LE-0003717,ORD-011453,2025-11-28,581.49,USD,B031
LE-0003718,ORD-003149,2025-08-09,130.96,USD,B032
LE-0003719,ORD-007607,2025-03-01,569.32,USD,B033
LE-0003720,ORD-008761,2025-10-07,124.15,USD,B034
LE-0003721,ORD-003494,2025-07-24,463.03,USD,B035
LE-0003722,ORD-003006,2025-08-18,424.83,USD,B036
LE-0003723,ORD-008171,2025-05-05,184.34,USD,B037
LE-0003724,ORD-000453,2025-04-02,577.23,USD,B038
LE-0003725,ORD-005835,2025-12-08,732.38,USD,B039
LE-0003726,ORD-004753,2025-06-01,114.43,USD,B040
LE-0003727,ORD-007655,2025-11-16,817.73,USD,B041
LE-0003728,ORD-007262,2025-12-23,443.96,USD,B042
LE-0003729,ORD-007563,2025-11-05,727.69,USD,B043
LE-0003730,ORD-000460,2025-11-04,500.60,USD,B044
LE-0003731,ORD-009215,2025-04-09,260.66,USD,B045
LE-0003732,ORD-005675,2025-06-26,556.63,USD,B046
LE-0003733,ORD-006914,2025-10-10,9.33,USD,B047
LE-0003734,ORD-006834,2025-04-06,778.26,USD,B048
LE-0003735,ORD-001299,2025-01-25,271.60,USD,B049
LE-0003736,ORD-006231,2025-10-12,217.43,USD,B050
LE-0003737,ORD-006592,2025-03-23,350.61,USD,B051
LE-0003738,ORD-005855,2025-03-13,740.29,USD,B052
LE-0003739,ORD-010331,2025-06-25,534.49,USD,B053
LE-0003740,ORD-005958,2025-05-20,820.96,USD,B054
LE-0003741,ORD-010785,2025-07-23,622.14,USD,B055
LE-0003742,ORD-002379,2025-11-30,420.75,USD,B056
LE-0003743,ORD-000868,2025-11-08,699.78,USD,B057
LE-0003744,ORD-006317,2025-02-13,187.37,USD,B058
LE-0003745,ORD-007766,2025-02-04,806.68,USD,B059
LE-0003746,ORD-009154,2025-09-13,765.42,USD,B060
LE-0003747,ORD-001951,2025-02-07,464.95,USD,B061
LE-0003748,ORD-005712,2025-04-07,489.67,USD,B062
LE-0003749,ORD-008812,2025-12-23,433.51,USD,B063
LE-0003750,ORD-002210,2025-07-18,474.22,USD,B064
LE-0003751,ORD-008696,2025-11-02,13.86,USD,B065
LE-0003752,ORD-000216,2025-07-04,226.43,USD,B066
LE-0003753,ORD-000813,2025-09-02,346.95,USD,B067
LE-0003754,ORD-003981,2025-06-13,46.76,USD,B068
LE-0003755,ORD-008574,2025-05-17,579.71,USD,B069
LE-0003756,ORD-000856,2025-09-14,372.61,USD,B070
LE-0003757,ORD-007513,2025-03-05,234.51,USD,B071
LE-0003758,ORD-000608,2025-03-12,334.63,USD,B072
LE-0003759,ORD-009162,2025-05-29,512.47,USD,B073
LE-0003760,ORD-003217,2025-06-22,58.20,USD,B074
LE-0003761,ORD-003999,2025-07-22,376.36,USD,B075
LE-0003762,ORD-002867,2025-12-26,444.82,USD,B076
LE-0003763,ORD-010067,2025-07-22,301.35,USD,B077
LE-0003764,ORD-010924,2025-03-13,392.38,USD,B078
LE-0003765,ORD-000858,2025-12-28,22.24,USD,B079
LE-0003766,ORD-006731,2025-08-09,884.76,USD,B080
LE-0003767,ORD-005724,2025-04-17,94.18,USD,B081
LE-0003768,ORD-005396,2025-03-21,81.78,USD,B082
LE-0003769,ORD-005922,2025-08-04,519.86,USD,B083
LE-0003770,ORD-009089,2025-06-11,852.49,USD,B084
LE-0003771,ORD-011085,2025-07-24,640.47,USD,B085
LE-0003772,ORD-005821,2025-04-03,98.14,USD,B086
LE-0003773,ORD-006610,2025-12-16,543.93,USD,B087
LE-0003774,ORD-000741,2025-05-09,296.38,USD,B088
LE-0003775,ORD-000316,2025-06-13,812.99,USD,B089
LE-0003776,ORD-002672,2025-01-06,691.60,USD,B090
LE-0003777,ORD-011821,2025-08-02,335.57,USD,B091
LE-0003778,ORD-004826,2025-05-08,142.35,USD,B092
LE-0003779,ORD-003749,2025-11-04,207.52,USD,B093
LE-0003780,ORD-007604,2025-08-17,782.36,USD,B094
LE-0003781,ORD-003549,2025-06-19,683.34,USD,B095
LE-0003782,ORD-006668,2025-09-03,125.63,USD,B096
LE-0003783,ORD-000423,2025-09-15,92.00,USD,B000
LE-0003784,ORD-003037,2025-06-18,164.61,USD,B001
LE-0003785,ORD-011777,2025-02-24,26.45,USD,B002
LE-0003786,ORD-001530,2025-03-03,556.39,USD,B003
LE-0003787,ORD-008406,2025-10-16,793.99,USD,B004
LE-0003788,ORD-002374,2025-07-25,139.21,USD,B005
LE-0003789,ORD-001019,2025-08-06,766.00,USD,B006
LE-0003790,ORD-007309,2025-12-04,399.63,USD,B007
LE-0003791,ORD-011768,2025-04-23,707.01,USD,B008
LE-0003792,ORD-002881,2025-02-11,303.17,USD,B009
LE-0003793,ORD-006466,2025-04-16,223.70,USD,B010
LE-0003794,ORD-004326,2025-01-31,636.43,USD,B011
LE-0003795,ORD-002684,2025-11-29,753.66,USD,B012
LE-0003796,ORD-008532,2025-10-26,32.33,USD,B013
LE-0003797,ORD-003131,2025-12-28,497.63,USD,B014
LE-0003798,ORD-008453,2025-03-10,531.20,USD,B015
LE-0003799,ORD-009326,2025-01-05,405.83,USD,B016
LE-0003800,ORD-003913,2025-11-21,512.39,USD,B017
LE-0003801,ORD-007621,2025-05-18,589.29,USD,B018
LE-0003802,ORD-005828,2025-03-10,688.69,USD,B019
LE-0003803,ORD-008659,2025-06-18,791.59,USD,B020
LE-0003804,ORD-001544,2025-05-12,898.11,USD,B021
LE-0003805,ORD-010583,2025-07-08,232.89,USD,B022
LE-0003806,ORD-005965,2025-10-29,531.03,USD,B023
LE-0003807,ORD-010166,2025-01-04,665.62,USD,B024
LE-0003808,ORD-006196,2025-01-20,177.25,USD,B025
LE-0003809,ORD-006264,2025-09-16,776.55,USD,B026
LE-0003810,ORD-008362,2025-04-17,297.79,USD,B027
LE-0003811,ORD-004773,2025-10-18,746.00,USD,B028
LE-0003812,ORD-005610,2025-12-23,889.55,USD,B029
LE-0003813,ORD-007757,2025-06-19,555.88,USD,B030
LE-0003814,ORD-001754,2025-03-26,608.97,USD,B031
LE-0003815,ORD-011290,2025-02-18,65.04,USD,B032
LE-0003816,ORD-004920,2025-07-03,698.37,USD,B033
LE-0003817,ORD-002542,2025-09-16,561.04,USD,B034
LE-0003818,ORD-007367,2025-03-23,442.23,USD,B035
LE-0003819,ORD-011752,2025-12-30,898.63,USD,B036
LE-0003820,ORD-004137,2025-11-06,245.85,USD,B037
LE-0003821,ORD-002089,2025-12-05,725.01,USD,B038
LE-0003822,ORD-007967,2025-01-10,661.07,USD,B039
LE-0003823,ORD-000934,2025-09-12,567.40,USD,B040
LE-0003824,ORD-004783,2025-12-30,866.37,USD,B041
LE-0003825,ORD-007438,2025-07-21,389.31,USD,B042
LE-0003826,ORD-000866,2025-09-28,679.07,USD,B043
LE-0003827,ORD-004299,2025-04-08,283.00,USD,B044
LE-0003828,ORD-005377,2025-08-14,738.11,USD,B045
LE-0003829,ORD-008478,2025-03-11,545.30,USD,B046
LE-0003830,ORD-000570,2025-07-05,544.69,USD,B047
LE-0003831,ORD-004741,2025-02-18,357.13,USD,B048
LE-0003832,ORD-005719,2025-04-19,210.55,USD,B049
LE-0003833,ORD-009309,2025-12-06,683.82,USD,B050
LE-0003834,ORD-000173,2025-01-29,563.25,USD,B051
LE-0003835,ORD-001522,2025-07-27,79.12,USD,B052
LE-0003836,ORD-007856,2025-12-16,75.41,USD,B053
LE-0003837,ORD-011429,2025-11-14,861.33,USD,B054
LE-0003838,ORD-009627,2025-10-19,689.09,USD,B055
LE-0003839,ORD-006672,2025-06-21,13.98,USD,B056
LE-0003840,ORD-003255,2025-06-21,311.46,USD,B057
LE-0003841,ORD-000025,2025-09-11,827.86,USD,B058
LE-0003842,ORD-003205,2025-03-05,152.35,USD,B059
LE-0003843,ORD-006572,2025-05-12,872.25,USD,B060
LE-0003844,ORD-010555,2025-08-09,835.89,USD,B061
LE-0003845,ORD-007311,2025-12-10,798.00,USD,B062
LE-0003846,ORD-007419,2025-03-25,435.22,USD,B063
LE-0003847,ORD-001458,2025-11-29,175.17,USD,B064
LE-0003848,ORD-011021,2025-08-14,329.87,USD,B065
LE-0003849,ORD-009795,2025-08-31,573.83,USD,B066
LE-0003850,ORD-002711,2025-06-05,883.31,USD,B067
LE-0003851,ORD-006935,2025-10-15,810.15,USD,B068
LE-0003852,ORD-000491,2025-07-14,7.86,USD,B069
LE-0003853,ORD-003187,2025-04-30,589.42,USD,B070
LE-0003854,ORD-010614,2025-10-19,676.25,USD,B071
LE-0003855,ORD-001853,2025-01-08,210.59,USD,B072
LE-0003856,ORD-000417,2025-03-25,674.05,USD,B073
LE-0003857,ORD-007484,2025-06-06,223.09,USD,B074
LE-0003858,ORD-005405,2025-06-09,871.56,USD,B075
LE-0003859,ORD-000976,2025-04-01,457.62,USD,B076
LE-0003860,ORD-006809,2025-04-24,116.00,USD,B077
LE-0003861,ORD-009234,2025-08-24,183.64,USD,B078
LE-0003862,ORD-002681,2025-07-24,150.04,USD,B079
LE-0003863,ORD-011239,2025-07-13,9.14,USD,B080
LE-0003864,ORD-009914,2025-04-10,438.15,USD,B081
LE-0003865,ORD-011804,2025-02-09,647.77,USD,B082
LE-0003866,ORD-000213,2025-11-02,787.12,USD,B083
LE-0003867,ORD-006037,2025-05-11,202.18,USD,B084
LE-0003868,ORD-005350,2025-01-26,753.65,USD,B085
LE-0003869,ORD-000462,2025-09-29,552.62,USD,B086
LE-0003870,ORD-004691,2025-01-22,512.59,USD,B087
LE-0003871,ORD-011621,2025-08-08,122.76,USD,B088
LE-0003872,ORD-007519,2025-07-25,286.73,USD,B089
LE-0003873,ORD-000407,2025-11-07,174.50,USD,B090
LE-0003874,ORD-004364,2025-08-12,725.84,USD,B091
LE-0003875,ORD-007197,2025-08-03,49.88,USD,B092
LE-0003876,ORD-010267,2025-08-31,167.46,USD,B093
LE-0003877,ORD-006959,2025-06-28,831.78,USD,B094
LE-0003878,ORD-001412,2025-12-03,359.79,USD,B095
LE-0003879,ORD-008811,2025-08-16,252.00,USD,B096
LE-0003880,ORD-006915,2025-05-06,599.33,USD,B000
LE-0003881,ORD-010123,2025-08-26,25.82,USD,B001
LE-0003882,ORD-003644,2025-11-27,339.00,USD,B002
LE-0003883,ORD-008649,2025-02-15,410.25,USD,B003
LE-0003884,ORD-006443,2025-10-15,383.18,USD,B004
LE-0003885,ORD-008719,2025-06-06,216.43,USD,B005
LE-0003886,ORD-006742,2025-05-15,722.64,USD,B006
LE-0003887,ORD-007707,2025-05-31,570.89,USD,B007
LE-0003888,ORD-005307,2025-02-10,613.25,USD,B008
LE-0003889,ORD-003964,2025-07-14,858.39,USD,B009
LE-0003890,ORD-010227,2025-01-31,853.19,USD,B010
LE-0003891,ORD-007479,2025-06-25,758.44,USD,B011
LE-0003892,ORD-004375,2025-04-01,15.21,USD,B012
LE-0003893,ORD-003921,2025-11-24,776.08,USD,B013
LE-0003894,ORD-009444,2025-11-24,297.00,USD,B014
LE-0003895,ORD-002163,2025-01-16,431.20,USD,B015
LE-0003896,ORD-008905,2025-07-15,55.45,USD,B016
LE-0003897,ORD-000429,2025-02-15,125.92,USD,B017
LE-0003898,ORD-011716,2025-10-22,617.94,USD,B018
LE-0003899,ORD-010458,2025-08-15,659.60,USD,B019
LE-0003900,ORD-010736,2025-07-25,478.46,USD,B020
LE-0003901,ORD-004402,2025-08-03,676.00,USD,B021
LE-0003902,ORD-001953,2025-04-18,725.82,USD,B022
LE-0003903,ORD-006192,2025-06-26,170.87,USD,B023
LE-0003904,ORD-007364,2025-02-23,282.43,USD,B024
LE-0003905,ORD-002303,2025-11-01,272.65,USD,B025
LE-0003906,ORD-002755,2025-07-19,388.57,USD,B026
LE-0003907,ORD-002822,2025-08-20,520.43,USD,B027
LE-0003908,ORD-007323,2025-06-20,535.30,USD,B028
LE-0003909,ORD-010523,2025-05-25,323.46,USD,B029
LE-0003910,ORD-004217,2025-05-04,828.02,USD,B030
LE-0003911,ORD-010991,2025-12-04,616.21,USD,B031
LE-0003912,ORD-002853,2025-02-26,611.05,USD,B032
LE-0003913,ORD-006134,2025-04-06,166.05,USD,B033
LE-0003914,ORD-002852,2025-04-15,462.61,USD,B034
LE-0003915,ORD-003453,2025-08-27,506.66,USD,B035
LE-0003916,ORD-002993,2025-04-03,711.55,USD,B036
LE-0003917,ORD-001654,2025-02-21,414.39,USD,B037
LE-0003918,ORD-010367,2025-04-13,361.52,USD,B038
LE-0003919,ORD-004400,2025-06-19,380.27,USD,B039
LE-0003920,ORD-007685,2025-01-02,335.55,USD,B040
LE-0003921,ORD-005861,2025-11-01,82.14,USD,B041
LE-0003922,ORD-009687,2025-08-31,40.22,USD,B042
LE-0003923,ORD-001558,2025-08-11,488.56,USD,B043
LE-0003924,ORD-005915,2025-01-18,800.11,USD,B044
LE-0003925,ORD-006460,2025-11-10,406.17,USD,B045
LE-0003926,ORD-001087,2025-02-01,380.77,USD,B046
LE-0003927,ORD-006388,2025-01-06,253.90,USD,B047
LE-0003928,ORD-005256,2025-08-03,478.85,USD,B048
LE-0003929,ORD-007639,2025-01-29,286.32,USD,B049
LE-0003930,ORD-003113,2025-06-14,369.23,USD,B050
LE-0003931,ORD-010837,2025-04-27,767.38,USD,B051
LE-0003932,ORD-008908,2025-12-19,830.38,USD,B052
LE-0003933,ORD-007598,2025-06-02,305.07,USD,B053
LE-0003934,ORD-006557,2025-11-10,650.69,USD,B054
LE-0003935,ORD-007674,2025-05-28,617.32,USD,B055
LE-0003936,ORD-009077,2025-02-24,703.80,USD,B056
LE-0003937,ORD-000356,2025-02-13,597.30,USD,B057
LE-0003938,ORD-001326,2025-09-25,660.14,USD,B058
LE-0003939,ORD-006104,2025-01-14,233.00,USD,B059
LE-0003940,ORD-010413,2025-08-03,778.37,USD,B060
LE-0003941,ORD-005998,2025-08-05,6.78,USD,B061
LE-0003942,ORD-008010,2025-03-06,871.81,USD,B062
LE-0003943,ORD-000436,2025-03-29,437.11,USD,B063
LE-0003944,ORD-008689,2025-06-12,26.40,USD,B064
LE-0003945,ORD-007098,2025-02-24,26.69,USD,B065
LE-0003946,ORD-003573,2025-08-23,172.19,USD,B066
LE-0003947,ORD-007518,2025-07-15,39.93,USD,B067
LE-0003948,ORD-000791,2025-11-14,832.15,USD,B068
LE-0003949,ORD-009635,2025-08-02,303.27,USD,B069
LE-0003950,ORD-009553,2025-04-23,38.97,USD,B070
LE-0003951,ORD-002230,2025-10-09,115.52,USD,B071
LE-0003952,ORD-007109,2025-02-23,486.06,USD,B072
LE-0003953,ORD-000645,2025-08-05,549.78,USD,B073
LE-0003954,ORD-010410,2025-02-16,576.47,USD,B074
LE-0003955,ORD-009683,2025-05-12,764.16,USD,B075
LE-0003956,ORD-009018,2025-12-24,735.74,USD,B076
LE-0003957,ORD-010604,2025-05-27,843.88,USD,B077
LE-0003958,ORD-006390,2025-08-03,697.48,USD,B078
LE-0003959,ORD-006550,2025-06-12,659.29,USD,B079
LE-0003960,ORD-007726,2025-10-19,220.26,USD,B080
LE-0003961,ORD-009172,2025-04-04,665.30,USD,B081
LE-0003962,ORD-010941,2025-06-22,493.21,USD,B082
LE-0003963,ORD-004616,2025-06-18,495.73,USD,B083
LE-0003964,ORD-003885,2025-11-28,264.14,USD,B084
LE-0003965,ORD-008585,2025-09-23,752.44,USD,B085
LE-0003966,ORD-003448,2025-09-11,339.75,USD,B086
LE-0003967,ORD-003057,2025-02-15,737.13,USD,B087
LE-0003968,ORD-009741,2025-01-23,139.50,USD,B088
LE-0003969,ORD-006751,2025-08-29,573.58,USD,B089
LE-0003970,ORD-003139,2025-09-02,49.13,USD,B090
LE-0003971,ORD-006335,2025-12-15,101.68,USD,B091
LE-0003972,ORD-009462,2025-10-18,276.97,USD,B092
LE-0003973,ORD-009779,2025-06-10,840.83,USD,B093
LE-0003974,ORD-006227,2025-03-03,374.00,USD,B094
LE-0003975,ORD-005588,2025-10-19,88.09,USD,B095
LE-0003976,ORD-011352,2025-05-02,370.97,USD,B096
LE-0003977,ORD-004247,2025-03-08,163.03,USD,B000
LE-0003978,ORD-001499,2025-03-05,591.44,USD,B001
LE-0003979,ORD-007149,2025-04-28,786.19,USD,B002
LE-0003980,ORD-010927,2025-09-10,443.90,USD,B003
LE-0003981,ORD-009120,2025-07-29,741.21,USD,B004
LE-0003982,ORD-005643,2025-08-08,604.11,USD,B005
LE-0003983,ORD-011084,2025-08-04,196.13,USD,B006
LE-0003984,ORD-010711,2025-02-27,810.53,USD,B007
LE-0003985,ORD-001251,2025-10-22,184.72,USD,B008
LE-0003986,ORD-001592,2025-08-22,264.44,USD,B009
LE-0003987,ORD-005250,2025-02-06,465.97,USD,B010
LE-0003988,ORD-003048,2025-12-30,522.39,USD,B011
LE-0003989,ORD-005433,2025-05-06,251.92,USD,B012
LE-0003990,ORD-000589,2025-11-26,433.97,USD,B013
LE-0003991,ORD-001396,2025-09-13,740.00,USD,B014
LE-0003992,ORD-000879,2025-08-16,210.49,USD,B015
LE-0003993,ORD-010106,2025-11-06,36.33,USD,B016
LE-0003994,ORD-009965,2025-07-10,494.15,USD,B017
LE-0003995,ORD-008973,2025-07-11,670.90,USD,B018
LE-0003996,ORD-011634,2025-03-09,313.20,USD,B019
LE-0003997,ORD-008819,2025-08-05,157.53,USD,B020
LE-0003998,ORD-007670,2025-07-13,42.58,USD,B021
LE-0003999,ORD-002026,2025-12-22,190.81,USD,B022
LE-0004000,ORD-002162,2025-06-23,472.93,USD,B023
LE-0004001,ORD-006582,2025-04-29,488.86,USD,B024
LE-0004002,ORD-010965,2025-08-28,297.26,USD,B025
LE-0004003,ORD-009322,2025-04-01,32.41,USD,B026
LE-0004004,ORD-009015,2025-09-02,311.37,USD,B027
LE-0004005,ORD-008708,2025-06-14,261.00,USD,B028
LE-0004006,ORD-010892,2025-09-06,487.79,USD,B029
LE-0004007,ORD-002842,2025-10-17,5.74,USD,B030
LE-0004008,ORD-002024,2025-10-11,303.48,USD,B031
LE-0004009,ORD-001224,2025-01-13,749.20,USD,B032
LE-0004010,ORD-003402,2025-07-26,439.56,USD,B033
LE-0004011,ORD-007837,2025-02-27,486.30,USD,B034
LE-0004012,ORD-000735,2025-03-16,376.56,USD,B035
LE-0004013,ORD-006445,2025-09-27,728.58,USD,B036
LE-0004014,ORD-005905,2025-04-22,170.96,USD,B037
LE-0004015,ORD-006520,2025-07-11,662.98,USD,B038
LE-0004016,ORD-010417,2025-07-24,869.18,USD,B039
LE-0004017,ORD-003643,2025-08-10,748.27,USD,B040
LE-0004018,ORD-001015,2025-03-18,550.18,USD,B041
LE-0004019,ORD-007531,2025-12-19,858.03,USD,B042
LE-0004020,ORD-005995,2025-12-08,709.95,USD,B043
LE-0004021,ORD-000844,2025-04-28,493.00,USD,B044
LE-0004022,ORD-008118,2025-05-27,514.68,USD,B045
LE-0004023,ORD-004970,2025-12-12,371.12,USD,B046
LE-0004024,ORD-010328,2025-10-06,652.99,USD,B047
LE-0004025,ORD-008402,2025-06-25,87.87,USD,B048
LE-0004026,ORD-006872,2025-11-19,895.59,USD,B049
LE-0004027,ORD-002603,2025-04-05,244.44,USD,B050
LE-0004028,ORD-007451,2025-12-26,695.17,USD,B051
LE-0004029,ORD-008938,2025-06-15,372.52,USD,B052
LE-0004030,ORD-011431,2025-04-14,180.83,USD,B053
LE-0004031,ORD-000375,2025-08-17,267.20,USD,B054
LE-0004032,ORD-008672,2025-10-11,872.17,USD,B055
LE-0004033,ORD-010831,2025-01-14,11.00,USD,B056
LE-0004034,ORD-010762,2025-01-04,383.14,USD,B057
LE-0004035,ORD-003535,2025-12-21,505.10,USD,B058
LE-0004036,ORD-004908,2025-11-20,192.88,USD,B059
LE-0004037,ORD-002074,2025-04-08,219.50,USD,B060
LE-0004038,ORD-003407,2025-03-23,765.07,USD,B061
LE-0004039,ORD-004994,2025-02-22,63.04,USD,B062
LE-0004040,ORD-011754,2025-10-09,413.08,USD,B063
LE-0004041,ORD-005273,2025-02-03,880.00,USD,B064
LE-0004042,ORD-000080,2025-11-08,282.33,USD,B065
LE-0004043,ORD-001561,2025-04-22,127.13,USD,B066
LE-0004044,ORD-007416,2025-09-10,323.96,USD,B067
LE-0004045,ORD-007330,2025-06-18,88.38,USD,B068
LE-0004046,ORD-008203,2025-03-04,111.41,USD,B069
LE-0004047,ORD-002315,2025-12-25,11.69,USD,B070
LE-0004048,ORD-000710,2025-05-07,18.78,USD,B071
LE-0004049,ORD-006074,2025-04-25,584.88,USD,B072
LE-0004050,ORD-010463,2025-05-04,490.31,USD,B073
LE-0004051,ORD-001907,2025-12-02,580.55,USD,B074
LE-0004052,ORD-004757,2025-11-07,614.10,USD,B075
LE-0004053,ORD-010001,2025-10-11,611.61,USD,B076
LE-0004054,ORD-010369,2025-04-18,351.51,USD,B077
LE-0004055,ORD-002050,2025-10-19,668.36,USD,B078
LE-0004056,ORD-000991,2025-07-11,561.24,USD,B079
LE-0004057,ORD-002331,2025-06-06,268.28,USD,B080
LE-0004058,ORD-011272,2025-03-14,112.00,USD,B081
LE-0004059,ORD-003366,2025-09-28,639.99,USD,B082
LE-0004060,ORD-008854,2025-07-10,737.74,USD,B083
LE-0004061,ORD-006450,2025-11-15,454.64,USD,B084
LE-0004062,ORD-001885,2025-03-17,596.44,USD,B085
LE-0004063,ORD-006431,2025-11-11,228.15,USD,B086
LE-0004064,ORD-001443,2025-12-15,632.60,USD,B087
LE-0004065,ORD-011789,2025-07-02,198.50,USD,B088
LE-0004066,ORD-001016,2025-12-13,330.76,USD,B089
LE-0004067,ORD-006332,2025-05-20,744.05,USD,B090
LE-0004068,ORD-007715,2025-04-01,7087.28,USD,B091
LE-0004069,ORD-011167,2025-02-09,471.08,USD,B092
LE-0004070,ORD-010508,2025-01-05,688.63,USD,B093
LE-0004071,ORD-008882,2025-08-26,549.29,USD,B094
LE-0004072,ORD-006623,2025-08-23,867.11,USD,B095
LE-0004073,ORD-008087,2025-07-02,428.84,USD,B096
LE-0004074,ORD-002189,2025-09-02,487.01,USD,B000
LE-0004075,ORD-001774,2025-05-20,872.60,USD,B001
LE-0004076,ORD-001024,2025-06-19,495.02,USD,B002
LE-0004077,ORD-008756,2025-08-13,440.78,USD,B003
LE-0004078,ORD-006876,2025-07-09,321.67,USD,B004
LE-0004079,ORD-000916,2025-01-10,457.15,USD,B005
LE-0004080,ORD-004703,2025-09-06,433.99,USD,B006
LE-0004081,ORD-001693,2025-10-29,272.07,USD,B007
LE-0004082,ORD-009516,2025-08-08,248.47,USD,B008
LE-0004083,ORD-007535,2025-03-07,607.14,USD,B009
LE-0004084,ORD-001892,2025-11-09,442.38,USD,B010
LE-0004085,ORD-000197,2025-11-14,820.47,USD,B011
LE-0004086,ORD-009557,2025-12-02,501.84,USD,B012
LE-0004087,ORD-011056,2025-04-17,897.65,USD,B013
LE-0004088,ORD-011112,2025-02-04,15.59,USD,B014
LE-0004089,ORD-009906,2025-10-03,485.11,USD,B015
LE-0004090,ORD-011233,2025-10-26,249.28,USD,B016
LE-0004091,ORD-006676,2025-04-15,334.53,USD,B017
LE-0004092,ORD-007412,2025-12-14,495.76,USD,B018
LE-0004093,ORD-007678,2025-05-27,682.00,USD,B019
LE-0004094,ORD-006437,2025-10-13,603.74,USD,B020
LE-0004095,ORD-004597,2025-01-30,540.81,USD,B021
LE-0004096,ORD-009290,2025-02-24,211.08,USD,B022
LE-0004097,ORD-002048,2025-03-01,664.51,USD,B023
LE-0004098,ORD-007064,2025-08-04,329.92,USD,B024
LE-0004099,ORD-003343,2025-02-12,768.10,USD,B025
LE-0004100,ORD-003044,2025-01-29,369.85,USD,B026
LE-0004101,ORD-006816,2025-03-13,478.67,USD,B027
LE-0004102,ORD-011556,2025-12-14,844.48,USD,B028
LE-0004103,ORD-007894,2025-09-11,167.09,USD,B029
LE-0004104,ORD-002675,2025-12-22,238.49,USD,B030
LE-0004105,ORD-002692,2025-12-06,60.79,USD,B031
LE-0004106,ORD-004815,2025-03-02,715.94,USD,B032
LE-0004107,ORD-003627,2025-09-16,98.30,USD,B033
LE-0004108,ORD-009371,2025-06-10,728.64,USD,B034
LE-0004109,ORD-008282,2025-09-11,22.14,USD,B035
LE-0004110,ORD-002464,2025-08-03,481.88,USD,B036
LE-0004111,ORD-011539,2025-05-31,36.01,USD,B037
LE-0004112,ORD-001938,2025-10-27,680.07,USD,B038
LE-0004113,ORD-009271,2025-06-10,21.39,USD,B039
LE-0004114,ORD-011280,2025-06-26,356.49,USD,B040
LE-0004115,ORD-007271,2025-09-20,296.10,USD,B041
LE-0004116,ORD-010338,2025-06-20,788.85,USD,B042
LE-0004117,ORD-007645,2025-10-14,339.65,USD,B043
LE-0004118,ORD-002257,2025-02-12,61.84,USD,B044
LE-0004119,ORD-006094,2025-03-23,801.78,USD,B045
LE-0004120,ORD-007286,2025-06-17,761.11,USD,B046
LE-0004121,ORD-005057,2025-09-18,826.85,USD,B047
LE-0004122,ORD-008419,2025-04-05,441.68,USD,B048
LE-0004123,ORD-001238,2025-10-23,329.52,USD,B049
LE-0004124,ORD-007528,2025-10-21,478.47,USD,B050
LE-0004125,ORD-003179,2025-05-21,158.33,USD,B051
LE-0004126,ORD-009498,2025-02-10,128.75,USD,B052
LE-0004127,ORD-001112,2025-09-08,390.71,USD,B053
LE-0004128,ORD-000273,2025-05-10,298.04,USD,B054
LE-0004129,ORD-011810,2025-04-11,347.90,USD,B055
LE-0004130,ORD-006309,2025-12-23,260.80,USD,B056
LE-0004131,ORD-000597,2025-04-22,23.28,USD,B057
LE-0004132,ORD-003871,2025-03-13,863.85,USD,B058
LE-0004133,ORD-010418,2025-10-17,136.01,USD,B059
LE-0004134,ORD-007108,2025-01-03,274.08,USD,B060
LE-0004135,ORD-004762,2025-03-06,273.75,USD,B061
LE-0004136,ORD-008413,2025-12-09,22.00,USD,B062
LE-0004137,ORD-010528,2025-10-15,623.32,USD,B063
LE-0004138,ORD-011813,2025-05-03,187.71,USD,B064
LE-0004139,ORD-004740,2025-06-16,41.54,USD,B065
LE-0004140,ORD-011171,2025-07-03,823.50,USD,B066
LE-0004141,ORD-010239,2025-07-06,832.76,USD,B067
LE-0004142,ORD-006689,2025-09-01,124.41,USD,B068
LE-0004143,ORD-006083,2025-04-12,380.98,USD,B069
LE-0004144,ORD-005470,2025-08-15,41.03,USD,B070
LE-0004145,ORD-001316,2025-11-27,591.59,USD,B071
LE-0004146,ORD-007523,2025-05-19,645.35,USD,B072
LE-0004147,ORD-003239,2025-03-04,172.88,USD,B073
LE-0004148,ORD-002857,2025-08-17,63.50,USD,B074
LE-0004149,ORD-002613,2025-10-16,762.23,USD,B075
LE-0004150,ORD-003701,2025-05-07,725.91,USD,B076
LE-0004151,ORD-005510,2025-04-19,167.11,USD,B077
LE-0004152,ORD-007675,2025-06-01,89.75,USD,B078
LE-0004153,ORD-007433,2025-07-01,258.16,USD,B079
LE-0004154,ORD-006613,2025-07-20,880.84,USD,B080
LE-0004155,ORD-000055,2025-11-03,816.24,USD,B081
LE-0004156,ORD-010561,2025-04-19,170.00,USD,B082
LE-0004157,ORD-004638,2025-10-09,354.95,USD,B083
LE-0004158,ORD-005574,2025-09-07,565.49,USD,B084
LE-0004159,ORD-007539,2025-12-26,133.85,USD,B085
LE-0004160,ORD-007823,2025-06-16,136.97,USD,B086
LE-0004161,ORD-000587,2025-03-11,630.93,USD,B087
LE-0004162,ORD-004681,2025-09-15,467.10,USD,B088
LE-0004163,ORD-002832,2025-07-13,317.37,USD,B089
LE-0004164,ORD-007431,2025-02-15,791.03,USD,B090
LE-0004165,ORD-010659,2025-10-07,718.52,USD,B091
LE-0004166,ORD-004969,2025-11-19,360.49,USD,B092
LE-0004167,ORD-011577,2025-02-22,782.49,USD,B093
LE-0004168,ORD-006025,2025-10-05,719.00,USD,B094
LE-0004169,ORD-008688,2025-03-20,817.70,USD,B095
LE-0004170,ORD-001508,2025-11-14,801.49,USD,B096
LE-0004171,ORD-004374,2025-02-22,370.42,USD,B000
LE-0004172,ORD-001776,2025-01-11,812.97,USD,B001
LE-0004173,ORD-010192,2025-06-03,555.47,USD,B002
LE-0004174,ORD-008401,2025-03-09,639.90,USD,B003
LE-0004175,ORD-006325,2025-06-06,394.96,USD,B004
LE-0004176,ORD-007455,2025-07-15,429.54,USD,B005
LE-0004177,ORD-006176,2025-04-15,315.85,USD,B006
LE-0004178,ORD-005063,2025-12-20,786.85,USD,B007
LE-0004179,ORD-001546,2025-08-12,466.77,USD,B008
LE-0004180,ORD-011571,2025-07-22,334.28,USD,B009
LE-0004181,ORD-008434,2025-10-17,735.97,USD,B010
LE-0004182,ORD-001095,2025-09-10,501.66,USD,B011
LE-0004183,ORD-000554,2025-12-27,635.40,USD,B012
LE-0004184,ORD-002027,2025-12-20,414.86,USD,B013
LE-0004185,ORD-002258,2025-10-29,118.81,USD,B014
LE-0004186,ORD-005669,2025-04-09,412.93,USD,B015
LE-0004187,ORD-006530,2025-01-21,728.33,USD,B016
LE-0004188,ORD-001164,2025-07-21,109.11,USD,B017
LE-0004189,ORD-000897,2025-04-28,374.63,USD,B018
LE-0004190,ORD-008820,2025-03-02,572.34,USD,B019
LE-0004191,ORD-010501,2025-09-17,529.25,USD,B020
LE-0004192,ORD-006459,2025-09-11,575.31,USD,B021
LE-0004193,ORD-006008,2025-09-13,291.31,USD,B022
LE-0004194,ORD-001738,2025-07-26,130.61,USD,B023
LE-0004195,ORD-009387,2025-04-10,238.47,USD,B024
LE-0004196,ORD-003437,2025-10-11,499.95,USD,B025
LE-0004197,ORD-008347,2025-01-10,548.83,USD,B026
LE-0004198,ORD-011206,2025-10-17,385.11,USD,B027
LE-0004199,ORD-009822,2025-07-01,452.52,USD,B028
LE-0004200,ORD-004955,2025-02-04,257.09,USD,B029
LE-0004201,ORD-010111,2025-12-14,881.34,USD,B030
LE-0004202,ORD-001929,2025-08-03,538.19,USD,B031
LE-0004203,ORD-002104,2025-02-21,874.71,USD,B032
LE-0004204,ORD-006189,2025-09-26,79.16,USD,B033
LE-0004205,ORD-000118,2025-09-09,794.97,USD,B034
LE-0004206,ORD-002267,2025-04-01,751.02,USD,B035
LE-0004207,ORD-004485,2025-11-29,445.78,USD,B036
LE-0004208,ORD-001629,2025-08-21,203.28,USD,B037
LE-0004209,ORD-007624,2025-05-05,285.08,USD,B038
LE-0004210,ORD-005026,2025-08-21,694.48,USD,B039
LE-0004211,ORD-010116,2025-08-21,473.34,USD,B040
LE-0004212,ORD-002414,2025-06-04,462.00,USD,B041
LE-0004213,ORD-004407,2025-12-15,40.12,USD,B042
LE-0004214,ORD-007125,2025-10-04,879.84,USD,B043
LE-0004215,ORD-001677,2025-09-07,462.97,USD,B044
LE-0004216,ORD-006932,2025-08-02,802.84,USD,B045
LE-0004217,ORD-000440,2025-03-17,701.86,USD,B046
LE-0004218,ORD-003831,2025-10-17,22.73,USD,B047
LE-0004219,ORD-004173,2025-08-24,278.01,USD,B048
LE-0004220,ORD-001809,2025-01-30,561.17,USD,B049
LE-0004221,ORD-011176,2025-09-27,748.83,USD,B050
LE-0004222,ORD-001011,2025-04-21,59.02,USD,B051
LE-0004223,ORD-004044,2025-05-06,641.31,USD,B052
LE-0004224,ORD-009063,2025-09-27,293.01,USD,B053
LE-0004225,ORD-000515,2025-07-20,441.91,USD,B054
LE-0004226,ORD-006312,2025-09-23,254.08,USD,B055
LE-0004227,ORD-002736,2025-06-20,507.64,USD,B056
LE-0004228,ORD-000430,2025-10-31,244.94,USD,B057
LE-0004229,ORD-010715,2025-04-16,219.37,USD,B058
LE-0004230,ORD-007583,2025-03-25,489.75,USD,B059
LE-0004231,ORD-007270,2025-10-09,89.93,USD,B060
LE-0004232,ORD-003834,2025-03-25,190.16,USD,B061
LE-0004233,ORD-009735,2025-12-19,94.43,USD,B062
LE-0004234,ORD-001924,2025-09-13,853.00,USD,B063
LE-0004235,ORD-010160,2025-08-29,868.87,USD,B064
LE-0004236,ORD-001007,2025-03-17,614.81,USD,B065
LE-0004237,ORD-000910,2025-12-22,213.74,USD,B066
LE-0004238,ORD-009350,2025-02-15,362.36,USD,B067
LE-0004239,ORD-011392,2025-08-04,895.65,USD,B068
LE-0004240,ORD-000488,2025-04-28,10.05,USD,B069
LE-0004241,ORD-002316,2025-06-28,130.67,USD,B070
LE-0004242,ORD-004251,2025-11-30,415.50,USD,B071
LE-0004243,ORD-000711,2025-02-01,727.37,USD,B072
LE-0004244,ORD-004570,2025-07-10,36.40,USD,B073
LE-0004245,ORD-008345,2025-01-13,140.72,USD,B074
LE-0004246,ORD-007994,2025-12-17,796.92,USD,B075
LE-0004247,ORD-001821,2025-11-19,576.09,USD,B076
LE-0004248,ORD-002301,2025-10-12,243.06,USD,B077
LE-0004249,ORD-006943,2025-02-19,136.30,USD,B078
LE-0004250,ORD-003564,2025-03-02,384.63,USD,B079
LE-0004251,ORD-007222,2025-12-05,314.70,USD,B080
LE-0004252,ORD-004256,2025-03-31,324.79,USD,B081
LE-0004253,ORD-011823,2025-05-11,472.79,USD,B082
LE-0004254,ORD-001922,2025-10-30,481.20,USD,B083
LE-0004255,ORD-010370,2025-07-27,507.58,USD,B084
LE-0004256,ORD-008307,2025-05-16,584.74,USD,B085
LE-0004257,ORD-000171,2025-08-20,192.52,USD,B086
LE-0004258,ORD-000006,2025-05-18,766.02,USD,B087
LE-0004259,ORD-009564,2025-03-10,725.39,USD,B088
LE-0004260,ORD-002499,2025-04-09,621.24,USD,B089
LE-0004261,ORD-002912,2025-04-06,517.26,USD,B090
LE-0004262,ORD-004824,2025-09-12,757.30,USD,B091
LE-0004263,ORD-001484,2025-11-03,724.38,USD,B092
LE-0004264,ORD-005900,2025-05-21,703.76,USD,B093
LE-0004265,ORD-005103,2025-05-08,489.00,USD,B094
LE-0004266,ORD-004272,2025-05-17,25.21,USD,B095
LE-0004267,ORD-003778,2025-04-28,678.84,USD,B096
LE-0004268,ORD-010737,2025-03-17,777.02,USD,B000
LE-0004269,ORD-002345,2025-02-22,13.83,USD,B001
LE-0004270,ORD-000999,2025-03-20,431.06,USD,B002
LE-0004271,ORD-010543,2025-03-21,397.93,USD,B003
LE-0004272,ORD-008602,2025-03-15,247.88,USD,B004
LE-0004273,ORD-006878,2025-03-09,7.34,USD,B005
LE-0004274,ORD-000468,2025-04-08,349.33,USD,B006
LE-0004275,ORD-002477,2025-10-11,658.89,USD,B007
LE-0004276,ORD-002685,2025-02-12,724.31,USD,B008
LE-0004277,ORD-004060,2025-03-08,411.77,USD,B009
LE-0004278,ORD-003747,2025-11-19,176.20,USD,B010
LE-0004279,ORD-001104,2025-12-07,225.02,USD,B011
LE-0004280,ORD-006544,2025-03-01,203.15,USD,B012
LE-0004281,ORD-003296,2025-04-02,312.29,USD,B013
LE-0004282,ORD-000534,2025-03-26,893.56,USD,B014
LE-0004283,ORD-006991,2025-05-01,659.79,USD,B015
LE-0004284,ORD-006054,2025-10-03,119.58,USD,B016
LE-0004285,ORD-001105,2025-02-18,417.95,USD,B017
LE-0004286,ORD-004784,2025-12-22,237.80,USD,B018
LE-0004287,ORD-003211,2025-03-22,695.20,USD,B019
LE-0004288,ORD-007710,2025-04-12,552.86,USD,B020
LE-0004289,ORD-001570,2025-08-08,77.65,USD,B021
LE-0004290,ORD-003758,2025-06-06,153.72,USD,B022
LE-0004291,ORD-004527,2025-05-13,311.66,USD,B023
LE-0004292,ORD-011019,2025-01-03,419.32,USD,B024
LE-0004293,ORD-006290,2025-12-18,262.64,USD,B025
LE-0004294,ORD-008817,2025-08-21,673.66,USD,B026
LE-0004295,ORD-001730,2025-11-08,795.29,USD,B027
LE-0004296,ORD-004012,2025-05-14,547.04,USD,B028
LE-0004297,ORD-008161,2025-02-04,512.82,USD,B029
LE-0004298,ORD-009691,2025-09-05,141.95,USD,B030
LE-0004299,ORD-009751,2025-10-28,525.00,USD,B031
LE-0004300,ORD-005893,2025-10-02,866.91,USD,B032
LE-0004301,ORD-006234,2025-08-25,788.01,USD,B033
LE-0004302,ORD-009642,2025-07-28,768.12,USD,B034
LE-0004303,ORD-009682,2025-06-30,581.58,USD,B035
LE-0004304,ORD-000208,2025-12-15,353.01,USD,B036
LE-0004305,ORD-007963,2025-02-17,332.42,USD,B037
LE-0004306,ORD-006948,2025-02-12,731.29,USD,B038
LE-0004307,ORD-002890,2025-04-29,568.90,USD,B039
LE-0004308,ORD-005505,2025-09-27,260.85,USD,B040
LE-0004309,ORD-011348,2025-11-12,854.44,USD,B041
LE-0004310,ORD-001862,2025-08-25,520.61,USD,B042
LE-0004311,ORD-003392,2025-02-02,117.92,USD,B043
LE-0004312,ORD-010877,2025-04-18,738.90,USD,B044
LE-0004313,ORD-006320,2025-10-29,620.47,USD,B045
LE-0004314,ORD-008302,2025-08-31,758.76,USD,B046
LE-0004315,ORD-008514,2025-06-05,759.03,USD,B047
LE-0004316,ORD-003135,2025-01-07,778.83,USD,B048
LE-0004317,ORD-002652,2025-11-28,660.30,USD,B049
LE-0004318,ORD-004266,2025-01-28,685.74,USD,B050
LE-0004319,ORD-001963,2025-02-25,749.07,USD,B051
LE-0004320,ORD-002645,2025-09-07,100.87,USD,B052
LE-0004321,ORD-011036,2025-08-28,358.72,USD,B053
LE-0004322,ORD-008061,2025-04-11,378.07,USD,B054
LE-0004323,ORD-004242,2025-01-31,670.01,USD,B055
LE-0004324,ORD-007689,2025-10-28,465.35,USD,B056
LE-0004325,ORD-007182,2025-03-19,289.96,USD,B057
LE-0004326,ORD-000540,2025-10-03,735.40,USD,B058
LE-0004327,ORD-009334,2025-12-07,583.80,USD,B059
LE-0004328,ORD-000733,2025-01-31,100.02,USD,B060
LE-0004329,ORD-008693,2025-04-20,36.90,USD,B061
LE-0004330,ORD-002234,2025-03-13,637.63,USD,B062
LE-0004331,ORD-006378,2025-08-21,843.21,USD,B063
LE-0004332,ORD-010873,2025-09-08,607.90,USD,B064
LE-0004333,ORD-005681,2025-11-03,636.46,USD,B065
LE-0004334,ORD-001976,2025-10-15,195.66,USD,B066
LE-0004335,ORD-001878,2025-10-17,264.00,USD,B067
LE-0004336,ORD-004051,2025-04-28,708.93,USD,B068
LE-0004337,ORD-006419,2025-02-24,536.64,USD,B069
LE-0004338,ORD-003641,2025-10-11,481.34,USD,B070
LE-0004339,ORD-001272,2025-12-30,807.26,USD,B071
LE-0004340,ORD-007050,2025-04-08,133.86,USD,B072
LE-0004341,ORD-001292,2025-09-25,321.52,USD,B073
LE-0004342,ORD-010049,2025-05-30,256.85,USD,B074
LE-0004343,ORD-001064,2025-06-02,276.41,USD,B075
LE-0004344,ORD-005463,2025-12-02,683.95,USD,B076
LE-0004345,ORD-005263,2025-11-19,503.95,USD,B077
LE-0004346,ORD-010471,2025-12-09,425.67,USD,B078
LE-0004347,ORD-009653,2025-05-15,592.63,USD,B079
LE-0004348,ORD-003955,2025-02-20,698.50,USD,B080
LE-0004349,ORD-006069,2025-05-16,502.95,USD,B081
LE-0004350,ORD-008449,2025-07-26,478.78,USD,B082
LE-0004351,ORD-009341,2025-02-25,700.95,USD,B083
LE-0004352,ORD-008542,2025-09-12,650.00,USD,B084
LE-0004353,ORD-000789,2025-03-26,777.73,USD,B085
LE-0004354,ORD-011846,2025-08-15,559.60,USD,B086
LE-0004355,ORD-002582,2025-09-10,531.00,USD,B087
LE-0004356,ORD-003620,2025-12-01,541.81,USD,B088
LE-0004357,ORD-010694,2025-11-27,887.49,USD,B089
LE-0004358,ORD-002260,2025-01-10,689.20,USD,B090
LE-0004359,ORD-005930,2025-05-04,55.29,USD,B091
LE-0004360,ORD-002276,2025-07-05,502.81,USD,B092
LE-0004361,ORD-000829,2025-11-04,478.36,USD,B093
LE-0004362,ORD-009323,2025-11-21,49.00,USD,B094
LE-0004363,ORD-000222,2025-12-03,834.56,USD,B095
LE-0004364,ORD-006688,2025-09-18,5.89,USD,B096
LE-0004365,ORD-008720,2025-01-07,475.80,USD,B000
LE-0004366,ORD-006244,2025-04-07,5.96,USD,B001
LE-0004367,ORD-005381,2025-03-14,314.87,USD,B002
LE-0004368,ORD-004581,2025-11-20,240.24,USD,B003
LE-0004369,ORD-009845,2025-02-03,662.75,USD,B004
LE-0004370,ORD-005212,2025-05-13,706.25,USD,B005
LE-0004371,ORD-010268,2025-12-29,200.53,USD,B006
LE-0004372,ORD-002870,2025-08-12,574.00,USD,B007
LE-0004373,ORD-011555,2025-12-17,669.34,USD,B008
LE-0004374,ORD-003607,2025-12-21,40.28,USD,B009
LE-0004375,ORD-006300,2025-04-07,419.03,USD,B010
LE-0004376,ORD-000549,2025-11-14,208.72,USD,B011
LE-0004377,ORD-003363,2025-06-14,591.25,USD,B012
LE-0004378,ORD-006607,2025-12-20,102.59,USD,B013
LE-0004379,ORD-004349,2025-06-13,490.29,USD,B014
LE-0004380,ORD-000169,2025-11-30,121.92,USD,B015
LE-0004381,ORD-003301,2025-08-29,838.75,USD,B016
LE-0004382,ORD-000103,2025-02-07,615.00,USD,B017
LE-0004383,ORD-002714,2025-09-03,633.20,USD,B018
LE-0004384,ORD-007239,2025-10-07,849.04,USD,B019
LE-0004385,ORD-006098,2025-05-08,110.41,USD,B020
LE-0004386,ORD-000373,2025-07-15,653.14,USD,B021
LE-0004387,ORD-003806,2025-06-29,430.83,USD,B022
LE-0004388,ORD-006967,2025-07-17,891.00,USD,B023
LE-0004389,ORD-003719,2025-03-14,870.89,USD,B024
LE-0004390,ORD-003940,2025-03-25,426.73,USD,B025
LE-0004391,ORD-005248,2025-08-06,10.04,USD,B026
LE-0004392,ORD-011856,2025-05-01,807.66,USD,B027
LE-0004393,ORD-000218,2025-11-09,164.72,USD,B028
LE-0004394,ORD-007897,2025-10-19,188.38,USD,B029
LE-0004395,ORD-003952,2025-10-18,266.79,USD,B030
LE-0004396,ORD-006984,2025-04-10,840.85,USD,B031
LE-0004397,ORD-009995,2025-04-17,607.02,USD,B032
LE-0004398,ORD-002748,2025-09-21,317.01,USD,B033
LE-0004399,ORD-001910,2025-01-15,543.99,USD,B034
LE-0004400,ORD-004434,2025-01-07,407.78,USD,B035
LE-0004401,ORD-002549,2025-04-25,724.58,USD,B036
LE-0004402,ORD-005564,2025-06-04,758.20,USD,B037
LE-0004403,ORD-003315,2025-09-19,831.76,USD,B038
LE-0004404,ORD-000706,2025-09-22,878.35,USD,B039
LE-0004405,ORD-009716,2025-08-26,13.93,USD,B040
LE-0004406,ORD-001820,2025-02-04,7.00,USD,B041
LE-0004407,ORD-006158,2025-06-16,706.98,USD,B042
LE-0004408,ORD-011287,2025-10-03,186.33,USD,B043
LE-0004409,ORD-005342,2025-02-04,400.21,USD,B044
LE-0004410,ORD-005834,2025-06-06,587.03,USD,B045
LE-0004411,ORD-005451,2025-12-16,768.71,USD,B046
LE-0004412,ORD-004802,2025-08-26,454.31,USD,B047
LE-0004413,ORD-008538,2025-04-01,611.18,USD,B048
LE-0004414,ORD-010966,2025-01-26,167.38,USD,B049
LE-0004415,ORD-010356,2025-04-23,310.96,USD,B050
LE-0004416,ORD-002327,2025-04-13,727.38,USD,B051
LE-0004417,ORD-008527,2025-02-28,512.13,USD,B052
LE-0004418,ORD-005009,2025-08-06,691.87,USD,B053
LE-0004419,ORD-002438,2025-03-12,481.68,USD,B054
LE-0004420,ORD-007627,2025-04-28,49.14,USD,B055
LE-0004421,ORD-003235,2025-06-02,62.95,USD,B056
LE-0004422,ORD-002909,2025-11-03,849.11,USD,B057
LE-0004423,ORD-003330,2025-05-13,127.88,USD,B058
LE-0004424,ORD-010437,2025-10-19,187.26,USD,B059
LE-0004425,ORD-006004,2025-07-29,113.98,USD,B060
LE-0004426,ORD-011588,2025-06-14,855.51,USD,B061
LE-0004427,ORD-000414,2025-03-17,233.07,USD,B062
LE-0004428,ORD-004904,2025-07-13,610.72,USD,B063
LE-0004429,ORD-001354,2025-03-21,793.50,USD,B064
LE-0004430,ORD-000013,2025-11-01,542.86,USD,B065
LE-0004431,ORD-007407,2025-11-15,839.16,USD,B066
LE-0004432,ORD-007901,2025-08-03,249.98,USD,B067
LE-0004433,ORD-001551,2025-11-23,716.45,USD,B068
LE-0004434,ORD-001241,2025-11-07,781.89,USD,B069
LE-0004435,ORD-008045,2025-12-02,362.26,USD,B070
LE-0004436,ORD-005522,2025-03-21,197.30,USD,B071
LE-0004437,ORD-006395,2025-11-30,144.18,USD,B072
LE-0004438,ORD-007648,2025-10-05,379.99,USD,B073
LE-0004439,ORD-007046,2025-04-30,751.94,USD,B074
LE-0004440,ORD-011461,2025-08-02,560.67,USD,B075
LE-0004441,ORD-000880,2025-02-25,378.38,USD,B076
LE-0004442,ORD-001278,2025-06-03,335.38,USD,B077
LE-0004443,ORD-004657,2025-04-06,9.67,USD,B078
LE-0004444,ORD-008112,2025-04-21,307.65,USD,B079
LE-0004445,ORD-000998,2025-09-22,823.82,USD,B080
LE-0004446,ORD-004273,2025-08-07,220.31,USD,B081
LE-0004447,ORD-009313,2025-12-10,465.12,USD,B082
LE-0004448,ORD-003534,2025-03-07,471.45,USD,B083
LE-0004449,ORD-001146,2025-01-30,347.25,USD,B084
LE-0004450,ORD-008913,2025-05-25,341.23,USD,B085
LE-0004451,ORD-010564,2025-03-19,393.86,USD,B086
LE-0004452,ORD-003716,2025-01-09,627.11,USD,B087
LE-0004453,ORD-003787,2025-07-30,143.50,USD,B088
LE-0004454,ORD-005559,2025-03-21,13.61,USD,B089
LE-0004455,ORD-010207,2025-05-01,462.62,USD,B090
LE-0004456,ORD-005301,2025-05-20,288.43,USD,B091
LE-0004457,ORD-008541,2025-06-27,316.31,USD,B092
LE-0004458,ORD-000770,2025-09-28,776.34,USD,B093
LE-0004459,ORD-002826,2025-03-31,532.71,USD,B094
LE-0004460,ORD-009121,2025-03-09,44.30,USD,B095
LE-0004461,ORD-007480,2025-10-25,664.61,USD,B096
LE-0004462,ORD-001581,2025-09-09,689.97,USD,B000
LE-0004463,ORD-004194,2025-03-20,882.27,USD,B001
LE-0004464,ORD-008144,2025-02-13,677.12,USD,B002
LE-0004465,ORD-008529,2025-05-01,11.59,USD,B003
LE-0004466,ORD-001221,2025-01-26,199.54,USD,B004
LE-0004467,ORD-008915,2025-09-05,517.12,USD,B005
LE-0004468,ORD-010671,2025-05-10,45.49,USD,B006
LE-0004469,ORD-006361,2025-05-04,425.41,USD,B007
LE-0004470,ORD-008702,2025-02-05,499.31,USD,B008
LE-0004471,ORD-004378,2025-04-15,439.91,USD,B009
LE-0004472,ORD-004449,2025-06-04,681.00,USD,B010
LE-0004473,ORD-009648,2025-04-24,152.65,USD,B011
LE-0004474,ORD-011611,2025-08-19,563.15,USD,B012
LE-0004475,ORD-006754,2025-08-06,467.15,USD,B013
LE-0004476,ORD-000528,2025-07-28,413.77,USD,B014
LE-0004477,ORD-001534,2025-06-24,216.95,USD,B015
LE-0004478,ORD-000782,2025-07-11,571.09,USD,B016
LE-0004479,ORD-000355,2025-09-16,439.99,USD,B017
LE-0004480,ORD-005614,2025-12-27,104.11,USD,B018
LE-0004481,ORD-001149,2025-02-01,513.42,USD,B019
LE-0004482,ORD-008090,2025-02-07,531.16,USD,B020
LE-0004483,ORD-010202,2025-08-26,614.48,USD,B021
LE-0004484,ORD-009125,2025-08-10,881.92,USD,B022
LE-0004485,ORD-011317,2025-06-01,452.77,USD,B023
LE-0004486,ORD-007917,2025-10-31,556.68,USD,B024
LE-0004487,ORD-001620,2025-06-19,67.15,USD,B025
LE-0004488,ORD-009666,2025-03-08,465.00,USD,B026
LE-0004489,ORD-005354,2025-12-17,482.28,USD,B027
LE-0004490,ORD-010712,2025-02-17,609.85,USD,B028
LE-0004491,ORD-005639,2025-11-15,674.97,USD,B029
LE-0004492,ORD-010685,2025-05-30,226.31,USD,B030
LE-0004493,ORD-008388,2025-07-10,274.11,USD,B031
LE-0004494,ORD-007964,2025-08-23,763.13,USD,B032
LE-0004495,ORD-006469,2025-05-30,470.00,USD,B033
LE-0004496,ORD-010194,2025-12-27,715.81,USD,B034
LE-0004497,ORD-001868,2025-10-03,584.90,USD,B035
LE-0004498,ORD-005450,2025-09-09,355.58,USD,B036
LE-0004499,ORD-005993,2025-07-16,700.02,USD,B037
LE-0004500,ORD-004010,2025-11-09,301.95,USD,B038
LE-0004501,ORD-004437,2025-12-06,792.82,USD,B039
LE-0004502,ORD-008625,2025-11-29,483.13,USD,B040
LE-0004503,ORD-005181,2025-08-29,764.79,USD,B041
LE-0004504,ORD-009827,2025-11-18,158.50,USD,B042
LE-0004505,ORD-003916,2025-05-26,471.33,USD,B043
LE-0004506,ORD-000410,2025-12-12,447.33,USD,B044
LE-0004507,ORD-004813,2025-10-25,731.13,USD,B045
LE-0004508,ORD-000473,2025-08-29,894.91,USD,B046
LE-0004509,ORD-008092,2025-04-29,837.51,USD,B047
LE-0004510,ORD-006073,2025-03-22,791.63,USD,B048
LE-0004511,ORD-000861,2025-04-13,314.76,USD,B049
LE-0004512,ORD-010480,2025-04-03,708.09,USD,B050
LE-0004513,ORD-008338,2025-06-03,58.14,USD,B051
LE-0004514,ORD-009744,2025-07-16,548.81,USD,B052
LE-0004515,ORD-008028,2025-06-18,720.48,USD,B053
LE-0004516,ORD-004129,2025-11-04,724.41,USD,B054
LE-0004517,ORD-005859,2025-04-01,300.38,USD,B055
LE-0004518,ORD-010945,2025-01-03,502.67,USD,B056
LE-0004519,ORD-007582,2025-03-17,668.95,USD,B057
LE-0004520,ORD-000536,2025-06-02,825.50,USD,B058
LE-0004521,ORD-009608,2025-01-19,480.37,USD,B059
LE-0004522,ORD-003250,2025-07-28,604.56,USD,B060
LE-0004523,ORD-005899,2025-11-16,793.40,USD,B061
LE-0004524,ORD-011189,2025-06-22,840.12,USD,B062
LE-0004525,ORD-007791,2025-11-25,282.52,USD,B063
LE-0004526,ORD-007171,2025-05-26,501.08,USD,B064
LE-0004527,ORD-006495,2025-11-05,503.49,USD,B065
LE-0004528,ORD-007533,2025-10-22,480.93,USD,B066
LE-0004529,ORD-008175,2025-06-10,24.91,USD,B067
LE-0004530,ORD-009424,2025-12-20,15.49,USD,B068
LE-0004531,ORD-005623,2025-09-23,333.32,USD,B069
LE-0004532,ORD-006215,2025-09-21,869.62,USD,B070
LE-0004533,ORD-011215,2025-10-26,466.17,USD,B071
LE-0004534,ORD-007486,2025-11-06,482.52,USD,B072
LE-0004535,ORD-010899,2025-03-29,545.07,USD,B073
LE-0004536,ORD-004289,2025-03-24,230.36,USD,B074
LE-0004537,ORD-002136,2025-04-11,220.36,USD,B075
LE-0004538,ORD-005459,2025-02-28,524.54,USD,B076
LE-0004539,ORD-001566,2025-11-15,806.95,USD,B077
LE-0004540,ORD-003852,2025-12-19,295.97,USD,B078
LE-0004541,ORD-010249,2025-06-16,49.53,USD,B079
LE-0004542,ORD-005902,2025-02-12,757.00,USD,B080
LE-0004543,ORD-006755,2025-01-31,659.12,USD,B081
LE-0004544,ORD-007574,2025-03-22,48.61,USD,B082
LE-0004545,ORD-000339,2025-07-12,778.19,USD,B083
LE-0004546,ORD-000953,2025-06-13,426.44,USD,B084
LE-0004547,ORD-009175,2025-10-24,695.81,USD,B085
LE-0004548,ORD-003912,2025-06-25,298.28,USD,B086
LE-0004549,ORD-004605,2025-10-31,446.92,USD,B087
LE-0004550,ORD-003105,2025-02-25,17.62,USD,B088
LE-0004551,ORD-005507,2025-04-30,100.12,USD,B089
LE-0004552,ORD-002505,2025-04-05,482.07,USD,B090
LE-0004553,ORD-004304,2025-02-26,257.09,USD,B091
LE-0004554,ORD-002525,2025-04-04,6000.68,USD,B092
LE-0004555,ORD-007929,2025-04-18,610.70,USD,B093
LE-0004556,ORD-002547,2025-01-20,660.29,USD,B094
LE-0004557,ORD-007983,2025-09-17,775.95,USD,B095
LE-0004558,ORD-008695,2025-05-06,267.81,USD,B096
LE-0004559,ORD-000774,2025-10-04,354.20,USD,B000
LE-0004560,ORD-011545,2025-04-21,448.17,USD,B001
LE-0004561,ORD-005244,2025-03-23,661.65,USD,B002
LE-0004562,ORD-007667,2025-11-03,448.75,USD,B003
LE-0004563,ORD-003375,2025-01-22,618.70,USD,B004
LE-0004564,ORD-010205,2025-02-12,112.64,USD,B005
LE-0004565,ORD-002964,2025-04-10,527.59,USD,B006
LE-0004566,ORD-003842,2025-10-29,211.38,USD,B007
LE-0004567,ORD-008284,2025-03-06,398.91,USD,B008
LE-0004568,ORD-004202,2025-06-07,643.22,USD,B009
LE-0004569,ORD-006732,2025-05-24,299.93,USD,B010
LE-0004570,ORD-005294,2025-08-06,642.13,USD,B011
LE-0004571,ORD-002186,2025-07-22,611.95,USD,B012
LE-0004572,ORD-010777,2025-11-30,779.00,USD,B013
LE-0004573,ORD-008807,2025-01-25,382.73,USD,B014
LE-0004574,ORD-000958,2025-12-10,202.31,USD,B015
LE-0004575,ORD-000968,2025-12-14,674.41,USD,B016
LE-0004576,ORD-005222,2025-04-06,275.69,USD,B017
LE-0004577,ORD-000140,2025-06-19,237.03,USD,B018
LE-0004578,ORD-008511,2025-12-27,689.87,USD,B019
LE-0004579,ORD-005352,2025-04-17,515.98,USD,B020
LE-0004580,ORD-000102,2025-04-15,663.64,USD,B021
LE-0004581,ORD-007603,2025-12-24,399.39,USD,B022
LE-0004582,ORD-010283,2025-07-19,119.24,USD,B023
LE-0004583,ORD-004428,2025-01-10,8.22,USD,B024
LE-0004584,ORD-004709,2025-08-18,701.43,USD,B025
LE-0004585,ORD-008114,2025-08-27,796.60,USD,B026
LE-0004586,ORD-002849,2025-03-24,82.03,USD,B027
LE-0004587,ORD-010218,2025-02-21,545.07,USD,B028
LE-0004588,ORD-001449,2025-01-11,19.64,USD,B029
LE-0004589,ORD-004014,2025-12-25,594.11,USD,B030
LE-0004590,ORD-005051,2025-02-20,264.00,USD,B031
LE-0004591,ORD-009707,2025-12-24,13.37,USD,B032
LE-0004592,ORD-004023,2025-11-02,646.44,USD,B033
LE-0004593,ORD-005241,2025-11-24,893.30,USD,B034
LE-0004594,ORD-008430,2025-11-07,655.20,USD,B035
LE-0004595,ORD-001227,2025-12-03,517.18,USD,B036
LE-0004596,ORD-007814,2025-08-14,477.63,USD,B037
LE-0004597,ORD-006503,2025-03-18,780.96,USD,B038
LE-0004598,ORD-001834,2025-01-08,431.25,USD,B039
LE-0004599,ORD-010226,2025-05-19,62.80,USD,B040
LE-0004600,ORD-005385,2025-10-10,33.28,USD,B041
LE-0004601,ORD-006164,2025-05-28,724.99,USD,B042
LE-0004602,ORD-008443,2025-04-16,56.58,USD,B043
LE-0004603,ORD-009738,2025-06-05,355.67,USD,B044
LE-0004604,ORD-004744,2025-10-13,389.44,USD,B045
LE-0004605,ORD-008744,2025-07-07,502.68,USD,B046
LE-0004606,ORD-006759,2025-04-26,147.44,USD,B047
LE-0004607,ORD-007733,2025-07-11,77.20,USD,B048
LE-0004608,ORD-005504,2025-09-22,254.95,USD,B049
LE-0004609,ORD-010670,2025-03-18,625.91,USD,B050
LE-0004610,ORD-007398,2025-10-22,111.98,USD,B051
LE-0004611,ORD-010373,2025-09-15,649.31,USD,B052
LE-0004612,ORD-004432,2025-04-03,450.71,USD,B053
LE-0004613,ORD-005843,2025-02-24,203.58,USD,B054
LE-0004614,ORD-000877,2025-12-25,549.45,USD,B055
LE-0004615,ORD-000119,2025-05-15,811.37,USD,B056
LE-0004616,ORD-001706,2025-08-02,715.38,USD,B057
LE-0004617,ORD-010039,2025-04-28,33.53,USD,B058
LE-0004618,ORD-010014,2025-03-06,187.68,USD,B059
LE-0004619,ORD-002617,2025-09-23,456.81,USD,B060
LE-0004620,ORD-007789,2025-02-11,727.34,USD,B061
LE-0004621,ORD-011711,2025-09-12,35.53,USD,B062
LE-0004622,ORD-001259,2025-03-02,112.87,USD,B063
LE-0004623,ORD-007986,2025-10-24,567.13,USD,B064
LE-0004624,ORD-007507,2025-10-17,585.32,USD,B065
LE-0004625,ORD-002720,2025-01-27,200.81,USD,B066
LE-0004626,ORD-000509,2025-01-17,805.65,USD,B067
LE-0004627,ORD-003356,2025-09-27,886.90,USD,B068
LE-0004628,ORD-004365,2025-12-20,894.73,USD,B069
LE-0004629,ORD-000141,2025-12-22,162.33,USD,B070
LE-0004630,ORD-000357,2025-06-28,164.94,USD,B071
LE-0004631,ORD-001067,2025-02-10,379.00,USD,B072
LE-0004632,ORD-011558,2025-11-28,592.83,USD,B073
LE-0004633,ORD-010789,2025-03-04,668.72,USD,B074
LE-0004634,ORD-004780,2025-03-17,795.06,USD,B075
LE-0004635,ORD-003318,2025-05-25,226.15,USD,B076
LE-0004636,ORD-000219,2025-04-19,780.70,USD,B077
LE-0004637,ORD-010265,2025-07-18,447.57,USD,B078
LE-0004638,ORD-007313,2025-09-09,850.60,USD,B079
LE-0004639,ORD-007836,2025-08-09,106.00,USD,B080
LE-0004640,ORD-007908,2025-06-23,735.51,USD,B081
LE-0004641,ORD-011616,2025-01-25,202.43,USD,B082
LE-0004642,ORD-008828,2025-05-18,361.55,USD,B083
LE-0004643,ORD-010813,2025-12-05,43.22,USD,B084
LE-0004644,ORD-002641,2025-03-13,14.63,USD,B085
LE-0004645,ORD-001451,2025-12-20,847.32,USD,B086
LE-0004646,ORD-002176,2025-05-04,575.63,USD,B087
LE-0004647,ORD-001032,2025-08-11,849.18,USD,B088
LE-0004648,ORD-006646,2025-08-03,556.58,USD,B089
LE-0004649,ORD-005773,2025-10-28,652.26,USD,B090
LE-0004650,ORD-006911,2025-02-14,216.09,USD,B091
LE-0004651,ORD-004315,2025-09-03,299.79,USD,B092
LE-0004652,ORD-000507,2025-12-03,419.61,USD,B093
LE-0004653,ORD-004837,2025-03-07,785.98,USD,B094
LE-0004654,ORD-001857,2025-12-23,361.04,USD,B095
LE-0004655,ORD-004640,2025-09-01,12.52,USD,B096
LE-0004656,ORD-003882,2025-10-25,142.00,USD,B000
LE-0004657,ORD-002243,2025-08-27,618.59,USD,B001
LE-0004658,ORD-010374,2025-03-01,120.41,USD,B002
LE-0004659,ORD-002623,2025-01-15,201.00,USD,B003
LE-0004660,ORD-010075,2025-04-02,30.27,USD,B004
LE-0004661,ORD-011427,2025-07-04,139.09,USD,B005
LE-0004662,ORD-001103,2025-03-18,372.36,USD,B006
LE-0004663,ORD-003577,2025-10-18,378.64,USD,B007
LE-0004664,ORD-001876,2025-08-23,394.14,USD,B008
LE-0004665,ORD-007508,2025-07-14,717.53,USD,B009
LE-0004666,ORD-010246,2025-03-15,817.28,USD,B010
LE-0004667,ORD-005885,2025-06-05,695.21,USD,B011
LE-0004668,ORD-007210,2025-07-21,203.97,USD,B012
LE-0004669,ORD-001896,2025-07-15,480.54,USD,B013
LE-0004670,ORD-001410,2025-03-25,414.52,USD,B014
LE-0004671,ORD-008575,2025-12-13,139.34,USD,B015
LE-0004672,ORD-007728,2025-12-03,861.31,USD,B016
LE-0004673,ORD-010076,2025-12-01,831.84,USD,B017
LE-0004674,ORD-009942,2025-07-13,778.74,USD,B018
LE-0004675,ORD-004411,2025-10-09,357.45,USD,B019
LE-0004676,ORD-006276,2025-12-31,195.00,USD,B020
LE-0004677,ORD-002271,2025-06-12,844.26,USD,B021
LE-0004678,ORD-010834,2025-04-23,307.04,USD,B022
LE-0004679,ORD-006205,2025-03-02,769.31,USD,B023
LE-0004680,ORD-003114,2025-05-31,442.87,USD,B024
LE-0004681,ORD-003886,2025-04-07,553.17,USD,B025
LE-0004682,ORD-010450,2025-06-05,356.43,USD,B026
LE-0004683,ORD-005627,2025-07-22,576.23,USD,B027
LE-0004684,ORD-004108,2025-08-27,630.63,USD,B028
LE-0004685,ORD-004175,2025-10-18,730.40,USD,B029
LE-0004686,ORD-004503,2025-10-11,681.02,USD,B030
LE-0004687,ORD-001217,2025-06-28,185.99,USD,B031
LE-0004688,ORD-005394,2025-09-22,75.56,USD,B032
LE-0004689,ORD-007055,2025-02-26,890.57,USD,B033
LE-0004690,ORD-011493,2025-07-01,602.53,USD,B034
LE-0004691,ORD-008116,2025-07-21,659.24,USD,B035
LE-0004692,ORD-003432,2025-02-23,633.92,USD,B036
LE-0004693,ORD-004373,2025-10-18,312.93,USD,B037
LE-0004694,ORD-010663,2025-01-21,815.09,USD,B038
LE-0004695,ORD-010098,2025-10-21,789.62,USD,B039
LE-0004696,ORD-007589,2025-08-11,8.58,USD,B040
LE-0004697,ORD-000125,2025-07-05,351.83,USD,B041
LE-0004698,ORD-008822,2025-03-01,97.88,USD,B042
LE-0004699,ORD-001713,2025-06-15,112.47,USD,B043
LE-0004700,ORD-002930,2025-10-25,840.64,USD,B044
LE-0004701,ORD-004070,2025-02-06,353.50,USD,B045
LE-0004702,ORD-001252,2025-03-02,492.96,USD,B046
LE-0004703,ORD-000142,2025-12-31,394.28,USD,B047
LE-0004704,ORD-003934,2025-10-30,687.27,USD,B048
LE-0004705,ORD-000469,2025-10-25,650.26,USD,B049
LE-0004706,ORD-010033,2025-02-21,577.11,USD,B050
LE-0004707,ORD-002664,2025-09-17,732.33,USD,B051
LE-0004708,ORD-005372,2025-10-16,143.05,USD,B052
LE-0004709,ORD-004075,2025-11-22,189.29,USD,B053
LE-0004710,ORD-006475,2025-07-04,592.13,USD,B054
LE-0004711,ORD-005754,2025-11-05,719.62,USD,B055
LE-0004712,ORD-005693,2025-06-21,718.42,USD,B056
LE-0004713,ORD-007562,2025-09-11,69.62,USD,B057
LE-0004714,ORD-004386,2025-02-01,725.63,USD,B058
LE-0004715,ORD-004470,2025-10-23,59.96,USD,B059
LE-0004716,ORD-011417,2025-09-26,668.43,USD,B060
LE-0004717,ORD-000518,2025-01-12,549.84,USD,B061
LE-0004718,ORD-009975,2025-12-07,389.99,USD,B062
LE-0004719,ORD-010034,2025-12-21,162.40,USD,B063
LE-0004720,ORD-002158,2025-04-16,73.52,USD,B064
LE-0004721,ORD-009247,2025-12-18,390.05,USD,B065
LE-0004722,ORD-006692,2025-05-17,405.78,USD,B066
LE-0004723,ORD-008300,2025-08-18,409.98,USD,B067
LE-0004724,ORD-003878,2025-05-20,67.97,USD,B068
LE-0004725,ORD-011339,2025-04-01,582.87,USD,B069
LE-0004726,ORD-010973,2025-10-21,722.54,USD,B070
LE-0004727,ORD-010989,2025-08-10,672.37,USD,B071
LE-0004728,ORD-002886,2025-01-25,579.38,USD,B072
LE-0004729,ORD-003861,2025-07-18,581.73,USD,B073
LE-0004730,ORD-011026,2025-05-19,831.72,USD,B074
LE-0004731,ORD-001074,2025-06-19,409.62,USD,B075
LE-0004732,ORD-004371,2025-01-18,370.10,USD,B076
LE-0004733,ORD-006193,2025-02-28,529.96,USD,B077
LE-0004734,ORD-000959,2025-10-08,340.97,USD,B078
LE-0004735,ORD-001787,2025-09-12,180.05,USD,B079
LE-0004736,ORD-011733,2025-08-02,15.24,USD,B080
LE-0004737,ORD-004865,2025-12-30,800.75,USD,B081
LE-0004738,ORD-003584,2025-09-27,575.25,USD,B082
LE-0004739,ORD-008066,2025-01-10,581.00,USD,B083
LE-0004740,ORD-002557,2025-06-13,625.06,USD,B084
LE-0004741,ORD-008177,2025-09-24,588.23,USD,B085
LE-0004742,ORD-004286,2025-03-09,50.56,USD,B086
LE-0004743,ORD-004232,2025-12-10,654.53,USD,B087
LE-0004744,ORD-008586,2025-07-27,58.80,USD,B088
LE-0004745,ORD-003339,2025-07-25,858.60,USD,B089
LE-0004746,ORD-011646,2025-11-03,710.57,USD,B090
LE-0004747,ORD-008005,2025-03-22,669.58,USD,B091
LE-0004748,ORD-001816,2025-11-03,32.56,USD,B092
LE-0004749,ORD-005768,2025-09-05,410.19,USD,B093
LE-0004750,ORD-002847,2025-05-31,171.76,USD,B094
LE-0004751,ORD-010625,2025-09-18,577.00,USD,B095
LE-0004752,ORD-004393,2025-10-17,53.54,USD,B096
LE-0004753,ORD-009410,2025-03-07,582.37,USD,B000
LE-0004754,ORD-009998,2025-01-28,63.15,USD,B001
LE-0004755,ORD-006805,2025-07-21,828.65,USD,B002
LE-0004756,ORD-007620,2025-05-10,72.23,USD,B003
LE-0004757,ORD-006781,2025-12-28,24.44,USD,B004
LE-0004758,ORD-009851,2025-07-08,759.53,USD,B005
LE-0004759,ORD-007111,2025-08-14,718.59,USD,B006
LE-0004760,ORD-010231,2025-04-30,24.76,USD,B007
LE-0004761,ORD-009377,2025-06-20,229.66,USD,B008
LE-0004762,ORD-003194,2025-02-16,655.99,USD,B009
LE-0004763,ORD-007851,2025-08-04,790.11,USD,B010
LE-0004764,ORD-002790,2025-10-27,574.79,USD,B011
LE-0004765,ORD-002744,2025-09-27,71.02,USD,B012
LE-0004766,ORD-006379,2025-10-30,131.48,USD,B013
LE-0004767,ORD-008507,2025-11-15,420.83,USD,B014
LE-0004768,ORD-008897,2025-07-24,455.26,USD,B015
LE-0004769,ORD-002921,2025-11-12,357.05,USD,B016
LE-0004770,ORD-011360,2025-03-29,492.33,USD,B017
LE-0004771,ORD-001527,2025-05-08,546.81,USD,B018
LE-0004772,ORD-004135,2025-11-28,766.58,USD,B019
LE-0004773,ORD-004647,2025-02-09,879.00,USD,B020
LE-0004774,ORD-004735,2025-04-25,588.88,USD,B021
LE-0004775,ORD-009811,2025-04-29,383.43,USD,B022
LE-0004776,ORD-009342,2025-01-23,817.77,USD,B023
LE-0004777,ORD-010799,2025-04-24,327.19,USD,B024
LE-0004778,ORD-003111,2025-08-06,449.83,USD,B025
LE-0004779,ORD-001336,2025-05-22,832.57,USD,B026
LE-0004780,ORD-003022,2025-06-09,245.32,USD,B027
LE-0004781,ORD-001442,2025-03-09,538.62,USD,B028
LE-0004782,ORD-010575,2025-08-24,306.66,USD,B029
LE-0004783,ORD-011589,2025-08-17,338.93,USD,B030
LE-0004784,ORD-010292,2025-02-20,554.73,USD,B031
LE-0004785,ORD-006845,2025-12-01,839.79,USD,B032
LE-0004786,ORD-005151,2025-05-13,569.53,USD,B033
LE-0004787,ORD-001427,2025-04-12,755.58,USD,B034
LE-0004788,ORD-006307,2025-10-28,594.97,USD,B035
LE-0004789,ORD-003232,2025-07-17,678.08,USD,B036
LE-0004790,ORD-001136,2025-08-11,16.88,USD,B037
LE-0004791,ORD-010606,2025-01-05,558.04,USD,B038
LE-0004792,ORD-009059,2025-10-12,462.90,USD,B039
LE-0004793,ORD-004111,2025-10-14,122.21,USD,B040
LE-0004794,ORD-008069,2025-03-06,223.07,USD,B041
LE-0004795,ORD-006442,2025-07-25,239.79,USD,B042
LE-0004796,ORD-008426,2025-02-24,555.74,USD,B043
LE-0004797,ORD-011078,2025-12-21,779.28,USD,B044
LE-0004798,ORD-001487,2025-10-24,417.90,USD,B045
LE-0004799,ORD-005520,2025-10-08,840.64,USD,B046
LE-0004800,ORD-001846,2025-10-26,757.44,USD,B047
LE-0004801,ORD-007265,2025-04-27,846.80,USD,B048
LE-0004802,ORD-009770,2025-10-22,95.91,USD,B049
LE-0004803,ORD-004590,2025-02-06,173.18,USD,B050
LE-0004804,ORD-004231,2025-02-15,359.00,USD,B051
LE-0004805,ORD-011408,2025-02-18,785.74,USD,B052
LE-0004806,ORD-009952,2025-03-22,535.64,USD,B053
LE-0004807,ORD-005700,2025-04-24,208.00,USD,B054
LE-0004808,ORD-011738,2025-11-26,867.56,USD,B055
LE-0004809,ORD-003031,2025-06-17,713.26,USD,B056
LE-0004810,ORD-005353,2025-01-04,147.69,USD,B057
LE-0004811,ORD-001965,2025-08-27,561.28,USD,B058
LE-0004812,ORD-002836,2025-03-20,408.33,USD,B059
LE-0004813,ORD-000263,2025-06-06,545.91,USD,B060
LE-0004814,ORD-009114,2025-12-20,36.35,USD,B061
LE-0004815,ORD-004634,2025-12-15,311.17,USD,B062
LE-0004816,ORD-009848,2025-07-27,106.90,USD,B063
LE-0004817,ORD-011455,2025-09-24,883.04,USD,B064
LE-0004818,ORD-011203,2025-05-22,185.41,USD,B065
LE-0004819,ORD-003020,2025-12-21,871.37,USD,B066
LE-0004820,ORD-011190,2025-04-02,735.38,USD,B067
LE-0004821,ORD-003115,2025-01-13,394.43,USD,B068
LE-0004822,ORD-002724,2025-06-04,648.66,USD,B069
LE-0004823,ORD-003015,2025-01-20,230.03,USD,B070
LE-0004824,ORD-008076,2025-09-03,293.30,USD,B071
LE-0004825,ORD-003283,2025-09-30,69.49,USD,B072
LE-0004826,ORD-003146,2025-08-18,655.34,USD,B073
LE-0004827,ORD-008771,2025-02-11,801.98,USD,B074
LE-0004828,ORD-011052,2025-01-08,520.65,USD,B075
LE-0004829,ORD-002263,2025-09-05,477.83,USD,B076
LE-0004830,ORD-007817,2025-08-03,829.55,USD,B077
LE-0004831,ORD-008664,2025-06-25,541.49,USD,B078
LE-0004832,ORD-001628,2025-07-30,281.00,USD,B079
LE-0004833,ORD-003818,2025-07-25,881.53,USD,B080
LE-0004834,ORD-011218,2025-05-13,193.07,USD,B081
LE-0004835,ORD-006360,2025-10-19,127.72,USD,B082
LE-0004836,ORD-010886,2025-10-22,303.08,USD,B083
LE-0004837,ORD-004651,2025-04-12,462.59,USD,B084
LE-0004838,ORD-009422,2025-04-25,575.60,USD,B085
LE-0004839,ORD-003475,2025-07-26,347.93,USD,B086
LE-0004840,ORD-002195,2025-09-06,497.39,USD,B087
LE-0004841,ORD-002991,2025-11-17,564.53,USD,B088
LE-0004842,ORD-008646,2025-10-04,236.83,USD,B089
LE-0004843,ORD-006245,2025-11-12,473.95,USD,B090
LE-0004844,ORD-004807,2025-04-18,524.85,USD,B091
LE-0004845,ORD-011651,2025-01-27,23.81,USD,B092
LE-0004846,ORD-002860,2025-06-23,68.12,USD,B093
LE-0004847,ORD-004502,2025-09-27,776.57,USD,B094
LE-0004848,ORD-000112,2025-05-10,786.03,USD,B095
LE-0004849,ORD-007287,2025-01-08,255.20,USD,B096
LE-0004850,ORD-003588,2025-11-01,414.82,USD,B000
LE-0004851,ORD-011691,2025-11-13,608.59,USD,B001
LE-0004852,ORD-002638,2025-12-19,603.49,USD,B002
LE-0004853,ORD-002006,2025-07-24,444.60,USD,B003
LE-0004854,ORD-000837,2025-08-24,600.02,USD,B004
LE-0004855,ORD-007280,2025-10-09,77.43,USD,B005
LE-0004856,ORD-000773,2025-01-28,413.10,USD,B006
LE-0004857,ORD-008531,2025-07-12,388.59,USD,B007
LE-0004858,ORD-008889,2025-12-30,598.44,USD,B008
LE-0004859,ORD-005539,2025-12-12,829.71,USD,B009
LE-0004860,ORD-005827,2025-09-20,34.94,USD,B010
LE-0004861,ORD-011709,2025-01-19,614.58,USD,B011
LE-0004862,ORD-006344,2025-11-27,348.13,USD,B012
LE-0004863,ORD-001625,2025-11-20,479.77,USD,B013
LE-0004864,ORD-008685,2025-12-31,248.61,USD,B014
LE-0004865,ORD-000882,2025-07-12,846.43,USD,B015
LE-0004866,ORD-010058,2025-07-11,878.11,USD,B016
LE-0004867,ORD-009297,2025-10-31,216.66,USD,B017
LE-0004868,ORD-000913,2025-05-01,145.49,USD,B018
LE-0004869,ORD-007394,2025-10-02,481.29,USD,B019
LE-0004870,ORD-009293,2025-05-25,177.78,USD,B020
LE-0004871,ORD-005920,2025-07-21,573.18,USD,B021
LE-0004872,ORD-000560,2025-01-06,460.10,USD,B022
LE-0004873,ORD-008158,2025-10-27,209.76,USD,B023
LE-0004874,ORD-009969,2025-01-31,560.14,USD,B024
LE-0004875,ORD-008146,2025-09-23,734.07,USD,B025
LE-0004876,ORD-007396,2025-06-26,115.47,USD,B026
LE-0004877,ORD-001623,2025-07-08,445.37,USD,B027
LE-0004878,ORD-004719,2025-10-08,896.38,USD,B028
LE-0004879,ORD-008448,2025-09-02,315.39,USD,B029
LE-0004880,ORD-000906,2025-07-19,529.06,USD,B030
LE-0004881,ORD-011210,2025-06-09,281.99,USD,B031
LE-0004882,ORD-011500,2025-07-29,89.02,USD,B032
LE-0004883,ORD-007401,2025-04-24,464.65,USD,B033
LE-0004884,ORD-005296,2025-04-24,860.52,USD,B034
LE-0004885,ORD-000981,2025-02-11,696.92,USD,B035
LE-0004886,ORD-000221,2025-01-31,287.85,USD,B036
LE-0004887,ORD-008264,2025-07-22,850.64,USD,B037
LE-0004888,ORD-006856,2025-07-27,245.56,USD,B038
LE-0004889,ORD-008741,2025-04-24,708.75,USD,B039
LE-0004890,ORD-002313,2025-07-20,207.08,USD,B040
LE-0004891,ORD-009874,2025-07-27,518.81,USD,B041
LE-0004892,ORD-003280,2025-08-16,588.48,USD,B042
LE-0004893,ORD-000938,2025-03-07,505.08,USD,B043
LE-0004894,ORD-009218,2025-01-15,358.15,USD,B044
LE-0004895,ORD-001866,2025-10-30,329.23,USD,B045
LE-0004896,ORD-004595,2025-03-01,824.97,USD,B046
LE-0004897,ORD-001387,2025-07-06,868.02,USD,B047
LE-0004898,ORD-008393,2025-01-29,415.76,USD,B048
LE-0004899,ORD-007123,2025-07-12,595.54,USD,B049
LE-0004900,ORD-002077,2025-06-14,829.53,USD,B050
LE-0004901,ORD-006763,2025-02-22,302.66,USD,B051
LE-0004902,ORD-007934,2025-09-16,505.66,USD,B052
LE-0004903,ORD-003218,2025-06-14,121.75,USD,B053
LE-0004904,ORD-000519,2025-01-07,544.79,USD,B054
LE-0004905,ORD-007233,2025-02-20,896.13,USD,B055
LE-0004906,ORD-000334,2025-12-16,375.33,USD,B056
LE-0004907,ORD-008978,2025-12-08,807.00,USD,B057
LE-0004908,ORD-000723,2025-06-14,514.37,USD,B058
LE-0004909,ORD-005744,2025-02-22,568.34,USD,B059
LE-0004910,ORD-011037,2025-08-21,683.89,USD,B060
LE-0004911,ORD-002002,2025-09-12,724.97,USD,B061
LE-0004912,ORD-000532,2025-02-17,452.89,USD,B062
LE-0004913,ORD-004064,2025-11-16,32.00,USD,B063
LE-0004914,ORD-006198,2025-07-01,492.35,USD,B064
LE-0004915,ORD-010360,2025-11-09,254.49,USD,B065
LE-0004916,ORD-008717,2025-02-17,268.39,USD,B066
LE-0004917,ORD-001372,2025-03-06,777.41,USD,B067
LE-0004918,ORD-007458,2025-02-04,105.67,USD,B068
LE-0004919,ORD-011177,2025-04-06,118.11,USD,B069
LE-0004920,ORD-008895,2025-01-28,783.53,USD,B070
LE-0004921,ORD-007609,2025-08-25,834.69,USD,B071
LE-0004922,ORD-010984,2025-06-22,754.54,USD,B072
LE-0004923,ORD-008479,2025-11-21,359.30,USD,B073
LE-0004924,ORD-004696,2025-07-20,445.26,USD,B074
LE-0004925,ORD-009692,2025-10-21,672.42,USD,B075
LE-0004926,ORD-008793,2025-12-05,462.21,USD,B076
LE-0004927,ORD-001448,2025-04-22,343.68,USD,B077
LE-0004928,ORD-002275,2025-03-20,725.27,USD,B078
LE-0004929,ORD-008910,2025-05-27,318.14,USD,B079
LE-0004930,ORD-009189,2025-01-10,782.91,USD,B080
LE-0004931,ORD-005418,2025-03-09,784.27,USD,B081
LE-0004932,ORD-004560,2025-12-26,402.00,USD,B082
LE-0004933,ORD-003723,2025-04-04,232.00,USD,B083
LE-0004934,ORD-003598,2025-06-22,570.54,USD,B084
LE-0004935,ORD-011527,2025-04-11,677.15,USD,B085
LE-0004936,ORD-002758,2025-07-30,266.28,USD,B086
LE-0004937,ORD-007016,2025-03-05,268.00,USD,B087
LE-0004938,ORD-005587,2025-01-14,860.16,USD,B088
LE-0004939,ORD-000827,2025-04-20,87.11,USD,B089
LE-0004940,ORD-006351,2025-03-20,314.38,USD,B090
LE-0004941,ORD-007943,2025-10-14,621.79,USD,B091
LE-0004942,ORD-006052,2025-09-11,166.28,USD,B092
LE-0004943,ORD-002905,2025-03-24,370.75,USD,B093
LE-0004944,ORD-003662,2025-04-20,77.00,USD,B094
LE-0004945,ORD-000885,2025-08-04,319.72,USD,B095
LE-0004946,ORD-001520,2025-02-19,272.66,USD,B096
LE-0004947,ORD-010473,2025-08-24,289.51,USD,B000
LE-0004948,ORD-010850,2025-06-11,730.56,USD,B001
LE-0004949,ORD-001086,2025-01-01,576.64,USD,B002
LE-0004950,ORD-006070,2025-08-27,423.07,USD,B003
LE-0004951,ORD-001536,2025-03-12,449.73,USD,B004
LE-0004952,ORD-009671,2025-08-10,883.29,USD,B005
LE-0004953,ORD-001426,2025-06-01,69.38,USD,B006
LE-0004954,ORD-008636,2025-04-11,454.87,USD,B007
LE-0004955,ORD-008417,2025-08-04,280.47,USD,B008
LE-0004956,ORD-003008,2025-05-17,706.70,USD,B009
LE-0004957,ORD-009768,2025-07-18,213.99,USD,B010
LE-0004958,ORD-008020,2025-12-08,359.03,USD,B011
LE-0004959,ORD-007063,2025-10-10,447.69,USD,B012
LE-0004960,ORD-008452,2025-08-31,586.60,USD,B013
LE-0004961,ORD-010121,2025-03-11,535.70,USD,B014
LE-0004962,ORD-003917,2025-10-10,684.94,USD,B015
LE-0004963,ORD-000510,2025-11-29,705.50,USD,B016
LE-0004964,ORD-000207,2025-01-11,195.25,USD,B017
LE-0004965,ORD-010889,2025-08-06,87.93,USD,B018
LE-0004966,ORD-005436,2025-12-08,808.65,USD,B019
LE-0004967,ORD-005971,2025-02-25,693.08,USD,B020
LE-0004968,ORD-001817,2025-02-24,718.11,USD,B021
LE-0004969,ORD-000896,2025-11-22,67.32,USD,B022
LE-0004970,ORD-001651,2025-01-24,47.11,USD,B023
LE-0004971,ORD-004472,2025-03-30,267.81,USD,B024
LE-0004972,ORD-007099,2025-07-19,85.19,USD,B025
LE-0004973,ORD-005851,2025-08-06,126.20,USD,B026
LE-0004974,ORD-006218,2025-03-10,311.92,USD,B027
LE-0004975,ORD-005663,2025-10-18,874.66,USD,B028
LE-0004976,ORD-008769,2025-10-10,200.91,USD,B029
LE-0004977,ORD-009471,2025-05-02,523.51,USD,B030
LE-0004978,ORD-002287,2025-02-26,593.82,USD,B031
LE-0004979,ORD-000841,2025-04-27,707.13,USD,B032
LE-0004980,ORD-005255,2025-03-15,23.65,USD,B033
LE-0004981,ORD-011169,2025-09-13,779.00,USD,B034
LE-0004982,ORD-009508,2025-07-03,145.74,USD,B035
LE-0004983,ORD-003347,2025-04-17,88.14,USD,B036
LE-0004984,ORD-004520,2025-08-30,343.48,USD,B037
LE-0004985,ORD-002801,2025-10-22,756.36,USD,B038
LE-0004986,ORD-011137,2025-01-31,571.57,USD,B039
LE-0004987,ORD-006912,2025-08-01,805.78,USD,B040
LE-0004988,ORD-010483,2025-10-03,765.46,USD,B041
LE-0004989,ORD-009907,2025-07-17,643.60,USD,B042
LE-0004990,ORD-005179,2025-08-14,377.04,USD,B043
LE-0004991,ORD-007441,2025-09-10,859.46,USD,B044
LE-0004992,ORD-000284,2025-01-23,810.28,USD,B045
LE-0004993,ORD-000751,2025-12-25,491.00,USD,B046
LE-0004994,ORD-011356,2025-09-20,759.54,USD,B047
LE-0004995,ORD-008911,2025-08-16,764.15,USD,B048
LE-0004996,ORD-003201,2025-09-30,31.07,USD,B049
LE-0004997,ORD-011805,2025-01-24,12.81,USD,B050
LE-0004998,ORD-004578,2025-10-19,196.60,USD,B051
LE-0004999,ORD-002629,2025-12-06,252.55,USD,B052
LE-0005000,ORD-007061,2025-03-17,758.72,USD,B053
LE-0005001,ORD-002011,2025-11-03,606.30,USD,B054
LE-0005002,ORD-002737,2025-08-25,758.86,USD,B055
LE-0005003,ORD-011462,2025-09-05,229.12,USD,B056
LE-0005004,ORD-003472,2025-11-19,212.19,USD,B057
LE-0005005,ORD-004201,2025-11-21,704.98,USD,B058
LE-0005006,ORD-003101,2025-11-03,133.50,USD,B059
LE-0005007,ORD-002699,2025-10-05,251.75,USD,B060
LE-0005008,ORD-011034,2025-08-09,94.52,USD,B061
LE-0005009,ORD-010634,2025-02-16,776.94,USD,B062
LE-0005010,ORD-008936,2025-05-25,475.86,USD,B063
LE-0005011,ORD-010774,2025-07-16,495.07,USD,B064
LE-0005012,ORD-000381,2025-06-28,152.35,USD,B065
LE-0005013,ORD-008550,2025-03-16,229.01,USD,B066
LE-0005014,ORD-007660,2025-05-15,309.61,USD,B067
LE-0005015,ORD-000340,2025-06-19,208.86,USD,B068
LE-0005016,ORD-009567,2025-12-10,804.63,USD,B069
LE-0005017,ORD-011219,2025-10-06,698.26,USD,B070
LE-0005018,ORD-005870,2025-10-20,29.86,USD,B071
LE-0005019,ORD-009806,2025-08-10,25.63,USD,B072
LE-0005020,ORD-010705,2025-01-19,286.05,USD,B073
LE-0005021,ORD-010509,2025-04-08,703.37,USD,B074
LE-0005022,ORD-007601,2025-01-20,141.64,USD,B075
LE-0005023,ORD-008226,2025-10-05,40.71,USD,B076
LE-0005024,ORD-001916,2025-04-23,897.06,USD,B077
LE-0005025,ORD-010056,2025-07-25,798.13,USD,B078
LE-0005026,ORD-000610,2025-03-04,561.40,USD,B079
LE-0005027,ORD-007610,2025-06-05,865.90,USD,B080
LE-0005028,ORD-010545,2025-05-09,128.35,USD,B081
LE-0005029,ORD-006481,2025-11-10,149.34,USD,B082
LE-0005030,ORD-010591,2025-12-24,558.31,USD,B083
LE-0005031,ORD-005784,2025-07-18,604.30,USD,B084
LE-0005032,ORD-011146,2025-01-30,374.78,USD,B085
LE-0005033,ORD-011297,2025-10-31,129.00,USD,B086
LE-0005034,ORD-004096,2025-07-23,429.46,USD,B087
LE-0005035,ORD-003639,2025-08-06,892.98,USD,B088
LE-0005036,ORD-008863,2025-05-14,685.22,USD,B089
LE-0005037,ORD-011308,2025-01-31,41.34,USD,B090
LE-0005038,ORD-002631,2025-09-27,554.34,USD,B091
LE-0005039,ORD-004234,2025-05-25,837.36,USD,B092
LE-0005040,ORD-001261,2025-03-29,698.76,USD,B093
LE-0005041,ORD-006428,2025-07-04,546.93,USD,B094
LE-0005042,ORD-006971,2025-11-09,435.15,USD,B095
LE-0005043,ORD-000075,2025-08-19,551.29,USD,B096
LE-0005044,ORD-006253,2025-04-07,514.15,USD,B000
LE-0005045,ORD-006532,2025-12-25,358.91,USD,B001
LE-0005046,ORD-004222,2025-01-31,80.14,USD,B002
LE-0005047,ORD-000973,2025-12-01,889.81,USD,B003
LE-0005048,ORD-000787,2025-03-07,703.95,USD,B004
LE-0005049,ORD-000960,2025-04-08,881.72,USD,B005
LE-0005050,ORD-005935,2025-11-18,460.90,USD,B006
LE-0005051,ORD-011792,2025-12-22,444.39,USD,B007
LE-0005052,ORD-001314,2025-06-12,323.88,USD,B008
LE-0005053,ORD-009198,2025-09-10,532.06,USD,B009
LE-0005054,ORD-005375,2025-02-24,499.48,USD,B010
LE-0005055,ORD-006919,2025-09-25,423.99,USD,B011
LE-0005056,ORD-003404,2025-02-05,179.38,USD,B012
LE-0005057,ORD-001634,2025-05-13,770.28,USD,B013
LE-0005058,ORD-004114,2025-02-02,818.05,USD,B014
LE-0005059,ORD-005049,2025-10-12,430.08,USD,B015
LE-0005060,ORD-011505,2025-02-05,450.04,USD,B016
LE-0005061,ORD-009050,2025-10-17,503.76,USD,B017
LE-0005062,ORD-003206,2025-02-12,30.78,USD,B018
LE-0005063,ORD-001948,2025-11-17,280.61,USD,B019
LE-0005064,ORD-010489,2025-02-28,52.93,USD,B020
LE-0005065,ORD-009667,2025-06-01,102.58,USD,B021
LE-0005066,ORD-000009,2025-12-04,884.37,USD,B022
LE-0005067,ORD-005056,2025-05-14,392.99,USD,B023
LE-0005068,ORD-010934,2025-09-24,622.25,USD,B024
LE-0005069,ORD-009522,2025-07-16,142.04,USD,B025
LE-0005070,ORD-004793,2025-04-20,411.66,USD,B026
LE-0005071,ORD-001174,2025-04-02,518.74,USD,B027
LE-0005072,ORD-001762,2025-07-30,727.35,USD,B028
LE-0005073,ORD-002020,2025-05-14,283.20,USD,B029
LE-0005074,ORD-009829,2025-07-25,146.93,USD,B030
LE-0005075,ORD-006455,2025-08-21,414.95,USD,B031
LE-0005076,ORD-003345,2025-04-18,670.00,USD,B032
LE-0005077,ORD-004269,2025-09-04,774.91,USD,B033
LE-0005078,ORD-010164,2025-06-21,152.03,USD,B034
LE-0005079,ORD-007948,2025-11-06,319.45,USD,B035
LE-0005080,ORD-002474,2025-06-23,175.95,USD,B036
LE-0005081,ORD-010915,2025-08-18,724.83,USD,B037
LE-0005082,ORD-011776,2025-06-09,543.94,USD,B038
LE-0005083,ORD-008976,2025-06-09,871.24,USD,B039
LE-0005084,ORD-006577,2025-11-19,63.40,USD,B040
LE-0005085,ORD-011310,2025-04-28,807.60,USD,B041
LE-0005086,ORD-005446,2025-08-03,398.41,USD,B042
LE-0005087,ORD-008179,2025-01-20,363.47,USD,B043
LE-0005088,ORD-001114,2025-03-01,417.66,USD,B044
LE-0005089,ORD-011828,2025-07-12,740.38,USD,B045
LE-0005090,ORD-005180,2025-03-27,71.07,USD,B046
LE-0005091,ORD-002178,2025-06-21,669.77,USD,B047
LE-0005092,ORD-009713,2025-11-29,441.07,USD,B048
LE-0005093,ORD-002774,2025-08-11,751.26,USD,B049
LE-0005094,ORD-007521,2025-05-05,885.60,USD,B050
LE-0005095,ORD-005304,2025-02-27,336.54,USD,B051
LE-0005096,ORD-006635,2025-12-17,194.28,USD,B052
LE-0005097,ORD-004301,2025-09-26,461.38,USD,B053
LE-0005098,ORD-000500,2025-04-09,411.94,USD,B054
LE-0005099,ORD-010865,2025-06-08,404.84,USD,B055
LE-0005100,ORD-000426,2025-01-28,23.97,USD,B056
LE-0005101,ORD-009124,2025-03-12,602.42,USD,B057
LE-0005102,ORD-002823,2025-12-27,33.55,USD,B058
LE-0005103,ORD-003271,2025-11-15,13.95,USD,B059
LE-0005104,ORD-011013,2025-03-21,458.27,USD,B060
LE-0005105,ORD-005297,2025-12-11,515.01,USD,B061
LE-0005106,ORD-002690,2025-08-19,94.70,USD,B062
LE-0005107,ORD-001180,2025-02-21,514.47,USD,B063
LE-0005108,ORD-005226,2025-05-15,40.41,USD,B064
LE-0005109,ORD-004752,2025-11-27,272.30,USD,B065
LE-0005110,ORD-000257,2025-07-23,283.85,USD,B066
LE-0005111,ORD-009702,2025-03-02,57.08,USD,B067
LE-0005112,ORD-000884,2025-12-12,393.13,USD,B068
LE-0005113,ORD-003409,2025-05-20,154.34,USD,B069
LE-0005114,ORD-002362,2025-09-02,76.91,USD,B070
LE-0005115,ORD-000451,2025-01-14,11.18,USD,B071
LE-0005116,ORD-003919,2025-08-04,728.88,USD,B072
LE-0005117,ORD-005625,2025-09-16,328.22,USD,B073
LE-0005118,ORD-006345,2025-12-12,146.64,USD,B074
LE-0005119,ORD-006494,2025-02-20,169.70,USD,B075
LE-0005120,ORD-002952,2025-11-06,578.03,USD,B076
LE-0005121,ORD-002668,2025-07-29,509.00,USD,B077
LE-0005122,ORD-007091,2025-10-12,588.66,USD,B078
LE-0005123,ORD-010860,2025-08-12,460.19,USD,B079
LE-0005124,ORD-008303,2025-09-13,351.35,USD,B080
LE-0005125,ORD-001665,2025-06-06,406.09,USD,B081
LE-0005126,ORD-003112,2025-10-21,766.48,USD,B082
LE-0005127,ORD-009771,2025-01-18,365.96,USD,B083
LE-0005128,ORD-011689,2025-10-31,664.74,USD,B084
LE-0005129,ORD-001475,2025-07-08,544.22,USD,B085
LE-0005130,ORD-005895,2025-12-25,706.38,USD,B086
LE-0005131,ORD-004787,2025-07-10,394.92,USD,B087
LE-0005132,ORD-004036,2025-01-05,33.07,USD,B088
LE-0005133,ORD-004103,2025-01-10,36.00,USD,B089
LE-0005134,ORD-007413,2025-01-04,258.30,USD,B090
LE-0005135,ORD-009705,2025-03-10,792.19,USD,B091
LE-0005136,ORD-010211,2025-06-19,530.32,USD,B092
LE-0005137,ORD-001244,2025-05-20,249.30,USD,B093
LE-0005138,ORD-011327,2025-03-26,495.37,USD,B094
LE-0005139,ORD-008354,2025-04-19,85.07,USD,B095
LE-0005140,ORD-002122,2025-10-17,384.30,USD,B096
LE-0005141,ORD-011785,2025-09-02,279.61,USD,B000
LE-0005142,ORD-001034,2025-10-20,648.67,USD,B001
LE-0005143,ORD-010857,2025-03-09,663.98,USD,B002
LE-0005144,ORD-006391,2025-10-11,204.16,USD,B003
LE-0005145,ORD-010938,2025-03-18,626.54,USD,B004
LE-0005146,ORD-011740,2025-03-17,181.49,USD,B005
LE-0005147,ORD-009370,2025-10-07,134.82,USD,B006
LE-0005148,ORD-010595,2025-08-27,209.78,USD,B007
LE-0005149,ORD-006617,2025-09-02,400.05,USD,B008
LE-0005150,ORD-007040,2025-10-14,190.35,USD,B009
LE-0005151,ORD-011618,2025-05-06,399.51,USD,B010
LE-0005152,ORD-008089,2025-03-07,470.08,USD,B011
LE-0005153,ORD-004276,2025-01-27,893.30,USD,B012
LE-0005154,ORD-003513,2025-11-03,114.84,USD,B013
LE-0005155,ORD-011247,2025-04-19,431.52,USD,B014
LE-0005156,ORD-005626,2025-06-12,486.49,USD,B015
LE-0005157,ORD-005438,2025-07-23,448.29,USD,B016
LE-0005158,ORD-008442,2025-09-27,51.79,USD,B017
LE-0005159,ORD-002813,2025-11-08,57.11,USD,B018
LE-0005160,ORD-011366,2025-03-07,359.38,USD,B019
LE-0005161,ORD-003789,2025-08-31,104.65,USD,B020
LE-0005162,ORD-000272,2025-03-18,698.72,USD,B021
LE-0005163,ORD-005876,2025-09-03,416.61,USD,B022
LE-0005164,ORD-004526,2025-01-24,682.71,USD,B023
LE-0005165,ORD-008141,2025-01-04,620.53,USD,B024
LE-0005166,ORD-009340,2025-12-18,280.00,USD,B025
LE-0005167,ORD-005229,2025-02-17,51.18,USD,B026
LE-0005168,ORD-008071,2025-04-22,808.00,USD,B027
LE-0005169,ORD-009796,2025-11-04,216.35,USD,B028
LE-0005170,ORD-010069,2025-02-08,400.00,USD,B029
LE-0005171,ORD-000559,2025-10-21,84.05,USD,B030
LE-0005172,ORD-006456,2025-05-18,410.58,USD,B031
LE-0005173,ORD-011318,2025-08-22,617.90,USD,B032
LE-0005174,ORD-009152,2025-11-09,625.17,USD,B033
LE-0005175,ORD-001974,2025-03-27,575.64,USD,B034
LE-0005176,ORD-004316,2025-04-16,416.08,USD,B035
LE-0005177,ORD-010649,2025-05-18,356.59,USD,B036
LE-0005178,ORD-010790,2025-12-26,717.31,USD,B037
LE-0005179,ORD-010051,2025-11-29,758.71,USD,B038
LE-0005180,ORD-007288,2025-07-19,820.33,USD,B039
LE-0005181,ORD-009379,2025-03-10,658.49,USD,B040
LE-0005182,ORD-003713,2025-04-17,194.22,USD,B041
LE-0005183,ORD-010262,2025-12-04,815.29,USD,B042
LE-0005184,ORD-001609,2025-06-16,362.58,USD,B043
LE-0005185,ORD-001537,2025-01-23,207.05,USD,B044
LE-0005186,ORD-009830,2025-06-29,381.43,USD,B045
LE-0005187,ORD-011644,2025-10-25,677.88,USD,B046
LE-0005188,ORD-008524,2025-01-16,401.74,USD,B047
LE-0005189,ORD-009947,2025-03-23,596.55,USD,B048
LE-0005190,ORD-011205,2025-01-27,767.29,USD,B049
LE-0005191,ORD-004776,2025-10-19,396.50,USD,B050
LE-0005192,ORD-005047,2025-09-09,580.09,USD,B051
LE-0005193,ORD-002751,2025-09-25,636.98,USD,B052
LE-0005194,ORD-004637,2025-08-04,252.06,USD,B053
LE-0005195,ORD-007765,2025-05-25,574.30,USD,B054
LE-0005196,ORD-003092,2025-12-21,42.63,USD,B055
LE-0005197,ORD-010220,2025-05-24,718.56,USD,B056
LE-0005198,ORD-005050,2025-01-17,169.76,USD,B057
LE-0005199,ORD-000402,2025-05-04,297.00,USD,B058
LE-0005200,ORD-007565,2025-10-15,327.79,USD,B059
LE-0005201,ORD-001577,2025-12-19,482.50,USD,B060
LE-0005202,ORD-002350,2025-04-15,456.47,USD,B061
LE-0005203,ORD-005791,2025-02-01,732.60,USD,B062
LE-0005204,ORD-009049,2025-09-02,463.00,USD,B063
LE-0005205,ORD-000805,2025-04-23,484.17,USD,B064
LE-0005206,ORD-003893,2025-04-04,572.46,USD,B065
LE-0005207,ORD-005651,2025-08-19,882.01,USD,B066
LE-0005208,ORD-006346,2025-12-09,114.59,USD,B067
LE-0005209,ORD-011093,2025-08-02,822.03,USD,B068
LE-0005210,ORD-002072,2025-10-18,389.92,USD,B069
LE-0005211,ORD-008137,2025-06-15,40.14,USD,B070
LE-0005212,ORD-006686,2025-10-06,78.08,USD,B071
LE-0005213,ORD-008482,2025-02-19,431.04,USD,B072
LE-0005214,ORD-006055,2025-08-14,372.89,USD,B073
LE-0005215,ORD-001248,2025-08-06,85.94,USD,B074
LE-0005216,ORD-005479,2025-12-31,380.26,USD,B075
LE-0005217,ORD-006195,2025-03-04,237.54,USD,B076
LE-0005218,ORD-005422,2025-01-23,742.43,USD,B077
LE-0005219,ORD-002807,2025-12-28,635.62,USD,B078
LE-0005220,ORD-002888,2025-09-01,291.88,USD,B079
LE-0005221,ORD-008504,2025-02-18,608.49,USD,B080
LE-0005222,ORD-008331,2025-02-02,557.71,USD,B081
LE-0005223,ORD-010446,2025-04-12,780.50,USD,B082
LE-0005224,ORD-001122,2025-11-15,799.39,USD,B083
LE-0005225,ORD-009950,2025-05-10,639.76,USD,B084
LE-0005226,ORD-009880,2025-10-26,525.87,USD,B085
LE-0005227,ORD-010880,2025-02-19,306.61,USD,B086
LE-0005228,ORD-007453,2025-11-29,395.80,USD,B087
LE-0005229,ORD-004510,2025-12-11,429.73,USD,B088
LE-0005230,ORD-006120,2025-12-21,590.25,USD,B089
LE-0005231,ORD-000433,2025-08-22,392.00,USD,B090
LE-0005232,ORD-001267,2025-08-20,614.26,USD,B091
LE-0005233,ORD-010656,2025-11-18,102.77,USD,B092
LE-0005234,ORD-005233,2025-11-19,102.39,USD,B093
LE-0005235,ORD-010916,2025-06-28,200.15,USD,B094
LE-0005236,ORD-004847,2025-03-09,877.52,USD,B095
LE-0005237,ORD-011269,2025-02-21,492.56,USD,B096
LE-0005238,ORD-007384,2025-06-02,749.13,USD,B000
LE-0005239,ORD-006684,2025-10-22,704.34,USD,B001
LE-0005240,ORD-010495,2025-04-28,56.17,USD,B002
LE-0005241,ORD-010238,2025-06-30,648.60,USD,B003
LE-0005242,ORD-000203,2025-05-02,813.00,USD,B004
LE-0005243,ORD-006438,2025-05-13,791.96,USD,B005
LE-0005244,ORD-003342,2025-10-02,45.22,USD,B006
LE-0005245,ORD-005721,2025-12-08,560.92,USD,B007
LE-0005246,ORD-006940,2025-05-02,566.29,USD,B008
LE-0005247,ORD-001539,2025-02-21,96.32,USD,B009
LE-0005248,ORD-002553,2025-06-22,202.26,USD,B010
LE-0005249,ORD-008002,2025-07-29,268.01,USD,B011
LE-0005250,ORD-003740,2025-01-11,37.55,USD,B012
LE-0005251,ORD-010201,2025-09-27,875.84,USD,B013
LE-0005252,ORD-010179,2025-09-13,122.96,USD,B014
LE-0005253,ORD-000137,2025-10-12,758.88,USD,B015
LE-0005254,ORD-000783,2025-12-08,345.45,USD,B016
LE-0005255,ORD-007974,2025-10-12,78.36,USD,B017
LE-0005256,ORD-007294,2025-12-23,501.20,USD,B018
LE-0005257,ORD-006694,2025-10-06,29.59,USD,B019
LE-0005258,ORD-003895,2025-09-30,835.00,USD,B020
LE-0005259,ORD-000915,2025-10-08,494.05,USD,B021
LE-0005260,ORD-008703,2025-09-01,200.37,USD,B022
LE-0005261,ORD-004409,2025-03-27,683.92,USD,B023
LE-0005262,ORD-006685,2025-04-02,179.42,USD,B024
LE-0005263,ORD-009283,2025-07-13,806.58,USD,B025
LE-0005264,ORD-006753,2025-11-11,767.43,USD,B026
LE-0005265,ORD-005293,2025-10-21,32.69,USD,B027
LE-0005266,ORD-002213,2025-05-25,92.52,USD,B028
LE-0005267,ORD-002637,2025-10-12,154.79,USD,B029
LE-0005268,ORD-011076,2025-04-04,382.50,USD,B030
LE-0005269,ORD-010951,2025-08-31,396.07,USD,B031
LE-0005270,ORD-004809,2025-11-21,113.21,USD,B032
LE-0005271,ORD-002880,2025-05-13,45.81,USD,B033
LE-0005272,ORD-000010,2025-11-11,585.36,USD,B034
LE-0005273,ORD-001288,2025-08-04,224.51,USD,B035
LE-0005274,ORD-000384,2025-08-18,891.85,USD,B036
LE-0005275,ORD-011095,2025-04-11,719.27,USD,B037
LE-0005276,ORD-004248,2025-03-24,803.64,USD,B038
LE-0005277,ORD-010324,2025-01-02,26.26,USD,B039
LE-0005278,ORD-010621,2025-01-30,646.34,USD,B040
LE-0005279,ORD-007721,2025-11-12,288.00,USD,B041
LE-0005280,ORD-002375,2025-05-08,116.27,USD,B042
LE-0005281,ORD-001099,2025-11-24,32.56,USD,B043
LE-0005282,ORD-000390,2025-05-10,304.07,USD,B044
LE-0005283,ORD-011410,2025-05-04,456.68,USD,B045
LE-0005284,ORD-007915,2025-05-24,62.79,USD,B046
LE-0005285,ORD-007857,2025-10-24,67.61,USD,B047
LE-0005286,ORD-007462,2025-11-22,161.05,USD,B048
LE-0005287,ORD-000872,2025-04-25,96.80,USD,B049
LE-0005288,ORD-011304,2025-06-15,235.23,USD,B050
LE-0005289,ORD-000714,2025-04-01,835.45,USD,B051
LE-0005290,ORD-001543,2025-02-06,66.24,USD,B052
LE-0005291,ORD-001275,2025-08-26,216.29,USD,B053
LE-0005292,ORD-011402,2025-05-05,122.25,USD,B054
LE-0005293,ORD-005006,2025-12-14,300.52,USD,B055
LE-0005294,ORD-008200,2025-03-17,72.62,USD,B056
LE-0005295,ORD-009537,2025-08-23,18.67,USD,B057
LE-0005296,ORD-009715,2025-01-11,293.21,USD,B058
LE-0005297,ORD-009733,2025-07-24,892.02,USD,B059
LE-0005298,ORD-006017,2025-10-23,447.25,USD,B060
LE-0005299,ORD-002032,2025-10-31,134.50,USD,B061
LE-0005300,ORD-008316,2025-01-05,26.90,USD,B062
LE-0005301,ORD-011807,2025-06-05,485.43,USD,B063
LE-0005302,ORD-011246,2025-11-12,22.83,USD,B064
LE-0005303,ORD-000611,2025-09-14,273.16,USD,B065
LE-0005304,ORD-006570,2025-09-26,77.43,USD,B066
LE-0005305,ORD-001481,2025-12-23,257.30,USD,B067
LE-0005306,ORD-002729,2025-06-15,621.80,USD,B068
LE-0005307,ORD-007132,2025-02-23,353.79,USD,B069
LE-0005308,ORD-011451,2025-12-07,173.90,USD,B070
LE-0005309,ORD-006444,2025-02-08,231.36,USD,B071
LE-0005310,ORD-010452,2025-01-16,860.41,USD,B072
LE-0005311,ORD-004874,2025-04-06,225.18,USD,B073
LE-0005312,ORD-010584,2025-04-16,740.29,USD,B074
LE-0005313,ORD-003971,2025-05-12,209.00,USD,B075
LE-0005314,ORD-009171,2025-08-21,507.41,USD,B076
LE-0005315,ORD-004045,2025-02-22,654.57,USD,B077
LE-0005316,ORD-005887,2025-01-02,399.82,USD,B078
LE-0005317,ORD-002029,2025-09-23,517.20,USD,B079
LE-0005318,ORD-005021,2025-02-17,520.22,USD,B080
LE-0005319,ORD-007005,2025-01-04,277.01,USD,B081
LE-0005320,ORD-005029,2025-10-05,116.10,USD,B082
LE-0005321,ORD-000320,2025-06-10,508.18,USD,B083
LE-0005322,ORD-004226,2025-08-28,490.65,USD,B084
LE-0005323,ORD-010247,2025-07-15,39.81,USD,B085
LE-0005324,ORD-011742,2025-07-31,780.57,USD,B086
LE-0005325,ORD-005345,2025-12-22,226.85,USD,B087
LE-0005326,ORD-000285,2025-04-28,98.86,USD,B088
LE-0005327,ORD-006942,2025-05-05,97.35,USD,B089
LE-0005328,ORD-006339,2025-04-27,274.12,USD,B090
LE-0005329,ORD-003860,2025-02-26,91.65,USD,B091
LE-0005330,ORD-009453,2025-12-02,584.24,USD,B092
LE-0005331,ORD-007626,2025-11-26,298.51,USD,B093
LE-0005332,ORD-003703,2025-06-25,680.10,USD,B094
LE-0005333,ORD-010768,2025-09-08,260.70,USD,B095
LE-0005334,ORD-003892,2025-12-04,181.54,USD,B096
LE-0005335,ORD-001849,2025-11-12,76.07,USD,B000
LE-0005336,ORD-001120,2025-02-03,253.16,USD,B001
LE-0005337,ORD-001515,2025-06-03,825.98,USD,B002
LE-0005338,ORD-006270,2025-10-07,606.77,USD,B003
LE-0005339,ORD-002745,2025-04-20,33.21,USD,B004
LE-0005340,ORD-002659,2025-09-20,102.64,USD,B005
LE-0005341,ORD-003622,2025-03-23,493.28,USD,B006
LE-0005342,ORD-006795,2025-01-19,20.90,USD,B007
LE-0005343,ORD-001711,2025-06-13,132.30,USD,B008
LE-0005344,ORD-001968,2025-10-04,853.06,USD,B009
LE-0005345,ORD-002067,2025-01-02,500.68,USD,B010
LE-0005346,ORD-010978,2025-11-09,577.09,USD,B011
LE-0005347,ORD-005247,2025-01-15,845.99,USD,B012
LE-0005348,ORD-000492,2025-06-05,834.53,USD,B013
LE-0005349,ORD-002988,2025-09-21,704.65,USD,B014
LE-0005350,ORD-004452,2025-03-06,701.68,USD,B015
LE-0005351,ORD-008349,2025-12-01,881.32,USD,B016
LE-0005352,ORD-005382,2025-12-05,474.54,USD,B017
LE-0005353,ORD-003264,2025-12-04,169.72,USD,B018
LE-0005354,ORD-005488,2025-07-07,259.39,USD,B019
LE-0005355,ORD-008640,2025-01-04,300.39,USD,B020
LE-0005356,ORD-006243,2025-07-06,169.63,USD,B021
LE-0005357,ORD-003193,2025-03-23,239.76,USD,B022
LE-0005358,ORD-009122,2025-10-23,790.86,USD,B023
LE-0005359,ORD-001037,2025-11-29,185.21,USD,B024
LE-0005360,ORD-003247,2025-09-29,181.00,USD,B025
LE-0005361,ORD-004933,2025-12-14,463.28,USD,B026
LE-0005362,ORD-008007,2025-12-24,859.40,USD,B027
LE-0005363,ORD-007056,2025-02-24,443.75,USD,B028
LE-0005364,ORD-007658,2025-07-21,684.99,USD,B029
LE-0005365,ORD-001486,2025-10-27,71.42,USD,B030
LE-0005366,ORD-007194,2025-12-26,742.01,USD,B031
LE-0005367,ORD-009819,2025-11-30,868.93,USD,B032
LE-0005368,ORD-008281,2025-09-13,169.39,USD,B033
LE-0005369,ORD-001685,2025-03-04,415.60,USD,B034
LE-0005370,ORD-000378,2025-10-29,414.65,USD,B035
LE-0005371,ORD-005722,2025-04-04,130.28,USD,B036
LE-0005372,ORD-004725,2025-03-10,836.95,USD,B037
LE-0005373,ORD-009047,2025-06-21,73.02,USD,B038
LE-0005374,ORD-007954,2025-02-05,809.93,USD,B039
LE-0005375,ORD-005944,2025-02-22,56.38,USD,B040
LE-0005376,ORD-008593,2025-03-16,441.31,USD,B041
LE-0005377,ORD-003237,2025-04-23,569.88,USD,B042
LE-0005378,ORD-009067,2025-08-31,683.59,USD,B043
LE-0005379,ORD-002504,2025-10-21,517.58,USD,B044
LE-0005380,ORD-002329,2025-02-28,133.03,USD,B045
LE-0005381,ORD-000065,2025-07-10,483.80,USD,B046
LE-0005382,ORD-008949,2025-08-04,744.50,USD,B047
LE-0005383,ORD-000691,2025-09-08,307.31,USD,B048
LE-0005384,ORD-005632,2025-03-31,381.39,USD,B049
LE-0005385,ORD-000984,2025-11-04,602.01,USD,B050
LE-0005386,ORD-011183,2025-03-02,723.83,USD,B051
LE-0005387,ORD-002370,2025-11-08,636.09,USD,B052
LE-0005388,ORD-006333,2025-11-03,475.85,USD,B053
LE-0005389,ORD-001158,2025-07-23,836.06,USD,B054
LE-0005390,ORD-008496,2025-08-09,554.86,USD,B055
LE-0005391,ORD-002181,2025-01-13,858.04,USD,B056
LE-0005392,ORD-011028,2025-10-23,657.80,USD,B057
LE-0005393,ORD-003168,2025-09-12,136.93,USD,B058
LE-0005394,ORD-002450,2025-09-19,640.58,USD,B059
LE-0005395,ORD-009451,2025-09-12,365.27,USD,B060
LE-0005396,ORD-005020,2025-04-15,375.43,USD,B061
LE-0005397,ORD-011108,2025-09-30,642.00,USD,B062
LE-0005398,ORD-011535,2025-04-15,170.63,USD,B063
LE-0005399,ORD-009699,2025-12-01,270.36,USD,B064
LE-0005400,ORD-002054,2025-05-01,693.37,USD,B065
LE-0005401,ORD-001990,2025-07-09,124.11,USD,B066
LE-0005402,ORD-006501,2025-05-23,699.50,USD,B067
LE-0005403,ORD-005239,2025-09-28,356.94,USD,B068
LE-0005404,ORD-007992,2025-03-17,278.81,USD,B069
LE-0005405,ORD-006020,2025-06-14,324.84,USD,B070
LE-0005406,ORD-005384,2025-05-20,183.54,USD,B071
LE-0005407,ORD-004677,2025-02-18,61.59,USD,B072
LE-0005408,ORD-007616,2025-12-18,98.52,USD,B073
LE-0005409,ORD-009299,2025-05-02,327.78,USD,B074
LE-0005410,ORD-004931,2025-02-04,231.85,USD,B075
LE-0005411,ORD-002844,2025-10-29,92.50,USD,B076
LE-0005412,ORD-011760,2025-01-29,431.53,USD,B077
LE-0005413,ORD-007007,2025-11-22,21.83,USD,B078
LE-0005414,ORD-003649,2025-12-06,170.96,USD,B079
LE-0005415,ORD-002493,2025-09-24,309.02,USD,B080
LE-0005416,ORD-006047,2025-07-31,614.80,USD,B081
LE-0005417,ORD-002453,2025-08-16,463.28,USD,B082
LE-0005418,ORD-007020,2025-10-08,847.29,USD,B083
LE-0005419,ORD-000128,2025-06-28,432.12,USD,B084
LE-0005420,ORD-009847,2025-03-11,694.32,USD,B085
LE-0005421,ORD-009602,2025-03-16,191.85,USD,B086
LE-0005422,ORD-009398,2025-09-29,452.27,USD,B087
LE-0005423,ORD-011736,2025-12-11,56.84,USD,B088
LE-0005424,ORD-011115,2025-05-12,355.50,USD,B089
LE-0005425,ORD-002382,2025-10-10,326.35,USD,B090
LE-0005426,ORD-009087,2025-10-12,382.53,USD,B091
LE-0005427,ORD-002113,2025-01-27,868.13,USD,B092
LE-0005428,ORD-002802,2025-08-24,774.73,USD,B093
LE-0005429,ORD-001366,2025-03-23,115.32,USD,B094
LE-0005430,ORD-003335,2025-01-22,568.45,USD,B095
LE-0005431,ORD-002190,2025-06-21,170.60,USD,B096
LE-0005432,ORD-007131,2025-03-06,538.93,USD,B000
LE-0005433,ORD-010071,2025-09-29,242.30,USD,B001
LE-0005434,ORD-009375,2025-11-03,760.51,USD,B002
LE-0005435,ORD-004235,2025-06-17,497.35,USD,B003
LE-0005436,ORD-009182,2025-10-16,209.57,USD,B004
LE-0005437,ORD-011591,2025-03-05,523.35,USD,B005
LE-0005438,ORD-006541,2025-01-17,749.48,USD,B006
LE-0005439,ORD-005183,2025-10-07,327.84,USD,B007
LE-0005440,ORD-006232,2025-01-14,130.08,USD,B008
LE-0005441,ORD-000406,2025-05-08,510.25,USD,B009
LE-0005442,ORD-002514,2025-02-28,843.79,USD,B010
LE-0005443,ORD-009679,2025-01-01,624.31,USD,B011
LE-0005444,ORD-007237,2025-01-21,668.70,USD,B012
LE-0005445,ORD-010204,2025-08-01,552.56,USD,B013
LE-0005446,ORD-002815,2025-02-22,428.11,USD,B014
LE-0005447,ORD-003485,2025-02-23,574.58,USD,B015
LE-0005448,ORD-005338,2025-10-26,852.00,USD,B016
LE-0005449,ORD-003025,2025-11-18,844.09,USD,B017
LE-0005450,ORD-000619,2025-08-26,605.01,USD,B018
LE-0005451,ORD-007713,2025-04-24,424.18,USD,B019
LE-0005452,ORD-011295,2025-04-24,401.46,USD,B020
LE-0005453,ORD-009405,2025-10-03,114.82,USD,B021
LE-0005454,ORD-011498,2025-08-18,42.47,USD,B022
LE-0005455,ORD-010838,2025-08-20,49.77,USD,B023
LE-0005456,ORD-002376,2025-12-20,678.93,USD,B024
LE-0005457,ORD-001325,2025-03-28,410.13,USD,B025
LE-0005458,ORD-002513,2025-08-15,396.50,USD,B026
LE-0005459,ORD-009864,2025-10-05,316.93,USD,B027
LE-0005460,ORD-001765,2025-05-25,498.43,USD,B028
LE-0005461,ORD-000385,2025-01-16,352.55,USD,B029
LE-0005462,ORD-004679,2025-01-04,11.47,USD,B030
LE-0005463,ORD-008247,2025-01-14,162.16,USD,B031
LE-0005464,ORD-000842,2025-07-13,27.09,USD,B032
LE-0005465,ORD-001572,2025-09-05,161.96,USD,B033
LE-0005466,ORD-000925,2025-12-11,641.00,USD,B034
LE-0005467,ORD-004270,2025-01-20,157.34,USD,B035
LE-0005468,ORD-009731,2025-02-27,835.28,USD,B036
LE-0005469,ORD-002961,2025-07-01,556.34,USD,B037
LE-0005470,ORD-002248,2025-06-22,512.97,USD,B038
LE-0005471,ORD-004115,2025-01-18,549.04,USD,B039
LE-0005472,ORD-004622,2025-11-15,756.40,USD,B040
LE-0005473,ORD-002214,2025-06-30,12.85,USD,B041
LE-0005474,ORD-002473,2025-09-08,678.20,USD,B042
LE-0005475,ORD-009396,2025-01-22,699.25,USD,B043
LE-0005476,ORD-004026,2025-12-22,615.26,USD,B044
LE-0005477,ORD-003692,2025-08-04,242.03,USD,B045
LE-0005478,ORD-002530,2025-05-24,531.68,USD,B046
LE-0005479,ORD-009054,2025-11-15,820.93,USD,B047
LE-0005480,ORD-008490,2025-10-20,439.47,USD,B048
LE-0005481,ORD-008299,2025-02-04,834.18,USD,B049
LE-0005482,ORD-006148,2025-11-07,157.65,USD,B050
LE-0005483,ORD-011349,2025-06-01,477.28,USD,B051
LE-0005484,ORD-011472,2025-01-30,881.58,USD,B052
LE-0005485,ORD-006793,2025-12-30,52.35,USD,B053
LE-0005486,ORD-004253,2025-11-14,406.11,USD,B054
LE-0005487,ORD-003720,2025-11-09,652.08,USD,B055
LE-0005488,ORD-006882,2025-11-04,296.86,USD,B056
LE-0005489,ORD-007494,2025-10-21,455.03,USD,B057
LE-0005490,ORD-004705,2025-11-03,427.28,USD,B058
LE-0005491,ORD-006349,2025-02-23,127.80,USD,B059
LE-0005492,ORD-000338,2025-04-28,275.83,USD,B060
LE-0005493,ORD-004058,2025-08-02,866.38,USD,B061
LE-0005494,ORD-004015,2025-04-23,346.96,USD,B062
LE-0005495,ORD-002595,2025-01-05,329.74,USD,B063
LE-0005496,ORD-003492,2025-07-13,135.89,USD,B064
LE-0005497,ORD-002425,2025-09-18,27.58,USD,B065
LE-0005498,ORD-009778,2025-11-07,657.89,USD,B066
LE-0005499,ORD-010254,2025-12-12,19.08,USD,B067
LE-0005500,ORD-004177,2025-06-26,716.71,USD,B068
LE-0005501,ORD-001741,2025-05-23,175.39,USD,B069
LE-0005502,ORD-002506,2025-02-14,468.67,USD,B070
LE-0005503,ORD-000630,2025-12-23,852.01,USD,B071
LE-0005504,ORD-005819,2025-01-04,326.73,USD,B072
LE-0005505,ORD-008107,2025-08-05,777.64,USD,B073
LE-0005506,ORD-010806,2025-08-31,408.15,USD,B074
LE-0005507,ORD-007235,2025-03-08,623.00,USD,B075
LE-0005508,ORD-007813,2025-08-29,407.54,USD,B076
LE-0005509,ORD-010022,2025-07-13,629.82,USD,B077
LE-0005510,ORD-006204,2025-03-12,414.56,USD,B078
LE-0005511,ORD-011405,2025-08-31,288.35,USD,B079
LE-0005512,ORD-001131,2025-07-26,267.29,USD,B080
LE-0005513,ORD-011207,2025-11-18,582.95,USD,B081
LE-0005514,ORD-004143,2025-05-15,468.77,USD,B082
LE-0005515,ORD-003653,2025-11-08,361.66,USD,B083
LE-0005516,ORD-009109,2025-10-08,703.06,USD,B084
LE-0005517,ORD-002192,2025-05-14,817.45,USD,B085
LE-0005518,ORD-009784,2025-09-07,444.52,USD,B086
LE-0005519,ORD-005683,2025-01-09,258.23,USD,B087
LE-0005520,ORD-000794,2025-10-22,9.50,USD,B088
LE-0005521,ORD-011059,2025-05-23,263.45,USD,B089
LE-0005522,ORD-010708,2025-11-10,416.83,USD,B090
LE-0005523,ORD-007699,2025-12-15,479.22,USD,B091
LE-0005524,ORD-005638,2025-07-08,863.79,USD,B092
LE-0005525,ORD-001887,2025-06-25,321.85,USD,B093
LE-0005526,ORD-010082,2025-07-08,648.81,USD,B094
LE-0005527,ORD-001403,2025-08-28,363.12,USD,B095
LE-0005528,ORD-008752,2025-06-20,770.95,USD,B096
LE-0005529,ORD-003988,2025-04-01,60.56,USD,B000
LE-0005530,ORD-003202,2025-03-05,720.98,USD,B001
LE-0005531,ORD-008163,2025-05-10,102.30,USD,B002
LE-0005532,ORD-006078,2025-11-19,458.20,USD,B003
LE-0005533,ORD-008357,2025-03-04,337.00,USD,B004
LE-0005534,ORD-006021,2025-10-25,500.44,USD,B005
LE-0005535,ORD-001709,2025-11-20,135.83,USD,B006
LE-0005536,ORD-008095,2025-06-06,405.71,USD,B007
LE-0005537,ORD-008656,2025-03-05,807.14,USD,B008
LE-0005538,ORD-003466,2025-07-16,715.56,USD,B009
LE-0005539,ORD-001966,2025-07-05,557.09,USD,B010
LE-0005540,ORD-006406,2025-08-03,453.94,USD,B011
LE-0005541,ORD-001749,2025-04-12,500.98,USD,B012
LE-0005542,ORD-002133,2025-09-25,507.42,USD,B013
LE-0005543,ORD-005736,2025-10-25,337.81,USD,B014
LE-0005544,ORD-001722,2025-05-28,196.82,USD,B015
LE-0005545,ORD-007696,2025-12-07,118.26,USD,B016
LE-0005546,ORD-002743,2025-02-17,699.68,USD,B017
LE-0005547,ORD-004791,2025-03-27,529.72,USD,B018
LE-0005548,ORD-010895,2025-05-28,206.90,USD,B019
LE-0005549,ORD-002484,2025-09-30,886.03,USD,B020
LE-0005550,ORD-010430,2025-07-19,545.30,USD,B021
LE-0005551,ORD-001698,2025-10-06,781.56,USD,B022
LE-0005552,ORD-010510,2025-05-26,745.07,USD,B023
LE-0005553,ORD-009156,2025-09-10,726.00,USD,B024
LE-0005554,ORD-008590,2025-10-20,16.55,USD,B025
LE-0005555,ORD-003977,2025-02-05,699.63,USD,B026
LE-0005556,ORD-006921,2025-02-16,613.02,USD,B027
LE-0005557,ORD-008390,2025-08-29,410.57,USD,B028
LE-0005558,ORD-011697,2025-11-28,582.94,USD,B029
LE-0005559,ORD-004170,2025-11-24,504.22,USD,B030
LE-0005560,ORD-003668,2025-07-16,604.74,USD,B031
LE-0005561,ORD-010642,2025-10-19,369.06,USD,B032
LE-0005562,ORD-006030,2025-11-05,167.10,USD,B033
LE-0005563,ORD-001093,2025-08-11,371.00,USD,B034
LE-0005564,ORD-010532,2025-12-01,528.37,USD,B035
LE-0005565,ORD-007314,2025-07-13,45.84,USD,B036
LE-0005566,ORD-009101,2025-10-03,238.34,USD,B037
LE-0005567,ORD-001295,2025-12-24,348.13,USD,B038
LE-0005568,ORD-005701,2025-03-01,267.12,USD,B039
LE-0005569,ORD-007907,2025-09-17,516.90,USD,B040
LE-0005570,ORD-008526,2025-01-20,607.54,USD,B041
LE-0005571,ORD-007021,2025-08-15,854.40,USD,B042
LE-0005572,ORD-000330,2025-11-14,833.75,USD,B043
LE-0005573,ORD-008265,2025-03-14,307.98,USD,B044
LE-0005574,ORD-008072,2025-10-05,835.91,USD,B045
LE-0005575,ORD-000195,2025-08-05,880.51,USD,B046
LE-0005576,ORD-002394,2025-06-30,461.31,USD,B047
LE-0005577,ORD-000517,2025-08-14,88.80,USD,B048
LE-0005578,ORD-000970,2025-03-19,586.56,USD,B049
LE-0005579,ORD-007654,2025-09-11,202.61,USD,B050
LE-0005580,ORD-007349,2025-01-19,68.21,USD,B051
LE-0005581,ORD-010018,2025-11-29,707.04,USD,B052
LE-0005582,ORD-010398,2025-03-27,2052.64,USD,B053
LE-0005583,ORD-003349,2025-04-28,848.36,USD,B054
LE-0005584,ORD-001574,2025-01-06,146.94,USD,B055
LE-0005585,ORD-005472,2025-04-17,811.34,USD,B056
LE-0005586,ORD-007970,2025-10-24,726.29,USD,B057
LE-0005587,ORD-004686,2025-07-01,617.25,USD,B058
LE-0005588,ORD-009164,2025-11-27,395.29,USD,B059
LE-0005589,ORD-010214,2025-09-03,543.55,USD,B060
LE-0005590,ORD-011354,2025-09-29,438.17,USD,B061
LE-0005591,ORD-010909,2025-11-01,786.13,USD,B062
LE-0005592,ORD-001344,2025-10-30,523.04,USD,B063
LE-0005593,ORD-005727,2025-07-17,855.57,USD,B064
LE-0005594,ORD-004353,2025-08-22,670.81,USD,B065
LE-0005595,ORD-010006,2025-11-09,815.32,USD,B066
LE-0005596,ORD-002324,2025-05-18,664.17,USD,B067
LE-0005597,ORD-005269,2025-09-06,419.19,USD,B068
LE-0005598,ORD-008539,2025-08-31,243.65,USD,B069
LE-0005599,ORD-003768,2025-07-14,56.53,USD,B070
LE-0005600,ORD-002144,2025-04-09,265.03,USD,B071
LE-0005601,ORD-004213,2025-06-19,457.67,USD,B072
LE-0005602,ORD-011077,2025-01-02,528.55,USD,B073
LE-0005603,ORD-010980,2025-05-18,869.34,USD,B074
LE-0005604,ORD-009327,2025-08-09,51.41,USD,B075
LE-0005605,ORD-010812,2025-12-25,61.79,USD,B076
LE-0005606,ORD-011035,2025-11-22,256.19,USD,B077
LE-0005607,ORD-011113,2025-05-02,663.40,USD,B078
LE-0005608,ORD-005975,2025-01-05,119.59,USD,B079
LE-0005609,ORD-010161,2025-03-21,822.12,USD,B080
LE-0005610,ORD-008424,2025-11-21,87.22,USD,B081
LE-0005611,ORD-001599,2025-06-08,800.47,USD,B082
LE-0005612,ORD-003693,2025-10-20,72.83,USD,B083
LE-0005613,ORD-003819,2025-03-28,705.94,USD,B084
LE-0005614,ORD-000363,2025-07-30,161.55,USD,B085
LE-0005615,ORD-004473,2025-07-18,555.00,USD,B086
LE-0005616,ORD-002442,2025-11-30,343.46,USD,B087
LE-0005617,ORD-000354,2025-07-18,156.00,USD,B088
LE-0005618,ORD-001090,2025-12-29,888.18,USD,B089
LE-0005619,ORD-009439,2025-03-04,244.69,USD,B090
LE-0005620,ORD-011580,2025-10-16,422.14,USD,B091
LE-0005621,ORD-000324,2025-12-05,788.74,USD,B092
LE-0005622,ORD-003918,2025-07-15,586.65,USD,B093
LE-0005623,ORD-007402,2025-03-21,595.44,USD,B094
LE-0005624,ORD-008009,2025-03-24,198.53,USD,B095
LE-0005625,ORD-003134,2025-02-24,521.41,USD,B096
LE-0005626,ORD-006397,2025-02-24,603.77,USD,B000
LE-0005627,ORD-011434,2025-12-17,248.84,USD,B001
LE-0005628,ORD-009409,2025-04-23,384.32,USD,B002
LE-0005629,ORD-003864,2025-11-25,125.72,USD,B003
LE-0005630,ORD-011743,2025-05-18,255.33,USD,B004
LE-0005631,ORD-000675,2025-02-01,849.01,USD,B005
LE-0005632,ORD-010130,2025-01-09,275.38,USD,B006
LE-0005633,ORD-003167,2025-01-17,130.50,USD,B007
LE-0005634,ORD-006988,2025-02-16,658.00,USD,B008
LE-0005635,ORD-004594,2025-05-23,284.73,USD,B009
LE-0005636,ORD-006282,2025-10-03,671.67,USD,B010
LE-0005637,ORD-003164,2025-06-23,864.98,USD,B011
LE-0005638,ORD-006509,2025-04-15,590.44,USD,B012
LE-0005639,ORD-008270,2025-07-31,834.09,USD,B013
LE-0005640,ORD-002080,2025-02-15,163.41,USD,B014
LE-0005641,ORD-005424,2025-05-26,578.64,USD,B015
LE-0005642,ORD-005648,2025-07-21,809.44,USD,B016
LE-0005643,ORD-003380,2025-09-05,221.00,USD,B017
LE-0005644,ORD-009303,2025-05-08,581.14,USD,B018
LE-0005645,ORD-000581,2025-05-31,730.12,USD,B019
LE-0005646,ORD-005540,2025-09-09,867.82,USD,B020
LE-0005647,ORD-007704,2025-05-05,863.47,USD,B021
LE-0005648,ORD-009289,2025-01-27,716.36,USD,B022
LE-0005649,ORD-009137,2025-03-12,145.00,USD,B023
LE-0005650,ORD-008433,2025-02-20,388.44,USD,B024
LE-0005651,ORD-003553,2025-12-23,139.91,USD,B025
LE-0005652,ORD-005778,2025-01-07,162.29,USD,B026
LE-0005653,ORD-000699,2025-12-30,692.12,USD,B027
LE-0005654,ORD-008834,2025-10-29,102.02,USD,B028
LE-0005655,ORD-009056,2025-09-17,77.11,USD,B029
LE-0005656,ORD-007475,2025-10-26,489.71,USD,B030
LE-0005657,ORD-002937,2025-08-21,571.72,USD,B031
LE-0005658,ORD-001038,2025-02-03,302.15,USD,B032
LE-0005659,ORD-004317,2025-01-22,338.99,USD,B033
LE-0005660,ORD-005679,2025-02-20,429.32,USD,B034
LE-0005661,ORD-005963,2025-06-07,128.25,USD,B035
LE-0005662,ORD-008279,2025-08-11,173.20,USD,B036
LE-0005663,ORD-003500,2025-02-08,436.02,USD,B037
LE-0005664,ORD-001280,2025-09-15,349.53,USD,B038
LE-0005665,ORD-011010,2025-11-12,760.80,USD,B039
LE-0005666,ORD-009269,2025-09-26,111.02,USD,B040
LE-0005667,ORD-000950,2025-01-04,226.72,USD,B041
LE-0005668,ORD-001747,2025-04-09,828.77,USD,B042
LE-0005669,ORD-000050,2025-11-27,203.00,USD,B043
LE-0005670,ORD-003936,2025-02-10,37.78,USD,B044
LE-0005671,ORD-007195,2025-12-03,98.77,USD,B045
LE-0005672,ORD-004414,2025-04-18,13.96,USD,B046
LE-0005673,ORD-003509,2025-11-06,550.13,USD,B047
LE-0005674,ORD-010652,2025-04-12,770.45,USD,B048
LE-0005675,ORD-003059,2025-07-14,112.52,USD,B049
LE-0005676,ORD-001119,2025-11-09,40.35,USD,B050
LE-0005677,ORD-011723,2025-03-28,219.21,USD,B051
LE-0005678,ORD-003110,2025-10-22,869.36,USD,B052
LE-0005679,ORD-010154,2025-02-24,857.66,USD,B053
LE-0005680,ORD-003648,2025-06-24,890.01,USD,B054
LE-0005681,ORD-001824,2025-11-28,895.66,USD,B055
LE-0005682,ORD-009694,2025-07-18,833.19,USD,B056
LE-0005683,ORD-008916,2025-07-16,386.95,USD,B057
LE-0005684,ORD-010582,2025-06-09,621.83,USD,B058
LE-0005685,ORD-000014,2025-04-25,600.85,USD,B059
LE-0005686,ORD-003840,2025-02-02,725.30,USD,B060
LE-0005687,ORD-002979,2025-01-22,743.80,USD,B061
LE-0005688,ORD-008875,2025-10-21,190.79,USD,B062
LE-0005689,ORD-011142,2025-05-31,648.23,USD,B063
LE-0005690,ORD-000371,2025-03-07,654.13,USD,B064
LE-0005691,ORD-009720,2025-07-21,595.66,USD,B065
LE-0005692,ORD-010333,2025-07-05,736.82,USD,B066
LE-0005693,ORD-005506,2025-09-02,406.32,USD,B067
LE-0005694,ORD-010042,2025-03-14,454.09,USD,B068
LE-0005695,ORD-000054,2025-11-09,142.48,USD,B069
LE-0005696,ORD-002270,2025-09-27,521.86,USD,B070
LE-0005697,ORD-011072,2025-03-01,834.72,USD,B071
LE-0005698,ORD-001717,2025-06-19,627.33,USD,B072
LE-0005699,ORD-004630,2025-06-21,626.93,USD,B073
LE-0005700,ORD-003259,2025-01-25,709.36,USD,B074
LE-0005701,ORD-009438,2025-11-10,5.13,USD,B075
LE-0005702,ORD-011536,2025-02-25,601.16,USD,B076
LE-0005703,ORD-007993,2025-01-22,739.17,USD,B077
LE-0005704,ORD-004154,2025-04-09,794.97,USD,B078
LE-0005705,ORD-004168,2025-09-18,858.69,USD,B079
LE-0005706,ORD-002480,2025-07-28,129.21,USD,B080
LE-0005707,ORD-006569,2025-02-03,186.16,USD,B081
LE-0005708,ORD-005083,2025-06-03,640.44,USD,B082
LE-0005709,ORD-010896,2025-05-07,811.35,USD,B083
LE-0005710,ORD-003119,2025-03-24,415.76,USD,B084
LE-0005711,ORD-003941,2025-11-03,785.59,USD,B085
LE-0005712,ORD-004573,2025-10-25,710.78,USD,B086
LE-0005713,ORD-003966,2025-09-30,46.10,USD,B087
LE-0005714,ORD-000187,2025-04-10,221.41,USD,B088
LE-0005715,ORD-001195,2025-12-17,372.14,USD,B089
LE-0005716,ORD-009230,2025-05-31,83.91,USD,B090
LE-0005717,ORD-010390,2025-10-24,234.91,USD,B091
LE-0005718,ORD-008909,2025-05-07,343.60,USD,B092
LE-0005719,ORD-009317,2025-06-24,81.46,USD,B093
LE-0005720,ORD-007090,2025-04-18,719.01,USD,B094
LE-0005721,ORD-007321,2025-02-01,681.40,USD,B095
LE-0005722,ORD-006861,2025-06-24,821.27,USD,B096
LE-0005723,ORD-010000,2025-07-29,258.58,USD,B000
LE-0005724,ORD-004420,2025-08-15,215.91,USD,B001
LE-0005725,ORD-009355,2025-06-07,385.73,USD,B002
LE-0005726,ORD-011047,2025-02-15,872.87,USD,B003
LE-0005727,ORD-006023,2025-07-10,6066.89,USD,B004
LE-0005728,ORD-000665,2025-03-08,26.63,USD,B005
LE-0005729,ORD-008967,2025-09-20,768.68,USD,B006
LE-0005730,ORD-007883,2025-12-16,735.61,USD,B007
LE-0005731,ORD-002197,2025-03-22,434.46,USD,B008
LE-0005732,ORD-002719,2025-06-22,635.15,USD,B009
LE-0005733,ORD-002749,2025-11-18,536.15,USD,B010
LE-0005734,ORD-005598,2025-04-30,717.86,USD,B011
LE-0005735,ORD-010917,2025-11-01,337.28,USD,B012
LE-0005736,ORD-004020,2025-10-20,858.90,USD,B013
LE-0005737,ORD-004361,2025-08-21,186.00,USD,B014
LE-0005738,ORD-002036,2025-09-01,843.86,USD,B015
LE-0005739,ORD-002928,2025-12-13,897.59,USD,B016
LE-0005740,ORD-006992,2025-06-12,782.47,USD,B017
LE-0005741,ORD-011120,2025-03-03,293.28,USD,B018
LE-0005742,ORD-003491,2025-07-01,639.54,USD,B019
LE-0005743,ORD-003388,2025-12-15,50.80,USD,B020
LE-0005744,ORD-003004,2025-01-25,266.00,USD,B021
LE-0005745,ORD-008170,2025-12-31,462.41,USD,B022
LE-0005746,ORD-007984,2025-08-05,793.85,USD,B023
LE-0005747,ORD-007379,2025-11-30,399.08,USD,B024
LE-0005748,ORD-011570,2025-09-22,326.95,USD,B025
LE-0005749,ORD-001415,2025-02-22,508.30,USD,B026
LE-0005750,ORD-007058,2025-07-12,316.84,USD,B027
LE-0005751,ORD-000864,2025-01-16,193.35,USD,B028
LE-0005752,ORD-008592,2025-10-24,829.48,USD,B029
LE-0005753,ORD-006777,2025-01-22,459.60,USD,B030
LE-0005754,ORD-002698,2025-02-18,6.75,USD,B031
LE-0005755,ORD-005415,2025-07-15,16.26,USD,B032
LE-0005756,ORD-007423,2025-02-11,205.88,USD,B033
LE-0005757,ORD-007834,2025-10-16,318.14,USD,B034
LE-0005758,ORD-006310,2025-05-31,472.04,USD,B035
LE-0005759,ORD-002016,2025-03-04,806.06,USD,B036
LE-0005760,ORD-008924,2025-08-09,637.19,USD,B037
LE-0005761,ORD-005848,2025-11-02,695.01,USD,B038
LE-0005762,ORD-007198,2025-02-19,523.62,USD,B039
LE-0005763,ORD-000307,2025-02-05,787.47,USD,B040
LE-0005764,ORD-002262,2025-01-23,771.60,USD,B041
LE-0005765,ORD-008865,2025-06-07,862.00,USD,B042
LE-0005766,ORD-000344,2025-02-03,328.73,USD,B043
LE-0005767,ORD-006929,2025-08-07,875.26,USD,B044
LE-0005768,ORD-010206,2025-03-10,748.23,USD,B045
LE-0005769,ORD-006497,2025-10-17,12.92,USD,B046
LE-0005770,ORD-001339,2025-11-02,492.04,USD,B047
LE-0005771,ORD-007347,2025-01-04,649.21,USD,B048
LE-0005772,ORD-004695,2025-12-19,80.15,USD,B049
LE-0005773,ORD-007640,2025-02-27,632.46,USD,B050
LE-0005774,ORD-005662,2025-02-22,473.85,USD,B051
LE-0005775,ORD-005154,2025-02-02,284.85,USD,B052
LE-0005776,ORD-006464,2025-02-16,263.23,USD,B053
LE-0005777,ORD-006267,2025-01-08,469.78,USD,B054
LE-0005778,ORD-002793,2025-05-02,649.77,USD,B055
LE-0005779,ORD-010794,2025-05-04,706.59,USD,B056
LE-0005780,ORD-001908,2025-01-18,418.13,USD,B057
LE-0005781,ORD-007682,2025-01-21,540.40,USD,B058
LE-0005782,ORD-002647,2025-10-14,854.39,USD,B059
LE-0005783,ORD-011486,2025-01-22,289.21,USD,B060
LE-0005784,ORD-007672,2025-02-16,391.84,USD,B061
LE-0005785,ORD-004255,2025-01-27,59.04,USD,B062
LE-0005786,ORD-007174,2025-04-10,664.70,USD,B063
LE-0005787,ORD-000759,2025-04-20,735.31,USD,B064
LE-0005788,ORD-002507,2025-02-08,195.16,USD,B065
LE-0005789,ORD-011678,2025-06-17,594.56,USD,B066
LE-0005790,ORD-004625,2025-03-27,478.92,USD,B067
LE-0005791,ORD-004568,2025-06-02,878.76,USD,B068
LE-0005792,ORD-004680,2025-11-29,276.46,USD,B069
LE-0005793,ORD-007448,2025-07-08,90.72,USD,B070
LE-0005794,ORD-007246,2025-12-06,671.07,USD,B071
LE-0005795,ORD-000372,2025-12-06,149.24,USD,B072
LE-0005796,ORD-005864,2025-04-29,70.58,USD,B073
LE-0005797,ORD-007164,2025-12-10,152.53,USD,B074
LE-0005798,ORD-007770,2025-08-24,712.45,USD,B075
LE-0005799,ORD-011668,2025-07-27,603.90,USD,B076
LE-0005800,ORD-004109,2025-12-25,677.03,USD,B077
LE-0005801,ORD-007738,2025-12-29,885.99,USD,B078
LE-0005802,ORD-004002,2025-01-25,768.19,USD,B079
LE-0005803,ORD-004828,2025-08-13,230.00,USD,B080
LE-0005804,ORD-002229,2025-03-08,878.22,USD,B081
LE-0005805,ORD-005310,2025-02-18,184.31,USD,B082
LE-0005806,ORD-009624,2025-09-06,295.00,USD,B083
LE-0005807,ORD-005792,2025-09-17,675.21,USD,B084
LE-0005808,ORD-010525,2025-02-04,259.00,USD,B085
LE-0005809,ORD-010706,2025-02-22,548.32,USD,B086
LE-0005810,ORD-003305,2025-09-30,557.72,USD,B087
LE-0005811,ORD-005884,2025-07-28,5054.87,USD,B088
LE-0005812,ORD-004763,2025-04-13,186.57,USD,B089
LE-0005813,ORD-000615,2025-08-21,85.14,USD,B090
LE-0005814,ORD-011170,2025-06-11,660.00,USD,B091
LE-0005815,ORD-011380,2025-06-22,36.58,USD,B092
LE-0005816,ORD-005468,2025-07-04,640.99,USD,B093
LE-0005817,ORD-002094,2025-04-17,561.94,USD,B094
LE-0005818,ORD-008749,2025-06-16,319.22,USD,B095
LE-0005819,ORD-005079,2025-03-18,21.16,USD,B096
LE-0005820,ORD-002142,2025-06-21,564.51,USD,B000
LE-0005821,ORD-007966,2025-03-17,220.11,USD,B001
LE-0005822,ORD-004348,2025-06-14,448.58,USD,B002
LE-0005823,ORD-005202,2025-03-14,635.52,USD,B003
LE-0005824,ORD-001755,2025-04-23,541.22,USD,B004
LE-0005825,ORD-003175,2025-04-15,587.10,USD,B005
LE-0005826,ORD-011141,2025-08-24,331.00,USD,B006
LE-0005827,ORD-001433,2025-08-14,747.78,USD,B007
LE-0005828,ORD-003724,2025-01-17,534.47,USD,B008
LE-0005829,ORD-000163,2025-09-07,520.85,USD,B009
LE-0005830,ORD-007805,2025-03-13,335.71,USD,B010
LE-0005831,ORD-003132,2025-10-18,52.22,USD,B011
LE-0005832,ORD-011808,2025-02-19,322.38,USD,B012
LE-0005833,ORD-008122,2025-07-12,592.90,USD,B013
LE-0005834,ORD-009070,2025-01-07,652.90,USD,B014
LE-0005835,ORD-005903,2025-07-17,414.00,USD,B015
LE-0005836,ORD-000579,2025-08-17,545.57,USD,B016
LE-0005837,ORD-011576,2025-11-30,88.00,USD,B017
LE-0005838,ORD-003387,2025-10-23,69.06,USD,B018
LE-0005839,ORD-003594,2025-05-18,240.05,USD,B019
LE-0005840,ORD-004178,2025-09-07,234.67,USD,B020
LE-0005841,ORD-003667,2025-08-07,268.53,USD,B021
LE-0005842,ORD-008067,2025-08-11,464.23,USD,B022
LE-0005843,ORD-006201,2025-06-24,303.24,USD,B023
LE-0005844,ORD-002155,2025-03-12,92.84,USD,B024
LE-0005845,ORD-011722,2025-01-17,267.98,USD,B025
LE-0005846,ORD-003289,2025-04-28,329.57,USD,B026
LE-0005847,ORD-001550,2025-04-14,823.06,USD,B027
LE-0005848,ORD-008571,2025-06-19,108.73,USD,B028
LE-0005849,ORD-000924,2025-08-08,58.82,USD,B029
LE-0005850,ORD-003745,2025-09-17,874.99,USD,B030
LE-0005851,ORD-002593,2025-03-15,234.58,USD,B031
LE-0005852,ORD-009149,2025-07-23,724.20,USD,B032
LE-0005853,ORD-002317,2025-01-22,287.57,USD,B033
LE-0005854,ORD-004394,2025-11-04,105.43,USD,B034
LE-0005855,ORD-002033,2025-08-29,448.75,USD,B035
LE-0005856,ORD-003424,2025-12-16,191.69,USD,B036
LE-0005857,ORD-007014,2025-01-25,345.95,USD,B037
LE-0005858,ORD-005378,2025-09-12,523.41,USD,B038
LE-0005859,ORD-010212,2025-08-20,602.68,USD,B039
LE-0005860,ORD-009892,2025-04-26,96.17,USD,B040
LE-0005861,ORD-003987,2025-09-17,608.60,USD,B041
LE-0005862,ORD-011346,2025-05-08,672.78,USD,B042
LE-0005863,ORD-000553,2025-02-19,680.27,USD,B043
LE-0005864,ORD-007730,2025-02-06,580.89,USD,B044
LE-0005865,ORD-002200,2025-03-06,382.05,USD,B045
LE-0005866,ORD-001135,2025-12-09,704.96,USD,B046
LE-0005867,ORD-000235,2025-08-17,591.95,USD,B047
LE-0005868,ORD-008119,2025-07-29,635.35,USD,B048
LE-0005869,ORD-002518,2025-06-02,859.83,USD,B049
LE-0005870,ORD-009228,2025-12-11,783.01,USD,B050
LE-0005871,ORD-002405,2025-12-16,144.34,USD,B051
LE-0005872,ORD-006756,2025-11-20,517.57,USD,B052
LE-0005873,ORD-007113,2025-07-25,418.53,USD,B053
LE-0005874,ORD-007614,2025-11-06,91.33,USD,B054
LE-0005875,ORD-001569,2025-06-22,73.60,USD,B055
LE-0005876,ORD-005464,2025-11-28,251.86,USD,B056
LE-0005877,ORD-002768,2025-10-04,860.74,USD,B057
LE-0005878,ORD-000311,2025-02-02,889.96,USD,B058
LE-0005879,ORD-007300,2025-04-18,142.64,USD,B059
LE-0005880,ORD-006486,2025-01-06,364.55,USD,B060
LE-0005881,ORD-003000,2025-03-09,402.12,USD,B061
LE-0005882,ORD-007746,2025-04-30,179.30,USD,B062
LE-0005883,ORD-006637,2025-05-18,896.87,USD,B063
LE-0005884,ORD-001571,2025-08-09,120.75,USD,B064
LE-0005885,ORD-000771,2025-03-21,865.58,USD,B065
LE-0005886,ORD-000988,2025-07-23,654.36,USD,B066
LE-0005887,ORD-005526,2025-04-25,268.14,USD,B067
LE-0005888,ORD-007334,2025-10-12,383.34,USD,B068
LE-0005889,ORD-005841,2025-04-15,217.45,USD,B069
LE-0005890,ORD-009921,2025-03-14,353.00,USD,B070
LE-0005891,ORD-011180,2025-12-24,339.18,USD,B071
LE-0005892,ORD-004659,2025-12-11,492.16,USD,B072
LE-0005893,ORD-006507,2025-06-02,259.80,USD,B073
LE-0005894,ORD-000823,2025-10-21,734.51,USD,B074
LE-0005895,ORD-003174,2025-09-07,744.90,USD,B075
LE-0005896,ORD-004950,2025-04-04,863.47,USD,B076
LE-0005897,ORD-010330,2025-03-31,500.61,USD,B077
LE-0005898,ORD-004926,2025-11-10,184.35,USD,B078
LE-0005899,ORD-003127,2025-08-04,391.51,USD,B079
LE-0005900,ORD-001132,2025-06-18,537.80,USD,B080
LE-0005901,ORD-008547,2025-03-19,140.13,USD,B081
LE-0005902,ORD-002503,2025-06-25,788.73,USD,B082
LE-0005903,ORD-003678,2025-05-30,823.49,USD,B083
LE-0005904,ORD-001669,2025-11-20,728.60,USD,B084
LE-0005905,ORD-000728,2025-01-15,487.16,USD,B085
LE-0005906,ORD-004936,2025-10-11,461.60,USD,B086
LE-0005907,ORD-004549,2025-09-06,456.11,USD,B087
LE-0005908,ORD-007802,2025-09-27,437.99,USD,B088
LE-0005909,ORD-010415,2025-04-11,98.69,USD,B089
LE-0005910,ORD-010869,2025-11-09,415.01,USD,B090
LE-0005911,ORD-008212,2025-02-18,765.05,USD,B091
LE-0005912,ORD-006242,2025-08-25,810.62,USD,B092
LE-0005913,ORD-000819,2025-02-26,110.51,USD,B093
LE-0005914,ORD-009746,2025-11-15,236.57,USD,B094
LE-0005915,ORD-009155,2025-05-07,34.76,USD,B095
LE-0005916,ORD-010616,2025-02-22,182.00,USD,B096
LE-0005917,ORD-010150,2025-05-19,142.16,USD,B000
LE-0005918,ORD-000908,2025-03-16,515.17,USD,B001
LE-0005919,ORD-006342,2025-05-09,393.21,USD,B002
LE-0005920,ORD-001373,2025-07-30,781.79,USD,B003
LE-0005921,ORD-004877,2025-08-13,875.70,USD,B004
LE-0005922,ORD-000808,2025-05-23,688.80,USD,B005
LE-0005923,ORD-006027,2025-06-29,380.76,USD,B006
LE-0005924,ORD-011718,2025-05-22,710.09,USD,B007
LE-0005925,ORD-008903,2025-07-10,256.38,USD,B008
LE-0005926,ORD-011739,2025-02-25,342.67,USD,B009
LE-0005927,ORD-002644,2025-08-11,732.95,USD,B010
LE-0005928,ORD-011236,2025-07-23,401.22,USD,B011
LE-0005929,ORD-003652,2025-07-23,809.06,USD,B012
LE-0005930,ORD-003444,2025-12-19,156.91,USD,B013
LE-0005931,ORD-006519,2025-08-29,629.18,USD,B014
LE-0005932,ORD-002204,2025-06-15,39.33,USD,B015
LE-0005933,ORD-005830,2025-07-15,470.03,USD,B016
LE-0005934,ORD-003159,2025-02-26,601.14,USD,B017
LE-0005935,ORD-009597,2025-08-30,555.02,USD,B018
LE-0005936,ORD-010035,2025-06-27,691.07,USD,B019
LE-0005937,ORD-006814,2025-07-21,721.74,USD,B020
LE-0005938,ORD-001082,2025-11-17,130.32,USD,B021
LE-0005939,ORD-010723,2025-08-12,163.89,USD,B022
LE-0005940,ORD-002673,2025-02-25,798.54,USD,B023
LE-0005941,ORD-008578,2025-10-24,25.16,USD,B024
LE-0005942,ORD-007039,2025-11-08,720.18,USD,B025
LE-0005943,ORD-009984,2025-03-11,412.29,USD,B026
LE-0005944,ORD-008932,2025-07-30,190.51,USD,B027
LE-0005945,ORD-006744,2025-12-28,83.78,USD,B028
LE-0005946,ORD-010095,2025-03-28,750.23,USD,B029
LE-0005947,ORD-008587,2025-01-24,188.84,USD,B030
LE-0005948,ORD-011693,2025-10-23,65.28,USD,B031
LE-0005949,ORD-011324,2025-11-09,777.07,USD,B032
LE-0005950,ORD-005603,2025-05-16,768.30,USD,B033
LE-0005951,ORD-004467,2025-01-30,869.26,USD,B034
LE-0005952,ORD-009903,2025-10-31,13.31,USD,B035
LE-0005953,ORD-003619,2025-11-21,891.59,USD,B036
LE-0005954,ORD-007979,2025-06-02,738.02,USD,B037
LE-0005955,ORD-001062,2025-06-19,807.30,USD,B038
LE-0005956,ORD-001493,2025-08-26,653.81,USD,B039
LE-0005957,ORD-008198,2025-05-24,177.48,USD,B040
LE-0005958,ORD-004053,2025-12-13,841.71,USD,B041
LE-0005959,ORD-000321,2025-12-07,144.02,USD,B042
LE-0005960,ORD-000240,2025-10-28,743.75,USD,B043
LE-0005961,ORD-007140,2025-04-29,828.10,USD,B044
LE-0005962,ORD-001200,2025-12-26,100.00,USD,B045
LE-0005963,ORD-010332,2025-01-03,725.48,USD,B046
LE-0005964,ORD-001349,2025-01-28,477.16,USD,B047
LE-0005965,ORD-000474,2025-04-01,546.69,USD,B048
LE-0005966,ORD-010312,2025-11-03,221.58,USD,B049
LE-0005967,ORD-000164,2025-10-09,760.66,USD,B050
LE-0005968,ORD-001895,2025-12-20,813.18,USD,B051
LE-0005969,ORD-009481,2025-05-01,402.91,USD,B052
LE-0005970,ORD-000275,2025-03-26,52.38,USD,B053
LE-0005971,ORD-001092,2025-08-28,466.06,USD,B054
LE-0005972,ORD-001771,2025-03-03,226.86,USD,B055
LE-0005973,ORD-003032,2025-04-30,335.14,USD,B056
LE-0005974,ORD-006237,2025-08-24,84.49,USD,B057
LE-0005975,ORD-008124,2025-07-19,654.05,USD,B058
LE-0005976,ORD-007822,2025-08-25,812.37,USD,B059
LE-0005977,ORD-005164,2025-11-22,317.13,USD,B060
LE-0005978,ORD-004954,2025-04-03,591.89,USD,B061
LE-0005979,ORD-009107,2025-10-22,671.45,USD,B062
LE-0005980,ORD-002422,2025-04-04,68.39,USD,B063
LE-0005981,ORD-011702,2025-12-25,790.48,USD,B064
LE-0005982,ORD-003533,2025-01-13,164.68,USD,B065
LE-0005983,ORD-010320,2025-04-16,101.97,USD,B066
LE-0005984,ORD-008772,2025-03-01,525.80,USD,B067
LE-0005985,ORD-001072,2025-12-29,643.97,USD,B068
LE-0005986,ORD-009505,2025-01-30,885.46,USD,B069
LE-0005987,ORD-005406,2025-02-19,541.67,USD,B070
LE-0005988,ORD-010759,2025-12-05,535.80,USD,B071
LE-0005989,ORD-009139,2025-11-30,778.36,USD,B072
LE-0005990,ORD-001959,2025-11-07,670.66,USD,B073
LE-0005991,ORD-005359,2025-01-07,679.82,USD,B074
LE-0005992,ORD-011605,2025-06-01,520.44,USD,B075
LE-0005993,ORD-011428,2025-02-20,694.10,USD,B076
LE-0005994,ORD-010744,2025-11-11,238.56,USD,B077
LE-0005995,ORD-005481,2025-05-08,616.39,USD,B078
LE-0005996,ORD-003710,2025-10-03,568.30,USD,B079
LE-0005997,ORD-000555,2025-06-08,243.41,USD,B080
LE-0005998,ORD-005401,2025-12-11,402.04,USD,B081
LE-0005999,ORD-004636,2025-12-31,704.40,USD,B082
LE-0006000,ORD-000929,2025-10-25,134.16,USD,B083
LE-0006001,ORD-005344,2025-12-31,338.22,USD,B084
LE-0006002,ORD-010841,2025-03-01,97.10,USD,B085
LE-0006003,ORD-011857,2025-02-11,589.47,USD,B086
LE-0006004,ORD-003650,2025-03-16,652.71,USD,B087
LE-0006005,ORD-003883,2025-11-25,344.23,USD,B088
LE-0006006,ORD-002146,2025-03-28,801.77,USD,B089
LE-0006007,ORD-002607,2025-07-31,480.09,USD,B090
LE-0006008,ORD-010143,2025-08-14,48.85,USD,B091
LE-0006009,ORD-008445,2025-02-09,166.05,USD,B092
LE-0006010,ORD-009801,2025-09-29,461.90,USD,B093
LE-0006011,ORD-006374,2025-11-30,507.19,USD,B094
LE-0006012,ORD-007808,2025-08-15,244.43,USD,B095
LE-0006013,ORD-002015,2025-07-17,626.91,USD,B096
LE-0006014,ORD-000248,2025-02-18,845.16,USD,B000
LE-0006015,ORD-000454,2025-09-09,14.47,USD,B001
LE-0006016,ORD-011756,2025-05-01,388.67,USD,B002
LE-0006017,ORD-002863,2025-05-10,841.77,USD,B003
LE-0006018,ORD-007333,2025-09-11,797.29,USD,B004
LE-0006019,ORD-001647,2025-12-03,735.46,USD,B005
LE-0006020,ORD-006162,2025-04-10,802.72,USD,B006
LE-0006021,ORD-011017,2025-09-15,127.82,USD,B007
LE-0006022,ORD-000816,2025-11-01,806.21,USD,B008
LE-0006023,ORD-001528,2025-08-12,113.86,USD,B009
LE-0006024,ORD-003691,2025-02-04,121.18,USD,B010
LE-0006025,ORD-002619,2025-07-12,784.59,USD,B011
LE-0006026,ORD-001134,2025-01-25,261.76,USD,B012
LE-0006027,ORD-001246,2025-12-27,546.81,USD,B013
LE-0006028,ORD-011130,2025-11-28,820.51,USD,B014
LE-0006029,ORD-002691,2025-02-01,687.77,USD,B015
LE-0006030,ORD-002097,2025-03-16,111.97,USD,B016
LE-0006031,ORD-003023,2025-11-09,684.76,USD,B017
LE-0006032,ORD-002125,2025-02-08,214.46,USD,B018
LE-0006033,ORD-006326,2025-10-05,696.12,USD,B019
LE-0006034,ORD-004938,2025-09-04,255.17,USD,B020
LE-0006035,ORD-010644,2025-03-31,243.71,USD,B021
LE-0006036,ORD-000455,2025-04-17,107.79,USD,B022
LE-0006037,ORD-007185,2025-06-09,358.25,USD,B023
LE-0006038,ORD-005143,2025-05-27,716.05,USD,B024
LE-0006039,ORD-005660,2025-04-03,746.10,USD,B025
LE-0006040,ORD-009248,2025-01-02,547.29,USD,B026
LE-0006041,ORD-010087,2025-12-16,233.12,USD,B027
LE-0006042,ORD-002222,2025-03-06,612.85,USD,B028
LE-0006043,ORD-005758,2025-11-12,269.41,USD,B029
LE-0006044,ORD-006860,2025-01-26,110.87,USD,B030
LE-0006045,ORD-010500,2025-11-11,518.54,USD,B031
LE-0006046,ORD-007279,2025-09-05,792.84,USD,B032
LE-0006047,ORD-003084,2025-09-02,711.73,USD,B033
LE-0006048,ORD-004443,2025-08-08,329.15,USD,B034
LE-0006049,ORD-008192,2025-11-07,171.04,USD,B035
LE-0006050,ORD-000669,2025-09-16,459.54,USD,B036
LE-0006051,ORD-010682,2025-09-01,277.94,USD,B037
LE-0006052,ORD-011153,2025-09-17,829.57,USD,B038
LE-0006053,ORD-006839,2025-03-24,611.02,USD,B039
LE-0006054,ORD-000624,2025-03-30,814.00,USD,B040
LE-0006055,ORD-001699,2025-01-11,177.72,USD,B041
LE-0006056,ORD-010974,2025-08-12,757.05,USD,B042
LE-0006057,ORD-010902,2025-10-10,509.04,USD,B043
LE-0006058,ORD-006493,2025-08-26,64.96,USD,B044
LE-0006059,ORD-001998,2025-04-21,527.03,USD,B045
LE-0006060,ORD-001734,2025-12-24,608.16,USD,B046
LE-0006061,ORD-003797,2025-03-02,561.34,USD,B047
LE-0006062,ORD-007688,2025-02-11,578.04,USD,B048
LE-0006063,ORD-006482,2025-04-29,312.95,USD,B049
LE-0006064,ORD-009905,2025-07-31,879.20,USD,B050
LE-0006065,ORD-010030,2025-12-19,484.47,USD,B051
LE-0006066,ORD-001732,2025-10-04,777.25,USD,B052
LE-0006067,ORD-004649,2025-09-09,317.18,USD,B053
LE-0006068,ORD-003487,2025-01-15,698.96,USD,B054
LE-0006069,ORD-010384,2025-07-15,494.85,USD,B055
LE-0006070,ORD-010937,2025-06-05,661.00,USD,B056
LE-0006071,ORD-000200,2025-06-12,9.29,USD,B057
LE-0006072,ORD-004922,2025-04-27,108.97,USD,B058
LE-0006073,ORD-011696,2025-05-20,205.11,USD,B059
LE-0006074,ORD-004880,2025-07-01,793.92,USD,B060
LE-0006075,ORD-009126,2025-10-30,796.52,USD,B061
LE-0006076,ORD-007326,2025-10-14,91.84,USD,B062
LE-0006077,ORD-007619,2025-01-17,385.15,USD,B063
LE-0006078,ORD-011406,2025-02-26,199.41,USD,B064
LE-0006079,ORD-010878,2025-06-13,805.38,USD,B065
LE-0006080,ORD-009284,2025-11-29,438.28,USD,B066
LE-0006081,ORD-001687,2025-05-26,709.99,USD,B067
LE-0006082,ORD-006801,2025-08-26,459.31,USD,B068
LE-0006083,ORD-006736,2025-01-17,655.51,USD,B069
LE-0006084,ORD-005991,2025-12-25,78.03,USD,B070
LE-0006085,ORD-003177,2025-06-03,509.75,USD,B071
LE-0006086,ORD-009725,2025-10-25,286.57,USD,B072
LE-0006087,ORD-004980,2025-11-05,389.52,USD,B073
LE-0006088,ORD-010870,2025-10-31,593.19,USD,B074
LE-0006089,ORD-007916,2025-12-17,561.28,USD,B075
LE-0006090,ORD-006106,2025-01-02,685.23,USD,B076
LE-0006091,ORD-011839,2025-10-14,652.68,USD,B077
LE-0006092,ORD-010703,2025-06-06,491.36,USD,B078
LE-0006093,ORD-004464,2025-01-28,39.40,USD,B079
LE-0006094,ORD-010842,2025-05-03,605.63,USD,B080
LE-0006095,ORD-001557,2025-05-10,670.59,USD,B081
LE-0006096,ORD-007700,2025-09-09,655.85,USD,B082
LE-0006097,ORD-009915,2025-03-20,469.27,USD,B083
LE-0006098,ORD-001702,2025-06-02,286.84,USD,B084
LE-0006099,ORD-000370,2025-11-09,697.58,USD,B085
LE-0006100,ORD-003560,2025-03-16,509.87,USD,B086
LE-0006101,ORD-003370,2025-05-15,25.80,USD,B087
LE-0006102,ORD-004098,2025-10-26,779.17,USD,B088
LE-0006103,ORD-001444,2025-03-23,65.88,USD,B089
LE-0006104,ORD-004399,2025-08-23,259.33,USD,B090
LE-0006105,ORD-008025,2025-03-12,409.40,USD,B091
LE-0006106,ORD-004303,2025-02-06,93.18,USD,B092
LE-0006107,ORD-003199,2025-05-14,123.67,USD,B093
LE-0006108,ORD-001111,2025-01-14,831.68,USD,B094
LE-0006109,ORD-011256,2025-03-02,183.50,USD,B095
LE-0006110,ORD-003071,2025-03-15,634.27,USD,B096
LE-0006111,ORD-006067,2025-09-27,51.49,USD,B000
LE-0006112,ORD-007874,2025-09-16,164.93,USD,B001
LE-0006113,ORD-007927,2025-12-20,347.83,USD,B002
LE-0006114,ORD-005030,2025-11-03,281.93,USD,B003
LE-0006115,ORD-004572,2025-11-24,605.36,USD,B004
LE-0006116,ORD-004559,2025-12-10,548.40,USD,B005
LE-0006117,ORD-008339,2025-04-09,432.55,USD,B006
LE-0006118,ORD-007318,2025-07-31,78.02,USD,B007
LE-0006119,ORD-002796,2025-08-09,71.00,USD,B008
LE-0006120,ORD-003877,2025-02-08,422.62,USD,B009
LE-0006121,ORD-005388,2025-01-10,330.35,USD,B010
LE-0006122,ORD-007085,2025-09-24,865.41,USD,B011
LE-0006123,ORD-005823,2025-09-18,242.44,USD,B012
LE-0006124,ORD-011338,2025-02-01,294.77,USD,B013
LE-0006125,ORD-005428,2025-08-05,129.84,USD,B014
LE-0006126,ORD-009887,2025-11-30,767.99,USD,B015
LE-0006127,ORD-011070,2025-01-25,716.47,USD,B016
LE-0006128,ORD-002657,2025-10-14,739.79,USD,B017
LE-0006129,ORD-010028,2025-12-25,263.50,USD,B018
LE-0006130,ORD-007980,2025-06-22,522.01,USD,B019
LE-0006131,ORD-002202,2025-09-08,308.83,USD,B020
LE-0006132,ORD-000186,2025-02-20,640.21,USD,B021
LE-0006133,ORD-001107,2025-10-18,351.17,USD,B022
LE-0006134,ORD-008591,2025-03-06,536.64,USD,B023
LE-0006135,ORD-001731,2025-06-12,534.24,USD,B024
LE-0006136,ORD-003772,2025-12-06,413.79,USD,B025
LE-0006137,ORD-002116,2025-07-26,249.02,USD,B026
LE-0006138,ORD-010180,2025-10-01,351.60,USD,B027
LE-0006139,ORD-005977,2025-06-17,416.77,USD,B028
LE-0006140,ORD-000566,2025-10-04,254.32,USD,B029
LE-0006141,ORD-010290,2025-12-13,286.20,USD,B030
LE-0006142,ORD-002042,2025-04-21,656.50,USD,B031
LE-0006143,ORD-010679,2025-09-11,22.73,USD,B032
LE-0006144,ORD-000496,2025-10-21,208.19,USD,B033
LE-0006145,ORD-001367,2025-05-25,388.04,USD,B034
LE-0006146,ORD-002402,2025-09-07,495.84,USD,B035
LE-0006147,ORD-009593,2025-02-24,472.88,USD,B036
LE-0006148,ORD-005747,2025-12-18,87.64,USD,B037
LE-0006149,ORD-011567,2025-06-16,484.84,USD,B038
LE-0006150,ORD-002666,2025-02-11,153.19,USD,B039
LE-0006151,ORD-010457,2025-02-05,688.82,USD,B040
LE-0006152,ORD-004644,2025-10-18,157.93,USD,B041
LE-0006153,ORD-004028,2025-08-06,245.91,USD,B042
LE-0006154,ORD-008346,2025-06-02,66.99,USD,B043
LE-0006155,ORD-007036,2025-08-19,514.57,USD,B044
LE-0006156,ORD-004031,2025-10-29,752.16,USD,B045
LE-0006157,ORD-008131,2025-02-13,693.06,USD,B046
LE-0006158,ORD-006200,2025-02-19,529.72,USD,B047
LE-0006159,ORD-000296,2025-03-19,72.77,USD,B048
LE-0006160,ORD-002834,2025-11-02,401.95,USD,B049
LE-0006161,ORD-008165,2025-01-12,810.06,USD,B050
LE-0006162,ORD-010359,2025-03-19,174.76,USD,B051
LE-0006163,ORD-002841,2025-04-09,433.26,USD,B052
LE-0006164,ORD-001633,2025-06-24,56.83,USD,B053
LE-0006165,ORD-007759,2025-11-06,625.67,USD,B054
LE-0006166,ORD-002008,2025-05-31,542.49,USD,B055
LE-0006167,ORD-001780,2025-12-10,129.41,USD,B056
LE-0006168,ORD-009813,2025-01-02,179.61,USD,B057
LE-0006169,ORD-001063,2025-12-07,867.66,USD,B058
LE-0006170,ORD-000223,2025-01-20,501.85,USD,B059
LE-0006171,ORD-009674,2025-06-19,842.62,USD,B060
LE-0006172,ORD-003372,2025-07-26,787.45,USD,B061
LE-0006173,ORD-002917,2025-05-21,223.96,USD,B062
LE-0006174,ORD-010560,2025-06-10,552.66,USD,B063
LE-0006175,ORD-004964,2025-11-22,640.91,USD,B064
LE-0006176,ORD-007762,2025-11-05,592.01,USD,B065
LE-0006177,ORD-009473,2025-12-06,476.78,USD,B066
LE-0006178,ORD-009044,2025-09-21,244.35,USD,B067
LE-0006179,ORD-007597,2025-03-04,147.52,USD,B068
LE-0006180,ORD-005901,2025-02-19,743.61,USD,B069
LE-0006181,ORD-011655,2025-02-19,55.02,USD,B070
LE-0006182,ORD-000785,2025-04-05,680.96,USD,B071
LE-0006183,ORD-000428,2025-05-18,196.84,USD,B072
LE-0006184,ORD-005590,2025-01-30,301.12,USD,B073
LE-0006185,ORD-008253,2025-03-07,496.17,USD,B074
LE-0006186,ORD-005945,2025-09-10,214.55,USD,B075
LE-0006187,ORD-009794,2025-01-22,444.01,USD,B076
LE-0006188,ORD-011255,2025-07-14,797.69,USD,B077
LE-0006189,ORD-007724,2025-08-30,413.26,USD,B078
LE-0006190,ORD-002083,2025-07-20,523.93,USD,B079
LE-0006191,ORD-005579,2025-09-28,684.77,USD,B080
LE-0006192,ORD-000441,2025-12-01,74.78,USD,B081
LE-0006193,ORD-007172,2025-05-13,833.03,USD,B082
LE-0006194,ORD-004107,2025-06-12,486.00,USD,B083
LE-0006195,ORD-011441,2025-03-19,680.30,USD,B084
LE-0006196,ORD-010078,2025-02-27,753.07,USD,B085
LE-0006197,ORD-009541,2025-05-13,183.91,USD,B086
LE-0006198,ORD-001782,2025-08-26,692.42,USD,B087
LE-0006199,ORD-010256,2025-04-19,105.32,USD,B088
LE-0006200,ORD-011225,2025-01-13,391.00,USD,B089
LE-0006201,ORD-000574,2025-10-25,896.78,USD,B090
LE-0006202,ORD-004868,2025-07-19,224.34,USD,B091
LE-0006203,ORD-007691,2025-02-03,45.91,USD,B092
LE-0006204,ORD-002363,2025-02-20,6.12,USD,B093
LE-0006205,ORD-004831,2025-10-30,687.70,USD,B094
LE-0006206,ORD-005106,2025-08-10,242.43,USD,B095
LE-0006207,ORD-005992,2025-11-06,286.34,USD,B096
LE-0006208,ORD-004642,2025-12-12,163.73,USD,B000
LE-0006209,ORD-010835,2025-02-27,529.57,USD,B001
LE-0006210,ORD-008423,2025-02-14,848.01,USD,B002
LE-0006211,ORD-008093,2025-03-30,267.81,USD,B003
LE-0006212,ORD-007348,2025-03-23,206.02,USD,B004
LE-0006213,ORD-005182,2025-12-23,795.36,USD,B005
LE-0006214,ORD-004438,2025-05-15,454.43,USD,B006
LE-0006215,ORD-003783,2025-07-27,9.74,USD,B007
LE-0006216,ORD-008305,2025-04-29,286.00,USD,B008
LE-0006217,ORD-005578,2025-07-27,167.59,USD,B009
LE-0006218,ORD-005892,2025-05-18,499.09,USD,B010
LE-0006219,ORD-001466,2025-10-07,839.11,USD,B011
LE-0006220,ORD-000291,2025-08-24,730.68,USD,B012
LE-0006221,ORD-007705,2025-09-17,363.98,USD,B013
LE-0006222,ORD-006416,2025-11-26,677.43,USD,B014
LE-0006223,ORD-005582,2025-10-07,683.56,USD,B015
LE-0006224,ORD-001369,2025-09-18,47.51,USD,B016
LE-0006225,ORD-002057,2025-03-19,141.04,USD,B017
LE-0006226,ORD-008984,2025-07-17,225.20,USD,B018
LE-0006227,ORD-003069,2025-02-28,73.17,USD,B019
LE-0006228,ORD-007147,2025-08-06,711.05,USD,B020
LE-0006229,ORD-003040,2025-09-25,201.02,USD,B021
LE-0006230,ORD-000369,2025-02-07,220.46,USD,B022
LE-0006231,ORD-006705,2025-12-20,541.62,USD,B023
LE-0006232,ORD-007657,2025-09-10,582.07,USD,B024
LE-0006233,ORD-009913,2025-08-16,252.00,USD,B025
LE-0006234,ORD-008746,2025-03-11,339.60,USD,B026
LE-0006235,ORD-008810,2025-07-21,367.71,USD,B027
LE-0006236,ORD-002974,2025-10-21,889.85,USD,B028
LE-0006237,ORD-009008,2025-11-14,645.81,USD,B029
LE-0006238,ORD-004199,2025-02-21,874.26,USD,B030
LE-0006239,ORD-007397,2025-07-31,735.61,USD,B031
LE-0006240,ORD-006125,2025-10-01,24.48,USD,B032
LE-0006241,ORD-005062,2025-01-03,499.35,USD,B033
LE-0006242,ORD-007861,2025-11-08,475.68,USD,B034
LE-0006243,ORD-000804,2025-07-02,402.86,USD,B035
LE-0006244,ORD-007041,2025-10-15,243.94,USD,B036
LE-0006245,ORD-000695,2025-07-30,711.38,USD,B037
LE-0006246,ORD-010158,2025-12-22,502.80,USD,B038
LE-0006247,ORD-004305,2025-09-29,528.67,USD,B039
LE-0006248,ORD-005012,2025-07-29,754.41,USD,B040
LE-0006249,ORD-001684,2025-03-10,160.72,USD,B041
LE-0006250,ORD-006511,2025-04-11,320.00,USD,B042
LE-0006251,ORD-006765,2025-07-16,364.12,USD,B043
LE-0006252,ORD-005833,2025-02-22,713.14,USD,B044
LE-0006253,ORD-009748,2025-01-22,495.00,USD,B045
LE-0006254,ORD-000189,2025-12-07,488.11,USD,B046
LE-0006255,ORD-010196,2025-02-15,619.00,USD,B047
LE-0006256,ORD-005312,2025-09-03,423.56,USD,B048
LE-0006257,ORD-007758,2025-05-20,324.12,USD,B049
LE-0006258,ORD-000832,2025-12-28,527.06,USD,B050
LE-0006259,ORD-007355,2025-07-29,639.60,USD,B051
LE-0006260,ORD-009786,2025-11-06,796.25,USD,B052
LE-0006261,ORD-008034,2025-01-11,190.40,USD,B053
LE-0006262,ORD-005346,2025-11-21,218.79,USD,B054
LE-0006263,ORD-008946,2025-02-04,766.20,USD,B055
LE-0006264,ORD-002161,2025-01-29,205.21,USD,B056
LE-0006265,ORD-004037,2025-11-29,866.85,USD,B057
LE-0006266,ORD-008716,2025-10-26,173.84,USD,B058
LE-0006267,ORD-005741,2025-01-08,79.05,USD,B059
LE-0006268,ORD-006892,2025-04-13,708.01,USD,B060
LE-0006269,ORD-000660,2025-05-18,368.87,USD,B061
LE-0006270,ORD-011161,2025-07-30,482.88,USD,B062
LE-0006271,ORD-002594,2025-04-14,569.69,USD,B063
LE-0006272,ORD-011543,2025-05-29,883.66,USD,B064
LE-0006273,ORD-008059,2025-12-19,818.18,USD,B065
LE-0006274,ORD-007445,2025-10-30,663.40,USD,B066
LE-0006275,ORD-005498,2025-09-22,742.05,USD,B067
LE-0006276,ORD-003741,2025-10-25,359.35,USD,B068
LE-0006277,ORD-007381,2025-02-20,128.47,USD,B069
LE-0006278,ORD-004379,2025-03-18,820.00,USD,B070
LE-0006279,ORD-003052,2025-08-12,27.30,USD,B071
LE-0006280,ORD-010099,2025-03-18,353.25,USD,B072
LE-0006281,ORD-011267,2025-07-10,652.63,USD,B073
LE-0006282,ORD-001350,2025-11-11,758.44,USD,B074
LE-0006283,ORD-005739,2025-06-13,781.90,USD,B075
LE-0006284,ORD-005996,2025-01-03,265.78,USD,B076
LE-0006285,ORD-001752,2025-12-24,820.16,USD,B077
LE-0006286,ORD-000779,2025-08-22,279.29,USD,B078
LE-0006287,ORD-002920,2025-01-01,171.14,USD,B079
LE-0006288,ORD-000068,2025-04-05,199.02,USD,B080
LE-0006289,ORD-010539,2025-08-05,684.49,USD,B081
LE-0006290,ORD-001506,2025-12-29,136.83,USD,B082
LE-0006291,ORD-005129,2025-01-30,787.02,USD,B083
LE-0006292,ORD-010487,2025-12-28,585.44,USD,B084
LE-0006293,ORD-006563,2025-05-28,266.67,USD,B085
LE-0006294,ORD-003803,2025-09-16,337.83,USD,B086
LE-0006295,ORD-007718,2025-10-19,838.33,USD,B087
LE-0006296,ORD-009525,2025-07-21,366.12,USD,B088
LE-0006297,ORD-000623,2025-09-30,491.47,USD,B089
LE-0006298,ORD-003029,2025-07-15,518.54,USD,B090
LE-0006299,ORD-007135,2025-12-04,666.66,USD,B091
LE-0006300,ORD-008770,2025-10-29,74.66,USD,B092
LE-0006301,ORD-000024,2025-04-02,800.99,USD,B093
LE-0006302,ORD-005437,2025-06-22,217.56,USD,B094
LE-0006303,ORD-009282,2025-03-03,154.87,USD,B095
LE-0006304,ORD-007680,2025-07-13,397.42,USD,B096
LE-0006305,ORD-004288,2025-07-16,549.04,USD,B000
LE-0006306,ORD-007591,2025-03-11,175.15,USD,B001
LE-0006307,ORD-007478,2025-10-04,839.19,USD,B002
LE-0006308,ORD-001429,2025-02-17,58.53,USD,B003
LE-0006309,ORD-009808,2025-11-21,746.76,USD,B004
LE-0006310,ORD-005208,2025-01-14,282.76,USD,B005
LE-0006311,ORD-002510,2025-06-05,534.23,USD,B006
LE-0006312,ORD-007971,2025-07-30,306.66,USD,B007
LE-0006313,ORD-003488,2025-11-22,812.79,USD,B008
LE-0006314,ORD-009345,2025-12-24,203.33,USD,B009
LE-0006315,ORD-009316,2025-07-07,447.84,USD,B010
LE-0006316,ORD-009308,2025-12-09,552.05,USD,B011
LE-0006317,ORD-003076,2025-04-18,180.94,USD,B012
LE-0006318,ORD-002614,2025-02-16,755.37,USD,B013
LE-0006319,ORD-008348,2025-09-15,27.78,USD,B014
LE-0006320,ORD-010025,2025-04-20,822.00,USD,B015
LE-0006321,ORD-007552,2025-01-10,834.56,USD,B016
LE-0006322,ORD-001535,2025-08-01,108.94,USD,B017
LE-0006323,ORD-000889,2025-05-16,143.66,USD,B018
LE-0006324,ORD-006766,2025-10-20,107.47,USD,B019
LE-0006325,ORD-004132,2025-12-24,466.25,USD,B020
LE-0006326,ORD-008975,2025-08-16,847.85,USD,B021
LE-0006327,ORD-007902,2025-04-11,299.77,USD,B022
LE-0006328,ORD-009501,2025-01-07,186.47,USD,B023
LE-0006329,ORD-006877,2025-07-18,57.93,USD,B024
LE-0006330,ORD-004959,2025-01-04,431.77,USD,B025
LE-0006331,ORD-001055,2025-08-08,793.86,USD,B026
LE-0006332,ORD-004859,2025-04-29,646.74,USD,B027
LE-0006333,ORD-006634,2025-04-12,127.04,USD,B028
LE-0006334,ORD-003397,2025-12-03,867.71,USD,B029
LE-0006335,ORD-009960,2025-12-10,230.46,USD,B030
LE-0006336,ORD-004330,2025-11-02,647.32,USD,B031
LE-0006337,ORD-011000,2025-12-30,722.13,USD,B032
LE-0006338,ORD-001540,2025-04-13,453.94,USD,B033
LE-0006339,ORD-005630,2025-01-13,270.48,USD,B034
LE-0006340,ORD-010745,2025-02-18,712.34,USD,B035
LE-0006341,ORD-007242,2025-08-28,504.93,USD,B036
LE-0006342,ORD-011315,2025-05-27,141.09,USD,B037
LE-0006343,ORD-003153,2025-10-17,74.93,USD,B038
LE-0006344,ORD-009364,2025-04-13,706.82,USD,B039
LE-0006345,ORD-007033,2025-10-20,43.47,USD,B040
LE-0006346,ORD-010304,2025-11-11,400.13,USD,B041
LE-0006347,ORD-000149,2025-06-06,60.41,USD,B042
LE-0006348,ORD-003515,2025-10-27,873.63,USD,B043
LE-0006349,ORD-003043,2025-07-24,334.23,USD,B044
LE-0006350,ORD-005605,2025-10-01,337.35,USD,B045
LE-0006351,ORD-002159,2025-08-18,769.59,USD,B046
LE-0006352,ORD-001671,2025-02-19,214.12,USD,B047
LE-0006353,ORD-003636,2025-12-18,741.90,USD,B048
LE-0006354,ORD-011706,2025-04-14,440.45,USD,B049
LE-0006355,ORD-001626,2025-03-29,734.10,USD,B050
LE-0006356,ORD-000732,2025-12-04,365.25,USD,B051
LE-0006357,ORD-000202,2025-05-01,735.29,USD,B052
LE-0006358,ORD-003874,2025-02-07,671.62,USD,B053
LE-0006359,ORD-005789,2025-11-14,44.83,USD,B054
LE-0006360,ORD-005404,2025-10-10,864.32,USD,B055
LE-0006361,ORD-004786,2025-07-15,33.74,USD,B056
LE-0006362,ORD-002556,2025-04-12,715.51,USD,B057
LE-0006363,ORD-003804,2025-07-12,798.72,USD,B058
LE-0006364,ORD-010630,2025-09-17,280.04,USD,B059
LE-0006365,ORD-005111,2025-06-07,246.56,USD,B060
LE-0006366,ORD-006235,2025-01-13,91.00,USD,B061
LE-0006367,ORD-007740,2025-04-03,835.10,USD,B062
LE-0006368,ORD-004287,2025-11-29,19.38,USD,B063
LE-0006369,ORD-003629,2025-09-08,890.52,USD,B064
LE-0006370,ORD-004148,2025-12-18,420.56,USD,B065
LE-0006371,ORD-010776,2025-08-11,172.65,USD,B066
LE-0006372,ORD-002759,2025-01-18,406.16,USD,B067
LE-0006373,ORD-011454,2025-06-17,9.50,USD,B068
LE-0006374,ORD-003266,2025-04-14,601.33,USD,B069
LE-0006375,ORD-003631,2025-04-08,656.76,USD,B070
LE-0006376,ORD-000170,2025-02-10,892.01,USD,B071
LE-0006377,ORD-008560,2025-07-09,247.94,USD,B072
LE-0006378,ORD-002550,2025-02-01,171.96,USD,B073
LE-0006379,ORD-009745,2025-01-01,659.18,USD,B074
LE-0006380,ORD-006029,2025-10-06,529.14,USD,B075
LE-0006381,ORD-006012,2025-09-19,727.36,USD,B076
LE-0006382,ORD-003440,2025-07-16,188.57,USD,B077
LE-0006383,ORD-002223,2025-01-20,398.79,USD,B078
LE-0006384,ORD-008218,2025-12-01,209.08,USD,B079
LE-0006385,ORD-004123,2025-11-17,180.26,USD,B080
LE-0006386,ORD-011635,2025-09-08,691.86,USD,B081
LE-0006387,ORD-002265,2025-05-03,457.87,USD,B082
LE-0006388,ORD-006974,2025-06-04,495.10,USD,B083
LE-0006389,ORD-003978,2025-05-28,671.87,USD,B084
LE-0006390,ORD-008561,2025-08-02,40.87,USD,B085
LE-0006391,ORD-001218,2025-10-25,458.75,USD,B086
LE-0006392,ORD-001519,2025-12-23,415.78,USD,B087
LE-0006393,ORD-008559,2025-05-03,24.97,USD,B088
LE-0006394,ORD-006483,2025-03-31,877.73,USD,B089
LE-0006395,ORD-002221,2025-08-22,306.06,USD,B090
LE-0006396,ORD-004258,2025-11-12,337.98,USD,B091
LE-0006397,ORD-001191,2025-08-18,279.40,USD,B092
LE-0006398,ORD-001639,2025-11-28,624.00,USD,B093
LE-0006399,ORD-008599,2025-10-16,708.35,USD,B094
LE-0006400,ORD-004579,2025-10-13,39.07,USD,B095
LE-0006401,ORD-006989,2025-11-27,393.89,USD,B096
LE-0006402,ORD-007743,2025-01-29,317.22,USD,B000
LE-0006403,ORD-011790,2025-11-21,715.66,USD,B001
LE-0006404,ORD-002589,2025-05-08,825.02,USD,B002
LE-0006405,ORD-009946,2025-11-30,59.29,USD,B003
LE-0006406,ORD-010110,2025-02-26,268.23,USD,B004
LE-0006407,ORD-010609,2025-06-28,793.38,USD,B005
LE-0006408,ORD-005166,2025-09-08,227.56,USD,B006
LE-0006409,ORD-004245,2025-01-22,690.60,USD,B007
LE-0006410,ORD-005576,2025-06-05,640.49,USD,B008
LE-0006411,ORD-011212,2025-06-11,650.61,USD,B009
LE-0006412,ORD-009348,2025-10-24,374.84,USD,B010
LE-0006413,ORD-009949,2025-07-17,456.87,USD,B011
LE-0006414,ORD-003151,2025-09-13,898.56,USD,B012
LE-0006415,ORD-008428,2025-09-08,641.47,USD,B013
LE-0006416,ORD-008999,2025-05-23,699.22,USD,B014
LE-0006417,ORD-001017,2025-07-31,182.24,USD,B015
LE-0006418,ORD-002264,2025-02-08,36.00,USD,B016
LE-0006419,ORD-010985,2025-01-23,609.32,USD,B017
LE-0006420,ORD-001939,2025-04-28,815.11,USD,B018
LE-0006421,ORD-001402,2025-11-01,655.04,USD,B019
LE-0006422,ORD-003699,2025-02-10,559.43,USD,B020
LE-0006423,ORD-009356,2025-07-04,146.92,USD,B021
LE-0006424,ORD-005687,2025-10-10,496.13,USD,B022
LE-0006425,ORD-001900,2025-08-21,496.57,USD,B023
LE-0006426,ORD-006368,2025-03-10,223.69,USD,B024
LE-0006427,ORD-007254,2025-03-15,369.83,USD,B025
LE-0006428,ORD-006719,2025-02-11,23.81,USD,B026
LE-0006429,ORD-008519,2025-11-06,418.03,USD,B027
LE-0006430,ORD-009654,2025-12-24,752.72,USD,B028
LE-0006431,ORD-010052,2025-01-16,224.45,USD,B029
LE-0006432,ORD-001831,2025-03-06,494.10,USD,B030
LE-0006433,ORD-001549,2025-06-24,112.63,USD,B031
LE-0006434,ORD-008456,2025-10-30,212.66,USD,B032
LE-0006435,ORD-010347,2025-10-11,426.70,USD,B033
LE-0006436,ORD-008841,2025-04-16,842.43,USD,B034
LE-0006437,ORD-007469,2025-08-20,120.72,USD,B035
LE-0006438,ORD-001503,2025-05-07,768.02,USD,B036
LE-0006439,ORD-006531,2025-04-23,424.90,USD,B037
LE-0006440,ORD-010434,2025-03-16,840.24,USD,B038
LE-0006441,ORD-003563,2025-10-01,566.02,USD,B039
LE-0006442,ORD-010808,2025-01-20,396.10,USD,B040
LE-0006443,ORD-002220,2025-03-12,428.58,USD,B041
LE-0006444,ORD-010047,2025-12-27,836.22,USD,B042
LE-0006445,ORD-009568,2025-12-30,354.00,USD,B043
LE-0006446,ORD-004174,2025-06-12,123.47,USD,B044
LE-0006447,ORD-006769,2025-12-02,857.24,USD,B045
LE-0006448,ORD-011824,2025-03-26,148.19,USD,B046
LE-0006449,ORD-007095,2025-12-31,70.01,USD,B047
LE-0006450,ORD-006000,2025-05-20,208.72,USD,B048
LE-0006451,ORD-005041,2025-02-25,240.52,USD,B049
LE-0006452,ORD-002359,2025-06-15,192.87,USD,B050
LE-0006453,ORD-006784,2025-08-22,763.45,USD,B051
LE-0006454,ORD-006545,2025-06-24,873.23,USD,B052
LE-0006455,ORD-002199,2025-09-24,336.16,USD,B053
LE-0006456,ORD-002811,2025-10-04,648.84,USD,B054
LE-0006457,ORD-001304,2025-10-23,546.83,USD,B055
LE-0006458,ORD-010855,2025-08-20,51.43,USD,B056
LE-0006459,ORD-003053,2025-10-29,569.53,USD,B057
LE-0006460,ORD-004567,2025-05-06,596.90,USD,B058
LE-0006461,ORD-006085,2025-03-19,202.87,USD,B059
LE-0006462,ORD-010756,2025-10-25,226.79,USD,B060
LE-0006463,ORD-011512,2025-10-11,336.21,USD,B061
LE-0006464,ORD-004207,2025-08-09,217.66,USD,B062
LE-0006465,ORD-011858,2025-07-09,720.38,USD,B063
LE-0006466,ORD-010191,2025-09-10,254.85,USD,B064
LE-0006467,ORD-011661,2025-02-10,425.07,USD,B065
LE-0006468,ORD-009709,2025-10-16,704.51,USD,B066
LE-0006469,ORD-000443,2025-03-31,261.42,USD,B067
LE-0006470,ORD-010064,2025-06-25,513.90,USD,B068
LE-0006471,ORD-006058,2025-08-06,215.21,USD,B069
LE-0006472,ORD-010464,2025-02-15,569.98,USD,B070
LE-0006473,ORD-008105,2025-02-12,875.92,USD,B071
LE-0006474,ORD-011770,2025-06-29,415.02,USD,B072
LE-0006475,ORD-001986,2025-02-08,767.44,USD,B073
LE-0006476,ORD-006365,2025-05-29,240.19,USD,B074
LE-0006477,ORD-009753,2025-10-29,409.63,USD,B075
LE-0006478,ORD-001356,2025-04-07,101.12,USD,B076
LE-0006479,ORD-007625,2025-07-13,828.00,USD,B077
LE-0006480,ORD-004401,2025-10-27,214.86,USD,B078
LE-0006481,ORD-006939,2025-08-13,194.42,USD,B079
LE-0006482,ORD-008866,2025-02-24,472.39,USD,B080
LE-0006483,ORD-002769,2025-11-21,630.29,USD,B081
LE-0006484,ORD-005929,2025-06-29,175.09,USD,B082
LE-0006485,ORD-004539,2025-07-07,453.53,USD,B083
LE-0006486,ORD-008155,2025-10-27,815.09,USD,B084
LE-0006487,ORD-009964,2025-11-10,832.67,USD,B085
LE-0006488,ORD-006512,2025-05-14,194.61,USD,B086
LE-0006489,ORD-011705,2025-07-07,372.68,USD,B087
LE-0006490,ORD-002783,2025-08-28,824.63,USD,B088
LE-0006491,ORD-005677,2025-01-04,808.46,USD,B089
LE-0006492,ORD-004672,2025-02-26,52.53,USD,B090
LE-0006493,ORD-006093,2025-07-03,88.84,USD,B091
LE-0006494,ORD-007388,2025-02-19,134.20,USD,B092
LE-0006495,ORD-003062,2025-06-27,70.31,USD,B093
LE-0006496,ORD-004765,2025-08-19,718.09,USD,B094
LE-0006497,ORD-001342,2025-04-18,129.94,USD,B095
LE-0006498,ORD-007919,2025-02-26,13.52,USD,B096
LE-0006499,ORD-003499,2025-06-30,148.72,USD,B000
LE-0006500,ORD-005551,2025-07-17,359.02,USD,B001
LE-0006501,ORD-003352,2025-04-28,390.96,USD,B002
LE-0006502,ORD-008555,2025-04-06,708.59,USD,B003
LE-0006503,ORD-003541,2025-06-18,513.68,USD,B004
LE-0006504,ORD-005489,2025-04-16,535.85,USD,B005
LE-0006505,ORD-004854,2025-11-13,487.00,USD,B006
LE-0006506,ORD-006802,2025-04-25,335.48,USD,B007
LE-0006507,ORD-006144,2025-04-29,760.48,USD,B008
LE-0006508,ORD-003190,2025-01-28,616.82,USD,B009
LE-0006509,ORD-005214,2025-04-02,156.63,USD,B010
LE-0006510,ORD-003580,2025-10-25,863.43,USD,B011
LE-0006511,ORD-003995,2025-11-01,617.42,USD,B012
LE-0006512,ORD-011214,2025-12-09,303.61,USD,B013
LE-0006513,ORD-001432,2025-05-03,372.96,USD,B014
LE-0006514,ORD-009680,2025-10-23,695.34,USD,B015
LE-0006515,ORD-009225,2025-11-28,595.16,USD,B016
LE-0006516,ORD-006489,2025-07-27,779.21,USD,B017
LE-0006517,ORD-003725,2025-04-28,169.33,USD,B018
LE-0006518,ORD-005098,2025-02-10,585.94,USD,B019
LE-0006519,ORD-010493,2025-09-12,190.55,USD,B020
LE-0006520,ORD-004600,2025-06-27,388.96,USD,B021
LE-0006521,ORD-008350,2025-11-08,232.70,USD,B022
LE-0006522,ORD-004431,2025-03-08,372.83,USD,B023
LE-0006523,ORD-002039,2025-11-27,449.00,USD,B024
LE-0006524,ORD-001742,2025-09-14,650.96,USD,B025
LE-0006525,ORD-003939,2025-12-08,671.01,USD,B026
LE-0006526,ORD-009475,2025-10-16,817.73,USD,B027
LE-0006527,ORD-008884,2025-09-03,184.25,USD,B028
LE-0006528,ORD-005491,2025-07-29,384.18,USD,B029
LE-0006529,ORD-000135,2025-06-09,522.83,USD,B030
LE-0006530,ORD-001352,2025-10-22,360.27,USD,B031
LE-0006531,ORD-010016,2025-11-06,160.10,USD,B032
LE-0006532,ORD-006454,2025-02-05,198.97,USD,B033
LE-0006533,ORD-002833,2025-03-02,271.85,USD,B034
LE-0006534,ORD-001377,2025-06-11,685.11,USD,B035
LE-0006535,ORD-005102,2025-06-30,65.96,USD,B036
LE-0006536,ORD-003617,2025-12-31,523.76,USD,B037
LE-0006537,ORD-009740,2025-12-26,637.04,USD,B038
LE-0006538,ORD-010432,2025-11-04,686.75,USD,B039
LE-0006539,ORD-009022,2025-09-07,154.70,USD,B040
LE-0006540,ORD-003462,2025-06-10,691.92,USD,B041
LE-0006541,ORD-009730,2025-12-23,292.69,USD,B042
LE-0006542,ORD-002381,2025-07-20,587.88,USD,B043
LE-0006543,ORD-001408,2025-08-29,321.98,USD,B044
LE-0006544,ORD-010177,2025-07-14,480.21,USD,B045
LE-0006545,ORD-001167,2025-11-30,870.40,USD,B046
LE-0006546,ORD-007221,2025-06-02,389.75,USD,B047
LE-0006547,ORD-004078,2025-12-26,244.52,USD,B048
LE-0006548,ORD-006166,2025-06-16,101.28,USD,B049
LE-0006549,ORD-006003,2025-03-05,292.01,USD,B050
LE-0006550,ORD-006817,2025-03-29,870.56,USD,B051
LE-0006551,ORD-001798,2025-10-06,213.32,USD,B052
LE-0006552,ORD-007440,2025-06-07,303.76,USD,B053
LE-0006553,ORD-011050,2025-06-25,636.18,USD,B054
LE-0006554,ORD-002911,2025-01-05,366.29,USD,B055
LE-0006555,ORD-005495,2025-02-07,679.95,USD,B056
LE-0006556,ORD-000683,2025-05-07,409.15,USD,B057
LE-0006557,ORD-011266,2025-09-12,508.02,USD,B058
LE-0006558,ORD-001935,2025-06-20,672.00,USD,B059
LE-0006559,ORD-001763,2025-05-03,149.46,USD,B060
LE-0006560,ORD-004239,2025-02-01,627.90,USD,B061
LE-0006561,ORD-010300,2025-09-26,614.93,USD,B062
LE-0006562,ORD-009116,2025-06-07,663.00,USD,B063
LE-0006563,ORD-004063,2025-02-12,138.19,USD,B064
LE-0006564,ORD-005028,2025-01-01,434.75,USD,B065
LE-0006565,ORD-005873,2025-03-14,482.61,USD,B066
LE-0006566,ORD-002052,2025-02-15,690.38,USD,B067
LE-0006567,ORD-007831,2025-02-16,807.48,USD,B068
LE-0006568,ORD-000467,2025-06-11,728.07,USD,B069
LE-0006569,ORD-011797,2025-02-22,60.84,USD,B070
LE-0006570,ORD-001716,2025-09-23,77.46,USD,B071
LE-0006571,ORD-009934,2025-01-11,312.15,USD,B072
LE-0006572,ORD-007495,2025-12-10,523.52,USD,B073
LE-0006573,ORD-010278,2025-06-19,225.86,USD,B074
LE-0006574,ORD-006818,2025-09-29,886.90,USD,B075
LE-0006575,ORD-007944,2025-12-09,808.16,USD,B076
LE-0006576,ORD-000658,2025-12-01,666.96,USD,B077
LE-0006577,ORD-000323,2025-08-09,423.74,USD,B078
LE-0006578,ORD-001589,2025-12-24,588.09,USD,B079
LE-0006579,ORD-003605,2025-02-03,251.55,USD,B080
LE-0006580,ORD-004612,2025-01-31,459.82,USD,B081
LE-0006581,ORD-008458,2025-05-23,472.93,USD,B082
LE-0006582,ORD-006700,2025-05-17,551.14,USD,B083
LE-0006583,ORD-002408,2025-04-15,203.23,USD,B084
LE-0006584,ORD-009859,2025-04-23,93.06,USD,B085
LE-0006585,ORD-010579,2025-04-17,430.50,USD,B086
LE-0006586,ORD-001319,2025-08-15,464.01,USD,B087
LE-0006587,ORD-008992,2025-09-03,466.77,USD,B088
LE-0006588,ORD-006072,2025-02-22,358.08,USD,B089
LE-0006589,ORD-008033,2025-08-23,420.56,USD,B090
LE-0006590,ORD-002071,2025-11-16,836.34,USD,B091
LE-0006591,ORD-007138,2025-08-06,889.50,USD,B092
LE-0006592,ORD-010844,2025-12-11,764.32,USD,B093
LE-0006593,ORD-002577,2025-06-18,853.56,USD,B094
LE-0006594,ORD-004917,2025-07-22,457.31,USD,B095
LE-0006595,ORD-000845,2025-01-07,472.51,USD,B096
LE-0006596,ORD-007310,2025-06-15,648.22,USD,B000
LE-0006597,ORD-001305,2025-02-15,151.13,USD,B001
LE-0006598,ORD-008102,2025-01-24,651.44,USD,B002
LE-0006599,ORD-005951,2025-04-02,437.79,USD,B003
LE-0006600,ORD-009883,2025-04-03,671.61,USD,B004
LE-0006601,ORD-001023,2025-06-06,150.92,USD,B005
LE-0006602,ORD-006609,2025-11-30,630.11,USD,B006
LE-0006603,ORD-000124,2025-09-25,455.52,USD,B007
LE-0006604,ORD-001545,2025-09-13,493.23,USD,B008
LE-0006605,ORD-001215,2025-10-12,646.43,USD,B009
LE-0006606,ORD-010817,2025-08-04,544.06,USD,B010
LE-0006607,ORD-008230,2025-05-24,186.11,USD,B011
LE-0006608,ORD-010963,2025-02-03,105.86,USD,B012
LE-0006609,ORD-006183,2025-05-31,620.53,USD,B013
LE-0006610,ORD-002227,2025-09-20,682.47,USD,B014
LE-0006611,ORD-010898,2025-11-01,799.43,USD,B015
LE-0006612,ORD-009227,2025-01-08,228.49,USD,B016
LE-0006613,ORD-007371,2025-06-02,476.74,USD,B017
LE-0006614,ORD-009818,2025-09-29,320.47,USD,B018
LE-0006615,ORD-007510,2025-03-07,259.28,USD,B019
LE-0006616,ORD-010402,2025-03-27,59.93,USD,B020
LE-0006617,ORD-008169,2025-12-28,127.27,USD,B021
LE-0006618,ORD-005217,2025-02-04,427.24,USD,B022
LE-0006619,ORD-004193,2025-02-05,872.42,USD,B023
LE-0006620,ORD-002780,2025-12-24,365.25,USD,B024
LE-0006621,ORD-000944,2025-06-30,29.95,USD,B025
LE-0006622,ORD-005399,2025-10-29,126.19,USD,B026
LE-0006623,ORD-001981,2025-02-02,27.83,USD,B027
LE-0006624,ORD-011201,2025-07-25,896.12,USD,B028
LE-0006625,ORD-011147,2025-06-23,661.76,USD,B029
LE-0006626,ORD-010701,2025-07-16,792.79,USD,B030
LE-0006627,ORD-010883,2025-08-01,76.19,USD,B031
LE-0006628,ORD-008143,2025-08-24,339.65,USD,B032
LE-0006629,ORD-008294,2025-06-21,134.54,USD,B033
LE-0006630,ORD-001845,2025-08-28,890.32,USD,B034
LE-0006631,ORD-006372,2025-01-29,785.44,USD,B035
LE-0006632,ORD-002120,2025-04-20,827.69,USD,B036
LE-0006633,ORD-006371,2025-12-24,23.72,USD,B037
LE-0006634,ORD-008885,2025-10-14,300.64,USD,B038
LE-0006635,ORD-006107,2025-07-11,716.78,USD,B039
LE-0006636,ORD-007888,2025-08-29,224.31,USD,B040
LE-0006637,ORD-000826,2025-07-30,452.00,USD,B041
LE-0006638,ORD-010156,2025-08-30,103.41,USD,B042
LE-0006639,ORD-010461,2025-05-19,340.43,USD,B043
LE-0006640,ORD-010923,2025-12-21,425.59,USD,B044
LE-0006641,ORD-003634,2025-09-22,520.65,USD,B045
LE-0006642,ORD-008185,2025-03-27,874.44,USD,B046
LE-0006643,ORD-004274,2025-09-22,417.80,USD,B047
LE-0006644,ORD-000267,2025-11-29,87.23,USD,B048
LE-0006645,ORD-001010,2025-03-29,185.92,USD,B049
LE-0006646,ORD-000180,2025-02-19,236.71,USD,B050
LE-0006647,ORD-008190,2025-07-08,365.25,USD,B051
LE-0006648,ORD-002130,2025-07-20,843.09,USD,B052
LE-0006649,ORD-006662,2025-02-22,819.97,USD,B053
LE-0006650,ORD-002567,2025-12-12,705.36,USD,B054
LE-0006651,ORD-008167,2025-12-16,736.81,USD,B055
LE-0006652,ORD-007422,2025-09-12,616.25,USD,B056
LE-0006653,ORD-000965,2025-05-26,753.02,USD,B057
LE-0006654,ORD-001931,2025-12-16,485.89,USD,B058
LE-0006655,ORD-009601,2025-02-19,402.76,USD,B059
LE-0006656,ORD-011069,2025-09-08,875.91,USD,B060
LE-0006657,ORD-002038,2025-12-22,101.32,USD,B061
LE-0006658,ORD-008091,2025-08-24,53.71,USD,B062
LE-0006659,ORD-004369,2025-07-29,73.28,USD,B063
LE-0006660,ORD-007162,2025-03-23,832.99,USD,B064
LE-0006661,ORD-011843,2025-09-03,509.49,USD,B065
LE-0006662,ORD-008926,2025-07-17,250.10,USD,B066
LE-0006663,ORD-003561,2025-08-25,784.03,USD,B067
LE-0006664,ORD-007304,2025-01-22,268.69,USD,B068
LE-0006665,ORD-009884,2025-05-05,649.73,USD,B069
LE-0006666,ORD-008982,2025-03-12,10.37,USD,B070
LE-0006667,ORD-008120,2025-09-24,137.43,USD,B071
LE-0006668,ORD-001205,2025-09-25,280.55,USD,B072
LE-0006669,ORD-011109,2025-10-10,192.36,USD,B073
LE-0006670,ORD-008340,2025-09-02,565.30,USD,B074
LE-0006671,ORD-005987,2025-10-05,439.01,USD,B075
LE-0006672,ORD-007120,2025-10-22,563.03,USD,B076
LE-0006673,ORD-006926,2025-08-11,725.14,USD,B077
LE-0006674,ORD-002356,2025-09-22,728.51,USD,B078
LE-0006675,ORD-003083,2025-04-30,852.83,USD,B079
LE-0006676,ORD-009732,2025-05-26,348.88,USD,B080
LE-0006677,ORD-007104,2025-08-13,408.29,USD,B081
LE-0006678,ORD-009417,2025-04-30,794.50,USD,B082
LE-0006679,ORD-006524,2025-04-12,14.40,USD,B083
LE-0006680,ORD-007828,2025-12-04,435.39,USD,B084
LE-0006681,ORD-010617,2025-04-19,323.77,USD,B085
LE-0006682,ORD-000911,2025-05-19,431.20,USD,B086
LE-0006683,ORD-006827,2025-02-01,186.48,USD,B087
LE-0006684,ORD-006972,2025-03-03,777.30,USD,B088
LE-0006685,ORD-005654,2025-12-17,428.86,USD,B089
LE-0006686,ORD-008058,2025-08-03,740.14,USD,B090
LE-0006687,ORD-009594,2025-12-02,685.99,USD,B091
LE-0006688,ORD-004728,2025-03-29,247.27,USD,B092
LE-0006689,ORD-003909,2025-01-01,148.99,USD,B093
LE-0006690,ORD-001601,2025-07-16,25.00,USD,B094
LE-0006691,ORD-011079,2025-03-19,701.29,USD,B095
LE-0006692,ORD-008818,2025-10-23,458.97,USD,B096
LE-0006693,ORD-009135,2025-09-08,293.92,USD,B000
LE-0006694,ORD-008368,2025-08-23,227.80,USD,B001
LE-0006695,ORD-003186,2025-02-06,543.32,USD,B002
LE-0006696,ORD-008773,2025-06-27,214.56,USD,B003
LE-0006697,ORD-008110,2025-04-26,749.00,USD,B004
LE-0006698,ORD-010684,2025-05-02,586.77,USD,B005
LE-0006699,ORD-006318,2025-04-28,426.25,USD,B006
LE-0006700,ORD-001869,2025-04-01,9.84,USD,B007
LE-0006701,ORD-004544,2025-03-16,23.27,USD,B008
LE-0006702,ORD-005072,2025-09-17,180.67,USD,B009
LE-0006703,ORD-000596,2025-03-24,23.74,USD,B010
LE-0006704,ORD-002137,2025-11-23,878.10,USD,B011
LE-0006705,ORD-007240,2025-11-04,220.81,USD,B012
LE-0006706,ORD-006257,2025-04-06,695.32,USD,B013
LE-0006707,ORD-001441,2025-12-29,138.12,USD,B014
LE-0006708,ORD-007385,2025-08-07,340.52,USD,B015
LE-0006709,ORD-007015,2025-02-12,28.69,USD,B016
LE-0006710,ORD-007047,2025-12-26,481.21,USD,B017
LE-0006711,ORD-009300,2025-07-17,494.09,USD,B018
LE-0006712,ORD-000815,2025-07-18,378.13,USD,B019
LE-0006713,ORD-009127,2025-09-19,466.64,USD,B020
LE-0006714,ORD-008517,2025-04-01,684.16,USD,B021
LE-0006715,ORD-004643,2025-08-07,868.94,USD,B022
LE-0006716,ORD-005187,2025-12-22,298.00,USD,B023
LE-0006717,ORD-001276,2025-12-13,284.75,USD,B024
LE-0006718,ORD-005348,2025-10-17,808.22,USD,B025
LE-0006719,ORD-008606,2025-07-19,534.81,USD,B026
LE-0006720,ORD-004864,2025-02-13,546.06,USD,B027
LE-0006721,ORD-001835,2025-08-20,340.29,USD,B028
LE-0006722,ORD-009023,2025-01-19,536.66,USD,B029
LE-0006723,ORD-000305,2025-02-12,303.07,USD,B030
LE-0006724,ORD-007308,2025-09-06,311.68,USD,B031
LE-0006725,ORD-003079,2025-05-03,213.00,USD,B032
LE-0006726,ORD-004156,2025-04-11,635.74,USD,B033
LE-0006727,ORD-000405,2025-06-20,310.72,USD,B034
LE-0006728,ORD-007383,2025-06-02,511.73,USD,B035
LE-0006729,ORD-011551,2025-10-01,643.13,USD,B036
LE-0006730,ORD-007087,2025-02-26,673.04,USD,B037
LE-0006731,ORD-002596,2025-10-10,154.69,USD,B038
LE-0006732,ORD-004163,2025-11-17,334.52,USD,B039
LE-0006733,ORD-006986,2025-12-25,745.31,USD,B040
LE-0006734,ORD-011834,2025-07-01,116.92,USD,B041
LE-0006735,ORD-005513,2025-08-26,614.00,USD,B042
LE-0006736,ORD-006478,2025-04-01,372.44,USD,B043
LE-0006737,ORD-005232,2025-05-29,240.06,USD,B044
LE-0006738,ORD-003096,2025-10-14,694.46,USD,B045
LE-0006739,ORD-009038,2025-05-14,487.46,USD,B046
LE-0006740,ORD-004808,2025-02-24,867.39,USD,B047
LE-0006741,ORD-004000,2025-06-23,578.34,USD,B048
LE-0006742,ORD-010866,2025-01-11,118.35,USD,B049
LE-0006743,ORD-008012,2025-05-15,174.95,USD,B050
LE-0006744,ORD-011735,2025-04-16,214.86,USD,B051
LE-0006745,ORD-001854,2025-03-24,266.36,USD,B052
LE-0006746,ORD-002555,2025-08-14,842.75,USD,B053
LE-0006747,ORD-006181,2025-11-07,107.56,USD,B054
LE-0006748,ORD-004531,2025-12-30,189.97,USD,B055
LE-0006749,ORD-008437,2025-01-01,521.36,USD,B056
LE-0006750,ORD-007534,2025-08-08,716.30,USD,B057
LE-0006751,ORD-001580,2025-01-14,434.23,USD,B058
LE-0006752,ORD-009142,2025-03-16,330.15,USD,B059
LE-0006753,ORD-002191,2025-09-12,511.33,USD,B060
LE-0006754,ORD-011262,2025-11-24,86.62,USD,B061
LE-0006755,ORD-007386,2025-07-03,513.00,USD,B062
LE-0006756,ORD-000809,2025-06-08,542.00,USD,B063
LE-0006757,ORD-000571,2025-01-27,421.98,USD,B064
LE-0006758,ORD-006723,2025-07-12,811.61,USD,B065
LE-0006759,ORD-003950,2025-05-21,236.32,USD,B066
LE-0006760,ORD-008050,2025-05-12,104.13,USD,B067
LE-0006761,ORD-009374,2025-03-29,668.81,USD,B068
LE-0006762,ORD-007488,2025-11-29,688.49,USD,B069
LE-0006763,ORD-003117,2025-06-22,330.63,USD,B070
LE-0006764,ORD-008168,2025-09-20,680.89,USD,B071
LE-0006765,ORD-009414,2025-10-15,311.55,USD,B072
LE-0006766,ORD-010467,2025-04-20,77.12,USD,B073
LE-0006767,ORD-008360,2025-03-01,841.85,USD,B074
LE-0006768,ORD-007134,2025-05-29,425.16,USD,B075
LE-0006769,ORD-001850,2025-06-29,126.23,USD,B076
LE-0006770,ORD-006199,2025-12-10,628.69,USD,B077
LE-0006771,ORD-009711,2025-12-08,352.26,USD,B078
LE-0006772,ORD-005267,2025-06-19,421.08,USD,B079
LE-0006773,ORD-010135,2025-09-30,872.84,USD,B080
LE-0006774,ORD-001675,2025-12-12,55.57,USD,B081
LE-0006775,ORD-009328,2025-05-16,40.67,USD,B082
LE-0006776,ORD-001810,2025-01-25,38.37,USD,B083
LE-0006777,ORD-009665,2025-03-20,584.98,USD,B084
LE-0006778,ORD-001614,2025-11-01,313.52,USD,B085
LE-0006779,ORD-004052,2025-08-11,424.69,USD,B086
LE-0006780,ORD-003327,2025-07-30,73.56,USD,B087
LE-0006781,ORD-004711,2025-01-21,896.78,USD,B088
LE-0006782,ORD-003632,2025-12-02,435.68,USD,B089
LE-0006783,ORD-001269,2025-09-24,602.22,USD,B090
LE-0006784,ORD-001472,2025-12-15,93.33,USD,B091
LE-0006785,ORD-008199,2025-02-09,705.00,USD,B092
LE-0006786,ORD-008297,2025-03-21,277.15,USD,B093
LE-0006787,ORD-009530,2025-06-16,890.36,USD,B094
LE-0006788,ORD-011390,2025-06-02,848.85,USD,B095
LE-0006789,ORD-002407,2025-07-11,445.63,USD,B096
LE-0006790,ORD-008052,2025-12-01,105.39,USD,B000
LE-0006791,ORD-003449,2025-03-05,233.79,USD,B001
LE-0006792,ORD-002364,2025-02-27,24.56,USD,B002
LE-0006793,ORD-007702,2025-03-28,175.96,USD,B003
LE-0006794,ORD-006053,2025-10-04,66.26,USD,B004
LE-0006795,ORD-000012,2025-08-18,352.72,USD,B005
LE-0006796,ORD-009487,2025-05-14,388.58,USD,B006
LE-0006797,ORD-003851,2025-04-26,83.42,USD,B007
LE-0006798,ORD-006505,2025-03-05,565.50,USD,B008
LE-0006799,ORD-008312,2025-01-22,871.26,USD,B009
LE-0006800,ORD-000709,2025-07-31,558.65,USD,B010
LE-0006801,ORD-006747,2025-03-25,95.51,USD,B011
LE-0006802,ORD-007049,2025-11-02,595.90,USD,B012
LE-0006803,ORD-009320,2025-05-07,173.45,USD,B013
LE-0006804,ORD-010272,2025-12-10,259.08,USD,B014
LE-0006805,ORD-001694,2025-06-13,686.80,USD,B015
LE-0006806,ORD-003729,2025-10-30,465.93,USD,B016
LE-0006807,ORD-003355,2025-08-02,390.83,USD,B017
LE-0006808,ORD-007684,2025-01-10,563.64,USD,B018
LE-0006809,ORD-000349,2025-03-28,163.14,USD,B019
LE-0006810,ORD-008722,2025-07-06,540.47,USD,B020
LE-0006811,ORD-011156,2025-03-26,19.85,USD,B021
LE-0006812,ORD-005321,2025-02-17,160.45,USD,B022
LE-0006813,ORD-010556,2025-12-22,396.26,USD,B023
LE-0006814,ORD-008758,2025-09-22,421.26,USD,B024
LE-0006815,ORD-007358,2025-09-13,501.06,USD,B025
LE-0006816,ORD-001704,2025-01-15,137.84,USD,B026
LE-0006817,ORD-002358,2025-11-02,495.72,USD,B027
LE-0006818,ORD-011263,2025-01-17,107.23,USD,B028
LE-0006819,ORD-003288,2025-01-18,317.13,USD,B029
LE-0006820,ORD-008824,2025-12-10,191.52,USD,B030
LE-0006821,ORD-010783,2025-09-26,307.86,USD,B031
LE-0006822,ORD-000376,2025-12-10,750.53,USD,B032
LE-0006823,ORD-010739,2025-08-02,481.42,USD,B033
LE-0006824,ORD-009698,2025-10-22,205.90,USD,B034
LE-0006825,ORD-005137,2025-01-02,142.62,USD,B035
LE-0006826,ORD-001474,2025-12-05,683.42,USD,B036
LE-0006827,ORD-009366,2025-10-07,91.49,USD,B037
LE-0006828,ORD-010344,2025-08-05,256.88,USD,B038
LE-0006829,ORD-008707,2025-03-21,791.96,USD,B039
LE-0006830,ORD-007952,2025-11-09,55.90,USD,B040
LE-0006831,ORD-000067,2025-09-21,572.38,USD,B041
LE-0006832,ORD-004973,2025-01-04,574.06,USD,B042
LE-0006833,ORD-006649,2025-08-20,553.41,USD,B043
LE-0006834,ORD-010839,2025-11-01,822.51,USD,B044
LE-0006835,ORD-001498,2025-09-23,154.63,USD,B045
LE-0006836,ORD-010255,2025-11-10,488.82,USD,B046
LE-0006837,ORD-003065,2025-07-17,364.00,USD,B047
LE-0006838,ORD-008245,2025-10-12,876.25,USD,B048
LE-0006839,ORD-009256,2025-07-07,270.97,USD,B049
LE-0006840,ORD-009065,2025-04-04,792.29,USD,B050
LE-0006841,ORD-010291,2025-12-02,764.12,USD,B051
LE-0006842,ORD-007249,2025-10-15,884.80,USD,B052
LE-0006843,ORD-008162,2025-04-05,120.00,USD,B053
LE-0006844,ORD-004127,2025-06-13,461.62,USD,B054
LE-0006845,ORD-003849,2025-05-02,500.02,USD,B055
LE-0006846,ORD-001332,2025-09-04,179.67,USD,B056
LE-0006847,ORD-002764,2025-02-07,589.42,USD,B057
LE-0006848,ORD-010474,2025-05-16,286.28,USD,B058
LE-0006849,ORD-007683,2025-10-30,656.27,USD,B059
LE-0006850,ORD-006289,2025-08-30,530.77,USD,B060
LE-0006851,ORD-006600,2025-06-28,756.86,USD,B061
LE-0006852,ORD-002492,2025-06-13,410.75,USD,B062
LE-0006853,ORD-011382,2025-01-24,459.34,USD,B063
LE-0006854,ORD-007353,2025-06-19,722.01,USD,B064
LE-0006855,ORD-008580,2025-09-03,423.33,USD,B065
LE-0006856,ORD-004003,2025-02-18,324.84,USD,B066
LE-0006857,ORD-011487,2025-10-14,672.49,USD,B067
LE-0006858,ORD-005484,2025-04-05,733.75,USD,B068
LE-0006859,ORD-000396,2025-06-30,239.86,USD,B069
LE-0006860,ORD-005243,2025-11-23,375.46,USD,B070
LE-0006861,ORD-006605,2025-10-09,826.49,USD,B071
LE-0006862,ORD-004282,2025-11-04,714.03,USD,B072
LE-0006863,ORD-007998,2025-02-07,508.68,USD,B073
LE-0006864,ORD-004666,2025-05-22,882.10,USD,B074
LE-0006865,ORD-000281,2025-09-07,668.93,USD,B075
LE-0006866,ORD-003298,2025-08-02,116.35,USD,B076
LE-0006867,ORD-000335,2025-10-19,397.94,USD,B077
LE-0006868,ORD-011068,2025-03-16,685.51,USD,B078
LE-0006869,ORD-007122,2025-11-26,584.27,USD,B079
LE-0006870,ORD-009261,2025-11-07,840.80,USD,B080
LE-0006871,ORD-009176,2025-08-01,21.77,USD,B081
LE-0006872,ORD-005783,2025-01-14,205.78,USD,B082
LE-0006873,ORD-003155,2025-11-27,873.36,USD,B083
LE-0006874,ORD-001828,2025-02-01,733.18,USD,B084
LE-0006875,ORD-008557,2025-04-30,486.59,USD,B085
LE-0006876,ORD-005918,2025-08-10,700.37,USD,B086
LE-0006877,ORD-006690,2025-09-13,767.68,USD,B087
LE-0006878,ORD-002622,2025-07-03,548.33,USD,B088
LE-0006879,ORD-004362,2025-06-04,879.94,USD,B089
LE-0006880,ORD-011764,2025-03-12,447.26,USD,B090
LE-0006881,ORD-010816,2025-01-21,354.44,USD,B091
LE-0006882,ORD-004091,2025-07-14,544.60,USD,B092
LE-0006883,ORD-008994,2025-05-04,773.77,USD,B093
LE-0006884,ORD-004489,2025-07-04,89.43,USD,B094
LE-0006885,ORD-011568,2025-07-12,811.53,USD,B095
LE-0006886,ORD-001761,2025-02-01,405.73,USD,B096
LE-0006887,ORD-004244,2025-12-28,366.52,USD,B000
LE-0006888,ORD-005483,2025-11-08,431.67,USD,B001
LE-0006889,ORD-009511,2025-02-27,20.10,USD,B002
LE-0006890,ORD-007093,2025-05-12,199.01,USD,B003
LE-0006891,ORD-004660,2025-11-17,102.62,USD,B004
LE-0006892,ORD-004332,2025-02-28,772.00,USD,B005
LE-0006893,ORD-009236,2025-02-19,133.84,USD,B006
LE-0006894,ORD-008795,2025-11-12,704.43,USD,B007
LE-0006895,ORD-005536,2025-02-19,494.56,USD,B008
LE-0006896,ORD-005308,2025-04-28,500.76,USD,B009
LE-0006897,ORD-010325,2025-09-13,888.48,USD,B010
LE-0006898,ORD-002244,2025-08-03,556.87,USD,B011
LE-0006899,ORD-002903,2025-03-29,481.16,USD,B012
LE-0006900,ORD-007209,2025-01-27,511.26,USD,B013
LE-0006901,ORD-011057,2025-03-02,830.20,USD,B014
LE-0006902,ORD-008356,2025-05-04,770.31,USD,B015
LE-0006903,ORD-003056,2025-06-05,243.62,USD,B016
LE-0006904,ORD-002247,2025-10-10,442.09,USD,B017
LE-0006905,ORD-008959,2025-06-22,227.39,USD,B018
LE-0006906,ORD-004293,2025-04-23,814.32,USD,B019
LE-0006907,ORD-008115,2025-09-04,395.95,USD,B020
LE-0006908,ORD-011538,2025-06-20,602.82,USD,B021
LE-0006909,ORD-011116,2025-05-08,778.60,USD,B022
LE-0006910,ORD-008385,2025-10-20,630.74,USD,B023
LE-0006911,ORD-004621,2025-10-04,864.54,USD,B024
LE-0006912,ORD-006982,2025-03-04,745.25,USD,B025
LE-0006913,ORD-009939,2025-03-03,495.10,USD,B026
LE-0006914,ORD-009241,2025-01-30,199.47,USD,B027
LE-0006915,ORD-011495,2025-04-20,661.03,USD,B028
LE-0006916,ORD-001324,2025-12-25,419.57,USD,B029
LE-0006917,ORD-003876,2025-12-11,805.23,USD,B030
LE-0006918,ORD-004206,2025-07-30,817.58,USD,B031
LE-0006919,ORD-006994,2025-12-25,385.79,USD,B032
LE-0006920,ORD-010732,2025-03-26,774.59,USD,B033
LE-0006921,ORD-000397,2025-05-19,811.08,USD,B034
LE-0006922,ORD-000822,2025-03-11,600.44,USD,B035
LE-0006923,ORD-001440,2025-04-20,817.67,USD,B036
LE-0006924,ORD-001126,2025-08-25,742.98,USD,B037
LE-0006925,ORD-005008,2025-11-05,719.76,USD,B038
LE-0006926,ORD-011335,2025-05-18,646.37,USD,B039
LE-0006927,ORD-001795,2025-09-12,721.92,USD,B040
LE-0006928,ORD-001568,2025-01-08,588.00,USD,B041
LE-0006929,ORD-007079,2025-04-04,46.90,USD,B042
LE-0006930,ORD-005199,2025-06-21,855.86,USD,B043
LE-0006931,ORD-004030,2025-07-17,122.81,USD,B044
LE-0006932,ORD-008648,2025-09-11,80.85,USD,B045
LE-0006933,ORD-006681,2025-02-08,782.46,USD,B046
LE-0006934,ORD-000814,2025-08-15,92.76,USD,B047
LE-0006935,ORD-004712,2025-02-10,255.60,USD,B048
LE-0006936,ORD-010516,2025-11-02,872.90,USD,B049
LE-0006937,ORD-011546,2025-09-10,517.00,USD,B050
LE-0006938,ORD-002147,2025-06-03,176.85,USD,B051
LE-0006939,ORD-003282,2025-10-09,290.67,USD,B052
LE-0006940,ORD-003824,2025-01-17,716.25,USD,B053
LE-0006941,ORD-008273,2025-06-09,546.80,USD,B054
LE-0006942,ORD-008691,2025-08-28,279.12,USD,B055
LE-0006943,ORD-009979,2025-06-14,292.00,USD,B056
LE-0006944,ORD-011837,2025-08-20,136.66,USD,B057
LE-0006945,ORD-005583,2025-09-10,161.57,USD,B058
LE-0006946,ORD-010921,2025-12-01,898.01,USD,B059
LE-0006947,ORD-006586,2025-07-05,196.73,USD,B060
LE-0006948,ORD-010954,2025-02-15,271.60,USD,B061
LE-0006949,ORD-002481,2025-01-06,236.44,USD,B062
LE-0006950,ORD-004960,2025-07-14,666.00,USD,B063
LE-0006951,ORD-000319,2025-12-12,861.73,USD,B064
LE-0006952,ORD-003018,2025-08-06,546.45,USD,B065
LE-0006953,ORD-004479,2025-05-15,397.49,USD,B066
LE-0006954,ORD-001068,2025-12-20,658.89,USD,B067
LE-0006955,ORD-007630,2025-11-13,668.29,USD,B068
LE-0006956,ORD-003516,2025-04-05,38.71,USD,B069
LE-0006957,ORD-011196,2025-03-24,882.14,USD,B070
LE-0006958,ORD-008792,2025-11-09,499.03,USD,B071
LE-0006959,ORD-003996,2025-03-13,829.36,USD,B072
LE-0006960,ORD-000023,2025-12-13,159.00,USD,B073
LE-0006961,ORD-009033,2025-07-10,163.47,USD,B074
LE-0006962,ORD-011286,2025-03-02,705.11,USD,B075
LE-0006963,ORD-001600,2025-05-16,379.27,USD,B076
LE-0006964,ORD-006405,2025-01-22,160.25,USD,B077
LE-0006965,ORD-011049,2025-07-08,24.64,USD,B078
LE-0006966,ORD-011581,2025-03-11,291.34,USD,B079
LE-0006967,ORD-011038,2025-01-27,70.66,USD,B080
LE-0006968,ORD-003704,2025-04-23,60.75,USD,B081
LE-0006969,ORD-007497,2025-10-29,348.66,USD,B082
LE-0006970,ORD-003744,2025-12-19,22.87,USD,B083
LE-0006971,ORD-005641,2025-12-23,86.96,USD,B084
LE-0006972,ORD-010683,2025-12-06,19.92,USD,B085
LE-0006973,ORD-009956,2025-04-21,760.38,USD,B086
LE-0006974,ORD-003837,2025-02-03,635.20,USD,B087
LE-0006975,ORD-007547,2025-03-19,584.34,USD,B088
LE-0006976,ORD-010485,2025-07-22,27.63,USD,B089
LE-0006977,ORD-005458,2025-07-28,538.50,USD,B090
LE-0006978,ORD-000073,2025-05-16,423.50,USD,B091
LE-0006979,ORD-011445,2025-04-17,871.90,USD,B092
LE-0006980,ORD-008213,2025-04-14,159.49,USD,B093
LE-0006981,ORD-001083,2025-10-02,293.49,USD,B094
LE-0006982,ORD-009737,2025-10-13,804.92,USD,B095
LE-0006983,ORD-003571,2025-12-05,326.90,USD,B096
LE-0006984,ORD-003095,2025-08-20,559.00,USD,B000
LE-0006985,ORD-004698,2025-02-12,641.85,USD,B001
LE-0006986,ORD-008202,2025-04-30,45.89,USD,B002
LE-0006987,ORD-000625,2025-04-06,399.86,USD,B003
LE-0006988,ORD-004801,2025-09-25,720.24,USD,B004
LE-0006989,ORD-009728,2025-06-19,115.00,USD,B005
LE-0006990,ORD-006303,2025-09-04,194.51,USD,B006
LE-0006991,ORD-009406,2025-11-18,247.83,USD,B007
LE-0006992,ORD-009970,2025-09-28,866.82,USD,B008
LE-0006993,ORD-010697,2025-02-01,431.57,USD,B009
LE-0006994,ORD-010394,2025-02-28,694.33,USD,B010
LE-0006995,ORD-008001,2025-06-08,93.67,USD,B011
LE-0006996,ORD-006248,2025-11-05,12.07,USD,B012
LE-0006997,ORD-003609,2025-04-01,359.79,USD,B013
LE-0006998,ORD-000361,2025-10-13,464.92,USD,B014
LE-0006999,ORD-008441,2025-04-10,177.34,USD,B015
LE-0007000,ORD-003518,2025-04-19,341.93,USD,B016
LE-0007001,ORD-004702,2025-06-14,135.78,USD,B017
LE-0007002,ORD-003471,2025-05-22,769.30,USD,B018
LE-0007003,ORD-005343,2025-09-08,162.63,USD,B019
LE-0007004,ORD-003374,2025-07-22,526.04,USD,B020
LE-0007005,ORD-005530,2025-05-07,514.85,USD,B021
LE-0007006,ORD-010119,2025-01-17,46.21,USD,B022
LE-0007007,ORD-007717,2025-02-28,170.26,USD,B023
LE-0007008,ORD-002913,2025-05-04,67.32,USD,B024
LE-0007009,ORD-003900,2025-09-27,605.70,USD,B025
LE-0007010,ORD-008544,2025-02-20,812.18,USD,B026
LE-0007011,ORD-005621,2025-09-26,634.51,USD,B027
LE-0007012,ORD-010217,2025-06-28,637.09,USD,B028
LE-0007013,ORD-011626,2025-10-01,363.04,USD,B029
LE-0007014,ORD-000883,2025-04-17,643.17,USD,B030
LE-0007015,ORD-010678,2025-04-13,766.44,USD,B031
LE-0007016,ORD-010578,2025-02-05,844.67,USD,B032
LE-0007017,ORD-003034,2025-02-10,307.15,USD,B033
LE-0007018,ORD-004593,2025-04-06,265.92,USD,B034
LE-0007019,ORD-007529,2025-06-18,370.17,USD,B035
LE-0007020,ORD-008683,2025-07-11,619.18,USD,B036
LE-0007021,ORD-008898,2025-09-07,722.87,USD,B037
LE-0007022,ORD-002281,2025-07-03,153.80,USD,B038
LE-0007023,ORD-011187,2025-11-24,191.49,USD,B039
LE-0007024,ORD-009729,2025-09-14,68.36,USD,B040
LE-0007025,ORD-006194,2025-01-03,47.55,USD,B041
LE-0007026,ORD-006846,2025-07-23,301.25,USD,B042
LE-0007027,ORD-009420,2025-08-14,782.95,USD,B043
LE-0007028,ORD-007550,2025-12-05,471.56,USD,B044
LE-0007029,ORD-002081,2025-01-05,110.60,USD,B045
LE-0007030,ORD-009441,2025-10-29,262.81,USD,B046
LE-0007031,ORD-009962,2025-07-06,674.43,USD,B047
LE-0007032,ORD-009386,2025-07-12,476.46,USD,B048
LE-0007033,ORD-010210,2025-03-10,259.00,USD,B049
LE-0007034,ORD-011387,2025-11-24,536.83,USD,B050
LE-0007035,ORD-010259,2025-10-11,647.77,USD,B051
LE-0007036,ORD-011602,2025-02-23,753.66,USD,B052
LE-0007037,ORD-007078,2025-08-28,667.30,USD,B053
LE-0007038,ORD-005055,2025-02-08,74.88,USD,B054
LE-0007039,ORD-006838,2025-08-24,73.79,USD,B055
LE-0007040,ORD-002539,2025-11-16,137.29,USD,B056
LE-0007041,ORD-007826,2025-10-07,850.17,USD,B057
LE-0007042,ORD-008862,2025-11-16,224.59,USD,B058
LE-0007043,ORD-010519,2025-01-10,358.49,USD,B059
LE-0007044,ORD-002951,2025-09-21,173.39,USD,B060
LE-0007045,ORD-004068,2025-12-06,209.90,USD,B061
LE-0007046,ORD-003805,2025-10-13,463.11,USD,B062
LE-0007047,ORD-010513,2025-09-21,873.07,USD,B063
LE-0007048,ORD-007525,2025-05-30,13.93,USD,B064
LE-0007049,ORD-009192,2025-07-14,265.94,USD,B065
LE-0007050,ORD-004507,2025-12-23,270.18,USD,B066
LE-0007051,ORD-006259,2025-11-11,369.80,USD,B067
LE-0007052,ORD-005397,2025-04-27,788.86,USD,B068
LE-0007053,ORD-008554,2025-03-19,590.94,USD,B069
LE-0007054,ORD-006385,2025-03-06,823.74,USD,B070
LE-0007055,ORD-008745,2025-09-05,796.35,USD,B071
LE-0007056,ORD-002688,2025-05-26,167.00,USD,B072
LE-0007057,ORD-008634,2025-11-30,737.74,USD,B073
LE-0007058,ORD-005161,2025-02-19,30.52,USD,B074
LE-0007059,ORD-005145,2025-04-11,40.11,USD,B075
LE-0007060,ORD-005414,2025-03-13,183.16,USD,B076
LE-0007061,ORD-007632,2025-03-26,499.98,USD,B077
LE-0007062,ORD-006933,2025-08-30,465.00,USD,B078
LE-0007063,ORD-010353,2025-02-02,267.23,USD,B079
LE-0007064,ORD-001985,2025-06-11,613.74,USD,B080
LE-0007065,ORD-003026,2025-10-19,179.71,USD,B081
LE-0007066,ORD-009088,2025-05-17,251.47,USD,B082
LE-0007067,ORD-004656,2025-04-12,731.77,USD,B083
LE-0007068,ORD-009180,2025-12-24,891.00,USD,B084
LE-0007069,ORD-002676,2025-01-27,562.54,USD,B085
LE-0007070,ORD-000190,2025-01-21,548.23,USD,B086
LE-0007071,ORD-000764,2025-05-19,75.66,USD,B087
LE-0007072,ORD-011301,2025-05-13,299.47,USD,B088
LE-0007073,ORD-000588,2025-08-30,716.58,USD,B089
LE-0007074,ORD-009850,2025-06-06,664.36,USD,B090
LE-0007075,ORD-003542,2025-09-05,339.19,USD,B091
LE-0007076,ORD-006768,2025-11-11,471.95,USD,B092
LE-0007077,ORD-010036,2025-11-13,192.35,USD,B093
LE-0007078,ORD-010059,2025-05-16,524.49,USD,B094
LE-0007079,ORD-001563,2025-01-12,692.06,USD,B095
LE-0007080,ORD-006618,2025-06-01,586.83,USD,B096
LE-0007081,ORD-001371,2025-08-30,245.18,USD,B000
LE-0007082,ORD-008252,2025-07-29,358.24,USD,B001
LE-0007083,ORD-000215,2025-12-14,22.00,USD,B002
LE-0007084,ORD-005275,2025-08-06,556.69,USD,B003
LE-0007085,ORD-006961,2025-06-06,831.23,USD,B004
LE-0007086,ORD-000121,2025-08-25,401.77,USD,B005
LE-0007087,ORD-006370,2025-11-20,89.53,USD,B006
LE-0007088,ORD-009645,2025-05-21,369.71,USD,B007
LE-0007089,ORD-009972,2025-05-04,238.28,USD,B008
LE-0007090,ORD-011763,2025-08-28,347.80,USD,B009
LE-0007091,ORD-011578,2025-04-10,796.90,USD,B010
LE-0007092,ORD-007840,2025-04-14,404.80,USD,B011
LE-0007093,ORD-010690,2025-11-18,196.81,USD,B012
LE-0007094,ORD-000136,2025-07-21,297.86,USD,B013
LE-0007095,ORD-005119,2025-08-03,843.54,USD,B014
LE-0007096,ORD-002310,2025-02-21,290.23,USD,B015
LE-0007097,ORD-008870,2025-04-05,70.25,USD,B016
LE-0007098,ORD-003070,2025-09-16,41.90,USD,B017
LE-0007099,ORD-006785,2025-10-13,277.29,USD,B018
LE-0007100,ORD-000326,2025-01-08,732.15,USD,B019
LE-0007101,ORD-001374,2025-07-27,501.07,USD,B020
LE-0007102,ORD-002606,2025-08-12,323.42,USD,B021
LE-0007103,ORD-003700,2025-04-27,446.92,USD,B022
LE-0007104,ORD-002279,2025-09-27,531.32,USD,B023
LE-0007105,ORD-010688,2025-10-22,709.59,USD,B024
LE-0007106,ORD-009994,2025-05-16,566.64,USD,B025
LE-0007107,ORD-006275,2025-04-11,856.10,USD,B026
LE-0007108,ORD-007571,2025-03-29,120.85,USD,B027
LE-0007109,ORD-005985,2025-05-31,716.27,USD,B028
LE-0007110,ORD-000920,2025-10-25,837.96,USD,B029
LE-0007111,ORD-005013,2025-02-01,106.93,USD,B030
LE-0007112,ORD-005809,2025-08-29,500.61,USD,B031
LE-0007113,ORD-009502,2025-04-21,553.50,USD,B032
LE-0007114,ORD-002021,2025-11-09,541.10,USD,B033
LE-0007115,ORD-000793,2025-04-13,475.81,USD,B034
LE-0007116,ORD-001485,2025-10-29,748.65,USD,B035
LE-0007117,ORD-002330,2025-04-06,671.15,USD,B036
LE-0007118,ORD-008610,2025-10-22,59.33,USD,B037
LE-0007119,ORD-009589,2025-10-27,576.50,USD,B038
LE-0007120,ORD-005149,2025-01-07,26.30,USD,B039
LE-0007121,ORD-009762,2025-05-21,398.00,USD,B040
LE-0007122,ORD-005875,2025-04-11,301.76,USD,B041
LE-0007123,ORD-010740,2025-12-26,272.52,USD,B042
LE-0007124,ORD-006224,2025-06-24,457.76,USD,B043
LE-0007125,ORD-003743,2025-12-21,716.20,USD,B044
LE-0007126,ORD-001168,2025-07-25,565.52,USD,B045
LE-0007127,ORD-004885,2025-09-05,266.30,USD,B046
LE-0007128,ORD-010645,2025-01-21,399.92,USD,B047
LE-0007129,ORD-008384,2025-06-22,515.34,USD,B048
LE-0007130,ORD-005866,2025-07-05,858.00,USD,B049
LE-0007131,ORD-006157,2025-06-04,648.13,USD,B050
LE-0007132,ORD-009752,2025-01-19,644.78,USD,B051
LE-0007133,ORD-004049,2025-10-07,835.47,USD,B052
LE-0007134,ORD-010348,2025-09-22,710.96,USD,B053
LE-0007135,ORD-001582,2025-10-08,101.52,USD,B054
LE-0007136,ORD-010757,2025-01-02,155.35,USD,B055
LE-0007137,ORD-006670,2025-01-22,266.67,USD,B056
LE-0007138,ORD-006868,2025-05-12,12.26,USD,B057
LE-0007139,ORD-007114,2025-03-21,839.15,USD,B058
LE-0007140,ORD-009490,2025-12-14,732.88,USD,B059
LE-0007141,ORD-008965,2025-11-04,68.65,USD,B060
LE-0007142,ORD-002173,2025-05-20,148.36,USD,B061
LE-0007143,ORD-010315,2025-09-28,179.02,USD,B062
LE-0007144,ORD-000422,2025-03-23,704.48,USD,B063
LE-0007145,ORD-003295,2025-12-13,459.05,USD,B064
LE-0007146,ORD-008408,2025-04-26,417.79,USD,B065
LE-0007147,ORD-005556,2025-12-09,641.90,USD,B066
LE-0007148,ORD-007408,2025-12-15,491.93,USD,B067
LE-0007149,ORD-009526,2025-06-01,356.62,USD,B068
LE-0007150,ORD-001118,2025-09-15,878.54,USD,B069
LE-0007151,ORD-001028,2025-08-17,122.66,USD,B070
LE-0007152,ORD-011719,2025-10-22,764.29,USD,B071
LE-0007153,ORD-008373,2025-03-04,804.60,USD,B072
LE-0007154,ORD-006573,2025-01-19,453.98,USD,B073
LE-0007155,ORD-000194,2025-07-31,794.23,USD,B074
LE-0007156,ORD-011729,2025-06-05,561.32,USD,B075
LE-0007157,ORD-002284,2025-03-18,508.77,USD,B076
LE-0007158,ORD-009606,2025-05-14,634.79,USD,B077
LE-0007159,ORD-000614,2025-09-06,720.53,USD,B078
LE-0007160,ORD-007341,2025-12-09,730.63,USD,B079
LE-0007161,ORD-005005,2025-08-20,392.01,USD,B080
LE-0007162,ORD-000232,2025-06-18,7.10,USD,B081
LE-0007163,ORD-009238,2025-07-21,560.45,USD,B082
LE-0007164,ORD-000392,2025-07-10,728.00,USD,B083
LE-0007165,ORD-003666,2025-02-03,122.80,USD,B084
LE-0007166,ORD-011579,2025-04-11,647.38,USD,B085
LE-0007167,ORD-010242,2025-03-05,837.72,USD,B086
LE-0007168,ORD-010484,2025-04-25,662.37,USD,B087
LE-0007169,ORD-011158,2025-07-07,851.90,USD,B088
LE-0007170,ORD-007054,2025-08-15,757.68,USD,B089
LE-0007171,ORD-000049,2025-10-30,627.42,USD,B090
LE-0007172,ORD-003294,2025-10-01,658.05,USD,B091
LE-0007173,ORD-006396,2025-01-09,671.75,USD,B092
LE-0007174,ORD-011415,2025-06-13,520.55,USD,B093
LE-0007175,ORD-003328,2025-05-19,230.97,USD,B094
LE-0007176,ORD-002859,2025-03-23,719.51,USD,B095
LE-0007177,ORD-009233,2025-09-05,148.33,USD,B096
LE-0007178,ORD-006627,2025-06-21,794.81,USD,B000
LE-0007179,ORD-011617,2025-10-07,471.24,USD,B001
LE-0007180,ORD-005251,2025-06-10,753.89,USD,B002
LE-0007181,ORD-005169,2025-08-15,227.30,USD,B003
LE-0007182,ORD-004804,2025-05-25,433.38,USD,B004
LE-0007183,ORD-000834,2025-05-26,627.65,USD,B005
LE-0007184,ORD-001697,2025-08-02,75.80,USD,B006
LE-0007185,ORD-001494,2025-01-30,814.36,USD,B007
LE-0007186,ORD-003733,2025-02-27,349.30,USD,B008
LE-0007187,ORD-008006,2025-05-04,563.41,USD,B009
LE-0007188,ORD-007255,2025-12-10,102.90,USD,B010
LE-0007189,ORD-001488,2025-04-14,279.95,USD,B011
LE-0007190,ORD-008231,2025-12-11,8.62,USD,B012
LE-0007191,ORD-011684,2025-01-09,273.68,USD,B013
LE-0007192,ORD-004377,2025-01-12,68.31,USD,B014
LE-0007193,ORD-008836,2025-01-07,537.77,USD,B015
LE-0007194,ORD-003796,2025-05-09,102.10,USD,B016
LE-0007195,ORD-009889,2025-03-15,107.63,USD,B017
LE-0007196,ORD-005912,2025-09-20,197.61,USD,B018
LE-0007197,ORD-010803,2025-04-20,604.02,USD,B019
LE-0007198,ORD-011583,2025-01-21,726.93,USD,B020
LE-0007199,ORD-009945,2025-07-09,314.35,USD,B021
LE-0007200,ORD-008237,2025-03-31,693.87,USD,B022
LE-0007201,ORD-003579,2025-09-13,676.24,USD,B023
LE-0007202,ORD-003523,2025-08-06,776.00,USD,B024
LE-0007203,ORD-001202,2025-03-14,51.09,USD,B025
LE-0007204,ORD-003081,2025-03-18,553.04,USD,B026
LE-0007205,ORD-004254,2025-02-24,574.26,USD,B027
LE-0007206,ORD-009423,2025-10-20,710.83,USD,B028
LE-0007207,ORD-011329,2025-10-05,875.67,USD,B029
LE-0007208,ORD-005538,2025-10-12,733.52,USD,B030
LE-0007209,ORD-002932,2025-01-21,61.45,USD,B031
LE-0007210,ORD-001548,2025-07-28,648.08,USD,B032
LE-0007211,ORD-011398,2025-02-14,109.95,USD,B033
LE-0007212,ORD-011126,2025-07-20,808.67,USD,B034
LE-0007213,ORD-008055,2025-08-19,362.46,USD,B035
LE-0007214,ORD-010057,2025-10-09,116.26,USD,B036
LE-0007215,ORD-010797,2025-11-17,318.91,USD,B037
LE-0007216,ORD-004155,2025-05-19,11.61,USD,B038
LE-0007217,ORD-004607,2025-11-19,400.43,USD,B039
LE-0007218,ORD-002584,2025-12-01,45.54,USD,B040
LE-0007219,ORD-003285,2025-08-05,351.29,USD,B041
LE-0007220,ORD-005937,2025-02-03,830.65,USD,B042
LE-0007221,ORD-011341,2025-10-04,708.11,USD,B043
LE-0007222,ORD-002119,2025-10-08,619.97,USD,B044
LE-0007223,ORD-007803,2025-06-08,233.80,USD,B045
LE-0007224,ORD-008953,2025-03-22,666.74,USD,B046
LE-0007225,ORD-011767,2025-11-07,643.59,USD,B047
LE-0007226,ORD-010032,2025-12-25,477.28,USD,B048
LE-0007227,ORD-001353,2025-02-15,668.81,USD,B049
LE-0007228,ORD-005039,2025-06-16,98.23,USD,B050
LE-0007229,ORD-005860,2025-05-24,309.32,USD,B051
LE-0007230,ORD-000466,2025-07-27,199.91,USD,B052
LE-0007231,ORD-008977,2025-12-19,416.52,USD,B053
LE-0007232,ORD-002160,2025-02-03,320.25,USD,B054
LE-0007233,ORD-007291,2025-01-06,233.88,USD,B055
LE-0007234,ORD-003947,2025-09-20,257.98,USD,B056
LE-0007235,ORD-006222,2025-05-03,843.28,USD,B057
LE-0007236,ORD-003751,2025-01-31,394.69,USD,B058
LE-0007237,ORD-005369,2025-09-05,550.04,USD,B059
LE-0007238,ORD-003393,2025-09-28,627.18,USD,B060
LE-0007239,ORD-008486,2025-08-28,208.53,USD,B061
LE-0007240,ORD-011652,2025-01-18,326.74,USD,B062
LE-0007241,ORD-007896,2025-05-01,227.62,USD,B063
LE-0007242,ORD-002093,2025-03-21,287.92,USD,B064
LE-0007243,ORD-008414,2025-08-03,243.66,USD,B065
LE-0007244,ORD-000040,2025-03-12,374.32,USD,B066
LE-0007245,ORD-007238,2025-07-20,300.05,USD,B067
LE-0007246,ORD-006353,2025-01-20,410.17,USD,B068
LE-0007247,ORD-004395,2025-02-08,762.46,USD,B069
LE-0007248,ORD-009040,2025-12-31,859.03,USD,B070
LE-0007249,ORD-001382,2025-06-27,870.12,USD,B071
LE-0007250,ORD-004893,2025-02-09,237.10,USD,B072
LE-0007251,ORD-000694,2025-06-02,665.78,USD,B073
LE-0007252,ORD-004887,2025-12-25,377.58,USD,B074
LE-0007253,ORD-005058,2025-05-21,240.20,USD,B075
LE-0007254,ORD-000084,2025-05-10,325.21,USD,B076
LE-0007255,ORD-007646,2025-08-16,207.06,USD,B077
LE-0007256,ORD-006219,2025-09-14,598.02,USD,B078
LE-0007257,ORD-003674,2025-02-06,708.64,USD,B079
LE-0007258,ORD-009231,2025-05-25,548.06,USD,B080
LE-0007259,ORD-003468,2025-09-27,660.60,USD,B081
LE-0007260,ORD-009870,2025-04-14,195.72,USD,B082
LE-0007261,ORD-004536,2025-06-27,319.00,USD,B083
LE-0007262,ORD-005782,2025-09-12,473.94,USD,B084
LE-0007263,ORD-008779,2025-03-27,683.16,USD,B085
LE-0007264,ORD-008046,2025-04-30,633.09,USD,B086
LE-0007265,ORD-006277,2025-06-16,837.88,USD,B087
LE-0007266,ORD-010243,2025-12-23,7.26,USD,B088
LE-0007267,ORD-003531,2025-01-09,78.94,USD,B089
LE-0007268,ORD-002182,2025-11-23,745.02,USD,B090
LE-0007269,ORD-001613,2025-06-15,61.75,USD,B091
LE-0007270,ORD-004483,2025-01-28,850.86,USD,B092
LE-0007271,ORD-006652,2025-03-14,97.84,USD,B093
LE-0007272,ORD-011833,2025-10-26,897.00,USD,B094
LE-0007273,ORD-000018,2025-07-01,133.93,USD,B095
LE-0007274,ORD-002298,2025-08-30,627.21,USD,B096
LE-0007275,ORD-000382,2025-03-04,423.15,USD,B000
LE-0007276,ORD-000034,2025-02-22,793.14,USD,B001
LE-0007277,ORD-009643,2025-10-29,597.79,USD,B002
LE-0007278,ORD-011241,2025-12-03,895.57,USD,B003
LE-0007279,ORD-006136,2025-01-22,282.17,USD,B004
LE-0007280,ORD-008051,2025-09-12,160.81,USD,B005
LE-0007281,ORD-000781,2025-02-09,761.32,USD,B006
LE-0007282,ORD-002544,2025-06-22,37.93,USD,B007
LE-0007283,ORD-009178,2025-03-30,184.52,USD,B008
LE-0007284,ORD-003263,2025-06-08,37.96,USD,B009
LE-0007285,ORD-010358,2025-11-18,550.54,USD,B010
LE-0007286,ORD-006727,2025-08-05,96.05,USD,B011
LE-0007287,ORD-004890,2025-07-31,196.13,USD,B012
LE-0007288,ORD-001394,2025-09-19,852.73,USD,B013
LE-0007289,ORD-000870,2025-05-31,315.46,USD,B014
LE-0007290,ORD-009105,2025-04-10,239.41,USD,B015
LE-0007291,ORD-004731,2025-04-15,433.05,USD,B016
LE-0007292,ORD-004845,2025-01-08,883.56,USD,B017
LE-0007293,ORD-008255,2025-06-14,205.17,USD,B018
LE-0007294,ORD-009577,2025-07-04,486.00,USD,B019
LE-0007295,ORD-011787,2025-09-07,185.97,USD,B020
LE-0007296,ORD-005441,2025-02-02,592.81,USD,B021
LE-0007297,ORD-009051,2025-11-11,391.44,USD,B022
LE-0007298,ORD-009196,2025-03-14,433.41,USD,B023
LE-0007299,ORD-004655,2025-10-03,105.78,USD,B024
LE-0007300,ORD-001306,2025-07-18,760.87,USD,B025
LE-0007301,ORD-000499,2025-03-29,475.97,USD,B026
LE-0007302,ORD-003869,2025-03-18,41.55,USD,B027
LE-0007303,ORD-010601,2025-06-08,283.28,USD,B028
LE-0007304,ORD-002278,2025-09-11,39.93,USD,B029
LE-0007305,ORD-010764,2025-04-03,275.38,USD,B030
LE-0007306,ORD-009193,2025-08-19,393.15,USD,B031
LE-0007307,ORD-003098,2025-06-17,349.36,USD,B032
LE-0007308,ORD-008774,2025-08-01,310.42,USD,B033
LE-0007309,ORD-006977,2025-10-09,707.62,USD,B034
LE-0007310,ORD-005781,2025-04-08,815.97,USD,B035
LE-0007311,ORD-011639,2025-03-18,121.48,USD,B036
LE-0007312,ORD-000196,2025-07-22,545.87,USD,B037
LE-0007313,ORD-002717,2025-03-28,866.99,USD,B038
LE-0007314,ORD-000434,2025-05-07,643.36,USD,B039
LE-0007315,ORD-007070,2025-12-07,811.12,USD,B040
LE-0007316,ORD-004444,2025-11-05,392.79,USD,B041
LE-0007317,ORD-008785,2025-02-15,168.51,USD,B042
LE-0007318,ORD-000951,2025-04-25,878.79,USD,B043
LE-0007319,ORD-011544,2025-07-12,24.11,USD,B044
LE-0007320,ORD-002194,2025-11-18,207.85,USD,B045
LE-0007321,ORD-002490,2025-02-25,879.23,USD,B046
LE-0007322,ORD-006968,2025-11-24,412.30,USD,B047
LE-0007323,ORD-007500,2025-05-26,759.68,USD,B048
LE-0007324,ORD-000713,2025-07-26,820.51,USD,B049
LE-0007325,ORD-002756,2025-06-16,68.88,USD,B050
LE-0007326,ORD-011438,2025-12-10,424.59,USD,B051
LE-0007327,ORD-006044,2025-01-04,262.53,USD,B052
LE-0007328,ORD-005745,2025-03-24,713.11,USD,B053
LE-0007329,ORD-002294,2025-11-24,755.52,USD,B054
LE-0007330,ORD-011174,2025-12-20,154.94,USD,B055
LE-0007331,ORD-000511,2025-04-25,44.02,USD,B056
LE-0007332,ORD-000364,2025-09-02,841.03,USD,B057
LE-0007333,ORD-000661,2025-05-30,399.25,USD,B058
LE-0007334,ORD-009891,2025-03-08,831.43,USD,B059
LE-0007335,ORD-004176,2025-11-20,310.15,USD,B060
LE-0007336,ORD-005254,2025-10-10,737.29,USD,B061
LE-0007337,ORD-000286,2025-11-27,735.87,USD,B062
LE-0007338,ORD-011649,2025-08-11,293.28,USD,B063
LE-0007339,ORD-003256,2025-01-30,764.97,USD,B064
LE-0007340,ORD-002715,2025-06-03,758.00,USD,B065
LE-0007341,ORD-008047,2025-08-12,272.95,USD,B066
LE-0007342,ORD-002696,2025-05-06,606.80,USD,B067
LE-0007343,ORD-003253,2025-12-13,120.63,USD,B068
LE-0007344,ORD-002656,2025-09-19,545.49,USD,B069
LE-0007345,ORD-009146,2025-06-13,535.11,USD,B070
LE-0007346,ORD-004307,2025-09-15,85.41,USD,B071
LE-0007347,ORD-011001,2025-04-02,129.76,USD,B072
LE-0007348,ORD-004819,2025-07-29,600.35,USD,B073
LE-0007349,ORD-006033,2025-03-03,804.17,USD,B074
LE-0007350,ORD-007912,2025-02-18,831.07,USD,B075
LE-0007351,ORD-002397,2025-01-07,250.79,USD,B076
LE-0007352,ORD-006997,2025-02-24,520.40,USD,B077
LE-0007353,ORD-006730,2025-03-04,511.30,USD,B078
LE-0007354,ORD-010085,2025-01-09,129.45,USD,B079
LE-0007355,ORD-011333,2025-04-04,801.51,USD,B080
LE-0007356,ORD-001153,2025-09-14,33.41,USD,B081
LE-0007357,ORD-003089,2025-03-24,441.83,USD,B082
LE-0007358,ORD-000548,2025-04-06,85.64,USD,B083
LE-0007359,ORD-005332,2025-07-11,885.17,USD,B084
LE-0007360,ORD-004946,2025-03-13,517.77,USD,B085
LE-0007361,ORD-010341,2025-12-17,798.00,USD,B086
LE-0007362,ORD-004034,2025-02-01,734.38,USD,B087
LE-0007363,ORD-009523,2025-08-04,727.86,USD,B088
LE-0007364,ORD-009755,2025-03-05,71.15,USD,B089
LE-0007365,ORD-001995,2025-11-16,508.02,USD,B090
LE-0007366,ORD-004041,2025-08-10,310.22,USD,B091
LE-0007367,ORD-007690,2025-08-19,720.48,USD,B092
LE-0007368,ORD-008868,2025-01-08,84.63,USD,B093
LE-0007369,ORD-011847,2025-06-04,225.65,USD,B094
LE-0007370,ORD-006130,2025-01-22,508.11,USD,B095
LE-0007371,ORD-005852,2025-04-03,419.15,USD,B096
LE-0007372,ORD-004189,2025-05-01,148.78,USD,B000
LE-0007373,ORD-000556,2025-03-13,680.14,USD,B001
LE-0007374,ORD-006108,2025-05-16,195.79,USD,B002
LE-0007375,ORD-007447,2025-12-21,142.54,USD,B003
LE-0007376,ORD-005042,2025-11-12,535.97,USD,B004
LE-0007377,ORD-010581,2025-11-22,639.21,USD,B005
LE-0007378,ORD-003985,2025-06-19,590.87,USD,B006
LE-0007379,ORD-000616,2025-09-11,853.00,USD,B007
LE-0007380,ORD-006797,2025-08-12,326.12,USD,B008
LE-0007381,ORD-011530,2025-08-13,42.00,USD,B009
LE-0007382,ORD-001766,2025-09-26,441.89,USD,B010
LE-0007383,ORD-008566,2025-10-24,752.00,USD,B011
LE-0007384,ORD-001059,2025-09-17,139.25,USD,B012
LE-0007385,ORD-011692,2025-07-27,733.63,USD,B013
LE-0007386,ORD-011127,2025-12-07,700.88,USD,B014
LE-0007387,ORD-004863,2025-01-23,370.83,USD,B015
LE-0007388,ORD-003262,2025-07-07,341.68,USD,B016
LE-0007389,ORD-011439,2025-05-16,631.00,USD,B017
LE-0007390,ORD-010113,2025-04-24,70.41,USD,B018
LE-0007391,ORD-007038,2025-02-24,119.79,USD,B019
LE-0007392,ORD-004688,2025-11-10,249.37,USD,B020
LE-0007393,ORD-008386,2025-01-26,164.09,USD,B021
LE-0007394,ORD-008459,2025-02-23,368.35,USD,B022
LE-0007395,ORD-011197,2025-02-21,184.09,USD,B023
LE-0007396,ORD-010580,2025-05-20,457.85,USD,B024
LE-0007397,ORD-002918,2025-11-06,69.25,USD,B025
LE-0007398,ORD-011367,2025-08-25,395.16,USD,B026
LE-0007399,ORD-007995,2025-11-01,190.92,USD,B027
LE-0007400,ORD-001814,2025-10-25,346.00,USD,B028
LE-0007401,ORD-010587,2025-02-22,88.91,USD,B029
LE-0007402,ORD-001365,2025-05-01,590.28,USD,B030
LE-0007403,ORD-010782,2025-11-26,691.36,USD,B031
LE-0007404,ORD-009852,2025-02-02,840.59,USD,B032
LE-0007405,ORD-000632,2025-03-29,386.79,USD,B033
LE-0007406,ORD-000333,2025-05-16,866.57,USD,B034
LE-0007407,ORD-009216,2025-01-04,166.00,USD,B035
LE-0007408,ORD-010460,2025-10-06,624.96,USD,B036
LE-0007409,ORD-009727,2025-04-06,384.22,USD,B037
LE-0007410,ORD-010603,2025-10-27,111.63,USD,B038
LE-0007411,ORD-006561,2025-05-01,420.02,USD,B039
LE-0007412,ORD-010252,2025-10-02,145.15,USD,B040
LE-0007413,ORD-004550,2025-10-11,810.67,USD,B041
LE-0007414,ORD-002423,2025-10-15,25.74,USD,B042
LE-0007415,ORD-006996,2025-10-16,515.55,USD,B043
LE-0007416,ORD-011358,2025-09-10,158.06,USD,B044
LE-0007417,ORD-009318,2025-02-23,691.79,USD,B045
LE-0007418,ORD-009763,2025-02-06,710.36,USD,B046
LE-0007419,ORD-007110,2025-07-26,339.51,USD,B047
LE-0007420,ORD-007370,2025-10-04,896.96,USD,B048
LE-0007421,ORD-007635,2025-11-13,88.90,USD,B049
LE-0007422,ORD-010015,2025-02-18,393.45,USD,B050
LE-0007423,ORD-010404,2025-10-25,491.90,USD,B051
LE-0007424,ORD-005673,2025-05-03,515.59,USD,B052
LE-0007425,ORD-005128,2025-11-19,408.45,USD,B053
LE-0007426,ORD-007106,2025-05-08,509.72,USD,B054
LE-0007427,ORD-001808,2025-12-30,808.52,USD,B055
LE-0007428,ORD-005315,2025-09-11,114.85,USD,B056
LE-0007429,ORD-003195,2025-04-14,423.21,USD,B057
LE-0007430,ORD-005997,2025-07-29,529.84,USD,B058
LE-0007431,ORD-000089,2025-02-13,117.08,USD,B059
LE-0007432,ORD-004227,2025-09-20,559.20,USD,B060
LE-0007433,ORD-005531,2025-01-20,388.37,USD,B061
LE-0007434,ORD-010261,2025-05-23,43.59,USD,B062
LE-0007435,ORD-010478,2025-02-09,767.77,USD,B063
LE-0007436,ORD-001320,2025-08-11,670.88,USD,B064
LE-0007437,ORD-007923,2025-04-16,842.68,USD,B065
LE-0007438,ORD-006762,2025-11-06,177.05,USD,B066
LE-0007439,ORD-009339,2025-06-06,523.82,USD,B067
LE-0007440,ORD-003002,2025-04-18,121.63,USD,B068
LE-0007441,ORD-006358,2025-09-07,220.32,USD,B069
LE-0007442,ORD-010599,2025-04-02,590.03,USD,B070
LE-0007443,ORD-011854,2025-05-24,654.24,USD,B071
LE-0007444,ORD-005191,2025-12-09,113.32,USD,B072
LE-0007445,ORD-007268,2025-12-11,879.99,USD,B073
LE-0007446,ORD-008666,2025-03-26,158.82,USD,B074
LE-0007447,ORD-001453,2025-03-15,702.69,USD,B075
LE-0007448,ORD-004278,2025-01-21,373.35,USD,B076
LE-0007449,ORD-005597,2025-11-29,74.63,USD,B077
LE-0007450,ORD-010986,2025-06-14,208.08,USD,B078
LE-0007451,ORD-003637,2025-03-20,42.89,USD,B079
LE-0007452,ORD-011537,2025-03-21,489.91,USD,B080
LE-0007453,ORD-011483,2025-06-15,17.54,USD,B081
LE-0007454,ORD-008085,2025-02-20,276.95,USD,B082
LE-0007455,ORD-004093,2025-06-17,474.93,USD,B083
LE-0007456,ORD-009935,2025-03-29,349.32,USD,B084
LE-0007457,ORD-011326,2025-03-10,253.90,USD,B085
LE-0007458,ORD-001286,2025-02-06,202.16,USD,B086
LE-0007459,ORD-008251,2025-11-25,102.77,USD,B087
LE-0007460,ORD-003176,2025-07-26,490.18,USD,B088
LE-0007461,ORD-001240,2025-12-05,893.14,USD,B089
LE-0007462,ORD-001413,2025-07-28,690.10,USD,B090
LE-0007463,ORD-004961,2025-12-04,415.67,USD,B091
LE-0007464,ORD-006593,2025-05-16,76.58,USD,B092
LE-0007465,ORD-007879,2025-12-22,759.19,USD,B093
LE-0007466,ORD-011411,2025-01-27,338.15,USD,B094
LE-0007467,ORD-001480,2025-09-08,753.75,USD,B095
LE-0007468,ORD-007677,2025-02-20,13.81,USD,B096
LE-0007469,ORD-009036,2025-12-06,800.36,USD,B000
LE-0007470,ORD-010536,2025-02-21,346.46,USD,B001
LE-0007471,ORD-004790,2025-10-13,502.65,USD,B002
LE-0007472,ORD-008704,2025-01-29,420.42,USD,B003
LE-0007473,ORD-011520,2025-09-09,540.63,USD,B004
LE-0007474,ORD-006837,2025-05-18,151.15,USD,B005
LE-0007475,ORD-006792,2025-10-11,735.11,USD,B006
LE-0007476,ORD-000192,2025-09-28,850.00,USD,B007
LE-0007477,ORD-009393,2025-09-25,533.02,USD,B008
LE-0007478,ORD-008135,2025-12-30,174.05,USD,B009
LE-0007479,ORD-003960,2025-12-04,130.00,USD,B010
LE-0007480,ORD-008513,2025-09-26,673.00,USD,B011
LE-0007481,ORD-003968,2025-01-17,127.44,USD,B012
LE-0007482,ORD-000756,2025-10-30,280.35,USD,B013
LE-0007483,ORD-002665,2025-12-03,72.43,USD,B014
LE-0007484,ORD-000993,2025-11-04,729.08,USD,B015
LE-0007485,ORD-007319,2025-03-17,852.83,USD,B016
LE-0007486,ORD-005911,2025-04-17,759.48,USD,B017
LE-0007487,ORD-006619,2025-01-19,714.49,USD,B018
LE-0007488,ORD-005242,2025-06-05,31.10,USD,B019
LE-0007489,ORD-002901,2025-02-24,304.11,USD,B020
LE-0007490,ORD-011465,2025-06-09,331.38,USD,B021
LE-0007491,ORD-005077,2025-10-31,824.91,USD,B022
LE-0007492,ORD-001348,2025-03-29,612.15,USD,B023
LE-0007493,ORD-005787,2025-11-21,420.31,USD,B024
LE-0007494,ORD-009582,2025-05-16,599.71,USD,B025
LE-0007495,ORD-002420,2025-09-17,666.76,USD,B026
LE-0007496,ORD-008928,2025-03-27,814.06,USD,B027
LE-0007497,ORD-006614,2025-09-21,37.54,USD,B028
LE-0007498,ORD-000777,2025-07-01,134.22,USD,B029
LE-0007499,ORD-009279,2025-08-31,635.46,USD,B030
LE-0007500,ORD-000682,2025-11-08,765.31,USD,B031
LE-0007501,ORD-011362,2025-04-26,871.21,USD,B032
LE-0007502,ORD-010389,2025-03-11,491.31,USD,B033
LE-0007503,ORD-006925,2025-10-09,891.16,USD,B034
LE-0007504,ORD-009465,2025-10-11,116.05,USD,B035
LE-0007505,ORD-000444,2025-03-14,123.51,USD,B036
LE-0007506,ORD-002710,2025-01-04,403.42,USD,B037
LE-0007507,ORD-007258,2025-03-17,431.13,USD,B038
LE-0007508,ORD-011336,2025-12-31,842.26,USD,B039
LE-0007509,ORD-001788,2025-07-09,112.01,USD,B040
LE-0007510,ORD-000672,2025-10-16,551.71,USD,B041
LE-0007511,ORD-002975,2025-01-21,804.34,USD,B042
LE-0007512,ORD-007403,2025-02-23,353.15,USD,B043
LE-0007513,ORD-002511,2025-09-26,485.92,USD,B044
LE-0007514,ORD-007427,2025-07-14,34.43,USD,B045
LE-0007515,ORD-010424,2025-07-19,203.03,USD,B046
LE-0007516,ORD-009499,2025-05-21,759.73,USD,B047
LE-0007517,ORD-008065,2025-11-09,646.31,USD,B048
LE-0007518,ORD-007141,2025-09-16,873.87,USD,B049
LE-0007519,ORD-002003,2025-12-08,782.72,USD,B050
LE-0007520,ORD-011598,2025-03-23,406.87,USD,B051
LE-0007521,ORD-008838,2025-04-17,44.00,USD,B052
LE-0007522,ORD-011825,2025-03-14,718.45,USD,B053
LE-0007523,ORD-008740,2025-10-28,396.00,USD,B054
LE-0007524,ORD-010421,2025-08-28,322.39,USD,B055
LE-0007525,ORD-003615,2025-12-18,334.90,USD,B056
LE-0007526,ORD-007512,2025-11-16,134.75,USD,B057
LE-0007527,ORD-011328,2025-04-19,86.35,USD,B058
LE-0007528,ORD-006580,2025-01-28,644.23,USD,B059
LE-0007529,ORD-002238,2025-11-23,329.32,USD,B060
LE-0007530,ORD-011613,2025-11-24,640.59,USD,B061
LE-0007531,ORD-011136,2025-01-12,589.05,USD,B062
LE-0007532,ORD-001116,2025-10-14,819.97,USD,B063
LE-0007533,ORD-006327,2025-01-28,761.77,USD,B064
LE-0007534,ORD-002409,2025-02-18,368.76,USD,B065
LE-0007535,ORD-002950,2025-03-26,214.98,USD,B066
LE-0007536,ORD-006453,2025-02-19,594.73,USD,B067
LE-0007537,ORD-011464,2025-09-11,768.65,USD,B068
LE-0007538,ORD-006847,2025-08-19,234.38,USD,B069
LE-0007539,ORD-006059,2025-05-03,734.37,USD,B070
LE-0007540,ORD-010786,2025-10-04,275.00,USD,B071
LE-0007541,ORD-009736,2025-03-08,124.60,USD,B072
LE-0007542,ORD-006542,2025-12-08,491.10,USD,B073
LE-0007543,ORD-005646,2025-07-27,831.70,USD,B074
LE-0007544,ORD-011549,2025-09-20,574.55,USD,B075
LE-0007545,ORD-001236,2025-08-21,470.58,USD,B076
LE-0007546,ORD-010027,2025-07-04,494.04,USD,B077
LE-0007547,ORD-004882,2025-07-07,268.46,USD,B078
LE-0007548,ORD-003386,2025-01-27,100.41,USD,B079
LE-0007549,ORD-000602,2025-04-09,825.59,USD,B080
LE-0007550,ORD-001035,2025-01-25,155.93,USD,B081
LE-0007551,ORD-003827,2025-08-19,892.28,USD,B082
LE-0007552,ORD-010024,2025-02-01,340.44,USD,B083
LE-0007553,ORD-005529,2025-01-11,84.21,USD,B084
LE-0007554,ORD-010780,2025-12-18,458.58,USD,B085
LE-0007555,ORD-002126,2025-08-09,514.63,USD,B086
LE-0007556,ORD-011160,2025-06-25,512.11,USD,B087
LE-0007557,ORD-004841,2025-02-15,183.09,USD,B088
LE-0007558,ORD-004663,2025-04-07,636.18,USD,B089
LE-0007559,ORD-003284,2025-05-03,178.02,USD,B090
LE-0007560,ORD-010496,2025-02-09,51.15,USD,B091
LE-0007561,ORD-003503,2025-02-01,280.00,USD,B092
LE-0007562,ORD-007981,2025-01-08,543.10,USD,B093
LE-0007563,ORD-004745,2025-03-28,545.34,USD,B094
LE-0007564,ORD-003317,2025-11-26,280.46,USD,B095
LE-0007565,ORD-001712,2025-02-27,193.10,USD,B096
LE-0007566,ORD-011040,2025-04-20,266.15,USD,B000
LE-0007567,ORD-008062,2025-05-02,331.00,USD,B001
LE-0007568,ORD-011228,2025-06-26,231.40,USD,B002
LE-0007569,ORD-000206,2025-08-30,445.33,USD,B003
LE-0007570,ORD-005807,2025-05-03,752.70,USD,B004
LE-0007571,ORD-009657,2025-04-23,372.87,USD,B005
LE-0007572,ORD-006269,2025-12-02,815.82,USD,B006
LE-0007573,ORD-001065,2025-07-12,455.91,USD,B007
LE-0007574,ORD-001890,2025-12-27,611.02,USD,B008
LE-0007575,ORD-005207,2025-01-08,809.34,USD,B009
LE-0007576,ORD-010323,2025-09-25,886.52,USD,B010
LE-0007577,ORD-003027,2025-09-20,555.64,USD,B011
LE-0007578,ORD-004707,2025-08-03,300.95,USD,B012
LE-0007579,ORD-006540,2025-04-28,141.03,USD,B013
LE-0007580,ORD-006038,2025-06-27,753.40,USD,B014
LE-0007581,ORD-007356,2025-03-02,609.07,USD,B015
LE-0007582,ORD-003759,2025-03-03,240.08,USD,B016
LE-0007583,ORD-006625,2025-04-02,146.40,USD,B017
LE-0007584,ORD-002389,2025-02-08,150.29,USD,B018
LE-0007585,ORD-004196,2025-02-19,597.11,USD,B019
LE-0007586,ORD-005302,2025-03-01,539.16,USD,B020
LE-0007587,ORD-004461,2025-04-18,710.63,USD,B021
LE-0007588,ORD-000598,2025-10-25,162.94,USD,B022
LE-0007589,ORD-002830,2025-04-11,387.22,USD,B023
LE-0007590,ORD-010096,2025-10-24,435.76,USD,B024
LE-0007591,ORD-001591,2025-10-17,583.04,USD,B025
LE-0007592,ORD-007937,2025-12-14,169.09,USD,B026
LE-0007593,ORD-000209,2025-05-11,455.28,USD,B027
LE-0007594,ORD-008718,2025-01-21,297.17,USD,B028
LE-0007595,ORD-009625,2025-07-20,342.02,USD,B029
LE-0007596,ORD-000718,2025-12-18,634.93,USD,B030
LE-0007597,ORD-004927,2025-10-09,219.44,USD,B031
LE-0007598,ORD-005842,2025-02-25,336.81,USD,B032
LE-0007599,ORD-007257,2025-02-14,825.89,USD,B033
LE-0007600,ORD-010674,2025-06-23,276.02,USD,B034
LE-0007601,ORD-010714,2025-05-28,691.52,USD,B035
LE-0007602,ORD-008189,2025-07-19,462.50,USD,B036
LE-0007603,ORD-002203,2025-03-10,585.53,USD,B037
LE-0007604,ORD-008530,2025-12-13,295.88,USD,B038
LE-0007605,ORD-005114,2025-10-08,717.45,USD,B039
LE-0007606,ORD-001143,2025-01-10,751.36,USD,B040
LE-0007607,ORD-006553,2025-03-31,90.58,USD,B041
LE-0007608,ORD-003209,2025-02-19,683.17,USD,B042
LE-0007609,ORD-008673,2025-02-19,452.53,USD,B043
LE-0007610,ORD-005729,2025-01-14,77.61,USD,B044
LE-0007611,ORD-010818,2025-03-03,385.83,USD,B045
LE-0007612,ORD-009200,2025-01-05,404.39,USD,B046
LE-0007613,ORD-005084,2025-04-11,487.74,USD,B047
LE-0007614,ORD-001832,2025-04-18,717.90,USD,B048
LE-0007615,ORD-010088,2025-05-10,297.46,USD,B049
LE-0007616,ORD-001296,2025-08-31,847.71,USD,B050
LE-0007617,ORD-011114,2025-05-19,271.60,USD,B051
LE-0007618,ORD-000931,2025-08-21,197.01,USD,B052
LE-0007619,ORD-007193,2025-07-03,535.25,USD,B053
LE-0007620,ORD-005266,2025-11-12,414.36,USD,B054
LE-0007621,ORD-001386,2025-09-09,369.51,USD,B055
LE-0007622,ORD-002070,2025-02-14,379.88,USD,B056
LE-0007623,ORD-011023,2025-06-10,653.12,USD,B057
LE-0007624,ORD-011572,2025-01-03,684.03,USD,B058
LE-0007625,ORD-001792,2025-01-31,51.69,USD,B059
LE-0007626,ORD-011359,2025-12-19,772.88,USD,B060
LE-0007627,ORD-007365,2025-06-25,179.74,USD,B061
LE-0007628,ORD-006210,2025-05-05,66.41,USD,B062
LE-0007629,ORD-000181,2025-03-06,376.58,USD,B063
LE-0007630,ORD-001030,2025-06-22,872.24,USD,B064
LE-0007631,ORD-011289,2025-06-30,532.00,USD,B065
LE-0007632,ORD-008290,2025-07-16,478.03,USD,B066
LE-0007633,ORD-009951,2025-03-05,611.17,USD,B067
LE-0007634,ORD-000150,2025-12-19,784.09,USD,B068
LE-0007635,ORD-006491,2025-07-09,171.15,USD,B069
LE-0007636,ORD-010105,2025-04-02,458.02,USD,B070
LE-0007637,ORD-005742,2025-11-09,835.54,USD,B071
LE-0007638,ORD-002538,2025-06-07,865.36,USD,B072
LE-0007639,ORD-003306,2025-02-04,358.78,USD,B073
LE-0007640,ORD-008285,2025-07-28,186.89,USD,B074
LE-0007641,ORD-004767,2025-07-19,509.14,USD,B075
LE-0007642,ORD-008003,2025-02-20,230.85,USD,B076
LE-0007643,ORD-000737,2025-07-09,291.85,USD,B077
LE-0007644,ORD-002908,2025-01-03,21.20,USD,B078
LE-0007645,ORD-002989,2025-10-05,49.81,USD,B079
LE-0007646,ORD-006588,2025-07-19,131.24,USD,B080
LE-0007647,ORD-006109,2025-02-13,117.17,USD,B081
LE-0007648,ORD-004554,2025-02-05,56.67,USD,B082
LE-0007649,ORD-010692,2025-03-08,526.11,USD,B083
LE-0007650,ORD-001323,2025-04-10,766.44,USD,B084
LE-0007651,ORD-009660,2025-03-22,149.75,USD,B085
LE-0007652,ORD-003782,2025-03-19,470.00,USD,B086
LE-0007653,ORD-006538,2025-07-09,709.13,USD,B087
LE-0007654,ORD-010811,2025-04-11,254.48,USD,B088
LE-0007655,ORD-001618,2025-05-17,259.87,USD,B089
LE-0007656,ORD-000227,2025-11-13,31.00,USD,B090
LE-0007657,ORD-002648,2025-09-22,856.42,USD,B091
LE-0007658,ORD-004596,2025-11-11,137.87,USD,B092
LE-0007659,ORD-009298,2025-03-20,717.87,USD,B093
LE-0007660,ORD-000253,2025-10-25,730.29,USD,B094
LE-0007661,ORD-005932,2025-11-12,115.76,USD,B095
LE-0007662,ORD-000578,2025-08-02,20.20,USD,B096
LE-0007663,ORD-006071,2025-08-13,64.14,USD,B000
LE-0007664,ORD-010038,2025-06-16,635.01,USD,B001
LE-0007665,ORD-007208,2025-01-22,555.79,USD,B002
LE-0007666,ORD-009540,2025-02-26,576.47,USD,B003
LE-0007667,ORD-010385,2025-12-03,473.74,USD,B004
LE-0007668,ORD-003953,2025-06-05,443.24,USD,B005
LE-0007669,ORD-009604,2025-04-10,396.50,USD,B006
LE-0007670,ORD-005184,2025-04-02,341.75,USD,B007
LE-0007671,ORD-006364,2025-06-05,503.40,USD,B008
LE-0007672,ORD-005252,2025-01-13,92.24,USD,B009
LE-0007673,ORD-003514,2025-03-30,869.53,USD,B010
LE-0007674,ORD-000656,2025-04-15,336.93,USD,B011
LE-0007675,ORD-002782,2025-07-24,486.94,USD,B012
LE-0007676,ORD-007289,2025-04-17,225.50,USD,B013
LE-0007677,ORD-001914,2025-04-29,875.01,USD,B014
LE-0007678,ORD-009992,2025-09-24,622.01,USD,B015
LE-0007679,ORD-004921,2025-02-13,876.34,USD,B016
LE-0007680,ORD-007600,2025-10-19,867.95,USD,B017
LE-0007681,ORD-006841,2025-09-24,321.99,USD,B018
LE-0007682,ORD-005330,2025-11-13,230.18,USD,B019
LE-0007683,ORD-000784,2025-03-12,30.84,USD,B020
LE-0007684,ORD-006698,2025-02-11,402.60,USD,B021
LE-0007685,ORD-011758,2025-08-18,37.91,USD,B022
LE-0007686,ORD-003102,2025-02-21,813.11,USD,B023
LE-0007687,ORD-006433,2025-02-16,760.17,USD,B024
LE-0007688,ORD-005692,2025-05-02,690.59,USD,B025
LE-0007689,ORD-011488,2025-11-25,617.70,USD,B026
LE-0007690,ORD-008576,2025-07-05,435.46,USD,B027
LE-0007691,ORD-001392,2025-05-16,83.34,USD,B028
LE-0007692,ORD-003121,2025-07-10,394.79,USD,B029
LE-0007693,ORD-010864,2025-06-03,196.63,USD,B030
LE-0007694,ORD-010727,2025-07-30,74.02,USD,B031
LE-0007695,ORD-011048,2025-11-06,444.32,USD,B032
LE-0007696,ORD-005265,2025-09-06,24.64,USD,B033
LE-0007697,ORD-006560,2025-10-12,100.45,USD,B034
LE-0007698,ORD-003810,2025-01-17,393.01,USD,B035
LE-0007699,ORD-007701,2025-10-23,139.00,USD,B036
LE-0007700,ORD-007229,2025-12-08,529.66,USD,B037
LE-0007701,ORD-007285,2025-09-20,218.20,USD,B038
LE-0007702,ORD-007410,2025-08-05,816.92,USD,B039
LE-0007703,ORD-002624,2025-07-20,659.03,USD,B040
LE-0007704,ORD-007004,2025-12-08,244.31,USD,B041
LE-0007705,ORD-009756,2025-10-29,241.48,USD,B042
LE-0007706,ORD-008415,2025-06-01,848.55,USD,B043
LE-0007707,ORD-008565,2025-08-19,284.53,USD,B044
LE-0007708,ORD-003601,2025-12-22,207.01,USD,B045
LE-0007709,ORD-009388,2025-02-13,628.50,USD,B046
LE-0007710,ORD-010128,2025-02-11,794.28,USD,B047
LE-0007711,ORD-006833,2025-03-24,16.20,USD,B048
LE-0007712,ORD-003761,2025-08-12,650.00,USD,B049
LE-0007713,ORD-010081,2025-11-21,622.81,USD,B050
LE-0007714,ORD-001718,2025-10-18,286.92,USD,B051
LE-0007715,ORD-005710,2025-01-21,898.68,USD,B052
LE-0007716,ORD-005732,2025-12-16,752.49,USD,B053
LE-0007717,ORD-002174,2025-03-19,689.75,USD,B054
LE-0007718,ORD-009267,2025-10-31,844.99,USD,B055
LE-0007719,ORD-005276,2025-05-06,631.38,USD,B056
LE-0007720,ORD-004990,2025-02-15,759.69,USD,B057
LE-0007721,ORD-007372,2025-05-11,25.65,USD,B058
LE-0007722,ORD-007421,2025-10-30,258.58,USD,B059
LE-0007723,ORD-003976,2025-10-06,742.74,USD,B060
LE-0007724,ORD-005259,2025-09-22,179.53,USD,B061
LE-0007725,ORD-003311,2025-01-12,640.00,USD,B062
LE-0007726,ORD-000550,2025-04-26,510.22,USD,B063
LE-0007727,ORD-010610,2025-07-07,704.58,USD,B064
LE-0007728,ORD-011640,2025-08-25,618.90,USD,B065
LE-0007729,ORD-010887,2025-01-15,742.86,USD,B066
LE-0007730,ORD-006999,2025-03-12,849.06,USD,B067
LE-0007731,ORD-001148,2025-06-06,191.42,USD,B068
LE-0007732,ORD-009977,2025-07-30,743.47,USD,B069
LE-0007733,ORD-000066,2025-04-14,220.37,USD,B070
LE-0007734,ORD-003427,2025-02-06,422.21,USD,B071
LE-0007735,ORD-011780,2025-04-08,459.08,USD,B072
LE-0007736,ORD-000104,2025-08-18,44.47,USD,B073
LE-0007737,ORD-002798,2025-09-02,360.65,USD,B074
LE-0007738,ORD-001768,2025-10-13,558.00,USD,B075
LE-0007739,ORD-006578,2025-10-08,17.70,USD,B076
LE-0007740,ORD-005351,2025-10-02,75.38,USD,B077
LE-0007741,ORD-009600,2025-06-21,231.53,USD,B078
LE-0007742,ORD-011592,2025-08-22,626.65,USD,B079
LE-0007743,ORD-007925,2025-04-11,687.56,USD,B080
LE-0007744,ORD-001436,2025-02-12,479.68,USD,B081
LE-0007745,ORD-005604,2025-07-31,448.55,USD,B082
LE-0007746,ORD-009981,2025-03-14,39.99,USD,B083
LE-0007747,ORD-002661,2025-10-08,149.32,USD,B084
LE-0007748,ORD-002076,2025-10-24,180.20,USD,B085
LE-0007749,ORD-010657,2025-05-15,562.02,USD,B086
LE-0007750,ORD-003956,2025-02-02,584.03,USD,B087
LE-0007751,ORD-002779,2025-01-19,974.69,USD,B088
LE-0007752,ORD-008480,2025-12-22,294.35,USD,B089
LE-0007753,ORD-005403,2025-06-21,722.08,USD,B090
LE-0007754,ORD-002785,2025-10-14,335.36,USD,B091
LE-0007755,ORD-008743,2025-06-09,813.24,USD,B092
LE-0007756,ORD-008570,2025-08-25,577.84,USD,B093
LE-0007757,ORD-006135,2025-01-17,782.38,USD,B094
LE-0007758,ORD-007483,2025-04-18,557.68,USD,B095
LE-0007759,ORD-008960,2025-07-24,599.00,USD,B096
LE-0007760,ORD-005003,2025-07-28,381.99,USD,B000
LE-0007761,ORD-011562,2025-01-09,265.79,USD,B001
LE-0007762,ORD-008981,2025-09-23,277.68,USD,B002
LE-0007763,ORD-006944,2025-01-18,699.72,USD,B003
LE-0007764,ORD-001913,2025-11-04,863.73,USD,B004
LE-0007765,ORD-009909,2025-05-28,466.54,USD,B005
LE-0007766,ORD-011007,2025-04-19,555.49,USD,B006
LE-0007767,ORD-010650,2025-05-25,597.47,USD,B007
LE-0007768,ORD-001245,2025-02-23,326.66,USD,B008
LE-0007769,ORD-002441,2025-04-01,23.43,USD,B009
LE-0007770,ORD-000313,2025-08-06,873.50,USD,B010
LE-0007771,ORD-005494,2025-11-29,194.39,USD,B011
LE-0007772,ORD-007218,2025-07-28,485.05,USD,B012
LE-0007773,ORD-002107,2025-06-22,893.31,USD,B013
LE-0007774,ORD-006963,2025-04-23,83.98,USD,B014
LE-0007775,ORD-007558,2025-04-09,60.21,USD,B015
LE-0007776,ORD-002939,2025-07-25,133.61,USD,B016
LE-0007777,ORD-004144,2025-02-13,669.67,USD,B017
LE-0007778,ORD-005652,2025-03-31,448.15,USD,B018
LE-0007779,ORD-003915,2025-11-27,603.63,USD,B019
LE-0007780,ORD-003547,2025-02-02,400.79,USD,B020
LE-0007781,ORD-011523,2025-03-15,800.35,USD,B021
LE-0007782,ORD-003660,2025-05-22,78.93,USD,B022
LE-0007783,ORD-011332,2025-05-28,358.00,USD,B023
LE-0007784,ORD-005238,2025-07-03,256.25,USD,B024
LE-0007785,ORD-010007,2025-05-02,172.79,USD,B025
LE-0007786,ORD-011173,2025-06-07,587.49,USD,B026
LE-0007787,ORD-008369,2025-01-26,344.43,USD,B027
LE-0007788,ORD-011853,2025-12-03,695.51,USD,B028
LE-0007789,ORD-007245,2025-11-23,282.69,USD,B029
LE-0007790,ORD-001847,2025-08-20,27.11,USD,B030
LE-0007791,ORD-002075,2025-09-18,793.57,USD,B031
LE-0007792,ORD-009479,2025-05-09,755.40,USD,B032
LE-0007793,ORD-010998,2025-04-15,372.00,USD,B033
LE-0007794,ORD-009966,2025-08-07,113.78,USD,B034
LE-0007795,ORD-010669,2025-08-24,668.15,USD,B035
LE-0007796,ORD-007362,2025-03-19,457.00,USD,B036
LE-0007797,ORD-003680,2025-12-20,684.87,USD,B037
LE-0007798,ORD-006894,2025-12-20,196.36,USD,B038
LE-0007799,ORD-003932,2025-10-21,511.31,USD,B039
LE-0007800,ORD-011288,2025-02-15,183.03,USD,B040
LE-0007801,ORD-005697,2025-03-13,334.14,USD,B041
LE-0007802,ORD-007938,2025-09-11,722.92,USD,B042
LE-0007803,ORD-011670,2025-07-19,881.82,USD,B043
LE-0007804,ORD-006081,2025-10-28,109.32,USD,B044
LE-0007805,ORD-002051,2025-07-08,807.53,USD,B045
LE-0007806,ORD-011659,2025-10-21,230.71,USD,B046
LE-0007807,ORD-004768,2025-04-22,241.00,USD,B047
LE-0007808,ORD-002533,2025-07-28,798.15,USD,B048
LE-0007809,ORD-011475,2025-02-24,325.69,USD,B049
LE-0007810,ORD-007537,2025-04-22,551.12,USD,B050
LE-0007811,ORD-006334,2025-08-14,747.21,USD,B051
LE-0007812,ORD-004939,2025-01-29,891.34,USD,B052
LE-0007813,ORD-009048,2025-12-20,570.78,USD,B053
LE-0007814,ORD-001841,2025-11-15,792.53,USD,B054
LE-0007815,ORD-010972,2025-02-22,15.16,USD,B055
LE-0007816,ORD-009719,2025-08-13,442.74,USD,B056
LE-0007817,ORD-000580,2025-08-03,204.66,USD,B057
LE-0007818,ORD-008860,2025-08-28,679.13,USD,B058
LE-0007819,ORD-009104,2025-05-04,650.06,USD,B059
LE-0007820,ORD-002586,2025-06-12,880.27,USD,B060
LE-0007821,ORD-009041,2025-01-23,142.80,USD,B061
LE-0007822,ORD-003672,2025-09-08,706.23,USD,B062
LE-0007823,ORD-000912,2025-04-13,602.36,USD,B063
LE-0007824,ORD-006589,2025-07-20,341.05,USD,B064
LE-0007825,ORD-004336,2025-10-23,6.10,USD,B065
LE-0007826,ORD-001473,2025-12-30,524.39,USD,B066
LE-0007827,ORD-002411,2025-04-05,192.61,USD,B067
LE-0007828,ORD-009963,2025-02-25,831.00,USD,B068
LE-0007829,ORD-003353,2025-01-25,572.17,USD,B069
LE-0007830,ORD-007375,2025-10-07,847.00,USD,B070
LE-0007831,ORD-000276,2025-01-12,691.51,USD,B071
LE-0007832,ORD-005717,2025-10-28,261.79,USD,B072
LE-0007833,ORD-007214,2025-10-17,640.79,USD,B073
LE-0007834,ORD-009797,2025-10-26,121.43,USD,B074
LE-0007835,ORD-000184,2025-05-01,604.48,USD,B075
LE-0007836,ORD-002818,2025-01-06,622.54,USD,B076
LE-0007837,ORD-010935,2025-06-27,259.29,USD,B077
LE-0007838,ORD-000346,2025-07-10,375.58,USD,B078
LE-0007839,ORD-000095,2025-11-22,88.64,USD,B079
LE-0007840,ORD-000368,2025-02-02,548.47,USD,B080
LE-0007841,ORD-009816,2025-02-13,874.01,USD,B081
LE-0007842,ORD-010872,2025-06-26,213.03,USD,B082
LE-0007843,ORD-011088,2025-12-27,392.80,USD,B083
LE-0007844,ORD-004860,2025-07-30,552.27,USD,B084
LE-0007845,ORD-002705,2025-05-16,206.71,USD,B085
LE-0007846,ORD-004491,2025-08-24,761.58,USD,B086
LE-0007847,ORD-003677,2025-05-14,276.00,USD,B087
LE-0007848,ORD-009232,2025-03-19,255.53,USD,B088
LE-0007849,ORD-005341,2025-12-30,306.88,USD,B089
LE-0007850,ORD-011252,2025-08-07,416.63,USD,B090
LE-0007851,ORD-002907,2025-12-29,850.39,USD,B091
LE-0007852,ORD-003299,2025-03-14,627.36,USD,B092
LE-0007853,ORD-011533,2025-02-08,70.00,USD,B093
LE-0007854,ORD-010284,2025-10-31,454.70,USD,B094
LE-0007855,ORD-001794,2025-04-09,17.97,USD,B095
LE-0007856,ORD-005060,2025-10-09,764.25,USD,B096
LE-0007857,ORD-004351,2025-11-18,41.89,USD,B000
LE-0007858,ORD-006598,2025-11-05,368.12,USD,B001
LE-0007859,ORD-005728,2025-02-16,238.66,USD,B002
LE-0007860,ORD-002369,2025-06-12,193.32,USD,B003
LE-0007861,ORD-003933,2025-07-17,662.01,USD,B004
LE-0007862,ORD-004997,2025-10-02,405.85,USD,B005
LE-0007863,ORD-010346,2025-11-07,751.89,USD,B006
LE-0007864,ORD-009651,2025-03-03,45.21,USD,B007
LE-0007865,ORD-002883,2025-01-15,602.60,USD,B008
LE-0007866,ORD-007976,2025-09-06,76.51,USD,B009
LE-0007867,ORD-011397,2025-01-20,822.24,USD,B010
LE-0007868,ORD-011816,2025-04-04,665.35,USD,B011
LE-0007869,ORD-005088,2025-02-05,541.88,USD,B012
LE-0007870,ORD-000138,2025-05-18,203.17,USD,B013
LE-0007871,ORD-009721,2025-02-23,613.69,USD,B014
LE-0007872,ORD-003203,2025-09-24,762.26,USD,B015
LE-0007873,ORD-000193,2025-08-30,390.23,USD,B016
LE-0007874,ORD-010145,2025-08-02,798.96,USD,B017
LE-0007875,ORD-004812,2025-07-12,775.21,USD,B018
LE-0007876,ORD-005160,2025-12-01,725.92,USD,B019
LE-0007877,ORD-001678,2025-03-23,77.07,USD,B020
LE-0007878,ORD-006650,2025-11-17,603.72,USD,B021
LE-0007879,ORD-008964,2025-11-07,88.00,USD,B022
LE-0007880,ORD-008223,2025-04-09,239.06,USD,B023
LE-0007881,ORD-002455,2025-10-02,692.71,USD,B024
LE-0007882,ORD-005289,2025-12-06,174.44,USD,B025
LE-0007883,ORD-011459,2025-03-23,793.14,USD,B026
LE-0007884,ORD-005939,2025-03-11,761.00,USD,B027
LE-0007885,ORD-002831,2025-08-08,404.33,USD,B028
LE-0007886,ORD-000886,2025-04-11,515.09,USD,B029
LE-0007887,ORD-002334,2025-04-03,898.23,USD,B030
LE-0007888,ORD-005616,2025-04-16,583.50,USD,B031
LE-0007889,ORD-008675,2025-06-17,229.79,USD,B032
LE-0007890,ORD-005788,2025-09-25,202.21,USD,B033
LE-0007891,ORD-004553,2025-10-14,641.43,USD,B034
LE-0007892,ORD-011351,2025-03-10,40.54,USD,B035
LE-0007893,ORD-001184,2025-02-08,235.66,USD,B036
LE-0007894,ORD-003537,2025-08-30,489.56,USD,B037
LE-0007895,ORD-002787,2025-12-07,726.04,USD,B038
LE-0007896,ORD-000117,2025-01-16,431.77,USD,B039
LE-0007897,ORD-007509,2025-07-16,160.05,USD,B040
LE-0007898,ORD-002943,2025-06-14,38.28,USD,B041
LE-0007899,ORD-010760,2025-06-23,752.93,USD,B042
LE-0007900,ORD-005101,2025-11-26,733.44,USD,B043
LE-0007901,ORD-008652,2025-06-12,827.82,USD,B044
LE-0007902,ORD-002084,2025-05-31,77.59,USD,B045
LE-0007903,ORD-008699,2025-10-07,143.23,USD,B046
LE-0007904,ORD-004770,2025-03-24,894.35,USD,B047
LE-0007905,ORD-005571,2025-07-29,587.51,USD,B048
LE-0007906,ORD-007905,2025-11-04,647.67,USD,B049
LE-0007907,ORD-000821,2025-12-16,346.27,USD,B050
LE-0007908,ORD-004685,2025-04-08,69.87,USD,B051
LE-0007909,ORD-003128,2025-02-02,192.75,USD,B052
LE-0007910,ORD-005391,2025-05-18,591.22,USD,B053
LE-0007911,ORD-007354,2025-07-12,573.27,USD,B054
LE-0007912,ORD-002429,2025-08-14,757.79,USD,B055
LE-0007913,ORD-005430,2025-12-30,689.87,USD,B056
LE-0007914,ORD-006504,2025-10-12,358.82,USD,B057
LE-0007915,ORD-003260,2025-09-07,560.91,USD,B058
LE-0007916,ORD-005825,2025-09-10,183.57,USD,B059
LE-0007917,ORD-003540,2025-11-13,641.28,USD,B060
LE-0007918,ORD-009066,2025-06-30,68.64,USD,B061
LE-0007919,ORD-002687,2025-07-30,356.60,USD,B062
LE-0007920,ORD-002431,2025-09-16,463.85,USD,B063
LE-0007921,ORD-002986,2025-09-10,371.01,USD,B064
LE-0007922,ORD-010798,2025-04-04,508.98,USD,B065
LE-0007923,ORD-005853,2025-06-11,637.25,USD,B066
LE-0007924,ORD-003267,2025-03-02,415.26,USD,B067
LE-0007925,ORD-009631,2025-10-06,281.42,USD,B068
LE-0007926,ORD-001851,2025-06-18,608.64,USD,B069
LE-0007927,ORD-004229,2025-02-17,841.45,USD,B070
LE-0007928,ORD-010932,2025-08-11,192.35,USD,B071
LE-0007929,ORD-009598,2025-12-03,196.17,USD,B072
LE-0007930,ORD-003673,2025-07-27,214.92,USD,B073
LE-0007931,ORD-010624,2025-09-24,225.89,USD,B074
LE-0007932,ORD-000243,2025-01-06,687.44,USD,B075
LE-0007933,ORD-009684,2025-08-18,99.67,USD,B076
LE-0007934,ORD-000301,2025-08-03,342.51,USD,B077
LE-0007935,ORD-007369,2025-09-08,108.87,USD,B078
LE-0007936,ORD-001462,2025-09-28,333.38,USD,B079
LE-0007937,ORD-005134,2025-12-22,850.36,USD,B080
LE-0007938,ORD-009207,2025-10-13,425.81,USD,B081
LE-0007939,ORD-010699,2025-06-06,842.29,USD,B082
LE-0007940,ORD-007572,2025-05-13,7.96,USD,B083
LE-0007941,ORD-003452,2025-06-09,770.93,USD,B084
LE-0007942,ORD-007382,2025-09-01,103.36,USD,B085
LE-0007943,ORD-008951,2025-02-19,886.21,USD,B086
LE-0007944,ORD-005122,2025-11-11,456.10,USD,B087
LE-0007945,ORD-007126,2025-08-02,381.75,USD,B088
LE-0007946,ORD-008956,2025-07-29,488.63,USD,B089
LE-0007947,ORD-006465,2025-09-30,428.00,USD,B090
LE-0007948,ORD-011211,2025-09-02,319.17,USD,B091
LE-0007949,ORD-008042,2025-05-20,714.48,USD,B092
LE-0007950,ORD-000948,2025-09-17,446.82,USD,B093
LE-0007951,ORD-008389,2025-02-21,552.48,USD,B094
LE-0007952,ORD-007096,2025-11-14,889.81,USD,B095
LE-0007953,ORD-001331,2025-04-07,516.49,USD,B096
LE-0007954,ORD-003278,2025-03-20,401.94,USD,B000
LE-0007955,ORD-009099,2025-03-02,206.74,USD,B001
LE-0007956,ORD-003753,2025-08-11,679.04,USD,B002
LE-0007957,ORD-005121,2025-11-16,846.47,USD,B003
LE-0007958,ORD-002344,2025-02-05,695.53,USD,B004
LE-0007959,ORD-007023,2025-10-23,424.22,USD,B005
LE-0007960,ORD-005188,2025-11-22,430.00,USD,B006
LE-0007961,ORD-008075,2025-09-15,623.08,USD,B007
LE-0007962,ORD-004979,2025-05-06,861.77,USD,B008
LE-0007963,ORD-011515,2025-10-05,254.45,USD,B009
LE-0007964,ORD-005601,2025-10-05,294.52,USD,B010
LE-0007965,ORD-006014,2025-12-19,43.69,USD,B011
LE-0007966,ORD-005981,2025-11-03,691.37,USD,B012
LE-0007967,ORD-002707,2025-11-26,466.20,USD,B013
LE-0007968,ORD-001199,2025-12-21,855.61,USD,B014
LE-0007969,ORD-010999,2025-09-19,157.41,USD,B015
LE-0007970,ORD-007780,2025-06-05,878.64,USD,B016
LE-0007971,ORD-003245,2025-01-19,332.50,USD,B017
LE-0007972,ORD-001229,2025-06-01,798.79,USD,B018
LE-0007973,ORD-011609,2025-02-11,541.28,USD,B019
LE-0007974,ORD-009586,2025-12-04,332.85,USD,B020
LE-0007975,ORD-000438,2025-07-31,47.23,USD,B021
LE-0007976,ORD-010733,2025-11-23,306.54,USD,B022
LE-0007977,ORD-004756,2025-07-06,464.09,USD,B023
LE-0007978,ORD-005753,2025-01-16,740.53,USD,B024
LE-0007979,ORD-011674,2025-05-11,75.51,USD,B025
LE-0007980,ORD-007581,2025-01-05,59.24,USD,B026
LE-0007981,ORD-000803,2025-06-07,292.88,USD,B027
LE-0007982,ORD-001100,2025-02-20,776.88,USD,B028
LE-0007983,ORD-004236,2025-03-14,256.72,USD,B029
LE-0007984,ORD-009213,2025-12-24,609.38,USD,B030
LE-0007985,ORD-009480,2025-02-19,624.33,USD,B031
LE-0007986,ORD-008864,2025-12-04,859.54,USD,B032
LE-0007987,ORD-009943,2025-04-19,154.40,USD,B033
LE-0007988,ORD-004548,2025-03-19,365.60,USD,B034
LE-0007989,ORD-009294,2025-02-02,290.99,USD,B035
LE-0007990,ORD-006924,2025-09-14,236.60,USD,B036
LE-0007991,ORD-008464,2025-05-01,735.53,USD,B037
LE-0007992,ORD-010310,2025-04-07,661.92,USD,B038
LE-0007993,ORD-010562,2025-05-19,176.38,USD,B039
LE-0007994,ORD-003093,2025-01-23,190.25,USD,B040
LE-0007995,ORD-010643,2025-10-13,284.43,USD,B041
LE-0007996,ORD-004592,2025-08-19,816.84,USD,B042
LE-0007997,ORD-010090,2025-09-03,327.37,USD,B043
LE-0007998,ORD-005550,2025-06-18,637.38,USD,B044
LE-0007999,ORD-002501,2025-09-07,147.92,USD,B045
LE-0008000,ORD-002704,2025-06-10,689.76,USD,B046
LE-0008001,ORD-008786,2025-03-24,27.69,USD,B047
LE-0008002,ORD-005367,2025-06-15,470.74,USD,B048
LE-0008003,ORD-010270,2025-07-04,863.09,USD,B049
LE-0008004,ORD-009335,2025-09-21,499.65,USD,B050
LE-0008005,ORD-008383,2025-12-06,406.26,USD,B051
LE-0008006,ORD-005800,2025-05-07,222.68,USD,B052
LE-0008007,ORD-005425,2025-05-11,545.77,USD,B053
LE-0008008,ORD-000481,2025-08-29,217.61,USD,B054
LE-0008009,ORD-004992,2025-11-13,519.61,USD,B055
LE-0008010,ORD-010970,2025-12-15,776.85,USD,B056
LE-0008011,ORD-005879,2025-11-02,340.43,USD,B057
LE-0008012,ORD-002792,2025-08-24,698.34,USD,B058
LE-0008013,ORD-002478,2025-10-29,29.39,USD,B059
LE-0008014,ORD-000978,2025-04-06,506.37,USD,B060
LE-0008015,ORD-003104,2025-12-13,566.06,USD,B061
LE-0008016,ORD-002559,2025-09-30,802.68,USD,B062
LE-0008017,ORD-007498,2025-02-27,600.66,USD,B063
LE-0008018,ORD-008732,2025-06-28,720.62,USD,B064
LE-0008019,ORD-010364,2025-09-25,498.52,USD,B065
LE-0008020,ORD-003304,2025-09-12,60.97,USD,B066
LE-0008021,ORD-001391,2025-07-01,707.50,USD,B067
LE-0008022,ORD-004188,2025-04-17,603.50,USD,B068
LE-0008023,ORD-007100,2025-04-02,119.31,USD,B069
LE-0008024,ORD-009688,2025-04-12,191.80,USD,B070
LE-0008025,ORD-002520,2025-01-10,612.46,USD,B071
LE-0008026,ORD-004243,2025-08-24,817.84,USD,B072
LE-0008027,ORD-001345,2025-05-10,604.93,USD,B073
LE-0008028,ORD-006587,2025-12-28,482.15,USD,B074
LE-0008029,ORD-000502,2025-12-25,202.35,USD,B075
LE-0008030,ORD-003993,2025-12-15,856.41,USD,B076
LE-0008031,ORD-008568,2025-03-24,896.56,USD,B077
LE-0008032,ORD-007949,2025-05-06,70.73,USD,B078
LE-0008033,ORD-011673,2025-09-07,787.65,USD,B079
LE-0008034,ORD-004888,2025-07-10,327.40,USD,B080
LE-0008035,ORD-008728,2025-11-09,573.52,USD,B081
LE-0008036,ORD-008258,2025-01-19,74.64,USD,B082
LE-0008037,ORD-008747,2025-03-05,465.51,USD,B083
LE-0008038,ORD-002005,2025-04-16,244.69,USD,B084
LE-0008039,ORD-007259,2025-06-26,41.99,USD,B085
LE-0008040,ORD-008250,2025-05-31,672.62,USD,B086
LE-0008041,ORD-003078,2025-05-08,860.73,USD,B087
LE-0008042,ORD-000076,2025-11-11,617.94,USD,B088
LE-0008043,ORD-008320,2025-11-26,657.20,USD,B089
LE-0008044,ORD-006306,2025-01-06,690.75,USD,B090
LE-0008045,ORD-003623,2025-08-08,543.51,USD,B091
LE-0008046,ORD-009936,2025-03-02,703.47,USD,B092
LE-0008047,ORD-001802,2025-01-25,322.63,USD,B093
LE-0008048,ORD-011569,2025-01-19,239.00,USD,B094
LE-0008049,ORD-003545,2025-09-28,199.76,USD,B095
LE-0008050,ORD-006869,2025-04-09,379.29,USD,B096
LE-0008051,ORD-006221,2025-06-10,723.92,USD,B000
LE-0008052,ORD-001812,2025-04-22,597.38,USD,B001
LE-0008053,ORD-001322,2025-07-13,491.75,USD,B002
LE-0008054,ORD-000573,2025-02-01,255.87,USD,B003
LE-0008055,ORD-003565,2025-03-11,698.15,USD,B004
LE-0008056,ORD-003001,2025-11-12,646.21,USD,B005
LE-0008057,ORD-011798,2025-10-27,198.34,USD,B006
LE-0008058,ORD-003858,2025-05-29,882.91,USD,B007
LE-0008059,ORD-005706,2025-02-03,839.96,USD,B008
LE-0008060,ORD-003760,2025-04-04,343.06,USD,B009
LE-0008061,ORD-007415,2025-12-21,380.33,USD,B010
LE-0008062,ORD-000489,2025-10-29,577.93,USD,B011
LE-0008063,ORD-000019,2025-11-10,770.58,USD,B012
LE-0008064,ORD-003144,2025-08-24,755.29,USD,B013
LE-0008065,ORD-002073,2025-02-09,282.05,USD,B014
LE-0008066,ORD-003943,2025-04-28,406.30,USD,B015
LE-0008067,ORD-002459,2025-11-23,57.25,USD,B016
LE-0008068,ORD-005845,2025-08-23,178.07,USD,B017
LE-0008069,ORD-008963,2025-06-25,543.39,USD,B018
LE-0008070,ORD-000626,2025-05-21,147.38,USD,B019
LE-0008071,ORD-011836,2025-05-24,176.26,USD,B020
LE-0008072,ORD-002228,2025-11-24,332.73,USD,B021
LE-0008073,ORD-004902,2025-09-01,477.38,USD,B022
LE-0008074,ORD-004263,2025-06-01,818.99,USD,B023
LE-0008075,ORD-002472,2025-07-06,694.87,USD,B024
LE-0008076,ORD-005667,2025-05-17,269.16,USD,B025
LE-0008077,ORD-004267,2025-12-12,275.65,USD,B026
LE-0008078,ORD-003832,2025-09-19,351.20,USD,B027
LE-0008079,ORD-004883,2025-04-12,803.46,USD,B028
LE-0008080,ORD-004181,2025-09-12,601.30,USD,B029
LE-0008081,ORD-000258,2025-12-13,843.31,USD,B030
LE-0008082,ORD-009042,2025-07-20,180.40,USD,B031
LE-0008083,ORD-001110,2025-08-20,448.00,USD,B032
LE-0008084,ORD-000322,2025-02-04,358.25,USD,B033
LE-0008085,ORD-004977,2025-06-06,376.53,USD,B034
LE-0008086,ORD-011477,2025-11-13,142.00,USD,B035
LE-0008087,ORD-011656,2025-07-07,16.43,USD,B036
LE-0008088,ORD-004629,2025-06-08,450.79,USD,B037
LE-0008089,ORD-006642,2025-06-02,881.65,USD,B038
LE-0008090,ORD-005089,2025-09-18,419.04,USD,B039
LE-0008091,ORD-001627,2025-10-11,656.67,USD,B040
LE-0008092,ORD-011118,2025-07-01,474.13,USD,B041
LE-0008093,ORD-007189,2025-04-07,379.84,USD,B042
LE-0008094,ORD-001384,2025-12-22,851.67,USD,B043
LE-0008095,ORD-008049,2025-03-19,275.60,USD,B044
LE-0008096,ORD-002383,2025-11-29,813.50,USD,B045
LE-0008097,ORD-006441,2025-11-11,395.90,USD,B046
LE-0008098,ORD-005702,2025-12-31,861.71,USD,B047
LE-0008099,ORD-004319,2025-12-26,209.75,USD,B048
LE-0008100,ORD-004919,2025-11-07,605.62,USD,B049
LE-0008101,ORD-008614,2025-08-19,846.81,USD,B050
LE-0008102,ORD-010680,2025-07-17,380.00,USD,B051
LE-0008103,ORD-010547,2025-04-06,97.28,USD,B052
LE-0008104,ORD-002240,2025-06-14,780.87,USD,B053
LE-0008105,ORD-005300,2025-09-26,302.36,USD,B054
LE-0008106,ORD-008289,2025-12-22,886.94,USD,B055
LE-0008107,ORD-010868,2025-02-22,821.37,USD,B056
LE-0008108,ORD-011552,2025-04-11,367.57,USD,B057
LE-0008109,ORD-005076,2025-03-07,475.11,USD,B058
LE-0008110,ORD-003764,2025-01-05,186.03,USD,B059
LE-0008111,ORD-009068,2025-09-24,519.87,USD,B060
LE-0008112,ORD-008595,2025-05-26,646.53,USD,B061
LE-0008113,ORD-005909,2025-04-10,5.76,USD,B062
LE-0008114,ORD-010456,2025-03-04,38.46,USD,B063
LE-0008115,ORD-011601,2025-11-06,79.25,USD,B064
LE-0008116,ORD-011788,2025-05-02,273.89,USD,B065
LE-0008117,ORD-011627,2025-04-13,889.32,USD,B066
LE-0008118,ORD-010017,2025-01-29,73.00,USD,B067
LE-0008119,ORD-009538,2025-09-04,802.57,USD,B068
LE-0008120,ORD-006775,2025-05-25,363.83,USD,B069
LE-0008121,ORD-005124,2025-01-01,383.45,USD,B070
LE-0008122,ORD-003017,2025-07-03,873.41,USD,B071
LE-0008123,ORD-008998,2025-05-25,899.57,USD,B072
LE-0008124,ORD-010103,2025-04-02,761.99,USD,B073
LE-0008125,ORD-009532,2025-05-23,187.41,USD,B074
LE-0008126,ORD-008396,2025-08-30,235.69,USD,B075
LE-0008127,ORD-007752,2025-12-16,302.35,USD,B076
LE-0008128,ORD-011111,2025-12-18,485.51,USD,B077
LE-0008129,ORD-001247,2025-01-27,83.65,USD,B078
LE-0008130,ORD-004356,2025-02-09,636.43,USD,B079
LE-0008131,ORD-002972,2025-10-03,147.00,USD,B080
LE-0008132,ORD-003160,2025-11-22,534.85,USD,B081
LE-0008133,ORD-003261,2025-08-16,344.01,USD,B082
LE-0008134,ORD-000038,2025-08-03,354.24,USD,B083
LE-0008135,ORD-011412,2025-05-12,88.06,USD,B084
LE-0008136,ORD-001630,2025-02-06,444.55,USD,B085
LE-0008137,ORD-008032,2025-12-26,434.38,USD,B086
LE-0008138,ORD-000513,2025-06-19,557.09,USD,B087
LE-0008139,ORD-004152,2025-12-07,426.95,USD,B088
LE-0008140,ORD-007694,2025-05-21,149.06,USD,B089
LE-0008141,ORD-004818,2025-09-02,463.11,USD,B090
LE-0008142,ORD-010549,2025-12-09,661.27,USD,B091
LE-0008143,ORD-009372,2025-01-24,54.65,USD,B092
LE-0008144,ORD-004459,2025-10-04,857.98,USD,B093
LE-0008145,ORD-008097,2025-09-15,201.64,USD,B094
LE-0008146,ORD-000241,2025-01-13,606.88,USD,B095
LE-0008147,ORD-004496,2025-03-02,22.67,USD,B096
LE-0008148,ORD-003625,2025-09-09,446.85,USD,B000
LE-0008149,ORD-001930,2025-08-15,370.25,USD,B001
LE-0008150,ORD-007236,2025-08-02,732.48,USD,B002
LE-0008151,ORD-004106,2025-05-23,369.17,USD,B003
LE-0008152,ORD-005934,2025-10-21,483.37,USD,B004
LE-0008153,ORD-010593,2025-06-18,667.26,USD,B005
LE-0008154,ORD-000254,2025-06-24,423.42,USD,B006
LE-0008155,ORD-008642,2025-02-05,94.82,USD,B007
LE-0008156,ORD-006049,2025-04-28,182.21,USD,B008
LE-0008157,ORD-002410,2025-04-16,7.83,USD,B009
LE-0008158,ORD-003225,2025-08-09,594.43,USD,B010
LE-0008159,ORD-008920,2025-10-27,864.82,USD,B011
LE-0008160,ORD-002839,2025-04-21,99.82,USD,B012
LE-0008161,ORD-000659,2025-02-25,246.85,USD,B013
LE-0008162,ORD-003853,2025-01-11,456.40,USD,B014
LE-0008163,ORD-005215,2025-07-02,842.87,USD,B015
LE-0008164,ORD-007290,2025-06-30,243.70,USD,B016
LE-0008165,ORD-002611,2025-05-12,73.48,USD,B017
LE-0008166,ORD-001075,2025-08-12,641.92,USD,B018
LE-0008167,ORD-004760,2025-11-08,218.17,USD,B019
LE-0008168,ORD-009817,2025-04-29,726.61,USD,B020
LE-0008169,ORD-009886,2025-11-30,677.66,USD,B021
LE-0008170,ORD-011132,2025-09-13,8.00,USD,B022
LE-0008171,ORD-006651,2025-02-01,602.65,USD,B023
LE-0008172,ORD-003707,2025-06-04,487.16,USD,B024
LE-0008173,ORD-010660,2025-07-09,116.00,USD,B025
LE-0008174,ORD-003626,2025-06-01,295.03,USD,B026
LE-0008175,ORD-001898,2025-02-22,840.63,USD,B027
LE-0008176,ORD-011265,2025-11-17,767.11,USD,B028
LE-0008177,ORD-010632,2025-04-30,524.88,USD,B029
LE-0008178,ORD-004092,2025-01-14,332.30,USD,B030
LE-0008179,ORD-008952,2025-01-26,171.92,USD,B031
LE-0008180,ORD-005393,2025-03-31,427.00,USD,B032
LE-0008181,ORD-003061,2025-04-08,113.95,USD,B033
LE-0008182,ORD-005810,2025-03-07,535.44,USD,B034
LE-0008183,ORD-007810,2025-12-10,415.40,USD,B035
LE-0008184,ORD-001700,2025-08-02,728.36,USD,B036
LE-0008185,ORD-001061,2025-08-07,455.41,USD,B037
LE-0008186,ORD-001991,2025-04-25,257.28,USD,B038
LE-0008187,ORD-000512,2025-10-10,334.34,USD,B039
LE-0008188,ORD-002396,2025-05-10,658.03,USD,B040
LE-0008189,ORD-005931,2025-12-17,879.56,USD,B041
LE-0008190,ORD-006432,2025-01-12,134.55,USD,B042
LE-0008191,ORD-001822,2025-11-01,620.91,USD,B043
LE-0008192,ORD-005163,2025-05-04,303.08,USD,B044
LE-0008193,ORD-007264,2025-12-05,222.00,USD,B045
LE-0008194,ORD-009798,2025-09-18,149.96,USD,B046
LE-0008195,ORD-003910,2025-01-01,806.08,USD,B047
LE-0008196,ORD-004676,2025-06-12,687.99,USD,B048
LE-0008197,ORD-003844,2025-07-21,812.10,USD,B049
LE-0008198,ORD-008015,2025-02-06,355.14,USD,B050
LE-0008199,ORD-001268,2025-06-03,889.44,USD,B051
LE-0008200,ORD-010276,2025-08-10,99.20,USD,B052
LE-0008201,ORD-009528,2025-09-18,710.84,USD,B053
LE-0008202,ORD-001736,2025-01-25,606.50,USD,B054
LE-0008203,ORD-007284,2025-12-21,638.85,USD,B055
LE-0008204,ORD-010976,2025-03-17,10.86,USD,B056
LE-0008205,ORD-005131,2025-07-21,256.80,USD,B057
LE-0008206,ORD-004312,2025-05-25,498.08,USD,B058
LE-0008207,ORD-010765,2025-12-01,387.92,USD,B059
LE-0008208,ORD-011769,2025-01-27,380.92,USD,B060
LE-0008209,ORD-002393,2025-03-14,23.86,USD,B061
LE-0008210,ORD-001838,2025-08-08,232.81,USD,B062
LE-0008211,ORD-007405,2025-03-05,459.76,USD,B063
LE-0008212,ORD-009929,2025-02-12,698.94,USD,B064
LE-0008213,ORD-011620,2025-08-21,290.30,USD,B065
LE-0008214,ORD-001870,2025-07-12,130.88,USD,B066
LE-0008215,ORD-005674,2025-12-11,744.42,USD,B067
LE-0008216,ORD-010975,2025-11-24,689.69,USD,B068
LE-0008217,ORD-010230,2025-05-16,346.64,USD,B069
LE-0008218,ORD-009814,2025-10-17,106.91,USD,B070
LE-0008219,ORD-003590,2025-03-29,670.72,USD,B071
LE-0008220,ORD-003493,2025-06-19,826.54,USD,B072
LE-0008221,ORD-001006,2025-09-16,440.00,USD,B073
LE-0008222,ORD-007787,2025-07-21,800.34,USD,B074
LE-0008223,ORD-001843,2025-03-10,275.39,USD,B075
LE-0008224,ORD-007588,2025-04-25,286.93,USD,B076
LE-0008225,ORD-009245,2025-04-12,424.71,USD,B077
LE-0008226,ORD-001431,2025-01-23,882.09,USD,B078
LE-0008227,ORD-011561,2025-03-31,645.64,USD,B079
LE-0008228,ORD-007366,2025-12-08,58.75,USD,B080
LE-0008229,ORD-004261,2025-04-25,244.78,USD,B081
LE-0008230,ORD-008306,2025-07-02,188.25,USD,B082
LE-0008231,ORD-006678,2025-03-17,824.37,USD,B083
LE-0008232,ORD-010871,2025-11-01,231.90,USD,B084
LE-0008233,ORD-010638,2025-12-29,499.26,USD,B085
LE-0008234,ORD-002922,2025-02-14,347.85,USD,B086
LE-0008235,ORD-001855,2025-09-17,617.56,USD,B087
LE-0008236,ORD-003229,2025-03-31,209.64,USD,B088
LE-0008237,ORD-001263,2025-06-23,77.65,USD,B089
LE-0008238,ORD-001769,2025-03-09,27.02,USD,B090
LE-0008239,ORD-002616,2025-05-13,245.92,USD,B091
LE-0008240,ORD-010438,2025-06-18,227.70,USD,B092
LE-0008241,ORD-007477,2025-07-20,169.83,USD,B093
LE-0008242,ORD-007002,2025-07-24,595.03,USD,B094
LE-0008243,ORD-009636,2025-05-16,358.71,USD,B095
LE-0008244,ORD-006788,2025-07-27,133.55,USD,B096
LE-0008245,ORD-005473,2025-02-20,378.76,USD,B000
LE-0008246,ORD-007972,2025-11-02,840.41,USD,B001
LE-0008247,ORD-006425,2025-11-20,434.55,USD,B002
LE-0008248,ORD-005482,2025-10-02,473.24,USD,B003
LE-0008249,ORD-005653,2025-03-25,96.10,USD,B004
LE-0008250,ORD-009855,2025-05-30,328.34,USD,B005
LE-0008251,ORD-008731,2025-08-30,461.77,USD,B006
LE-0008252,ORD-002519,2025-12-01,592.43,USD,B007
LE-0008253,ORD-002861,2025-02-02,205.94,USD,B008
LE-0008254,ORD-010618,2025-11-08,224.65,USD,B009
LE-0008255,ORD-008461,2025-02-28,168.26,USD,B010
LE-0008256,ORD-002528,2025-05-03,744.90,USD,B011
LE-0008257,ORD-009017,2025-09-12,754.74,USD,B012
LE-0008258,ORD-009613,2025-04-30,185.80,USD,B013
LE-0008259,ORD-005982,2025-02-03,69.92,USD,B014
LE-0008260,ORD-001919,2025-08-16,573.39,USD,B015
LE-0008261,ORD-010661,2025-03-08,172.00,USD,B016
LE-0008262,ORD-010504,2025-10-25,837.66,USD,B017
LE-0008263,ORD-006671,2025-08-01,524.87,USD,B018
LE-0008264,ORD-003773,2025-11-23,627.41,USD,B019
LE-0008265,ORD-000685,2025-05-07,191.29,USD,B020
LE-0008266,ORD-004861,2025-03-01,130.44,USD,B021
LE-0008267,ORD-010940,2025-07-08,787.64,USD,B022
LE-0008268,ORD-008816,2025-06-19,477.00,USD,B023
LE-0008269,ORD-004734,2025-06-28,430.79,USD,B024
LE-0008270,ORD-009881,2025-12-10,605.03,USD,B025
LE-0008271,ORD-005631,2025-09-02,159.10,USD,B026
LE-0008272,ORD-009385,2025-03-26,254.66,USD,B027
LE-0008273,ORD-011432,2025-11-20,831.28,USD,B028
LE-0008274,ORD-009324,2025-01-28,621.80,USD,B029
LE-0008275,ORD-006848,2025-08-02,883.00,USD,B030
LE-0008276,ORD-008725,2025-08-20,177.00,USD,B031
LE-0008277,ORD-007464,2025-06-15,299.24,USD,B032
LE-0008278,ORD-003486,2025-06-15,330.02,USD,B033
LE-0008279,ORD-008024,2025-03-07,412.77,USD,B034
LE-0008280,ORD-009908,2025-04-26,728.80,USD,B035
LE-0008281,ORD-004822,2025-02-06,411.15,USD,B036
LE-0008282,ORD-010910,2025-01-22,703.86,USD,B037
LE-0008283,ORD-001165,2025-05-07,420.45,USD,B038
LE-0008284,ORD-006165,2025-07-25,336.19,USD,B039
LE-0008285,ORD-009549,2025-08-01,407.72,USD,B040
LE-0008286,ORD-002633,2025-06-27,440.24,USD,B041
LE-0008287,ORD-005420,2025-12-14,241.77,USD,B042
LE-0008288,ORD-009092,2025-10-20,395.36,USD,B043
LE-0008289,ORD-003041,2025-12-03,707.96,USD,B044
LE-0008290,ORD-009789,2025-05-13,45.65,USD,B045
LE-0008291,ORD-009224,2025-08-08,122.93,USD,B046
LE-0008292,ORD-009895,2025-01-22,615.42,USD,B047
LE-0008293,ORD-000026,2025-08-08,267.18,USD,B048
LE-0008294,ORD-001177,2025-01-09,843.38,USD,B049
LE-0008295,ORD-003775,2025-09-04,251.31,USD,B050
LE-0008296,ORD-008182,2025-09-12,585.66,USD,B051
LE-0008297,ORD-004981,2025-04-01,373.76,USD,B052
LE-0008298,ORD-011619,2025-10-31,26.00,USD,B053
LE-0008299,ORD-002771,2025-03-27,111.47,USD,B054
LE-0008300,ORD-004094,2025-03-26,343.38,USD,B055
LE-0008301,ORD-010856,2025-03-27,471.33,USD,B056
LE-0008302,ORD-000002,2025-08-19,331.61,USD,B057
LE-0008303,ORD-008879,2025-08-13,500.55,USD,B058
LE-0008304,ORD-009118,2025-10-27,882.53,USD,B059
LE-0008305,ORD-002552,2025-03-30,278.08,USD,B060
LE-0008306,ORD-005443,2025-02-14,878.06,USD,B061
LE-0008307,ORD-000246,2025-10-20,416.67,USD,B062
LE-0008308,ORD-004219,2025-04-22,271.40,USD,B063
LE-0008309,ORD-002621,2025-03-22,207.30,USD,B064
LE-0008310,ORD-003604,2025-01-31,246.98,USD,B065
LE-0008311,ORD-003265,2025-10-25,680.40,USD,B066
LE-0008312,ORD-003433,2025-09-23,137.28,USD,B067
LE-0008313,ORD-006285,2025-04-07,420.95,USD,B068
LE-0008314,ORD-006949,2025-08-02,852.42,USD,B069
LE-0008315,ORD-008830,2025-06-20,527.77,USD,B070
LE-0008316,ORD-008103,2025-01-23,64.25,USD,B071
LE-0008317,ORD-007821,2025-01-06,11.47,USD,B072
LE-0008318,ORD-001256,2025-12-31,851.05,USD,B073
LE-0008319,ORD-003757,2025-04-06,763.42,USD,B074
LE-0008320,ORD-011419,2025-11-18,680.19,USD,B075
LE-0008321,ORD-005980,2025-01-22,713.45,USD,B076
LE-0008322,ORD-004951,2025-05-05,428.29,USD,B077
LE-0008323,ORD-005445,2025-08-31,562.08,USD,B078
LE-0008324,ORD-002108,2025-03-16,530.50,USD,B079
LE-0008325,ORD-001013,2025-11-04,532.04,USD,B080
LE-0008326,ORD-001757,2025-01-05,5.00,USD,B081
LE-0008327,ORD-005569,2025-05-13,463.60,USD,B082
LE-0008328,ORD-005024,2025-03-07,188.37,USD,B083
LE-0008329,ORD-005602,2025-11-16,51.38,USD,B084
LE-0008330,ORD-002982,2025-09-29,19.65,USD,B085
LE-0008331,ORD-005476,2025-06-08,258.90,USD,B086
LE-0008332,ORD-001341,2025-02-01,296.17,USD,B087
LE-0008333,ORD-010222,2025-09-26,506.95,USD,B088
LE-0008334,ORD-005562,2025-09-14,278.16,USD,B089
LE-0008335,ORD-007618,2025-03-15,296.35,USD,B090
LE-0008336,ORD-009605,2025-06-20,259.20,USD,B091
LE-0008337,ORD-006808,2025-05-19,606.91,USD,B092
LE-0008338,ORD-002776,2025-04-03,769.88,USD,B093
LE-0008339,ORD-010957,2025-08-23,232.67,USD,B094
LE-0008340,ORD-000800,2025-02-24,689.94,USD,B095
LE-0008341,ORD-001370,2025-09-25,138.31,USD,B096
LE-0008342,ORD-003770,2025-04-03,405.59,USD,B000
LE-0008343,ORD-004737,2025-12-13,793.65,USD,B001
LE-0008344,ORD-007891,2025-04-23,128.27,USD,B002
LE-0008345,ORD-006241,2025-04-15,734.35,USD,B003
LE-0008346,ORD-002874,2025-12-31,202.14,USD,B004
LE-0008347,ORD-001524,2025-06-06,115.10,USD,B005
LE-0008348,ORD-002225,2025-09-30,669.50,USD,B006
LE-0008349,ORD-009437,2025-08-18,219.86,USD,B007
LE-0008350,ORD-003364,2025-11-12,302.09,USD,B008
LE-0008351,ORD-004124,2025-01-27,200.61,USD,B009
LE-0008352,ORD-009153,2025-03-06,323.34,USD,B010
LE-0008353,ORD-008068,2025-05-03,478.77,USD,B011
LE-0008354,ORD-009982,2025-01-09,32.79,USD,B012
LE-0008355,ORD-011466,2025-01-06,339.08,USD,B013
LE-0008356,ORD-000918,2025-10-19,746.60,USD,B014
LE-0008357,ORD-008475,2025-06-22,857.54,USD,B015
LE-0008358,ORD-006823,2025-10-15,429.80,USD,B016
LE-0008359,ORD-006101,2025-12-27,795.04,USD,B017
LE-0008360,ORD-008506,2025-03-10,348.82,USD,B018
LE-0008361,ORD-010825,2025-05-06,789.84,USD,B019
LE-0008362,ORD-001899,2025-01-21,89.28,USD,B020
LE-0008363,ORD-007622,2025-11-14,507.86,USD,B021
LE-0008364,ORD-009776,2025-09-01,320.91,USD,B022
LE-0008365,ORD-010843,2025-04-20,808.55,USD,B023
LE-0008366,ORD-000028,2025-03-03,507.48,USD,B024
LE-0008367,ORD-005704,2025-10-31,724.11,USD,B025
LE-0008368,ORD-004704,2025-04-22,126.12,USD,B026
LE-0008369,ORD-002066,2025-07-25,300.68,USD,B027
LE-0008370,ORD-010502,2025-02-21,489.08,USD,B028
LE-0008371,ORD-008492,2025-07-14,814.15,USD,B029
LE-0008372,ORD-004618,2025-02-09,456.13,USD,B030
LE-0008373,ORD-004562,2025-10-24,636.81,USD,B031
LE-0008374,ORD-005725,2025-01-11,165.94,USD,B032
LE-0008375,ORD-011766,2025-02-03,636.35,USD,B033
LE-0008376,ORD-007651,2025-03-04,125.03,USD,B034
LE-0008377,ORD-001437,2025-04-14,715.05,USD,B035
LE-0008378,ORD-006499,2025-12-18,11.46,USD,B036
LE-0008379,ORD-006013,2025-12-21,772.83,USD,B037
LE-0008380,ORD-004430,2025-09-06,874.81,USD,B038
LE-0008381,ORD-003862,2025-05-21,593.67,USD,B039
LE-0008382,ORD-006502,2025-11-25,230.82,USD,B040
LE-0008383,ORD-007215,2025-05-17,462.41,USD,B041
LE-0008384,ORD-008391,2025-12-29,384.23,USD,B042
LE-0008385,ORD-006626,2025-12-27,682.08,USD,B043
LE-0008386,ORD-004285,2025-11-14,338.67,USD,B044
LE-0008387,ORD-006279,2025-11-13,354.96,USD,B045
LE-0008388,ORD-008222,2025-11-20,567.32,USD,B046
LE-0008389,ORD-001152,2025-08-10,435.60,USD,B047
LE-0008390,ORD-005545,2025-08-27,44.08,USD,B048
LE-0008391,ORD-002106,2025-04-02,264.16,USD,B049
LE-0008392,ORD-008111,2025-10-31,119.07,USD,B050
LE-0008393,ORD-007638,2025-06-30,763.77,USD,B051
LE-0008394,ORD-005474,2025-01-28,774.39,USD,B052
LE-0008395,ORD-004678,2025-06-12,803.73,USD,B053
LE-0008396,ORD-011039,2025-07-19,568.92,USD,B054
LE-0008397,ORD-009618,2025-08-15,129.23,USD,B055
LE-0008398,ORD-008766,2025-02-18,267.34,USD,B056
LE-0008399,ORD-000724,2025-02-04,352.21,USD,B057
LE-0008400,ORD-000070,2025-01-31,693.47,USD,B058
LE-0008401,ORD-008921,2025-04-19,686.00,USD,B059
LE-0008402,ORD-008698,2025-03-07,549.67,USD,B060
LE-0008403,ORD-004653,2025-02-16,334.47,USD,B061
LE-0008404,ORD-000145,2025-07-26,699.01,USD,B062
LE-0008405,ORD-008706,2025-12-12,620.23,USD,B063
LE-0008406,ORD-005589,2025-04-04,453.99,USD,B064
LE-0008407,ORD-000546,2025-12-31,434.24,USD,B065
LE-0008408,ORD-008233,2025-06-22,499.67,USD,B066
LE-0008409,ORD-006799,2025-09-05,24.41,USD,B067
LE-0008410,ORD-005141,2025-04-14,360.26,USD,B068
LE-0008411,ORD-007931,2025-04-05,390.60,USD,B069
LE-0008412,ORD-005146,2025-01-06,744.79,USD,B070
LE-0008413,ORD-011700,2025-05-25,200.54,USD,B071
LE-0008414,ORD-003290,2025-06-15,669.61,USD,B072
LE-0008415,ORD-002354,2025-10-30,527.35,USD,B073
LE-0008416,ORD-005575,2025-01-20,350.77,USD,B074
LE-0008417,ORD-001027,2025-02-27,659.02,USD,B075
LE-0008418,ORD-001260,2025-09-01,437.25,USD,B076
LE-0008419,ORD-008326,2025-06-12,562.00,USD,B077
LE-0008420,ORD-001287,2025-02-16,544.34,USD,B078
LE-0008421,ORD-000233,2025-01-07,317.30,USD,B079
LE-0008422,ORD-001708,2025-08-22,641.91,USD,B080
LE-0008423,ORD-004230,2025-02-10,709.35,USD,B081
LE-0008424,ORD-007649,2025-06-19,136.73,USD,B082
LE-0008425,ORD-002877,2025-06-17,628.60,USD,B083
LE-0008426,ORD-004699,2025-08-12,274.62,USD,B084
LE-0008427,ORD-007163,2025-02-13,489.19,USD,B085
LE-0008428,ORD-000447,2025-08-08,857.16,USD,B086
LE-0008429,ORD-010365,2025-06-25,456.83,USD,B087
LE-0008430,ORD-001516,2025-11-09,427.07,USD,B088
LE-0008431,ORD-008861,2025-02-02,226.00,USD,B089
LE-0008432,ORD-002087,2025-02-09,876.69,USD,B090
LE-0008433,ORD-001640,2025-11-20,425.35,USD,B091
LE-0008434,ORD-010968,2025-01-01,809.94,USD,B092
LE-0008435,ORD-008147,2025-08-30,268.01,USD,B093
LE-0008436,ORD-009510,2025-09-22,55.59,USD,B094
LE-0008437,ORD-005440,2025-10-01,459.77,USD,B095
LE-0008438,ORD-003585,2025-02-12,710.63,USD,B096
LE-0008439,ORD-009004,2025-04-24,453.58,USD,B000
LE-0008440,ORD-007990,2025-06-30,168.75,USD,B001
LE-0008441,ORD-007444,2025-02-07,183.57,USD,B002
LE-0008442,ORD-003443,2025-03-10,635.68,USD,B003
LE-0008443,ORD-000074,2025-03-13,114.01,USD,B004
LE-0008444,ORD-000314,2025-04-24,279.59,USD,B005
LE-0008445,ORD-006375,2025-06-23,158.01,USD,B006
LE-0008446,ORD-008491,2025-02-01,62.95,USD,B007
LE-0008447,ORD-010754,2025-04-03,479.79,USD,B008
LE-0008448,ORD-008853,2025-05-01,196.44,USD,B009
LE-0008449,ORD-000092,2025-09-05,154.00,USD,B010
LE-0008450,ORD-011337,2025-01-10,9.00,USD,B011
LE-0008451,ORD-004551,2025-02-14,822.14,USD,B012
LE-0008452,ORD-006594,2025-08-23,839.80,USD,B013
LE-0008453,ORD-002600,2025-01-02,780.08,USD,B014
LE-0008454,ORD-003873,2025-12-21,719.59,USD,B015
LE-0008455,ORD-000766,2025-07-21,772.60,USD,B016
LE-0008456,ORD-005092,2025-10-29,152.99,USD,B017
LE-0008457,ORD-000120,2025-12-05,586.86,USD,B018
LE-0008458,ORD-000079,2025-12-30,536.93,USD,B019
LE-0008459,ORD-005402,2025-10-17,135.26,USD,B020
LE-0008460,ORD-005979,2025-11-09,479.97,USD,B021
LE-0008461,ORD-004506,2025-08-27,712.00,USD,B022
LE-0008462,ORD-010068,2025-09-08,578.60,USD,B023
LE-0008463,ORD-010100,2025-05-26,73.31,USD,B024
LE-0008464,ORD-004466,2025-02-15,147.63,USD,B025
LE-0008465,ORD-003173,2025-02-08,271.16,USD,B026
LE-0008466,ORD-008767,2025-02-15,269.53,USD,B027
LE-0008467,ORD-005287,2025-10-09,562.77,USD,B028
LE-0008468,ORD-003458,2025-08-12,422.68,USD,B029
LE-0008469,ORD-007283,2025-07-30,233.02,USD,B030
LE-0008470,ORD-001999,2025-09-16,744.98,USD,B031
LE-0008471,ORD-004122,2025-03-24,731.22,USD,B032
LE-0008472,ORD-009839,2025-12-27,800.00,USD,B033
LE-0008473,ORD-004654,2025-08-01,26.59,USD,B034
LE-0008474,ORD-004113,2025-11-08,179.00,USD,B035
LE-0008475,ORD-009244,2025-10-03,696.67,USD,B036
LE-0008476,ORD-004001,2025-10-29,443.98,USD,B037
LE-0008477,ORD-005916,2025-05-14,489.85,USD,B038
LE-0008478,ORD-003718,2025-08-17,58.48,USD,B039
LE-0008479,ORD-003694,2025-01-07,313.20,USD,B040
LE-0008480,ORD-003705,2025-07-16,179.98,USD,B041
LE-0008481,ORD-000063,2025-06-03,435.28,USD,B042
LE-0008482,ORD-001811,2025-02-11,312.00,USD,B043
LE-0008483,ORD-009169,2025-03-12,131.74,USD,B044
LE-0008484,ORD-001564,2025-09-14,243.72,USD,B045
LE-0008485,ORD-009902,2025-08-27,283.72,USD,B046
LE-0008486,ORD-005360,2025-12-14,786.04,USD,B047
LE-0008487,ORD-005309,2025-11-23,408.86,USD,B048
LE-0008488,ORD-011073,2025-01-03,331.24,USD,B049
LE-0008489,ORD-006031,2025-04-23,599.43,USD,B050
LE-0008490,ORD-004975,2025-01-05,796.45,USD,B051
LE-0008491,ORD-005305,2025-08-03,287.05,USD,B052
LE-0008492,ORD-001881,2025-07-16,802.36,USD,B053
LE-0008493,ORD-003974,2025-05-10,789.05,USD,B054
LE-0008494,ORD-004715,2025-06-09,625.72,USD,B055
LE-0008495,ORD-006514,2025-06-21,173.46,USD,B056
LE-0008496,ORD-004569,2025-05-19,5049.79,USD,B057
LE-0008497,ORD-011683,2025-02-20,695.63,USD,B058
LE-0008498,ORD-005567,2025-10-18,106.00,USD,B059
LE-0008499,ORD-005730,2025-09-27,548.82,USD,B060
LE-0008500,ORD-010475,2025-01-11,227.28,USD,B061
LE-0008501,ORD-010044,2025-06-26,262.76,USD,B062
LE-0008502,ORD-005368,2025-08-01,185.20,USD,B063
LE-0008503,ORD-008210,2025-12-28,760.02,USD,B064
LE-0008504,ORD-008726,2025-10-05,859.68,USD,B065
LE-0008505,ORD-002103,2025-02-25,402.54,USD,B066
LE-0008506,ORD-002534,2025-05-04,110.51,USD,B067
LE-0008507,ORD-010459,2025-07-06,152.00,USD,B068
LE-0008508,ORD-003807,2025-08-07,570.38,USD,B069
LE-0008509,ORD-009828,2025-08-29,591.71,USD,B070
LE-0008510,ORD-007918,2025-11-19,867.40,USD,B071
LE-0008511,ORD-007960,2025-07-19,229.72,USD,B072
LE-0008512,ORD-006281,2025-09-13,42.89,USD,B073
LE-0008513,ORD-009188,2025-11-09,265.84,USD,B074
LE-0008514,ORD-003042,2025-03-14,675.23,USD,B075
LE-0008515,ORD-001865,2025-05-03,692.20,USD,B076
LE-0008516,ORD-011841,2025-08-09,29.52,USD,B077
LE-0008517,ORD-007306,2025-02-11,274.36,USD,B078
LE-0008518,ORD-003599,2025-05-13,802.76,USD,B079
LE-0008519,ORD-004333,2025-07-13,385.20,USD,B080
LE-0008520,ORD-007975,2025-09-12,793.04,USD,B081
LE-0008521,ORD-006149,2025-06-04,564.29,USD,B082
LE-0008522,ORD-000325,2025-08-06,386.25,USD,B083
LE-0008523,ORD-000563,2025-06-30,69.55,USD,B084
LE-0008524,ORD-005705,2025-10-01,36.33,USD,B085
LE-0008525,ORD-009408,2025-02-01,803.97,USD,B086
LE-0008526,ORD-007204,2025-04-02,445.19,USD,B087
LE-0008527,ORD-008995,2025-12-19,351.96,USD,B088
LE-0008528,ORD-000584,2025-06-09,700.07,USD,B089
LE-0008529,ORD-000687,2025-01-29,815.22,USD,B090
LE-0008530,ORD-003959,2025-11-28,212.04,USD,B091
LE-0008531,ORD-009353,2025-09-07,57.67,USD,B092
LE-0008532,ORD-007169,2025-09-22,120.43,USD,B093
LE-0008533,ORD-001884,2025-07-31,774.72,USD,B094
LE-0008534,ORD-002365,2025-05-20,850.78,USD,B095
LE-0008535,ORD-011235,2025-10-23,859.07,USD,B096
LE-0008536,ORD-003014,2025-01-17,276.19,USD,B000
LE-0008537,ORD-008432,2025-09-15,807.24,USD,B001
LE-0008538,ORD-009214,2025-06-21,159.79,USD,B002
LE-0008539,ORD-010666,2025-05-24,820.39,USD,B003
LE-0008540,ORD-008759,2025-10-05,273.22,USD,B004
LE-0008541,ORD-004852,2025-08-18,879.55,USD,B005
LE-0008542,ORD-007873,2025-05-11,660.68,USD,B006
LE-0008543,ORD-009536,2025-01-21,520.18,USD,B007
LE-0008544,ORD-003854,2025-08-15,67.65,USD,B008
LE-0008545,ORD-003506,2025-02-09,172.03,USD,B009
LE-0008546,ORD-006066,2025-03-01,379.29,USD,B010
LE-0008547,ORD-002403,2025-08-16,699.22,USD,B011
LE-0008548,ORD-004545,2025-05-07,91.37,USD,B012
LE-0008549,ORD-009076,2025-09-08,383.84,USD,B013
LE-0008550,ORD-006114,2025-12-05,98.90,USD,B014
LE-0008551,ORD-006830,2025-07-14,464.78,USD,B015
LE-0008552,ORD-001727,2025-04-17,548.49,USD,B016
LE-0008553,ORD-007206,2025-03-07,809.65,USD,B017
LE-0008554,ORD-005786,2025-09-09,486.00,USD,B018
LE-0008555,ORD-002524,2025-07-16,113.61,USD,B019
LE-0008556,ORD-004840,2025-12-10,102.01,USD,B020
LE-0008557,ORD-005068,2025-09-02,472.62,USD,B021
LE-0008558,ORD-007541,2025-12-26,385.34,USD,B022
LE-0008559,ORD-008663,2025-07-01,722.16,USD,B023
LE-0008560,ORD-008235,2025-02-22,735.00,USD,B024
LE-0008561,ORD-009383,2025-03-23,653.51,USD,B025
LE-0008562,ORD-005327,2025-06-02,608.72,USD,B026
LE-0008563,ORD-008298,2025-05-24,270.44,USD,B027
LE-0008564,ORD-008798,2025-05-17,86.42,USD,B028
LE-0008565,ORD-010947,2025-03-07,603.87,USD,B029
LE-0008566,ORD-002721,2025-06-30,227.17,USD,B030
LE-0008567,ORD-008777,2025-06-01,561.01,USD,B031
LE-0008568,ORD-010544,2025-04-02,164.37,USD,B032
LE-0008569,ORD-000673,2025-09-29,508.30,USD,B033
LE-0008570,ORD-003957,2025-03-27,226.88,USD,B034
LE-0008571,ORD-008633,2025-01-18,414.65,USD,B035
LE-0008572,ORD-009681,2025-03-02,578.78,USD,B036
LE-0008573,ORD-005882,2025-04-03,26.53,USD,B037
LE-0008574,ORD-007953,2025-03-20,270.13,USD,B038
LE-0008575,ORD-005157,2025-06-01,136.10,USD,B039
LE-0008576,ORD-003989,2025-05-27,729.39,USD,B040
LE-0008577,ORD-009028,2025-06-17,429.33,USD,B041
LE-0008578,ORD-001214,2025-12-28,446.56,USD,B042
LE-0008579,ORD-004733,2025-12-01,395.79,USD,B043
LE-0008580,ORD-005516,2025-05-28,769.30,USD,B044
LE-0008581,ORD-009610,2025-03-04,380.00,USD,B045
LE-0008582,ORD-010900,2025-01-31,773.35,USD,B046
LE-0008583,ORD-003809,2025-06-11,679.76,USD,B047
LE-0008584,ORD-004246,2025-08-25,394.17,USD,B048
LE-0008585,ORD-005133,2025-12-11,114.28,USD,B049
LE-0008586,ORD-004869,2025-03-10,512.09,USD,B050
LE-0008587,ORD-001109,2025-12-13,587.07,USD,B051
LE-0008588,ORD-010472,2025-04-23,67.79,USD,B052
LE-0008589,ORD-003600,2025-06-26,244.83,USD,B053
LE-0008590,ORD-007420,2025-05-29,890.74,USD,B054
LE-0008591,ORD-004512,2025-04-07,192.54,USD,B055
LE-0008592,ORD-006665,2025-02-18,128.52,USD,B056
LE-0008593,ORD-009710,2025-07-22,264.67,USD,B057
LE-0008594,ORD-008711,2025-06-03,119.18,USD,B058
LE-0008595,ORD-003116,2025-10-22,134.50,USD,B059
LE-0008596,ORD-005688,2025-02-25,72.27,USD,B060
LE-0008597,ORD-001679,2025-02-10,227.62,USD,B061
LE-0008598,ORD-002959,2025-03-17,537.32,USD,B062
LE-0008599,ORD-009209,2025-04-03,281.29,USD,B063
LE-0008600,ORD-004200,2025-09-28,711.32,USD,B064
LE-0008601,ORD-006411,2025-12-20,627.18,USD,B065
LE-0008602,ORD-002482,2025-07-02,833.69,USD,B066
LE-0008603,ORD-003172,2025-10-24,813.33,USD,B067
LE-0008604,ORD-001552,2025-03-03,552.11,USD,B068
LE-0008605,ORD-001556,2025-06-12,420.95,USD,B069
LE-0008606,ORD-003463,2025-03-28,749.59,USD,B070
LE-0008607,ORD-007080,2025-08-05,204.32,USD,B071
LE-0008608,ORD-001807,2025-03-16,690.95,USD,B072
LE-0008609,ORD-010572,2025-12-09,626.10,USD,B073
LE-0008610,ORD-008891,2025-02-12,41.94,USD,B074
LE-0008611,ORD-002914,2025-06-08,888.40,USD,B075
LE-0008612,ORD-005976,2025-10-30,390.99,USD,B076
LE-0008613,ORD-007363,2025-04-10,72.86,USD,B077
LE-0008614,ORD-003597,2025-10-06,781.46,USD,B078
LE-0008615,ORD-003802,2025-12-05,898.85,USD,B079
LE-0008616,ORD-010636,2025-04-27,713.02,USD,B080
LE-0008617,ORD-007339,2025-11-04,809.82,USD,B081
LE-0008618,ORD-006293,2025-08-22,158.00,USD,B082
LE-0008619,ORD-005952,2025-11-02,325.31,USD,B083
LE-0008620,ORD-007216,2025-06-15,398.22,USD,B084
LE-0008621,ORD-009565,2025-09-28,252.13,USD,B085
LE-0008622,ORD-008584,2025-03-06,150.46,USD,B086
LE-0008623,ORD-001477,2025-01-27,494.50,USD,B087
LE-0008624,ORD-002777,2025-05-18,853.44,USD,B088
LE-0008625,ORD-009578,2025-08-11,244.42,USD,B089
LE-0008626,ORD-003277,2025-11-21,549.80,USD,B090
LE-0008627,ORD-011016,2025-06-16,144.39,USD,B091
LE-0008628,ORD-008079,2025-02-07,383.54,USD,B092
LE-0008629,ORD-010073,2025-08-03,210.30,USD,B093
LE-0008630,ORD-010175,2025-08-03,17.61,USD,B094
LE-0008631,ORD-000127,2025-01-04,635.93,USD,B095
LE-0008632,ORD-004172,2025-12-18,109.65,USD,B096
LE-0008633,ORD-004912,2025-07-10,616.18,USD,B000
LE-0008634,ORD-008510,2025-02-03,623.96,USD,B001
LE-0008635,ORD-008890,2025-08-04,473.15,USD,B002
LE-0008636,ORD-002149,2025-06-05,699.04,USD,B003
LE-0008637,ORD-006973,2025-10-29,686.86,USD,B004
LE-0008638,ORD-002432,2025-04-18,118.92,USD,B005
LE-0008639,ORD-001911,2025-01-24,450.13,USD,B006
LE-0008640,ORD-010553,2025-11-15,139.38,USD,B007
LE-0008641,ORD-010279,2025-01-21,158.42,USD,B008
LE-0008642,ORD-010619,2025-02-20,411.47,USD,B009
LE-0008643,ORD-000377,2025-11-29,231.85,USD,B010
LE-0008644,ORD-008142,2025-02-09,245.05,USD,B011
LE-0008645,ORD-004714,2025-09-25,380.97,USD,B012
LE-0008646,ORD-007892,2025-05-11,299.99,USD,B013
LE-0008647,ORD-007833,2025-07-14,311.00,USD,B014
LE-0008648,ORD-006168,2025-12-27,204.00,USD,B015
LE-0008649,ORD-003592,2025-07-30,491.85,USD,B016
LE-0008650,ORD-007298,2025-03-22,436.96,USD,B017
LE-0008651,ORD-008690,2025-09-26,770.85,USD,B018
LE-0008652,ORD-001962,2025-11-03,447.54,USD,B019
LE-0008653,ORD-007991,2025-12-04,890.00,USD,B020
LE-0008654,ORD-008840,2025-12-02,128.36,USD,B021
LE-0008655,ORD-006970,2025-05-25,354.40,USD,B022
LE-0008656,ORD-000855,2025-01-06,503.15,USD,B023
LE-0008657,ORD-005113,2025-05-10,369.00,USD,B024
LE-0008658,ORD-000748,2025-11-07,707.70,USD,B025
LE-0008659,ORD-009922,2025-11-18,368.97,USD,B026
LE-0008660,ORD-008083,2025-06-09,549.71,USD,B027
LE-0008661,ORD-000403,2025-04-26,360.68,USD,B028
LE-0008662,ORD-010943,2025-09-29,356.63,USD,B029
LE-0008663,ORD-008178,2025-12-30,785.30,USD,B030
LE-0008664,ORD-002134,2025-01-04,457.77,USD,B031
LE-0008665,ORD-010815,2025-10-04,830.65,USD,B032
LE-0008666,ORD-010823,2025-09-25,73.85,USD,B033
LE-0008667,ORD-003396,2025-03-03,654.64,USD,B034
LE-0008668,ORD-005713,2025-09-04,332.59,USD,B035
LE-0008669,ORD-011779,2025-12-14,118.51,USD,B036
LE-0008670,ORD-003341,2025-07-08,850.59,USD,B037
LE-0008671,ORD-004448,2025-09-30,497.46,USD,B038
LE-0008672,ORD-007316,2025-08-15,410.97,USD,B039
LE-0008673,ORD-009325,2025-05-17,740.50,USD,B040
LE-0008674,ORD-008238,2025-10-23,443.00,USD,B041
LE-0008675,ORD-001250,2025-12-07,570.73,USD,B042
LE-0008676,ORD-007191,2025-04-13,63.50,USD,B043
LE-0008677,ORD-006190,2025-09-14,79.81,USD,B044
LE-0008678,ORD-000843,2025-05-24,259.24,USD,B045
LE-0008679,ORD-005846,2025-04-27,490.00,USD,B046
LE-0008680,ORD-001819,2025-08-29,827.58,USD,B047
LE-0008681,ORD-004368,2025-07-23,525.58,USD,B048
LE-0008682,ORD-009361,2025-08-14,619.50,USD,B049
LE-0008683,ORD-006446,2025-11-26,250.81,USD,B050
LE-0008684,ORD-007400,2025-01-14,176.93,USD,B051
LE-0008685,ORD-008709,2025-02-21,829.07,USD,B052
LE-0008686,ORD-011175,2025-02-24,258.33,USD,B053
LE-0008687,ORD-004718,2025-01-27,257.77,USD,B054
LE-0008688,ORD-001982,2025-12-13,407.65,USD,B055
LE-0008689,ORD-002269,2025-07-05,406.81,USD,B056
LE-0008690,ORD-008259,2025-06-28,23.35,USD,B057
LE-0008691,ORD-001696,2025-08-09,752.31,USD,B058
LE-0008692,ORD-009112,2025-08-27,181.11,USD,B059
LE-0008693,ORD-010522,2025-09-18,162.48,USD,B060
LE-0008694,ORD-009980,2025-12-30,53.54,USD,B061
LE-0008695,ORD-002288,2025-10-03,549.90,USD,B062
LE-0008696,ORD-008874,2025-09-09,171.51,USD,B063
LE-0008697,ORD-011731,2025-07-03,667.68,USD,B064
LE-0008698,ORD-011181,2025-03-09,859.06,USD,B065
LE-0008699,ORD-011595,2025-09-26,557.10,USD,B066
LE-0008700,ORD-010375,2025-04-01,621.95,USD,B067
LE-0008701,ORD-007145,2025-12-08,292.82,USD,B068
LE-0008702,ORD-004344,2025-06-18,828.98,USD,B069
LE-0008703,ORD-009058,2025-06-21,418.29,USD,B070
LE-0008704,ORD-011100,2025-03-31,889.10,USD,B071
LE-0008705,ORD-009275,2025-03-29,642.15,USD,B072
LE-0008706,ORD-009093,2025-04-09,419.51,USD,B073
LE-0008707,ORD-006146,2025-12-21,181.22,USD,B074
LE-0008708,ORD-011042,2025-11-26,481.69,USD,B075
LE-0008709,ORD-008996,2025-12-21,133.69,USD,B076
LE-0008710,ORD-003777,2025-07-04,57.67,USD,B077
LE-0008711,ORD-008867,2025-02-09,130.16,USD,B078
LE-0008712,ORD-001417,2025-04-29,560.92,USD,B079
LE-0008713,ORD-001541,2025-02-26,507.17,USD,B080
LE-0008714,ORD-005349,2025-04-23,419.42,USD,B081
LE-0008715,ORD-001185,2025-02-12,533.36,USD,B082
LE-0008716,ORD-004803,2025-08-19,599.52,USD,B083
LE-0008717,ORD-008121,2025-11-21,691.67,USD,B084
LE-0008718,ORD-007037,2025-01-30,43.39,USD,B085
LE-0008719,ORD-002165,2025-07-15,330.62,USD,B086
LE-0008720,ORD-011117,2025-05-23,431.62,USD,B087
LE-0008721,ORD-002139,2025-08-25,556.09,USD,B088
LE-0008722,ORD-006217,2025-09-13,797.13,USD,B089
LE-0008723,ORD-003460,2025-03-06,441.55,USD,B090
LE-0008724,ORD-008465,2025-11-23,811.46,USD,B091
LE-0008725,ORD-001420,2025-09-03,638.53,USD,B092
LE-0008726,ORD-006936,2025-04-14,396.97,USD,B093
LE-0008727,ORD-006043,2025-04-20,807.61,USD,B094
LE-0008728,ORD-009559,2025-07-05,676.18,USD,B095
LE-0008729,ORD-010351,2025-10-12,521.89,USD,B096
LE-0008730,ORD-002626,2025-07-23,88.08,USD,B000
LE-0008731,ORD-000274,2025-11-25,834.66,USD,B001
LE-0008732,ORD-000270,2025-10-13,283.89,USD,B002
LE-0008733,ORD-002343,2025-03-21,50.48,USD,B003
LE-0008734,ORD-005203,2025-05-16,115.07,USD,B004
LE-0008735,ORD-001662,2025-10-19,229.53,USD,B005
LE-0008736,ORD-011849,2025-04-16,199.32,USD,B006
LE-0008737,ORD-007186,2025-06-07,301.38,USD,B007
LE-0008738,ORD-010400,2025-06-04,639.46,USD,B008
LE-0008739,ORD-006184,2025-02-01,419.66,USD,B009
LE-0008740,ORD-007978,2025-07-23,304.12,USD,B010
LE-0008741,ORD-000380,2025-12-04,343.17,USD,B011
LE-0008742,ORD-010948,2025-01-06,746.99,USD,B012
LE-0008743,ORD-004769,2025-06-10,807.04,USD,B013
LE-0008744,ORD-003309,2025-08-04,862.93,USD,B014
LE-0008745,ORD-009623,2025-07-05,218.61,USD,B015
LE-0008746,ORD-002773,2025-11-18,54.48,USD,B016
LE-0008747,ORD-004930,2025-12-25,690.28,USD,B017
LE-0008748,ORD-001182,2025-01-21,824.00,USD,B018
LE-0008749,ORD-002060,2025-09-28,360.36,USD,B019
LE-0008750,ORD-001646,2025-03-23,65.00,USD,B020
LE-0008751,ORD-006062,2025-09-10,30.05,USD,B021
LE-0008752,ORD-000501,2025-07-23,270.23,USD,B022
LE-0008753,ORD-004339,2025-02-02,374.00,USD,B023
LE-0008754,ORD-002166,2025-02-12,164.84,USD,B024
LE-0008755,ORD-000167,2025-08-31,430.23,USD,B025
LE-0008756,ORD-003998,2025-01-29,479.43,USD,B026
LE-0008757,ORD-006842,2025-11-07,284.78,USD,B027
LE-0008758,ORD-000810,2025-01-08,400.09,USD,B028
LE-0008759,ORD-003520,2025-06-13,784.15,USD,B029
LE-0008760,ORD-010412,2025-11-09,870.28,USD,B030
LE-0008761,ORD-006654,2025-03-02,220.07,USD,B031
LE-0008762,ORD-007586,2025-10-17,853.00,USD,B032
LE-0008763,ORD-003286,2025-09-26,607.73,USD,B033
LE-0008764,ORD-006715,2025-12-22,785.51,USD,B034
LE-0008765,ORD-011653,2025-11-03,240.27,USD,B035
LE-0008766,ORD-007985,2025-05-03,178.42,USD,B036
LE-0008767,ORD-011643,2025-08-22,306.32,USD,B037
LE-0008768,ORD-003381,2025-03-27,38.51,USD,B038
LE-0008769,ORD-007629,2025-10-27,714.05,USD,B039
LE-0008770,ORD-000413,2025-06-10,433.17,USD,B040
LE-0008771,ORD-009415,2025-06-24,492.35,USD,B041
LE-0008772,ORD-011081,2025-01-06,384.02,USD,B042
LE-0008773,ORD-008100,2025-02-07,457.48,USD,B043
LE-0008774,ORD-007066,2025-06-18,722.07,USD,B044
LE-0008775,ORD-007187,2025-02-03,379.77,USD,B045
LE-0008776,ORD-008556,2025-10-30,498.07,USD,B046
LE-0008777,ORD-009775,2025-06-20,846.00,USD,B047
LE-0008778,ORD-011086,2025-09-19,321.06,USD,B048
LE-0008779,ORD-008738,2025-11-18,557.78,USD,B049
LE-0008780,ORD-005434,2025-06-10,296.09,USD,B050
LE-0008781,ORD-005078,2025-11-25,9.21,USD,B051
LE-0008782,ORD-002390,2025-02-04,575.19,USD,B052
LE-0008783,ORD-007921,2025-03-24,659.25,USD,B053
LE-0008784,ORD-004648,2025-07-15,787.89,USD,B054
LE-0008785,ORD-002540,2025-07-11,774.57,USD,B055
LE-0008786,ORD-008044,2025-03-14,704.02,USD,B056
LE-0008787,ORD-004584,2025-05-15,321.52,USD,B057
LE-0008788,ORD-000961,2025-06-21,779.00,USD,B058
LE-0008789,ORD-004511,2025-09-21,608.44,USD,B059
LE-0008790,ORD-010891,2025-07-10,476.08,USD,B060
LE-0008791,ORD-007089,2025-11-06,856.57,USD,B061
LE-0008792,ORD-005435,2025-10-23,135.40,USD,B062
LE-0008793,ORD-006663,2025-03-16,898.58,USD,B063
LE-0008794,ORD-002697,2025-01-05,160.37,USD,B064
LE-0008795,ORD-002942,2025-02-02,213.56,USD,B065
LE-0008796,ORD-002900,2025-08-26,447.79,USD,B066
LE-0008797,ORD-007088,2025-09-01,104.39,USD,B067
LE-0008798,ORD-011681,2025-03-12,533.27,USD,B068
LE-0008799,ORD-006886,2025-08-15,56.38,USD,B069
LE-0008800,ORD-010288,2025-02-06,325.57,USD,B070
LE-0008801,ORD-008365,2025-09-19,520.26,USD,B071
LE-0008802,ORD-010258,2025-08-12,410.85,USD,B072
LE-0008803,ORD-007155,2025-09-30,246.02,USD,B073
LE-0008804,ORD-001169,2025-08-05,494.85,USD,B074
LE-0008805,ORD-000367,2025-05-25,731.08,USD,B075
LE-0008806,ORD-011812,2025-05-30,42.83,USD,B076
LE-0008807,ORD-003230,2025-10-22,44.85,USD,B077
LE-0008808,ORD-002449,2025-09-26,636.32,USD,B078
LE-0008809,ORD-010770,2025-07-08,313.64,USD,B079
LE-0008810,ORD-008901,2025-08-14,822.73,USD,B080
LE-0008811,ORD-000362,2025-01-23,243.53,USD,B081
LE-0008812,ORD-005148,2025-12-10,520.10,USD,B082
LE-0008813,ORD-000494,2025-09-14,7.48,USD,B083
LE-0008814,ORD-010414,2025-02-22,305.27,USD,B084
LE-0008815,ORD-009877,2025-11-11,735.00,USD,B085
LE-0008816,ORD-000572,2025-12-16,344.08,USD,B086
LE-0008817,ORD-002996,2025-05-02,713.29,USD,B087
LE-0008818,ORD-008134,2025-06-29,792.57,USD,B088
LE-0008819,ORD-004816,2025-07-07,782.69,USD,B089
LE-0008820,ORD-010293,2025-06-12,77.49,USD,B090
LE-0008821,ORD-001081,2025-03-20,512.54,USD,B091
LE-0008822,ORD-002509,2025-07-04,242.81,USD,B092
LE-0008823,ORD-007177,2025-05-15,694.31,USD,B093
LE-0008824,ORD-006664,2025-06-12,444.27,USD,B094
LE-0008825,ORD-002694,2025-10-06,881.00,USD,B095
LE-0008826,ORD-008030,2025-12-05,9.81,USD,B096
LE-0008827,ORD-004150,2025-02-20,52.06,USD,B000
LE-0008828,ORD-011178,2025-03-11,55.70,USD,B001
LE-0008829,ORD-001289,2025-09-20,828.42,USD,B002
LE-0008830,ORD-007988,2025-09-17,589.08,USD,B003
LE-0008831,ORD-008974,2025-07-23,211.68,USD,B004
LE-0008832,ORD-011045,2025-01-07,210.02,USD,B005
LE-0008833,ORD-004398,2025-07-28,222.00,USD,B006
LE-0008834,ORD-000853,2025-08-20,220.01,USD,B007
LE-0008835,ORD-001039,2025-01-11,532.69,USD,B008
LE-0008836,ORD-001667,2025-06-30,896.92,USD,B009
LE-0008837,ORD-003227,2025-07-18,205.05,USD,B010
LE-0008838,ORD-008278,2025-10-05,267.16,USD,B011
LE-0008839,ORD-011202,2025-02-08,801.69,USD,B012
LE-0008840,ORD-008804,2025-03-08,778.57,USD,B013
LE-0008841,ORD-006180,2025-10-20,614.02,USD,B014
LE-0008842,ORD-006097,2025-02-02,39.40,USD,B015
LE-0008843,ORD-004125,2025-04-18,119.61,USD,B016
LE-0008844,ORD-006527,2025-09-13,323.68,USD,B017
LE-0008845,ORD-009661,2025-11-27,428.00,USD,B018
LE-0008846,ORD-001827,2025-06-18,295.76,USD,B019
LE-0008847,ORD-001927,2025-04-30,439.47,USD,B020
LE-0008848,ORD-011745,2025-07-12,271.19,USD,B021
LE-0008849,ORD-007575,2025-01-27,61.23,USD,B022
LE-0008850,ORD-009695,2025-06-15,520.14,USD,B023
LE-0008851,ORD-002873,2025-10-20,40.09,USD,B024
LE-0008852,ORD-011553,2025-09-19,283.92,USD,B025
LE-0008853,ORD-000132,2025-04-03,889.05,USD,B026
LE-0008854,ORD-009174,2025-11-13,241.50,USD,B027
LE-0008855,ORD-011168,2025-02-26,441.72,USD,B028
LE-0008856,ORD-011373,2025-12-24,412.88,USD,B029
LE-0008857,ORD-001779,2025-04-14,346.86,USD,B030
LE-0008858,ORD-008082,2025-04-25,163.26,USD,B031
LE-0008859,ORD-009106,2025-04-02,618.93,USD,B032
LE-0008860,ORD-004265,2025-11-06,324.11,USD,B033
LE-0008861,ORD-005466,2025-05-13,719.04,USD,B034
LE-0008862,ORD-011680,2025-05-02,612.06,USD,B035
LE-0008863,ORD-008736,2025-06-19,90.88,USD,B036
LE-0008864,ORD-005389,2025-01-06,786.04,USD,B037
LE-0008865,ORD-011145,2025-11-25,272.99,USD,B038
LE-0008866,ORD-010677,2025-01-17,479.56,USD,B039
LE-0008867,ORD-008205,2025-07-11,201.68,USD,B040
LE-0008868,ORD-011801,2025-06-08,283.35,USD,B041
LE-0008869,ORD-009760,2025-03-11,790.62,USD,B042
LE-0008870,ORD-000056,2025-02-08,704.74,USD,B043
LE-0008871,ORD-000930,2025-05-07,561.02,USD,B044
LE-0008872,ORD-003926,2025-04-12,575.05,USD,B045
LE-0008873,ORD-011105,2025-06-27,236.95,USD,B046
LE-0008874,ORD-001277,2025-01-22,727.36,USD,B047
LE-0008875,ORD-010285,2025-11-12,180.79,USD,B048
LE-0008876,ORD-000956,2025-02-26,204.08,USD,B049
LE-0008877,ORD-008616,2025-06-10,183.44,USD,B050
LE-0008878,ORD-004543,2025-02-17,556.59,USD,B051
LE-0008879,ORD-004782,2025-03-08,679.46,USD,B052
LE-0008880,ORD-011547,2025-09-07,771.92,USD,B053
LE-0008881,ORD-008558,2025-01-09,163.67,USD,B054
LE-0008882,ORD-009781,2025-12-15,422.93,USD,B055
LE-0008883,ORD-000576,2025-04-10,198.29,USD,B056
LE-0008884,ORD-004019,2025-01-02,766.78,USD,B057
LE-0008885,ORD-003790,2025-04-04,470.57,USD,B058
LE-0008886,ORD-005123,2025-05-26,465.93,USD,B059
LE-0008887,ORD-009401,2025-12-28,400.61,USD,B060
LE-0008888,ORD-011334,2025-04-16,495.64,USD,B061
LE-0008889,ORD-006211,2025-05-30,573.04,USD,B062
LE-0008890,ORD-002763,2025-03-24,399.39,USD,B063
LE-0008891,ORD-005671,2025-08-24,305.69,USD,B064
LE-0008892,ORD-002013,2025-02-02,414.02,USD,B065
LE-0008893,ORD-004423,2025-11-01,141.88,USD,B066
LE-0008894,ORD-000449,2025-07-04,617.46,USD,B067
LE-0008895,ORD-003302,2025-01-17,33.99,USD,B068
LE-0008896,ORD-010060,2025-07-27,784.59,USD,B069
LE-0008897,ORD-002099,2025-02-07,365.78,USD,B070
LE-0008898,ORD-007666,2025-03-15,69.55,USD,B071
LE-0008899,ORD-005328,2025-05-09,151.10,USD,B072
LE-0008900,ORD-008335,2025-06-30,825.00,USD,B073
LE-0008901,ORD-008225,2025-09-10,40.00,USD,B074
LE-0008902,ORD-002046,2025-01-30,666.57,USD,B075
LE-0008903,ORD-006384,2025-03-16,760.60,USD,B076
LE-0008904,ORD-009529,2025-05-01,443.36,USD,B077
LE-0008905,ORD-009927,2025-12-05,57.38,USD,B078
LE-0008906,ORD-011355,2025-09-01,5.23,USD,B079
LE-0008907,ORD-008579,2025-08-12,498.48,USD,B080
LE-0008908,ORD-010117,2025-11-18,33.26,USD,B081
LE-0008909,ORD-010336,2025-08-11,731.09,USD,B082
LE-0008910,ORD-006849,2025-05-15,808.88,USD,B083
LE-0008911,ORD-000214,2025-07-23,726.00,USD,B084
LE-0008912,ORD-010565,2025-05-23,729.99,USD,B085
LE-0008913,ORD-007044,2025-11-29,125.69,USD,B086
LE-0008914,ORD-006850,2025-12-20,829.44,USD,B087
LE-0008915,ORD-008679,2025-09-28,327.36,USD,B088
LE-0008916,ORD-007679,2025-08-21,831.35,USD,B089
LE-0008917,ORD-006124,2025-10-26,415.81,USD,B090
LE-0008918,ORD-004706,2025-11-17,13.48,USD,B091
LE-0008919,ORD-003524,2025-02-16,723.95,USD,B092
LE-0008920,ORD-007417,2025-05-20,703.01,USD,B093
LE-0008921,ORD-011564,2025-08-24,697.91,USD,B094
LE-0008922,ORD-010512,2025-05-26,658.81,USD,B095
LE-0008923,ORD-011421,2025-12-27,348.44,USD,B096
LE-0008924,ORD-011698,2025-04-24,7.25,USD,B000
LE-0008925,ORD-005336,2025-08-15,780.02,USD,B001
LE-0008926,ORD-009170,2025-10-25,896.16,USD,B002
LE-0008927,ORD-004335,2025-08-08,707.75,USD,B003
LE-0008928,ORD-010479,2025-11-04,545.15,USD,B004
LE-0008929,ORD-005116,2025-07-30,126.87,USD,B005
LE-0008930,ORD-004947,2025-12-14,692.44,USD,B006
LE-0008931,ORD-004794,2025-05-01,670.98,USD,B007
LE-0008932,ORD-002898,2025-03-14,266.28,USD,B008
LE-0008933,ORD-009708,2025-03-21,322.50,USD,B009
LE-0008934,ORD-007900,2025-04-10,574.34,USD,B010
LE-0008935,ORD-004359,2025-11-14,234.27,USD,B011
LE-0008936,ORD-008376,2025-02-06,8.07,USD,B012
LE-0008937,ORD-000919,2025-01-19,89.63,USD,B013
LE-0008938,ORD-010664,2025-07-01,893.51,USD,B014
LE-0008939,ORD-005272,2025-07-13,760.09,USD,B015
LE-0008940,ORD-009285,2025-02-15,759.14,USD,B016
LE-0008941,ORD-003412,2025-08-29,761.27,USD,B017
LE-0008942,ORD-004021,2025-08-21,693.05,USD,B018
LE-0008943,ORD-001756,2025-12-31,746.04,USD,B019
LE-0008944,ORD-007772,2025-01-09,471.04,USD,B020
LE-0008945,ORD-003413,2025-02-10,442.14,USD,B021
LE-0008946,ORD-009650,2025-06-30,673.34,USD,B022
LE-0008947,ORD-002141,2025-07-07,515.18,USD,B023
LE-0008948,ORD-002515,2025-12-28,682.06,USD,B024
LE-0008949,ORD-006993,2025-10-07,324.03,USD,B025
LE-0008950,ORD-004701,2025-03-30,23.13,USD,B026
LE-0008951,ORD-001643,2025-12-08,653.68,USD,B027
LE-0008952,ORD-000778,2025-10-24,739.46,USD,B028
LE-0008953,ORD-008367,2025-05-20,183.00,USD,B029
LE-0008954,ORD-009858,2025-01-20,34.27,USD,B030
LE-0008955,ORD-002889,2025-10-19,621.23,USD,B031
LE-0008956,ORD-009527,2025-11-11,188.34,USD,B032
LE-0008957,ORD-000435,2025-01-26,149.59,USD,B033
LE-0008958,ORD-010552,2025-01-09,740.85,USD,B034
LE-0008959,ORD-010355,2025-12-28,738.31,USD,B035
LE-0008960,ORD-009611,2025-03-07,871.92,USD,B036
LE-0008961,ORD-009148,2025-09-07,552.55,USD,B037
LE-0008962,ORD-011364,2025-11-18,319.88,USD,B038
LE-0008963,ORD-006087,2025-03-06,420.19,USD,B039
LE-0008964,ORD-006675,2025-12-25,508.54,USD,B040
LE-0008965,ORD-002814,2025-07-15,337.61,USD,B041
LE-0008966,ORD-010814,2025-12-05,630.45,USD,B042
LE-0008967,ORD-007256,2025-08-02,659.39,USD,B043
LE-0008968,ORD-000224,2025-08-08,293.52,USD,B044
LE-0008969,ORD-001459,2025-07-13,538.16,USD,B045
LE-0008970,ORD-003338,2025-12-19,549.01,USD,B046
LE-0008971,ORD-002615,2025-05-29,199.77,USD,B047
LE-0008972,ORD-007634,2025-07-26,763.18,USD,B048
LE-0008973,ORD-002781,2025-08-04,482.47,USD,B049
LE-0008974,ORD-001760,2025-09-18,893.58,USD,B050
LE-0008975,ORD-011384,2025-07-11,276.11,USD,B051
LE-0008976,ORD-010633,2025-03-12,859.84,USD,B052
LE-0008977,ORD-000245,2025-07-08,649.44,USD,B053
LE-0008978,ORD-005019,2025-05-07,200.00,USD,B054
LE-0008979,ORD-000188,2025-09-12,776.20,USD,B055
LE-0008980,ORD-005926,2025-09-09,803.58,USD,B056
LE-0008981,ORD-007011,2025-12-12,701.74,USD,B057
LE-0008982,ORD-010929,2025-12-28,613.57,USD,B058
LE-0008983,ORD-001901,2025-12-27,527.16,USD,B059
LE-0008984,ORD-001714,2025-02-07,598.46,USD,B060
LE-0008985,ORD-005549,2025-02-18,756.64,USD,B061
LE-0008986,ORD-007205,2025-08-13,746.87,USD,B062
LE-0008987,ORD-003464,2025-07-10,442.39,USD,B063
LE-0008988,ORD-006946,2025-11-16,487.24,USD,B064
LE-0008989,ORD-003826,2025-11-09,659.03,USD,B065
LE-0008990,ORD-000627,2025-05-06,365.93,USD,B066
LE-0008991,ORD-000700,2025-12-18,182.86,USD,B067
LE-0008992,ORD-005196,2025-11-17,526.12,USD,B068
LE-0008993,ORD-002349,2025-05-08,415.43,USD,B069
LE-0008994,ORD-001434,2025-09-03,45.31,USD,B070
LE-0008995,ORD-004952,2025-05-16,753.05,USD,B071
LE-0008996,ORD-004055,2025-10-25,219.15,USD,B072
LE-0008997,ORD-005624,2025-03-18,896.08,USD,B073
LE-0008998,ORD-004839,2025-11-20,83.96,USD,B074
LE-0008999,ORD-007378,2025-06-11,805.78,USD,B075
LE-0009000,ORD-004750,2025-05-23,14.00,USD,B076
LE-0009001,ORD-010486,2025-09-13,13.68,USD,B077
LE-0009002,ORD-009545,2025-03-06,827.89,USD,B078
LE-0009003,ORD-002701,2025-08-16,691.00,USD,B079
LE-0009004,ORD-000450,2025-04-21,63.16,USD,B080
LE-0009005,ORD-008733,2025-03-06,754.78,USD,B081
LE-0009006,ORD-000329,2025-04-18,735.68,USD,B082
LE-0009007,ORD-002876,2025-11-10,882.16,USD,B083
LE-0009008,ORD-009212,2025-08-22,797.17,USD,B084
LE-0009009,ORD-006225,2025-08-03,490.87,USD,B085
LE-0009010,ORD-001790,2025-07-21,120.36,USD,B086
LE-0009011,ORD-009837,2025-02-17,142.35,USD,B087
LE-0009012,ORD-006516,2025-03-25,792.96,USD,B088
LE-0009013,ORD-010982,2025-09-26,186.41,USD,B089
LE-0009014,ORD-005591,2025-12-15,559.71,USD,B090
LE-0009015,ORD-007252,2025-10-31,203.33,USD,B091
LE-0009016,ORD-007030,2025-07-26,183.54,USD,B092
LE-0009017,ORD-006015,2025-01-25,134.28,USD,B093
LE-0009018,ORD-009467,2025-11-09,518.39,USD,B094
LE-0009019,ORD-007201,2025-04-07,309.40,USD,B095
LE-0009020,ORD-003033,2025-01-06,478.01,USD,B096
LE-0009021,ORD-007429,2025-05-25,743.92,USD,B000
LE-0009022,ORD-002620,2025-09-03,741.10,USD,B001
LE-0009023,ORD-001642,2025-06-26,74.24,USD,B002
LE-0009024,ORD-009959,2025-04-19,676.04,USD,B003
LE-0009025,ORD-004923,2025-08-18,80.40,USD,B004
LE-0009026,ORD-000182,2025-09-13,239.68,USD,B005
LE-0009027,ORD-009971,2025-03-07,243.76,USD,B006
LE-0009028,ORD-006790,2025-07-29,660.73,USD,B007
LE-0009029,ORD-009136,2025-05-18,167.82,USD,B008
LE-0009030,ORD-000730,2025-11-10,817.00,USD,B009
LE-0009031,ORD-010848,2025-05-11,602.83,USD,B010
LE-0009032,ORD-002994,2025-06-15,590.81,USD,B011
LE-0009033,ORD-005615,2025-08-28,312.33,USD,B012
LE-0009034,ORD-001789,2025-07-30,118.79,USD,B013
LE-0009035,ORD-009826,2025-09-27,147.80,USD,B014
LE-0009036,ORD-011852,2025-01-28,634.00,USD,B015
LE-0009037,ORD-009742,2025-07-30,15.00,USD,B016
LE-0009038,ORD-008363,2025-01-11,461.50,USD,B017
LE-0009039,ORD-004283,2025-08-23,655.60,USD,B018
LE-0009040,ORD-001186,2025-09-17,840.38,USD,B019
LE-0009041,ORD-010748,2025-09-16,569.00,USD,B020
LE-0009042,ORD-006133,2025-10-01,634.11,USD,B021
LE-0009043,ORD-005682,2025-07-07,214.67,USD,B022
LE-0009044,ORD-011030,2025-06-03,726.51,USD,B023
LE-0009045,ORD-009955,2025-11-10,533.08,USD,B024
LE-0009046,ORD-007212,2025-03-12,216.75,USD,B025
LE-0009047,ORD-000278,2025-10-16,443.26,USD,B026
LE-0009048,ORD-010908,2025-07-15,357.24,USD,B027
LE-0009049,ORD-003843,2025-04-20,224.89,USD,B028
LE-0009050,ORD-006331,2025-02-04,305.14,USD,B029
LE-0009051,ORD-001455,2025-05-11,215.00,USD,B030
LE-0009052,ORD-009281,2025-08-24,525.32,USD,B031
LE-0009053,ORD-006394,2025-05-14,587.88,USD,B032
LE-0009054,ORD-006546,2025-02-12,579.07,USD,B033
LE-0009055,ORD-009029,2025-06-17,652.30,USD,B034
LE-0009056,ORD-000177,2025-03-03,271.00,USD,B035
LE-0009057,ORD-010321,2025-07-03,440.56,USD,B036
LE-0009058,ORD-000391,2025-01-06,719.62,USD,B037
LE-0009059,ORD-000867,2025-11-28,388.97,USD,B038
LE-0009060,ORD-010691,2025-12-11,498.16,USD,B039
LE-0009061,ORD-006854,2025-03-27,479.03,USD,B040
LE-0009062,ORD-002304,2025-10-07,726.69,USD,B041
LE-0009063,ORD-000374,2025-04-03,255.77,USD,B042
LE-0009064,ORD-011590,2025-12-17,63.34,USD,B043
LE-0009065,ORD-006687,2025-11-22,565.90,USD,B044
LE-0009066,ORD-009381,2025-07-01,14.89,USD,B045
LE-0009067,ORD-005373,2025-08-09,285.71,USD,B046
LE-0009068,ORD-001362,2025-01-14,187.41,USD,B047
LE-0009069,ORD-005757,2025-06-20,551.44,USD,B048
LE-0009070,ORD-010350,2025-06-04,113.23,USD,B049
LE-0009071,ORD-011343,2025-08-22,124.24,USD,B050
LE-0009072,ORD-005027,2025-11-26,829.59,USD,B051
LE-0009073,ORD-005962,2025-11-30,501.54,USD,B052
LE-0009074,ORD-009349,2025-10-27,827.14,USD,B053
LE-0009075,ORD-010152,2025-10-31,787.19,USD,B054
LE-0009076,ORD-000621,2025-06-03,55.33,USD,B055
LE-0009077,ORD-001909,2025-12-10,830.98,USD,B056
LE-0009078,ORD-010029,2025-08-08,43.46,USD,B057
LE-0009079,ORD-008314,2025-07-13,700.73,USD,B058
LE-0009080,ORD-008152,2025-11-05,700.56,USD,B059
LE-0009081,ORD-006487,2025-08-30,509.90,USD,B060
LE-0009082,ORD-005260,2025-10-07,833.43,USD,B061
LE-0009083,ORD-006761,2025-06-16,250.81,USD,B062
LE-0009084,ORD-004989,2025-03-27,805.60,USD,B063
LE-0009085,ORD-000565,2025-02-14,761.36,USD,B064
LE-0009086,ORD-008039,2025-03-20,104.30,USD,B065
LE-0009087,ORD-010521,2025-01-16,519.64,USD,B066
LE-0009088,ORD-009866,2025-05-18,734.38,USD,B067
LE-0009089,ORD-009181,2025-12-19,852.20,USD,B068
LE-0009090,ORD-010148,2025-02-03,541.12,USD,B069
LE-0009091,ORD-000044,2025-04-18,700.89,USD,B070
LE-0009092,ORD-001258,2025-07-19,795.41,USD,B071
LE-0009093,ORD-002217,2025-04-24,453.65,USD,B072
LE-0009094,ORD-002250,2025-12-11,366.42,USD,B073
LE-0009095,ORD-010080,2025-02-08,671.52,USD,B074
LE-0009096,ORD-010827,2025-09-12,742.00,USD,B075
LE-0009097,ORD-005865,2025-09-08,739.16,USD,B076
LE-0009098,ORD-004334,2025-11-12,430.03,USD,B077
LE-0009099,ORD-011418,2025-06-07,124.98,USD,B078
LE-0009100,ORD-007387,2025-12-07,508.37,USD,B079
LE-0009101,ORD-006472,2025-07-11,810.17,USD,B080
LE-0009102,ORD-009599,2025-03-05,526.43,USD,B081
LE-0009103,ORD-010306,2025-06-12,682.59,USD,B082
LE-0009104,ORD-003013,2025-07-25,293.00,USD,B083
LE-0009105,ORD-000231,2025-02-19,890.10,USD,B084
LE-0009106,ORD-005456,2025-05-21,748.22,USD,B085
LE-0009107,ORD-003047,2025-09-19,282.48,USD,B086
LE-0009108,ORD-004314,2025-02-28,189.94,USD,B087
LE-0009109,ORD-009999,2025-06-08,109.51,USD,B088
LE-0009110,ORD-010804,2025-07-24,14.45,USD,B089
LE-0009111,ORD-004871,2025-08-09,131.63,USD,B090
LE-0009112,ORD-001060,2025-06-16,647.34,USD,B091
LE-0009113,ORD-006513,2025-03-25,632.56,USD,B092
LE-0009114,ORD-000282,2025-08-03,25.58,USD,B093
LE-0009115,ORD-000922,2025-12-02,48.78,USD,B094
LE-0009116,ORD-010189,2025-10-02,615.95,USD,B095
LE-0009117,ORD-007013,2025-10-25,97.32,USD,B096
LE-0009118,ORD-001579,2025-02-17,553.31,USD,B000
LE-0009119,ORD-007951,2025-04-24,380.81,USD,B001
LE-0009120,ORD-005856,2025-03-02,344.97,USD,B002
LE-0009121,ORD-006843,2025-04-04,533.10,USD,B003
LE-0009122,ORD-001190,2025-12-02,479.11,USD,B004
LE-0009123,ORD-001219,2025-09-21,329.80,USD,B005
LE-0009124,ORD-005869,2025-04-08,898.67,USD,B006
LE-0009125,ORD-004104,2025-01-15,499.37,USD,B007
LE-0009126,ORD-010118,2025-11-14,775.00,USD,B008
LE-0009127,ORD-003336,2025-04-22,32.73,USD,B009
LE-0009128,ORD-008088,2025-03-16,720.33,USD,B010
LE-0009129,ORD-004785,2025-12-22,366.35,USD,B011
LE-0009130,ORD-001025,2025-09-14,741.51,USD,B012
LE-0009131,ORD-010251,2025-02-10,472.19,USD,B013
LE-0009132,ORD-006965,2025-05-20,96.36,USD,B014
LE-0009133,ORD-005319,2025-11-13,874.55,USD,B015
LE-0009134,ORD-007295,2025-08-14,581.63,USD,B016
LE-0009135,ORD-007656,2025-03-12,512.68,USD,B017
LE-0009136,ORD-002272,2025-12-18,814.04,USD,B018
LE-0009137,ORD-000521,2025-08-05,629.20,USD,B019
LE-0009138,ORD-011119,2025-05-02,258.28,USD,B020
LE-0009139,ORD-007886,2025-04-08,582.93,USD,B021
LE-0009140,ORD-000522,2025-07-14,546.71,USD,B022
LE-0009141,ORD-006035,2025-03-30,591.60,USD,B023
LE-0009142,ORD-011442,2025-08-26,842.71,USD,B024
LE-0009143,ORD-010274,2025-09-21,26.86,USD,B025
LE-0009144,ORD-000738,2025-05-24,528.54,USD,B026
LE-0009145,ORD-003414,2025-08-02,783.62,USD,B027
LE-0009146,ORD-008435,2025-03-05,800.47,USD,B028
LE-0009147,ORD-010651,2025-09-22,736.75,USD,B029
LE-0009148,ORD-001005,2025-05-31,725.34,USD,B030
LE-0009149,ORD-004683,2025-06-27,562.05,USD,B031
LE-0009150,ORD-011796,2025-07-26,352.56,USD,B032
LE-0009151,ORD-011803,2025-07-11,738.27,USD,B033
LE-0009152,ORD-011090,2025-04-07,346.22,USD,B034
LE-0009153,ORD-007564,2025-09-02,559.47,USD,B035
LE-0009154,ORD-000265,2025-11-11,890.73,USD,B036
LE-0009155,ORD-006616,2025-01-10,605.50,USD,B037
LE-0009156,ORD-004772,2025-03-31,509.90,USD,B038
LE-0009157,ORD-006051,2025-10-11,611.43,USD,B039
LE-0009158,ORD-001825,2025-04-15,460.18,USD,B040
LE-0009159,ORD-000831,2025-01-20,495.39,USD,B041
LE-0009160,ORD-000535,2025-03-20,466.88,USD,B042
LE-0009161,ORD-006207,2025-10-14,647.95,USD,B043
LE-0009162,ORD-011154,2025-03-31,265.65,USD,B044
LE-0009163,ORD-000457,2025-04-05,307.34,USD,B045
LE-0009164,ORD-011688,2025-11-11,59.43,USD,B046
LE-0009165,ORD-010383,2025-09-27,212.00,USD,B047
LE-0009166,ORD-002239,2025-05-21,79.97,USD,B048
LE-0009167,ORD-001070,2025-11-22,211.42,USD,B049
LE-0009168,ORD-006005,2025-05-27,659.99,USD,B050
LE-0009169,ORD-005365,2025-08-13,5.03,USD,B051
LE-0009170,ORD-005847,2025-12-28,639.08,USD,B052
LE-0009171,ORD-006064,2025-08-02,256.35,USD,B053
LE-0009172,ORD-004717,2025-11-14,509.73,USD,B054
LE-0009173,ORD-008751,2025-05-03,794.15,USD,B055
LE-0009174,ORD-007336,2025-09-12,825.68,USD,B056
LE-0009175,ORD-000648,2025-01-05,198.68,USD,B057
LE-0009176,ORD-007199,2025-05-12,58.84,USD,B058
LE-0009177,ORD-003618,2025-11-01,45.77,USD,B059
LE-0009178,ORD-009515,2025-05-03,193.88,USD,B060
LE-0009179,ORD-005544,2025-03-11,842.70,USD,B061
LE-0009180,ORD-000151,2025-06-30,699.42,USD,B062
LE-0009181,ORD-000903,2025-12-01,278.74,USD,B063
LE-0009182,ORD-002466,2025-10-19,451.00,USD,B064
LE-0009183,ORD-005889,2025-09-28,177.69,USD,B065
LE-0009184,ORD-007842,2025-09-19,338.51,USD,B066
LE-0009185,ORD-001407,2025-02-21,211.79,USD,B067
LE-0009186,ORD-007681,2025-05-03,576.15,USD,B068
LE-0009187,ORD-002311,2025-10-06,792.52,USD,B069
LE-0009188,ORD-010531,2025-03-24,95.78,USD,B070
LE-0009189,ORD-007351,2025-03-14,554.00,USD,B071
LE-0009190,ORD-005716,2025-01-22,207.85,USD,B072
LE-0009191,ORD-002919,2025-06-06,832.04,USD,B073
LE-0009192,ORD-000401,2025-06-07,283.40,USD,B074
LE-0009193,ORD-005924,2025-08-26,149.65,USD,B075
LE-0009194,ORD-011283,2025-08-23,597.30,USD,B076
LE-0009195,ORD-010707,2025-03-06,470.26,USD,B077
LE-0009196,ORD-002601,2025-01-02,24.18,USD,B078
LE-0009197,ORD-002838,2025-08-22,707.21,USD,B079
LE-0009198,ORD-005313,2025-09-24,630.15,USD,B080
LE-0009199,ORD-007072,2025-07-18,600.35,USD,B081
LE-0009200,ORD-010223,2025-07-23,103.05,USD,B082
LE-0009201,ORD-009882,2025-11-17,705.52,USD,B083
LE-0009202,ORD-008986,2025-09-07,303.21,USD,B084
LE-0009203,ORD-006673,2025-07-12,487.39,USD,B085
LE-0009204,ORD-002926,2025-05-05,286.75,USD,B086
LE-0009205,ORD-000820,2025-05-03,798.78,USD,B087
LE-0009206,ORD-008277,2025-02-10,801.56,USD,B088
LE-0009207,ORD-011423,2025-11-10,729.17,USD,B089
LE-0009208,ORD-007878,2025-08-21,532.00,USD,B090
LE-0009209,ORD-011198,2025-01-02,399.37,USD,B091
LE-0009210,ORD-010363,2025-11-23,90.63,USD,B092
LE-0009211,ORD-009190,2025-08-14,574.49,USD,B093
LE-0009212,ORD-000294,2025-10-07,768.52,USD,B094
LE-0009213,ORD-002904,2025-04-08,722.80,USD,B095
LE-0009214,ORD-011829,2025-05-18,872.54,USD,B096
LE-0009215,ORD-006341,2025-07-31,658.44,USD,B000
LE-0009216,ORD-003621,2025-07-29,662.17,USD,B001
LE-0009217,ORD-001682,2025-03-14,423.46,USD,B002
LE-0009218,ORD-004736,2025-10-27,760.75,USD,B003
LE-0009219,ORD-002809,2025-09-11,427.02,USD,B004
LE-0009220,ORD-008160,2025-03-09,422.27,USD,B005
LE-0009221,ORD-011385,2025-12-09,427.42,USD,B006
LE-0009222,ORD-006679,2025-01-20,309.88,USD,B007
LE-0009223,ORD-007251,2025-07-31,149.08,USD,B008
LE-0009224,ORD-007641,2025-02-15,475.36,USD,B009
LE-0009225,ORD-011363,2025-03-28,818.84,USD,B010
LE-0009226,ORD-009825,2025-03-31,390.78,USD,B011
LE-0009227,ORD-006583,2025-06-05,269.95,USD,B012
LE-0009228,ORD-006590,2025-07-06,614.00,USD,B013
LE-0009229,ORD-006657,2025-09-10,48.51,USD,B014
LE-0009230,ORD-006011,2025-08-10,286.26,USD,B015
LE-0009231,ORD-003251,2025-04-14,892.14,USD,B016
LE-0009232,ORD-009926,2025-04-05,33.08,USD,B017
LE-0009233,ORD-007647,2025-04-02,340.04,USD,B018
LE-0009234,ORD-004662,2025-01-23,513.83,USD,B019
LE-0009235,ORD-005772,2025-04-03,888.89,USD,B020
LE-0009236,ORD-005015,2025-06-12,397.26,USD,B021
LE-0009237,ORD-003681,2025-10-16,286.81,USD,B022
LE-0009238,ORD-005512,2025-08-26,789.71,USD,B023
LE-0009239,ORD-005600,2025-05-26,676.00,USD,B024
LE-0009240,ORD-001073,2025-08-18,48.61,USD,B025
LE-0009241,ORD-011476,2025-09-13,271.43,USD,B026
LE-0009242,ORD-011775,2025-04-08,787.48,USD,B027
LE-0009243,ORD-002752,2025-02-18,179.61,USD,B028
LE-0009244,ORD-000605,2025-04-04,14.57,USD,B029
LE-0009245,ORD-000304,2025-06-24,841.90,USD,B030
LE-0009246,ORD-011791,2025-01-08,251.75,USD,B031
LE-0009247,ORD-008287,2025-06-08,798.36,USD,B032
LE-0009248,ORD-009478,2025-11-20,226.95,USD,B033
LE-0009249,ORD-006246,2025-11-04,411.11,USD,B034
LE-0009250,ORD-002998,2025-06-17,120.79,USD,B035
LE-0009251,ORD-005099,2025-07-09,534.95,USD,B036
LE-0009252,ORD-007576,2025-12-05,745.67,USD,B037
LE-0009253,ORD-011746,2025-08-09,436.51,USD,B038
LE-0009254,ORD-001076,2025-08-11,677.85,USD,B039
LE-0009255,ORD-007741,2025-01-31,374.89,USD,B040
LE-0009256,ORD-002686,2025-02-13,170.65,USD,B041
LE-0009257,ORD-008969,2025-10-22,474.25,USD,B042
LE-0009258,ORD-005503,2025-01-27,645.82,USD,B043
LE-0009259,ORD-002865,2025-05-13,273.96,USD,B044
LE-0009260,ORD-004875,2025-09-08,149.35,USD,B045
LE-0009261,ORD-010955,2025-12-03,720.54,USD,B046
LE-0009262,ORD-006985,2025-07-18,866.13,USD,B047
LE-0009263,ORD-009091,2025-09-22,118.83,USD,B048
LE-0009264,ORD-002585,2025-12-04,141.55,USD,B049
LE-0009265,ORD-003911,2025-08-16,15.01,USD,B050
LE-0009266,ORD-004457,2025-10-14,763.70,USD,B051
LE-0009267,ORD-004476,2025-02-26,344.18,USD,B052
LE-0009268,ORD-004354,2025-05-19,415.33,USD,B053
LE-0009269,ORD-003980,2025-07-04,224.94,USD,B054
LE-0009270,ORD-011083,2025-07-29,366.15,USD,B055
LE-0009271,ORD-009330,2025-02-27,720.19,USD,B056
LE-0009272,ORD-007777,2025-09-04,358.09,USD,B057
LE-0009273,ORD-000964,2025-02-19,305.87,USD,B058
LE-0009274,ORD-000160,2025-01-05,830.96,USD,B059
LE-0009275,ORD-004978,2025-01-26,634.72,USD,B060
LE-0009276,ORD-008543,2025-11-23,652.85,USD,B061
LE-0009277,ORD-009262,2025-01-06,481.00,USD,B062
LE-0009278,ORD-011468,2025-08-24,519.92,USD,B063
LE-0009279,ORD-011087,2025-08-23,570.55,USD,B064
LE-0009280,ORD-010538,2025-07-05,398.42,USD,B065
LE-0009281,ORD-000609,2025-07-24,406.06,USD,B066
LE-0009282,ORD-004838,2025-06-01,80.12,USD,B067
LE-0009283,ORD-001799,2025-05-01,204.05,USD,B068
LE-0009284,ORD-008429,2025-11-06,481.31,USD,B069
LE-0009285,ORD-002058,2025-12-14,469.16,USD,B070
LE-0009286,ORD-005281,2025-08-15,23.00,USD,B071
LE-0009287,ORD-010840,2025-09-01,874.31,USD,B072
LE-0009288,ORD-002650,2025-03-21,607.03,USD,B073
LE-0009289,ORD-001533,2025-11-02,28.54,USD,B074
LE-0009290,ORD-007606,2025-06-13,37.32,USD,B075
LE-0009291,ORD-009060,2025-05-13,472.75,USD,B076
LE-0009292,ORD-003522,2025-03-12,137.60,USD,B077
LE-0009293,ORD-003228,2025-05-19,893.25,USD,B078
LE-0009294,ORD-007217,2025-09-23,832.46,USD,B079
LE-0009295,ORD-003051,2025-02-04,800.40,USD,B080
LE-0009296,ORD-003451,2025-01-31,210.13,USD,B081
LE-0009297,ORD-003143,2025-05-02,121.05,USD,B082
LE-0009298,ORD-011184,2025-04-07,737.92,USD,B083
LE-0009299,ORD-006392,2025-10-03,724.00,USD,B084
LE-0009300,ORD-005917,2025-04-26,675.93,USD,B085
LE-0009301,ORD-008440,2025-04-20,313.99,USD,B086
LE-0009302,ORD-006564,2025-06-11,857.15,USD,B087
LE-0009303,ORD-008714,2025-10-17,540.02,USD,B088
LE-0009304,ORD-000678,2025-01-23,890.23,USD,B089
LE-0009305,ORD-008371,2025-02-21,200.81,USD,B090
LE-0009306,ORD-006931,2025-04-16,481.13,USD,B091
LE-0009307,ORD-003856,2025-07-12,592.36,USD,B092
LE-0009308,ORD-007231,2025-04-21,435.96,USD,B093
LE-0009309,ORD-003489,2025-12-26,462.73,USD,B094
LE-0009310,ORD-006273,2025-10-29,188.20,USD,B095
LE-0009311,ORD-006298,2025-07-22,448.65,USD,B096
LE-0009312,ORD-003340,2025-04-30,370.87,USD,B000
LE-0009313,ORD-009621,2025-01-16,568.27,USD,B001
LE-0009314,ORD-008825,2025-06-26,822.51,USD,B002
LE-0009315,ORD-009368,2025-12-22,233.23,USD,B003
LE-0009316,ORD-003212,2025-06-19,719.12,USD,B004
LE-0009317,ORD-008324,2025-09-18,833.35,USD,B005
LE-0009318,ORD-005657,2025-05-22,625.33,USD,B006
LE-0009319,ORD-005547,2025-04-04,515.65,USD,B007
LE-0009320,ORD-003007,2025-01-17,410.55,USD,B008
LE-0009321,ORD-011323,2025-01-12,387.55,USD,B009
LE-0009322,ORD-010079,2025-05-12,402.29,USD,B010
LE-0009323,ORD-005130,2025-08-01,79.99,USD,B011
LE-0009324,ORD-011529,2025-04-14,526.00,USD,B012
LE-0009325,ORD-003181,2025-03-15,63.13,USD,B013
LE-0009326,ORD-003776,2025-06-15,190.05,USD,B014
LE-0009327,ORD-004396,2025-05-22,534.28,USD,B015
LE-0009328,ORD-003967,2025-09-22,480.32,USD,B016
LE-0009329,ORD-002723,2025-01-09,319.71,USD,B017
LE-0009330,ORD-000525,2025-01-28,467.22,USD,B018
LE-0009331,ORD-000299,2025-05-24,569.02,USD,B019
LE-0009332,ORD-010658,2025-07-29,229.01,USD,B020
LE-0009333,ORD-003442,2025-12-25,652.34,USD,B021
LE-0009334,ORD-007156,2025-06-23,185.00,USD,B022
LE-0009335,ORD-005617,2025-09-20,337.00,USD,B023
LE-0009336,ORD-006209,2025-02-24,613.87,USD,B024
LE-0009337,ORD-009911,2025-12-26,48.86,USD,B025
LE-0009338,ORD-008618,2025-11-10,52.16,USD,B026
LE-0009339,ORD-005069,2025-06-29,886.89,USD,B027
LE-0009340,ORD-010784,2025-09-17,863.65,USD,B028
LE-0009341,ORD-006028,2025-07-02,875.70,USD,B029
LE-0009342,ORD-006435,2025-11-12,284.68,USD,B030
LE-0009343,ORD-007756,2025-03-16,94.42,USD,B031
LE-0009344,ORD-006666,2025-04-05,453.00,USD,B032
LE-0009345,ORD-002554,2025-09-14,342.68,USD,B033
LE-0009346,ORD-001950,2025-06-26,749.50,USD,B034
LE-0009347,ORD-008940,2025-06-04,451.99,USD,B035
LE-0009348,ORD-004008,2025-01-18,589.18,USD,B036
LE-0009349,ORD-004465,2025-11-11,523.15,USD,B037
LE-0009350,ORD-011291,2025-12-03,848.34,USD,B038
LE-0009351,ORD-006086,2025-12-01,490.09,USD,B039
LE-0009352,ORD-006656,2025-11-03,267.52,USD,B040
LE-0009353,ORD-011403,2025-12-22,625.54,USD,B041
LE-0009354,ORD-001144,2025-10-22,89.36,USD,B042
LE-0009355,ORD-010010,2025-01-29,800.41,USD,B043
LE-0009356,ORD-008653,2025-12-28,893.26,USD,B044
LE-0009357,ORD-003658,2025-08-04,299.03,USD,B045
LE-0009358,ORD-000860,2025-02-01,710.51,USD,B046
LE-0009359,ORD-008918,2025-09-24,443.40,USD,B047
LE-0009360,ORD-004436,2025-06-09,634.95,USD,B048
LE-0009361,ORD-007812,2025-06-24,744.84,USD,B049
LE-0009362,ORD-008902,2025-11-21,232.61,USD,B050
LE-0009363,ORD-007863,2025-09-07,28.27,USD,B051
LE-0009364,ORD-004240,2025-01-24,50.00,USD,B052
LE-0009365,ORD-009143,2025-12-05,631.07,USD,B053
LE-0009366,ORD-001422,2025-10-16,669.86,USD,B054
LE-0009367,ORD-001046,2025-07-14,185.52,USD,B055
LE-0009368,ORD-006630,2025-09-06,854.61,USD,B056
LE-0009369,ORD-009918,2025-02-03,774.80,USD,B057
LE-0009370,ORD-000162,2025-01-27,88.85,USD,B058
LE-0009371,ORD-004495,2025-07-19,810.21,USD,B059
LE-0009372,ORD-005636,2025-02-07,37.23,USD,B060
LE-0009373,ORD-011522,2025-08-27,238.73,USD,B061
LE-0009374,ORD-009824,2025-02-01,191.49,USD,B062
LE-0009375,ORD-002261,2025-11-17,640.98,USD,B063
LE-0009376,ORD-008272,2025-10-05,144.10,USD,B064
LE-0009377,ORD-000027,2025-03-14,483.30,USD,B065
LE-0009378,ORD-001615,2025-11-03,110.61,USD,B066
LE-0009379,ORD-006566,2025-07-08,879.31,USD,B067
LE-0009380,ORD-004260,2025-06-22,244.04,USD,B068
LE-0009381,ORD-010822,2025-02-06,124.36,USD,B069
LE-0009382,ORD-005460,2025-08-02,685.97,USD,B070
LE-0009383,ORD-009392,2025-04-30,482.40,USD,B071
LE-0009384,ORD-001293,2025-12-27,315.27,USD,B072
LE-0009385,ORD-002591,2025-10-21,224.57,USD,B073
LE-0009386,ORD-004620,2025-11-28,378.85,USD,B074
LE-0009387,ORD-003171,2025-09-10,679.90,USD,B075
LE-0009388,ORD-006704,2025-11-17,431.34,USD,B076
LE-0009389,ORD-007847,2025-02-22,668.87,USD,B077
LE-0009390,ORD-007129,2025-08-08,653.51,USD,B078
LE-0009391,ORD-011741,2025-07-21,804.99,USD,B079
LE-0009392,ORD-005318,2025-01-03,869.62,USD,B080
LE-0009393,ORD-002981,2025-11-23,830.16,USD,B081
LE-0009394,ORD-008187,2025-05-28,94.00,USD,B082
LE-0009395,ORD-003798,2025-10-07,713.46,USD,B083
LE-0009396,ORD-006632,2025-11-06,298.64,USD,B084
LE-0009397,ORD-001517,2025-01-24,266.89,USD,B085
LE-0009398,ORD-002366,2025-08-04,735.27,USD,B086
LE-0009399,ORD-011664,2025-08-03,309.30,USD,B087
LE-0009400,ORD-002219,2025-05-22,796.17,USD,B088
LE-0009401,ORD-009258,2025-05-23,483.45,USD,B089
LE-0009402,ORD-006728,2025-10-23,759.04,USD,B090
LE-0009403,ORD-009629,2025-04-26,50.84,USD,B091
LE-0009404,ORD-002948,2025-01-13,362.09,USD,B092
LE-0009405,ORD-009857,2025-05-12,853.00,USD,B093
LE-0009406,ORD-005552,2025-06-30,687.05,USD,B094
LE-0009407,ORD-005168,2025-03-30,470.32,USD,B095
LE-0009408,ORD-005014,2025-05-10,384.79,USD,B096
LE-0009409,ORD-001141,2025-07-21,272.49,USD,B000
LE-0009410,ORD-000792,2025-12-22,549.73,USD,B001
LE-0009411,ORD-010524,2025-05-05,523.71,USD,B002
LE-0009412,ORD-002669,2025-05-05,5.84,USD,B003
LE-0009413,ORD-010608,2025-04-05,591.28,USD,B004
LE-0009414,ORD-000939,2025-12-12,91.83,USD,B005
LE-0009415,ORD-010646,2025-06-01,797.30,USD,B006
LE-0009416,ORD-011104,2025-12-30,263.88,USD,B007
LE-0009417,ORD-008516,2025-06-29,681.29,USD,B008
LE-0009418,ORD-004665,2025-05-31,422.22,USD,B009
LE-0009419,ORD-005850,2025-06-24,689.00,USD,B010
LE-0009420,ORD-002683,2025-05-31,769.10,USD,B011
LE-0009421,ORD-009590,2025-11-17,110.72,USD,B012
LE-0009422,ORD-007570,2025-02-22,858.07,USD,B013
LE-0009423,ORD-005356,2025-03-24,393.25,USD,B014
LE-0009424,ORD-010961,2025-02-16,354.71,USD,B015
LE-0009425,ORD-001363,2025-05-05,839.32,USD,B016
LE-0009426,ORD-004218,2025-05-12,413.99,USD,B017
LE-0009427,ORD-001307,2025-05-23,268.81,USD,B018
LE-0009428,ORD-010141,2025-06-04,870.38,USD,B019
LE-0009429,ORD-005689,2025-07-20,774.85,USD,B020
LE-0009430,ORD-000681,2025-01-20,303.94,USD,B021
LE-0009431,ORD-007579,2025-06-16,711.20,USD,B022
LE-0009432,ORD-008450,2025-04-18,686.34,USD,B023
LE-0009433,ORD-005374,2025-06-04,880.23,USD,B024
LE-0009434,ORD-007958,2025-08-28,201.39,USD,B025
LE-0009435,ORD-011838,2025-05-29,732.21,USD,B026
LE-0009436,ORD-001084,2025-10-30,332.84,USD,B027
LE-0009437,ORD-011433,2025-03-09,740.87,USD,B028
LE-0009438,ORD-000604,2025-11-07,819.67,USD,B029
LE-0009439,ORD-010144,2025-01-21,852.71,USD,B030
LE-0009440,ORD-004018,2025-01-27,451.50,USD,B031
LE-0009441,ORD-011098,2025-10-17,283.43,USD,B032
LE-0009442,ORD-011524,2025-09-29,515.08,USD,B033
LE-0009443,ORD-005696,2025-04-01,207.89,USD,B034
LE-0009444,ORD-006855,2025-10-08,26.28,USD,B035
LE-0009445,ORD-008425,2025-12-28,540.37,USD,B036
LE-0009446,ORD-005204,2025-09-06,758.48,USD,B037
LE-0009447,ORD-003654,2025-03-18,132.93,USD,B038
LE-0009448,ORD-004484,2025-09-08,217.29,USD,B039
LE-0009449,ORD-010070,2025-10-19,286.15,USD,B040
LE-0009450,ORD-007220,2025-03-27,700.63,USD,B041
LE-0009451,ORD-008622,2025-09-06,537.63,USD,B042
LE-0009452,ORD-001129,2025-04-19,844.10,USD,B043
LE-0009453,ORD-003558,2025-07-29,881.55,USD,B044
LE-0009454,ORD-003184,2025-02-13,141.76,USD,B045
LE-0009455,ORD-007128,2025-11-25,12.56,USD,B046
LE-0009456,ORD-009932,2025-08-31,693.35,USD,B047
LE-0009457,ORD-001162,2025-05-26,551.52,USD,B048
LE-0009458,ORD-009769,2025-09-29,305.00,USD,B049
LE-0009459,ORD-005285,2025-06-03,22.04,USD,B050
LE-0009460,ORD-006138,2025-09-17,503.86,USD,B051
LE-0009461,ORD-005584,2025-01-21,810.78,USD,B052
LE-0009462,ORD-000962,2025-02-14,60.31,USD,B053
LE-0009463,ORD-000312,2025-07-16,330.89,USD,B054
LE-0009464,ORD-005291,2025-12-12,486.32,USD,B055
LE-0009465,ORD-001945,2025-09-28,362.47,USD,B056
LE-0009466,ORD-001525,2025-03-02,147.33,USD,B057
LE-0009467,ORD-006874,2025-12-03,772.38,USD,B058
LE-0009468,ORD-009783,2025-09-30,510.25,USD,B059
LE-0009469,ORD-004608,2025-04-15,251.03,USD,B060
LE-0009470,ORD-002523,2025-12-14,242.94,USD,B061
LE-0009471,ORD-005426,2025-07-31,759.82,USD,B062
LE-0009472,ORD-008635,2025-06-08,69.87,USD,B063
LE-0009473,ORD-006258,2025-11-04,565.09,USD,B064
LE-0009474,ORD-011162,2025-03-09,607.02,USD,B065
LE-0009475,ORD-008070,2025-02-04,461.09,USD,B066
LE-0009476,ORD-005898,2025-12-07,218.01,USD,B067
LE-0009477,ORD-006305,2025-10-06,75.77,USD,B068
LE-0009478,ORD-001423,2025-09-06,336.87,USD,B069
LE-0009479,ORD-007001,2025-06-14,232.75,USD,B070
LE-0009480,ORD-000130,2025-04-20,507.76,USD,B071
LE-0009481,ORD-008283,2025-03-17,488.46,USD,B072
LE-0009482,ORD-009543,2025-06-30,74.58,USD,B073
LE-0009483,ORD-006163,2025-05-28,187.94,USD,B074
LE-0009484,ORD-004700,2025-01-30,213.91,USD,B075
LE-0009485,ORD-004422,2025-04-23,520.13,USD,B076
LE-0009486,ORD-002935,2025-05-25,194.01,USD,B077
LE-0009487,ORD-005817,2025-01-21,29.35,USD,B078
LE-0009488,ORD-000564,2025-05-26,250.16,USD,B079
LE-0009489,ORD-004525,2025-05-22,542.05,USD,B080
LE-0009490,ORD-001829,2025-11-15,463.42,USD,B081
LE-0009491,ORD-011313,2025-07-13,297.33,USD,B082
LE-0009492,ORD-010753,2025-03-31,252.29,USD,B083
LE-0009493,ORD-010322,2025-06-15,608.55,USD,B084
LE-0009494,ORD-001833,2025-09-10,407.84,USD,B085
LE-0009495,ORD-010305,2025-08-03,208.42,USD,B086
LE-0009496,ORD-006178,2025-03-05,655.76,USD,B087
LE-0009497,ORD-011300,2025-05-14,199.79,USD,B088
LE-0009498,ORD-002970,2025-10-19,494.54,USD,B089
LE-0009499,ORD-000514,2025-08-19,861.40,USD,B090
LE-0009500,ORD-001560,2025-07-03,228.51,USD,B091
LE-0009501,ORD-005147,2025-06-20,69.77,USD,B092
LE-0009502,ORD-009000,2025-12-13,658.73,USD,B093
LE-0009503,ORD-011294,2025-03-18,618.46,USD,B094
LE-0009504,ORD-001210,2025-03-31,613.00,USD,B095
LE-0009505,ORD-004133,2025-07-07,436.16,USD,B096
LE-0009506,ORD-003746,2025-08-16,494.22,USD,B000
LE-0009507,ORD-007393,2025-12-31,479.16,USD,B001
LE-0009508,ORD-004367,2025-03-03,553.81,USD,B002
LE-0009509,ORD-003574,2025-11-18,221.87,USD,B003
LE-0009510,ORD-002023,2025-12-31,72.13,USD,B004
LE-0009511,ORD-007461,2025-03-31,595.97,USD,B005
LE-0009512,ORD-007075,2025-07-20,737.20,USD,B006
LE-0009513,ORD-004574,2025-06-13,506.08,USD,B007
LE-0009514,ORD-009006,2025-04-13,68.40,USD,B008
LE-0009515,ORD-000698,2025-01-09,438.52,USD,B009
LE-0009516,ORD-008474,2025-02-28,425.66,USD,B010
LE-0009517,ORD-003085,2025-04-09,120.84,USD,B011
LE-0009518,ORD-001284,2025-08-12,296.12,USD,B012
LE-0009519,ORD-011302,2025-07-10,98.40,USD,B013
LE-0009520,ORD-001121,2025-10-02,684.15,USD,B014
LE-0009521,ORD-006414,2025-10-27,492.00,USD,B015
LE-0009522,ORD-001383,2025-02-14,86.48,USD,B016
LE-0009523,ORD-007875,2025-03-26,87.72,USD,B017
LE-0009524,ORD-000646,2025-09-12,813.21,USD,B018
LE-0009525,ORD-011200,2025-10-22,430.00,USD,B019
LE-0009526,ORD-001194,2025-12-21,830.49,USD,B020
LE-0009527,ORD-002377,2025-06-13,742.28,USD,B021
LE-0009528,ORD-005175,2025-09-26,810.66,USD,B022
LE-0009529,ORD-000811,2025-12-05,419.95,USD,B023
LE-0009530,ORD-001856,2025-10-27,664.50,USD,B024
LE-0009531,ORD-000969,2025-03-31,753.78,USD,B025
LE-0009532,ORD-003038,2025-11-22,649.83,USD,B026
LE-0009533,ORD-008906,2025-11-09,852.16,USD,B027
LE-0009534,ORD-003385,2025-12-19,413.13,USD,B028
LE-0009535,ORD-001266,2025-03-21,890.51,USD,B029
LE-0009536,ORD-003812,2025-01-18,454.61,USD,B030
LE-0009537,ORD-000874,2025-12-25,800.13,USD,B031
LE-0009538,ORD-005216,2025-03-24,333.43,USD,B032
LE-0009539,ORD-011449,2025-04-20,893.72,USD,B033
LE-0009540,ORD-009210,2025-11-14,565.60,USD,B034
LE-0009541,ORD-010089,2025-11-17,301.59,USD,B035
LE-0009542,ORD-008174,2025-01-31,508.18,USD,B036
LE-0009543,ORD-000256,2025-06-18,479.82,USD,B037
LE-0009544,ORD-003055,2025-06-29,121.15,USD,B038
LE-0009545,ORD-011222,2025-04-29,35.46,USD,B039
LE-0009546,ORD-005896,2025-01-07,882.99,USD,B040
LE-0009547,ORD-005816,2025-10-01,519.00,USD,B041
LE-0009548,ORD-002565,2025-11-19,669.74,USD,B042
LE-0009549,ORD-004321,2025-07-24,887.03,USD,B043
LE-0009550,ORD-010893,2025-02-02,742.91,USD,B044
LE-0009551,ORD-010906,2025-03-23,79.01,USD,B045
LE-0009552,ORD-002443,2025-05-21,565.69,USD,B046
LE-0009553,ORD-002387,2025-10-19,803.96,USD,B047
LE-0009554,ORD-010008,2025-07-02,117.28,USD,B048
LE-0009555,ORD-011066,2025-01-29,150.24,USD,B049
LE-0009556,ORD-007203,2025-03-26,776.84,USD,B050
LE-0009557,ORD-010420,2025-05-26,157.67,USD,B051
LE-0009558,ORD-009145,2025-04-17,475.83,USD,B052
LE-0009559,ORD-008859,2025-07-20,531.68,USD,B053
LE-0009560,ORD-000743,2025-10-05,215.41,USD,B054
LE-0009561,ORD-009821,2025-09-30,422.97,USD,B055
LE-0009562,ORD-007584,2025-08-25,48.35,USD,B056
LE-0009563,ORD-006636,2025-02-23,604.19,USD,B057
LE-0009564,ORD-010466,2025-03-28,459.95,USD,B058
LE-0009565,ORD-003961,2025-01-11,790.66,USD,B059
LE-0009566,ORD-010689,2025-05-29,706.82,USD,B060
LE-0009567,ORD-004668,2025-01-18,621.99,USD,B061
LE-0009568,ORD-010157,2025-06-06,604.62,USD,B062
LE-0009569,ORD-002899,2025-04-17,605.59,USD,B063
LE-0009570,ORD-009365,2025-02-01,658.59,USD,B064
LE-0009571,ORD-000881,2025-07-25,317.11,USD,B065
LE-0009572,ORD-007798,2025-09-01,866.69,USD,B066
LE-0009573,ORD-000486,2025-02-26,217.11,USD,B067
LE-0009574,ORD-004542,2025-09-12,637.03,USD,B068
LE-0009575,ORD-010637,2025-02-16,716.12,USD,B069
LE-0009576,ORD-005245,2025-12-19,86.08,USD,B070
LE-0009577,ORD-005762,2025-12-11,560.36,USD,B071
LE-0009578,ORD-000859,2025-04-11,583.92,USD,B072
LE-0009579,ORD-010301,2025-09-13,436.98,USD,B073
LE-0009580,ORD-002678,2025-07-08,721.21,USD,B074
LE-0009581,ORD-005419,2025-11-10,773.88,USD,B075
LE-0009582,ORD-002770,2025-03-23,841.84,USD,B076
LE-0009583,ORD-009057,2025-04-08,837.92,USD,B077
LE-0009584,ORD-000717,2025-01-29,558.51,USD,B078
LE-0009585,ORD-000315,2025-12-20,872.89,USD,B079
LE-0009586,ORD-011159,2025-11-16,865.22,USD,B080
LE-0009587,ORD-004424,2025-09-04,175.93,USD,B081
LE-0009588,ORD-007202,2025-12-06,339.85,USD,B082
LE-0009589,ORD-009583,2025-03-18,700.08,USD,B083
LE-0009590,ORD-009668,2025-01-19,821.92,USD,B084
LE-0009591,ORD-006386,2025-05-25,651.37,USD,B085
LE-0009592,ORD-006779,2025-09-30,821.34,USD,B086
LE-0009593,ORD-001265,2025-11-12,544.16,USD,B087
LE-0009594,ORD-005390,2025-08-19,73.43,USD,B088
LE-0009595,ORD-007281,2025-03-05,655.25,USD,B089
LE-0009596,ORD-007178,2025-08-07,41.21,USD,B090
LE-0009597,ORD-003481,2025-09-20,427.54,USD,B091
LE-0009598,ORD-003990,2025-06-08,47.01,USD,B092
LE-0009599,ORD-000635,2025-03-17,784.41,USD,B093
LE-0009600,ORD-005775,2025-08-26,757.47,USD,B094
LE-0009601,ORD-005820,2025-11-28,385.30,USD,B095
LE-0009602,ORD-001875,2025-04-29,422.00,USD,B096
LE-0009603,ORD-010627,2025-08-11,620.21,USD,B000
LE-0009604,ORD-009772,2025-04-28,357.20,USD,B001
LE-0009605,ORD-010755,2025-03-12,26.57,USD,B002
LE-0009606,ORD-003395,2025-05-10,456.48,USD,B003
LE-0009607,ORD-004749,2025-09-26,523.70,USD,B004
LE-0009608,ORD-001936,2025-06-29,7.50,USD,B005
LE-0009609,ORD-008472,2025-06-26,487.27,USD,B006
LE-0009610,ORD-005829,2025-07-24,63.60,USD,B007
LE-0009611,ORD-010611,2025-05-19,171.09,USD,B008
LE-0009612,ORD-009865,2025-11-18,192.50,USD,B009
LE-0009613,ORD-002700,2025-10-17,105.60,USD,B010
LE-0009614,ORD-007052,2025-03-07,897.76,USD,B011
LE-0009615,ORD-003863,2025-02-14,140.44,USD,B012
LE-0009616,ORD-008961,2025-09-11,153.53,USD,B013
LE-0009617,ORD-007487,2025-02-27,120.52,USD,B014
LE-0009618,ORD-006376,2025-01-21,156.88,USD,B015
LE-0009619,ORD-010533,2025-10-01,859.29,USD,B016
LE-0009620,ORD-004062,2025-08-27,514.54,USD,B017
LE-0009621,ORD-009173,2025-10-05,735.33,USD,B018
LE-0009622,ORD-009954,2025-05-31,792.03,USD,B019
LE-0009623,ORD-002716,2025-09-15,319.79,USD,B020
LE-0009624,ORD-007115,2025-06-01,517.25,USD,B021
LE-0009625,ORD-002856,2025-04-22,583.88,USD,B022
LE-0009626,ORD-007275,2025-08-30,137.54,USD,B023
LE-0009627,ORD-009177,2025-03-24,598.49,USD,B024
LE-0009628,ORD-001785,2025-02-09,221.58,USD,B025
LE-0009629,ORD-008180,2025-01-17,181.31,USD,B026
LE-0009630,ORD-006458,2025-11-19,445.66,USD,B027
LE-0009631,ORD-005826,2025-06-02,35.92,USD,B028
LE-0009632,ORD-011281,2025-06-11,20.58,USD,B029
LE-0009633,ORD-001518,2025-03-04,29.60,USD,B030
LE-0009634,ORD-010311,2025-05-04,226.74,USD,B031
LE-0009635,ORD-005322,2025-03-02,7.41,USD,B032
LE-0009636,ORD-002610,2025-06-16,881.45,USD,B033
LE-0009637,ORD-009083,2025-07-28,97.93,USD,B034
LE-0009638,ORD-007454,2025-03-02,297.70,USD,B035
LE-0009639,ORD-006223,2025-09-08,289.13,USD,B036
LE-0009640,ORD-008352,2025-12-04,853.93,USD,B037
LE-0009641,ORD-008317,2025-05-21,829.22,USD,B038
LE-0009642,ORD-006336,2025-10-10,501.60,USD,B039
LE-0009643,ORD-002138,2025-12-28,611.94,USD,B040
LE-0009644,ORD-000734,2025-07-02,681.14,USD,B041
LE-0009645,ORD-006831,2025-07-21,178.71,USD,B042
LE-0009646,ORD-011353,2025-03-10,350.62,USD,B043
LE-0009647,ORD-003555,2025-02-09,224.55,USD,B044
LE-0009648,ORD-000106,2025-05-13,18.11,USD,B045
LE-0009649,ORD-010193,2025-12-26,23.34,USD,B046
LE-0009650,ORD-006036,2025-01-13,679.56,USD,B047
LE-0009651,ORD-003281,2025-03-25,881.74,USD,B048
LE-0009652,ORD-007082,2025-08-16,34.46,USD,B049
LE-0009653,ORD-002426,2025-03-08,507.75,USD,B050
LE-0009654,ORD-003196,2025-02-06,485.42,USD,B051
LE-0009655,ORD-008164,2025-12-17,250.80,USD,B052
LE-0009656,ORD-003507,2025-08-20,446.52,USD,B053
LE-0009657,ORD-000599,2025-06-13,16.90,USD,B054
LE-0009658,ORD-009223,2025-03-12,106.85,USD,B055
LE-0009659,ORD-008669,2025-07-14,504.41,USD,B056
LE-0009660,ORD-004085,2025-02-18,596.91,USD,B057
LE-0009661,ORD-002963,2025-10-07,794.80,USD,B058
LE-0009662,ORD-003907,2025-02-08,663.69,USD,B059
LE-0009663,ORD-009257,2025-01-27,723.23,USD,B060
LE-0009664,ORD-004220,2025-11-26,683.35,USD,B061
LE-0009665,ORD-002245,2025-10-26,352.14,USD,B062
LE-0009666,ORD-006725,2025-11-12,422.49,USD,B063
LE-0009667,ORD-007514,2025-03-05,690.07,USD,B064
LE-0009668,ORD-001692,2025-04-23,71.72,USD,B065
LE-0009669,ORD-010520,2025-05-17,275.07,USD,B066
LE-0009670,ORD-009141,2025-05-17,329.01,USD,B067
LE-0009671,ORD-005723,2025-04-01,866.68,USD,B068
LE-0009672,ORD-000159,2025-03-20,35.72,USD,B069
LE-0009673,ORD-004081,2025-01-25,764.57,USD,B070
LE-0009674,ORD-006798,2025-08-27,130.00,USD,B071
LE-0009675,ORD-005185,2025-07-18,852.39,USD,B072
LE-0009676,ORD-004224,2025-04-19,755.72,USD,B073
LE-0009677,ORD-002741,2025-01-21,416.17,USD,B074
LE-0009678,ORD-000269,2025-02-06,511.54,USD,B075
LE-0009679,ORD-004171,2025-08-29,680.63,USD,B076
LE-0009680,ORD-009034,2025-02-12,581.26,USD,B077
LE-0009681,ORD-007466,2025-07-23,660.75,USD,B078
LE-0009682,ORD-006212,2025-05-11,329.58,USD,B079
LE-0009683,ORD-005570,2025-07-02,516.70,USD,B080
LE-0009684,ORD-001597,2025-03-12,25.73,USD,B081
LE-0009685,ORD-002307,2025-08-29,881.07,USD,B082
LE-0009686,ORD-004541,2025-11-06,260.68,USD,B083
LE-0009687,ORD-006182,2025-04-23,359.72,USD,B084
LE-0009688,ORD-008473,2025-05-16,222.62,USD,B085
LE-0009689,ORD-008609,2025-12-08,476.30,USD,B086
LE-0009690,ORD-001553,2025-05-29,260.93,USD,B087
LE-0009691,ORD-011062,2025-12-01,631.38,USD,B088
LE-0009692,ORD-007692,2025-09-04,778.72,USD,B089
LE-0009693,ORD-009202,2025-01-01,464.70,USD,B090
LE-0009694,ORD-000360,2025-03-25,496.08,USD,B091
LE-0009695,ORD-007175,2025-05-09,551.13,USD,B092
LE-0009696,ORD-000295,2025-04-24,551.06,USD,B093
LE-0009697,ORD-005075,2025-05-01,704.56,USD,B094
LE-0009698,ORD-003376,2025-11-14,144.68,USD,B095
LE-0009699,ORD-006697,2025-10-24,666.57,USD,B096
LE-0009700,ORD-010829,2025-04-09,856.61,USD,B000
LE-0009701,ORD-007068,2025-06-26,138.76,USD,B001
LE-0009702,ORD-002361,2025-10-31,388.89,USD,B002
LE-0009703,ORD-004040,2025-12-12,722.19,USD,B003
LE-0009704,ORD-008099,2025-10-31,740.41,USD,B004
LE-0009705,ORD-007437,2025-03-11,894.30,USD,B005
LE-0009706,ORD-000490,2025-12-16,158.27,USD,B006
LE-0009707,ORD-005127,2025-03-15,261.23,USD,B007
LE-0009708,ORD-011435,2025-07-27,619.53,USD,B008
LE-0009709,ORD-010188,2025-06-08,306.26,USD,B009
LE-0009710,ORD-005357,2025-09-30,635.98,USD,B010
LE-0009711,ORD-010436,2025-05-13,695.99,USD,B011
LE-0009712,ORD-004535,2025-10-08,231.06,USD,B012
LE-0009713,ORD-011675,2025-03-13,461.18,USD,B013
LE-0009714,ORD-004505,2025-02-22,402.16,USD,B014
LE-0009715,ORD-010209,2025-11-12,469.35,USD,B015
LE-0009716,ORD-003543,2025-08-25,352.40,USD,B016
LE-0009717,ORD-008654,2025-05-17,132.70,USD,B017
LE-0009718,ORD-004889,2025-09-10,331.59,USD,B018
LE-0009719,ORD-002635,2025-11-09,287.79,USD,B019
LE-0009720,ORD-011443,2025-12-08,604.02,USD,B020
LE-0009721,ORD-000176,2025-05-16,325.62,USD,B021
LE-0009722,ORD-007853,2025-04-18,412.64,USD,B022
LE-0009723,ORD-011630,2025-10-21,196.19,USD,B023
LE-0009724,ORD-004089,2025-01-22,564.94,USD,B024
LE-0009725,ORD-009158,2025-04-23,312.67,USD,B025
LE-0009726,ORD-001054,2025-10-14,415.00,USD,B026
LE-0009727,ORD-002929,2025-05-24,492.22,USD,B027
LE-0009728,ORD-010631,2025-05-06,627.07,USD,B028
LE-0009729,ORD-005908,2025-12-21,474.69,USD,B029
LE-0009730,ORD-008670,2025-09-02,292.49,USD,B030
LE-0009731,ORD-008374,2025-05-21,180.37,USD,B031
LE-0009732,ORD-009723,2025-11-10,414.54,USD,B032
LE-0009733,ORD-003436,2025-10-18,271.34,USD,B033
LE-0009734,ORD-000482,2025-09-05,342.88,USD,B034
LE-0009735,ORD-001750,2025-04-28,893.47,USD,B035
LE-0009736,ORD-006729,2025-10-14,239.38,USD,B036
LE-0009737,ORD-009113,2025-06-01,561.86,USD,B037
LE-0009738,ORD-010303,2025-05-14,776.48,USD,B038
LE-0009739,ORD-003348,2025-01-12,260.04,USD,B039
LE-0009740,ORD-010845,2025-03-10,438.91,USD,B040
LE-0009741,ORD-004221,2025-09-16,257.39,USD,B041
LE-0009742,ORD-002444,2025-10-18,164.38,USD,B042
LE-0009743,ORD-010546,2025-09-01,294.00,USD,B043
LE-0009744,ORD-010219,2025-06-13,175.65,USD,B044
LE-0009745,ORD-008735,2025-08-31,132.96,USD,B045
LE-0009746,ORD-002118,2025-03-29,243.38,USD,B046
LE-0009747,ORD-008603,2025-06-07,794.66,USD,B047
LE-0009748,ORD-005613,2025-04-13,865.77,USD,B048
LE-0009749,ORD-009585,2025-02-14,503.17,USD,B049
LE-0009750,ORD-006347,2025-11-02,373.64,USD,B050
LE-0009751,ORD-004102,2025-07-01,600.07,USD,B051
LE-0009752,ORD-005543,2025-06-18,725.03,USD,B052
LE-0009753,ORD-004538,2025-09-14,617.95,USD,B053
LE-0009754,ORD-010852,2025-10-24,767.87,USD,B054
LE-0009755,ORD-002479,2025-12-09,363.76,USD,B055
LE-0009756,ORD-010097,2025-08-28,452.00,USD,B056
LE-0009757,ORD-004186,2025-05-01,585.67,USD,B057
LE-0009758,ORD-008193,2025-06-25,837.65,USD,B058
LE-0009759,ORD-006238,2025-02-04,230.89,USD,B059
LE-0009760,ORD-006633,2025-12-27,770.23,USD,B060
LE-0009761,ORD-007827,2025-06-15,411.17,USD,B061
LE-0009762,ORD-006462,2025-04-07,221.74,USD,B062
LE-0009763,ORD-003273,2025-09-19,687.28,USD,B063
LE-0009764,ORD-011650,2025-12-22,754.06,USD,B064
LE-0009765,ORD-006042,2025-02-11,40.72,USD,B065
LE-0009766,ORD-008217,2025-07-09,145.98,USD,B066
LE-0009767,ORD-003130,2025-06-17,599.95,USD,B067
LE-0009768,ORD-002292,2025-09-30,672.05,USD,B068
LE-0009769,ORD-007850,2025-11-26,477.98,USD,B069
LE-0009770,ORD-004609,2025-05-08,173.92,USD,B070
LE-0009771,ORD-002328,2025-07-16,432.05,USD,B071
LE-0009772,ORD-004727,2025-10-27,806.21,USD,B072
LE-0009773,ORD-005085,2025-04-13,82.21,USD,B073
LE-0009774,ORD-002488,2025-11-29,602.75,USD,B074
LE-0009775,ORD-010357,2025-06-05,460.33,USD,B075
LE-0009776,ORD-010888,2025-10-31,500.78,USD,B076
LE-0009777,ORD-006722,2025-05-04,313.00,USD,B077
LE-0009778,ORD-003169,2025-01-15,843.73,USD,B078
LE-0009779,ORD-010761,2025-02-02,169.18,USD,B079
LE-0009780,ORD-006226,2025-06-08,667.53,USD,B080
LE-0009781,ORD-007839,2025-08-28,777.60,USD,B081
LE-0009782,ORD-009010,2025-09-03,483.11,USD,B082
LE-0009783,ORD-006696,2025-02-27,843.10,USD,B083
LE-0009784,ORD-007613,2025-03-22,878.81,USD,B084
LE-0009785,ORD-002806,2025-03-30,791.06,USD,B085
LE-0009786,ORD-007566,2025-09-09,479.22,USD,B086
LE-0009787,ORD-010862,2025-03-20,785.06,USD,B087
LE-0009788,ORD-010993,2025-05-15,289.78,USD,B088
LE-0009789,ORD-004225,2025-07-06,650.09,USD,B089
LE-0009790,ORD-009477,2025-08-11,250.81,USD,B090
LE-0009791,ORD-009581,2025-07-21,887.38,USD,B091
LE-0009792,ORD-006088,2025-09-08,891.26,USD,B092
LE-0009793,ORD-010178,2025-02-13,764.70,USD,B093
LE-0009794,ORD-009925,2025-11-28,617.31,USD,B094
LE-0009795,ORD-007442,2025-12-28,720.94,USD,B095
LE-0009796,ORD-008228,2025-09-15,538.80,USD,B096
LE-0009797,ORD-009869,2025-09-08,219.00,USD,B000
LE-0009798,ORD-006517,2025-04-04,104.56,USD,B001
LE-0009799,ORD-006539,2025-03-10,183.48,USD,B002
LE-0009800,ORD-010151,2025-07-29,418.33,USD,B003
LE-0009801,ORD-003324,2025-09-08,548.20,USD,B004
LE-0009802,ORD-010281,2025-08-10,773.38,USD,B005
LE-0009803,ORD-002739,2025-10-15,103.87,USD,B006
LE-0009804,ORD-011648,2025-06-01,431.46,USD,B007
LE-0009805,ORD-003717,2025-07-14,870.82,USD,B008
LE-0009806,ORD-001313,2025-10-31,568.19,USD,B009
LE-0009807,ORD-005720,2025-05-11,196.61,USD,B010
LE-0009808,ORD-002110,2025-06-07,553.39,USD,B011
LE-0009809,ORD-002127,2025-04-03,280.86,USD,B012
LE-0009810,ORD-001879,2025-04-21,88.20,USD,B013
LE-0009811,ORD-007282,2025-10-16,467.19,USD,B014
LE-0009812,ORD-002875,2025-01-05,438.96,USD,B015
LE-0009813,ORD-006447,2025-10-08,26.18,USD,B016
LE-0009814,ORD-006983,2025-03-09,525.61,USD,B017
LE-0009815,ORD-010700,2025-09-24,71.89,USD,B018
LE-0009816,ORD-003613,2025-06-12,788.76,USD,B019
LE-0009817,ORD-001941,2025-01-26,30.38,USD,B020
LE-0009818,ORD-004184,2025-09-04,159.02,USD,B021
LE-0009819,ORD-006484,2025-08-29,401.69,USD,B022
LE-0009820,ORD-011734,2025-12-12,633.40,USD,B023
LE-0009821,ORD-003246,2025-06-11,16.43,USD,B024
LE-0009822,ORD-005715,2025-02-06,680.46,USD,B025
LE-0009823,ORD-011606,2025-03-15,15.12,USD,B026
LE-0009824,ORD-009940,2025-06-11,504.66,USD,B027
LE-0009825,ORD-007152,2025-05-12,884.25,USD,B028
LE-0009826,ORD-002643,2025-11-25,570.25,USD,B029
LE-0009827,ORD-009380,2025-10-13,42.04,USD,B030
LE-0009828,ORD-006890,2025-03-07,751.13,USD,B031
LE-0009829,ORD-011103,2025-10-24,364.40,USD,B032
LE-0009830,ORD-008573,2025-06-18,457.44,USD,B033
LE-0009831,ORD-006286,2025-06-10,870.92,USD,B034
LE-0009832,ORD-005949,2025-01-09,497.19,USD,B035
LE-0009833,ORD-002968,2025-06-27,67.06,USD,B036
LE-0009834,ORD-005230,2025-08-15,447.05,USD,B037
LE-0009835,ORD-003238,2025-05-27,144.70,USD,B038
LE-0009836,ORD-003223,2025-05-30,800.04,USD,B039
LE-0009837,ORD-006887,2025-09-07,167.91,USD,B040
LE-0009838,ORD-004798,2025-09-18,361.06,USD,B041
LE-0009839,ORD-001159,2025-08-25,299.75,USD,B042
LE-0009840,ORD-007127,2025-11-07,353.57,USD,B043
LE-0009841,ORD-010960,2025-07-19,439.94,USD,B044
LE-0009842,ORD-005886,2025-12-14,294.75,USD,B045
LE-0009843,ORD-006990,2025-08-06,404.88,USD,B046
LE-0009844,ORD-007549,2025-03-17,870.77,USD,B047
LE-0009845,ORD-010971,2025-05-18,225.89,USD,B048
LE-0009846,ORD-006377,2025-11-16,528.33,USD,B049
LE-0009847,ORD-002321,2025-05-23,457.13,USD,B050
LE-0009848,ORD-001737,2025-05-16,74.08,USD,B051
LE-0009849,ORD-008947,2025-10-29,780.94,USD,B052
LE-0009850,ORD-009052,2025-08-23,602.78,USD,B053
LE-0009851,ORD-000332,2025-01-30,870.82,USD,B054
LE-0009852,ORD-005532,2025-02-09,175.70,USD,B055
LE-0009853,ORD-006760,2025-04-15,690.44,USD,B056
LE-0009854,ORD-010655,2025-09-13,226.14,USD,B057
LE-0009855,ORD-004558,2025-06-13,10.23,USD,B058
LE-0009856,ORD-007121,2025-07-20,224.27,USD,B059
LE-0009857,ORD-001264,2025-05-03,304.57,USD,B060
LE-0009858,ORD-004943,2025-03-13,817.85,USD,B061
LE-0009859,ORD-010824,2025-07-31,358.31,USD,B062
LE-0009860,ORD-001777,2025-11-21,701.77,USD,B063
LE-0009861,ORD-001967,2025-05-13,346.91,USD,B064
LE-0009862,ORD-006585,2025-10-22,306.11,USD,B065
LE-0009863,ORD-004556,2025-06-16,643.75,USD,B066
LE-0009864,ORD-011257,2025-09-02,892.39,USD,B067
LE-0009865,ORD-004110,2025-07-28,833.52,USD,B068
LE-0009866,ORD-007317,2025-09-25,697.76,USD,B069
LE-0009867,ORD-006476,2025-08-05,329.42,USD,B070
LE-0009868,ORD-009823,2025-01-27,854.64,USD,B071
LE-0009869,ORD-009609,2025-12-19,342.57,USD,B072
LE-0009870,ORD-003050,2025-12-16,536.66,USD,B073
LE-0009871,ORD-004670,2025-09-23,823.98,USD,B074
LE-0009872,ORD-010055,2025-08-02,805.76,USD,B075
LE-0009873,ORD-006691,2025-02-28,697.14,USD,B076
LE-0009874,ORD-008256,2025-04-03,191.41,USD,B077
LE-0009875,ORD-005493,2025-07-05,311.01,USD,B078
LE-0009876,ORD-009205,2025-12-30,725.55,USD,B079
LE-0009877,ORD-006510,2025-05-23,334.05,USD,B080
LE-0009878,ORD-009450,2025-03-12,805.14,USD,B081
LE-0009879,ORD-009459,2025-05-15,885.53,USD,B082
LE-0009880,ORD-006287,2025-05-11,391.36,USD,B083
LE-0009881,ORD-009166,2025-09-23,372.98,USD,B084
LE-0009882,ORD-002293,2025-04-13,633.82,USD,B085
LE-0009883,ORD-010721,2025-11-14,878.49,USD,B086
LE-0009884,ORD-000085,2025-05-31,256.45,USD,B087
LE-0009885,ORD-001133,2025-02-12,415.83,USD,B088
LE-0009886,ORD-001891,2025-10-18,357.13,USD,B089
LE-0009887,ORD-008108,2025-11-15,203.85,USD,B090
LE-0009888,ORD-001311,2025-11-19,199.97,USD,B091
LE-0009889,ORD-009395,2025-05-29,84.70,USD,B092
LE-0009890,ORD-007491,2025-04-01,759.54,USD,B093
LE-0009891,ORD-002252,2025-03-22,347.35,USD,B094
LE-0009892,ORD-003651,2025-12-29,658.35,USD,B095
LE-0009893,ORD-000470,2025-06-13,361.69,USD,B096
LE-0009894,ORD-000237,2025-05-03,61.25,USD,B000
LE-0009895,ORD-007406,2025-08-03,685.08,USD,B001
LE-0009896,ORD-009724,2025-03-12,298.41,USD,B002
LE-0009897,ORD-003702,2025-03-09,719.38,USD,B003
LE-0009898,ORD-007568,2025-09-11,259.90,USD,B004
LE-0009899,ORD-008301,2025-12-15,336.61,USD,B005
LE-0009900,ORD-003183,2025-12-03,817.93,USD,B006
LE-0009901,ORD-005751,2025-11-04,710.61,USD,B007
LE-0009902,ORD-011494,2025-08-17,751.06,USD,B008
LE-0009903,ORD-011054,2025-08-02,449.72,USD,B009
LE-0009904,ORD-005770,2025-05-16,395.33,USD,B010
LE-0009905,ORD-003848,2025-06-04,99.87,USD,B011
LE-0009906,ORD-011322,2025-06-11,146.87,USD,B012
LE-0009907,ORD-001894,2025-03-24,249.10,USD,B013
LE-0009908,ORD-004088,2025-01-16,808.76,USD,B014
LE-0009909,ORD-004835,2025-01-29,511.07,USD,B015
LE-0009910,ORD-008240,2025-02-05,622.89,USD,B016
LE-0009911,ORD-006608,2025-11-21,618.24,USD,B017
LE-0009912,ORD-003406,2025-08-23,228.76,USD,B018
LE-0009913,ORD-003587,2025-01-07,789.96,USD,B019
LE-0009914,ORD-003045,2025-05-21,700.73,USD,B020
LE-0009915,ORD-008484,2025-02-05,638.77,USD,B021
LE-0009916,ORD-003270,2025-06-28,54.24,USD,B022
LE-0009917,ORD-002236,2025-02-25,501.97,USD,B023
LE-0009918,ORD-008154,2025-09-24,831.81,USD,B024
LE-0009919,ORD-005100,2025-05-07,486.18,USD,B025
LE-0009920,ORD-004180,2025-04-13,372.46,USD,B026
LE-0009921,ORD-009664,2025-06-29,593.39,USD,B027
LE-0009922,ORD-010122,2025-01-28,797.24,USD,B028
LE-0009923,ORD-008650,2025-10-25,756.65,USD,B029
LE-0009924,ORD-007350,2025-02-06,447.01,USD,B030
LE-0009925,ORD-011820,2025-04-13,897.24,USD,B031
LE-0009926,ORD-000212,2025-10-29,779.12,USD,B032
LE-0009927,ORD-002348,2025-09-11,610.22,USD,B033
LE-0009928,ORD-002634,2025-11-24,569.57,USD,B034
LE-0009929,ORD-008395,2025-07-11,405.26,USD,B035
LE-0009930,ORD-001622,2025-02-19,854.86,USD,B036
LE-0009931,ORD-010605,2025-06-10,85.04,USD,B037
LE-0009932,ORD-004624,2025-03-17,672.86,USD,B038
LE-0009933,ORD-004198,2025-01-31,216.49,USD,B039
LE-0009934,ORD-000446,2025-07-20,298.77,USD,B040
LE-0009935,ORD-008399,2025-08-05,454.32,USD,B041
LE-0009936,ORD-010339,2025-05-21,568.92,USD,B042
LE-0009937,ORD-009110,2025-09-07,267.87,USD,B043
LE-0009938,ORD-011503,2025-11-08,865.72,USD,B044
LE-0009939,ORD-001330,2025-06-23,673.14,USD,B045
LE-0009940,ORD-007910,2025-05-06,466.83,USD,B046
LE-0009941,ORD-003539,2025-09-26,325.17,USD,B047
LE-0009942,ORD-007434,2025-06-06,532.44,USD,B048
LE-0009943,ORD-006525,2025-01-22,771.37,USD,B049
LE-0009944,ORD-001237,2025-04-25,62.27,USD,B050
LE-0009945,ORD-008422,2025-03-05,480.99,USD,B051
LE-0009946,ORD-002205,2025-04-18,336.71,USD,B052
LE-0009947,ORD-011795,2025-07-22,377.24,USD,B053
LE-0009948,ORD-005585,2025-06-03,767.24,USD,B054
LE-0009949,ORD-005790,2025-12-26,114.83,USD,B055
LE-0009950,ORD-008630,2025-05-22,442.31,USD,B056
LE-0009951,ORD-000408,2025-01-11,142.55,USD,B057
LE-0009952,ORD-011237,2025-07-21,428.09,USD,B058
LE-0009953,ORD-011615,2025-04-10,347.11,USD,B059
LE-0009954,ORD-011516,2025-12-22,838.87,USD,B060
LE-0009955,ORD-009491,2025-12-04,391.01,USD,B061
LE-0009956,ORD-009842,2025-02-09,87.78,USD,B062
LE-0009957,ORD-004460,2025-01-21,336.18,USD,B063
LE-0009958,ORD-009920,2025-03-24,394.23,USD,B064
LE-0009959,ORD-006523,2025-12-05,569.55,USD,B065
LE-0009960,ORD-006535,2025-12-24,677.23,USD,B066
LE-0009961,ORD-004250,2025-11-23,437.59,USD,B067
LE-0009962,ORD-001088,2025-07-07,337.94,USD,B068
LE-0009963,ORD-010092,2025-03-31,492.13,USD,B069
LE-0009964,ORD-006151,2025-08-02,559.80,USD,B070
LE-0009965,ORD-006643,2025-01-02,292.98,USD,B071
LE-0009966,ORD-003145,2025-05-09,116.00,USD,B072
LE-0009967,ORD-000664,2025-03-10,661.18,USD,B073
LE-0009968,ORD-002129,2025-12-15,162.91,USD,B074
LE-0009969,ORD-001424,2025-12-04,845.66,USD,B075
LE-0009970,ORD-000760,2025-12-14,55.52,USD,B076
LE-0009971,ORD-004515,2025-10-04,458.00,USD,B077
LE-0009972,ORD-005619,2025-08-29,441.35,USD,B078
LE-0009973,ORD-001040,2025-10-23,231.16,USD,B079
LE-0009974,ORD-003548,2025-02-02,761.06,USD,B080
LE-0009975,ORD-003923,2025-02-05,351.83,USD,B081
LE-0009976,ORD-004033,2025-10-24,808.77,USD,B082
LE-0009977,ORD-009476,2025-10-20,388.19,USD,B083
LE-0009978,ORD-011268,2025-12-12,200.19,USD,B084
LE-0009979,ORD-008789,2025-12-13,850.43,USD,B085
LE-0009980,ORD-000211,2025-07-05,515.91,USD,B086
LE-0009981,ORD-009071,2025-12-04,360.10,USD,B087
LE-0009982,ORD-002254,2025-10-29,120.76,USD,B088
LE-0009983,ORD-006615,2025-12-14,379.78,USD,B089
LE-0009984,ORD-010009,2025-09-13,669.82,USD,B090
LE-0009985,ORD-002232,2025-10-23,864.74,USD,B091
LE-0009986,ORD-004211,2025-04-28,435.02,USD,B092
LE-0009987,ORD-010137,2025-10-21,347.35,USD,B093
LE-0009988,ORD-010962,2025-06-08,166.55,USD,B094
LE-0009989,ORD-000098,2025-06-21,282.61,USD,B095
LE-0009990,ORD-003198,2025-12-24,480.57,USD,B096
LE-0009991,ORD-005854,2025-02-22,223.86,USD,B000
LE-0009992,ORD-004331,2025-12-07,653.92,USD,B001
LE-0009993,ORD-004497,2025-03-05,768.47,USD,B002
LE-0009994,ORD-010800,2025-09-23,610.07,USD,B003
LE-0009995,ORD-000053,2025-09-24,52.43,USD,B004
LE-0009996,ORD-001043,2025-09-26,798.00,USD,B005
LE-0009997,ORD-005672,2025-01-03,808.00,USD,B006
LE-0009998,ORD-006185,2025-06-23,361.95,USD,B007
LE-0009999,ORD-002923,2025-12-08,468.25,USD,B008
LE-0010000,ORD-005340,2025-07-28,130.11,USD,B009
LE-0010001,ORD-010956,2025-02-21,336.07,USD,B010
LE-0010002,ORD-005324,2025-11-10,366.10,USD,B011
LE-0010003,ORD-003142,2025-07-23,462.89,USD,B012
LE-0010004,ORD-006167,2025-04-14,818.92,USD,B013
LE-0010005,ORD-011426,2025-11-03,626.13,USD,B014
LE-0010006,ORD-002224,2025-06-14,860.60,USD,B015
LE-0010007,ORD-000144,2025-02-05,659.30,USD,B016
LE-0010008,ORD-007213,2025-12-02,778.16,USD,B017
LE-0010009,ORD-009871,2025-07-09,602.70,USD,B018
LE-0010010,ORD-003156,2025-11-16,678.53,USD,B019
LE-0010011,ORD-007241,2025-11-11,175.86,USD,B020
LE-0010012,ORD-009675,2025-09-06,824.03,USD,B021
LE-0010013,ORD-004032,2025-04-21,89.18,USD,B022
LE-0010014,ORD-010905,2025-12-24,222.47,USD,B023
LE-0010015,ORD-009640,2025-11-07,891.70,USD,B024
LE-0010016,ORD-008196,2025-06-24,52.64,USD,B025
LE-0010017,ORD-010914,2025-10-23,520.91,USD,B026
LE-0010018,ORD-010298,2025-04-28,814.67,USD,B027
LE-0010019,ORD-002342,2025-10-07,649.68,USD,B028
LE-0010020,ORD-009820,2025-01-14,573.60,USD,B029
LE-0010021,ORD-010588,2025-01-12,652.33,USD,B030
LE-0010022,ORD-001255,2025-06-21,455.51,USD,B031
LE-0010023,ORD-000498,2025-12-30,342.06,USD,B032
LE-0010024,ORD-009844,2025-02-05,258.65,USD,B033
LE-0010025,ORD-010240,2025-07-31,321.56,USD,B034
LE-0010026,ORD-004716,2025-05-14,641.26,USD,B035
LE-0010027,ORD-005140,2025-08-05,735.03,USD,B036
LE-0010028,ORD-006139,2025-01-09,720.33,USD,B037
LE-0010029,ORD-011254,2025-03-08,547.31,USD,B038
LE-0010030,ORD-003242,2025-06-07,710.30,USD,B039
LE-0010031,ORD-001505,2025-10-15,417.36,USD,B040
LE-0010032,ORD-000527,2025-07-09,182.14,USD,B041
LE-0010033,ORD-001226,2025-12-13,25.98,USD,B042
LE-0010034,ORD-011386,2025-10-18,448.27,USD,B043
LE-0010035,ORD-000902,2025-02-09,99.76,USD,B044
LE-0010036,ORD-007797,2025-12-30,851.70,USD,B045
LE-0010037,ORD-009086,2025-09-24,354.90,USD,B046
LE-0010038,ORD-004146,2025-04-15,469.12,USD,B047
LE-0010039,ORD-004958,2025-08-19,577.19,USD,B048
LE-0010040,ORD-011033,2025-10-22,218.37,USD,B049
LE-0010041,ORD-000247,2025-10-06,180.69,USD,B050
LE-0010042,ORD-001797,2025-11-29,889.64,USD,B051
LE-0010043,ORD-000545,2025-11-03,80.32,USD,B052
LE-0010044,ORD-004949,2025-09-14,134.77,USD,B053
LE-0010045,ORD-011460,2025-06-30,664.08,USD,B054
LE-0010046,ORD-007593,2025-10-05,624.63,USD,B055
LE-0010047,ORD-010933,2025-09-10,812.17,USD,B056
LE-0010048,ORD-009897,2025-06-13,281.80,USD,B057
LE-0010049,ORD-001783,2025-09-27,603.15,USD,B058
LE-0010050,ORD-001089,2025-06-28,569.86,USD,B059
LE-0010051,ORD-011058,2025-06-13,97.00,USD,B060
LE-0010052,ORD-005380,2025-11-20,819.89,USD,B061
LE-0010053,ORD-010946,2025-09-17,713.05,USD,B062
LE-0010054,ORD-006669,2025-06-06,48.14,USD,B063
LE-0010055,ORD-007644,2025-04-24,855.16,USD,B064
LE-0010056,ORD-003794,2025-07-03,412.32,USD,B065
LE-0010057,ORD-004606,2025-02-05,333.00,USD,B066
LE-0010058,ORD-002385,2025-03-16,821.46,USD,B067
LE-0010059,ORD-008972,2025-05-29,879.42,USD,B068
LE-0010060,ORD-008762,2025-03-26,890.95,USD,B069
LE-0010061,ORD-002012,2025-07-29,378.99,USD,B070
LE-0010062,ORD-000655,2025-04-30,774.52,USD,B071
LE-0010063,ORD-008572,2025-09-29,488.23,USD,B072
LE-0010064,ORD-001604,2025-11-25,148.25,USD,B073
LE-0010065,ORD-008988,2025-12-26,614.61,USD,B074
LE-0010066,ORD-010407,2025-10-18,437.55,USD,B075
LE-0010067,ORD-000458,2025-04-27,596.03,USD,B076
LE-0010068,ORD-007781,2025-02-08,692.50,USD,B077
LE-0010069,ORD-010448,2025-03-27,739.33,USD,B078
LE-0010070,ORD-004161,2025-03-10,60.06,USD,B079
LE-0010071,ORD-000424,2025-11-25,97.90,USD,B080
LE-0010072,ORD-005032,2025-06-07,104.16,USD,B081
LE-0010073,ORD-006786,2025-09-12,854.91,USD,B082
LE-0010074,ORD-007973,2025-09-03,708.15,USD,B083
LE-0010075,ORD-001523,2025-10-08,415.92,USD,B084
LE-0010076,ORD-011624,2025-05-21,465.13,USD,B085
LE-0010077,ORD-011396,2025-11-04,654.43,USD,B086
LE-0010078,ORD-007196,2025-07-03,623.22,USD,B087
LE-0010079,ORD-002573,2025-03-31,851.46,USD,B088
LE-0010080,ORD-001969,2025-05-07,687.95,USD,B089
LE-0010081,ORD-004097,2025-03-01,825.19,USD,B090
LE-0010082,ORD-006034,2025-06-29,710.88,USD,B091
LE-0010083,ORD-006381,2025-03-18,798.22,USD,B092
LE-0010084,ORD-002828,2025-01-15,723.48,USD,B093
LE-0010085,ORD-006699,2025-12-12,414.41,USD,B094
LE-0010086,ORD-002498,2025-01-30,588.56,USD,B095
LE-0010087,ORD-000461,2025-12-10,868.00,USD,B096
LE-0010088,ORD-011751,2025-03-25,649.30,USD,B000
LE-0010089,ORD-010766,2025-07-04,701.34,USD,B001
LE-0010090,ORD-007962,2025-07-20,365.00,USD,B002
LE-0010091,ORD-008607,2025-11-26,875.95,USD,B003
LE-0010092,ORD-011822,2025-02-12,713.23,USD,B004
LE-0010093,ORD-002551,2025-03-06,40.68,USD,B005
LE-0010094,ORD-006002,2025-01-28,479.23,USD,B006
LE-0010095,ORD-003847,2025-05-25,66.55,USD,B007
LE-0010096,ORD-007806,2025-07-16,650.49,USD,B008
LE-0010097,ORD-008471,2025-12-17,286.30,USD,B009
LE-0010098,ORD-002470,2025-05-05,855.28,USD,B010
LE-0010099,ORD-011276,2025-02-03,629.82,USD,B011
LE-0010100,ORD-006508,2025-02-11,112.00,USD,B012
LE-0010101,ORD-008569,2025-11-01,728.61,USD,B013
LE-0010102,ORD-009867,2025-07-09,69.64,USD,B014
LE-0010103,ORD-007492,2025-12-12,107.00,USD,B015
LE-0010104,ORD-004296,2025-09-08,126.93,USD,B016
LE-0010105,ORD-004337,2025-02-20,486.77,USD,B017
LE-0010106,ORD-010295,2025-02-16,427.86,USD,B018
LE-0010107,ORD-002580,2025-02-15,192.90,USD,B019
LE-0010108,ORD-004694,2025-07-24,152.52,USD,B020
LE-0010109,ORD-001611,2025-05-22,54.01,USD,B021
LE-0010110,ORD-010391,2025-05-13,526.44,USD,B022
LE-0010111,ORD-008133,2025-08-08,410.51,USD,B023
LE-0010112,ORD-006518,2025-04-18,442.11,USD,B024
LE-0010113,ORD-006803,2025-06-19,679.71,USD,B025
LE-0010114,ORD-000456,2025-07-07,543.06,USD,B026
LE-0010115,ORD-002233,2025-04-18,517.18,USD,B027
LE-0010116,ORD-009102,2025-07-04,128.28,USD,B028
LE-0010117,ORD-010990,2025-12-02,56.24,USD,B029
LE-0010118,ORD-007928,2025-08-31,484.79,USD,B030
LE-0010119,ORD-000290,2025-07-20,642.55,USD,B031
LE-0010120,ORD-008644,2025-07-03,7.40,USD,B032
LE-0010121,ORD-011259,2025-05-19,651.68,USD,B033
LE-0010122,ORD-004149,2025-04-14,534.03,USD,B034
LE-0010123,ORD-006477,2025-06-02,563.67,USD,B035
LE-0010124,ORD-004846,2025-01-25,826.56,USD,B036
LE-0010125,ORD-005453,2025-11-20,442.69,USD,B037
LE-0010126,ORD-008008,2025-08-17,582.00,USD,B038
LE-0010127,ORD-003722,2025-04-11,369.38,USD,B039
LE-0010128,ORD-002992,2025-10-25,34.08,USD,B040
LE-0010129,ORD-008764,2025-10-06,537.79,USD,B041
LE-0010130,ORD-003012,2025-10-04,258.75,USD,B042
LE-0010131,ORD-005637,2025-05-22,510.65,USD,B043
LE-0010132,ORD-009938,2025-05-15,713.68,USD,B044
LE-0010133,ORD-007754,2025-09-29,372.70,USD,B045
LE-0010134,ORD-005794,2025-07-15,517.57,USD,B046
LE-0010135,ORD-000086,2025-02-23,91.37,USD,B047
LE-0010136,ORD-003216,2025-08-31,765.53,USD,B048
LE-0010137,ORD-005593,2025-05-20,830.00,USD,B049
LE-0010138,ORD-001970,2025-03-25,666.97,USD,B050
LE-0010139,ORD-006156,2025-03-30,871.76,USD,B051
LE-0010140,ORD-002412,2025-08-09,653.44,USD,B052
LE-0010141,ORD-010162,2025-08-28,680.54,USD,B053
LE-0010142,ORD-001464,2025-03-08,249.68,USD,B054
LE-0010143,ORD-003244,2025-02-16,321.84,USD,B055
LE-0010144,ORD-007324,2025-01-26,158.35,USD,B056
LE-0010145,ORD-007662,2025-01-29,547.69,USD,B057
LE-0010146,ORD-007904,2025-07-13,715.69,USD,B058
LE-0010147,ORD-001216,2025-04-29,388.14,USD,B059
LE-0010148,ORD-000091,2025-01-10,402.35,USD,B060
LE-0010149,ORD-000765,2025-07-05,327.30,USD,B061
LE-0010150,ORD-000539,2025-11-11,74.62,USD,B062
LE-0010151,ORD-000191,2025-06-15,893.71,USD,B063
LE-0010152,ORD-006655,2025-06-06,167.53,USD,B064
LE-0010153,ORD-007844,2025-03-10,22.15,USD,B065
LE-0010154,ORD-007012,2025-02-14,765.58,USD,B066
LE-0010155,ORD-008397,2025-08-25,529.90,USD,B067
LE-0010156,ORD-004628,2025-03-15,663.98,USD,B068
LE-0010157,ORD-005968,2025-02-15,33.25,USD,B069
LE-0010158,ORD-007506,2025-04-02,140.00,USD,B070
LE-0010159,ORD-009587,2025-11-29,661.28,USD,B071
LE-0010160,ORD-011293,2025-06-07,122.03,USD,B072
LE-0010161,ORD-004136,2025-07-21,331.23,USD,B073
LE-0010162,ORD-011492,2025-06-01,128.45,USD,B074
LE-0010163,ORD-009580,2025-06-20,618.98,USD,B075
LE-0010164,ORD-004313,2025-03-17,704.45,USD,B076
LE-0010165,ORD-004546,2025-06-03,107.21,USD,B077
LE-0010166,ORD-003391,2025-03-10,843.68,USD,B078
LE-0010167,ORD-004993,2025-11-30,781.19,USD,B079
LE-0010168,ORD-000592,2025-10-30,517.00,USD,B080
LE-0010169,ORD-001648,2025-07-13,314.43,USD,B081
LE-0010170,ORD-001874,2025-02-13,209.11,USD,B082
LE-0010171,ORD-000551,2025-08-09,240.43,USD,B083
LE-0010172,ORD-000452,2025-01-16,271.11,USD,B084
LE-0010173,ORD-006143,2025-09-28,131.54,USD,B085
LE-0010174,ORD-001204,2025-05-06,28.45,USD,B086
LE-0010175,ORD-000123,2025-12-08,798.44,USD,B087
LE-0010176,ORD-004383,2025-01-27,573.52,USD,B088
LE-0010177,ORD-000008,2025-07-14,116.15,USD,B089
LE-0010178,ORD-008325,2025-07-31,554.15,USD,B090
LE-0010179,ORD-001844,2025-05-31,323.22,USD,B091
LE-0010180,ORD-003502,2025-10-15,395.09,USD,B092
LE-0010181,ORD-000585,2025-03-26,837.82,USD,B093
LE-0010182,ORD-011830,2025-10-03,531.84,USD,B094
LE-0010183,ORD-007293,2025-04-18,191.85,USD,B095
LE-0010184,ORD-011783,2025-12-01,699.08,USD,B096
LE-0010185,ORD-004116,2025-11-24,827.30,USD,B000
LE-0010186,ORD-008206,2025-03-08,774.42,USD,B001
LE-0010187,ORD-010534,2025-05-15,328.56,USD,B002
LE-0010188,ORD-007151,2025-06-21,437.21,USD,B003
LE-0010189,ORD-001425,2025-09-20,877.02,USD,B004
LE-0010190,ORD-005016,2025-08-17,682.90,USD,B005
LE-0010191,ORD-000577,2025-07-30,696.82,USD,B006
LE-0010192,ORD-004309,2025-10-29,632.98,USD,B007
LE-0010193,ORD-002915,2025-11-01,113.97,USD,B008
LE-0010194,ORD-001852,2025-09-15,164.08,USD,B009
LE-0010195,ORD-008727,2025-11-19,42.07,USD,B010
LE-0010196,ORD-003103,2025-07-22,285.87,USD,B011
LE-0010197,ORD-007532,2025-07-04,330.71,USD,B012
LE-0010198,ORD-002750,2025-08-15,635.76,USD,B013
LE-0010199,ORD-011399,2025-07-21,197.86,USD,B014
LE-0010200,ORD-010535,2025-02-03,873.36,USD,B015
LE-0010201,ORD-010859,2025-04-28,482.03,USD,B016
LE-0010202,ORD-008839,2025-08-12,660.00,USD,B017
LE-0010203,ORD-001029,2025-03-29,358.46,USD,B018
LE-0010204,ORD-002747,2025-02-09,149.56,USD,B019
LE-0010205,ORD-000399,2025-10-18,734.43,USD,B020
LE-0010206,ORD-004557,2025-10-31,841.68,USD,B021
LE-0010207,ORD-001476,2025-08-28,351.76,USD,B022
LE-0010208,ORD-004490,2025-06-11,246.62,USD,B023
LE-0010209,ORD-007868,2025-10-26,589.00,USD,B024
LE-0010210,ORD-001972,2025-12-22,599.45,USD,B025
LE-0010211,ORD-008987,2025-07-15,678.64,USD,B026
LE-0010212,ORD-004445,2025-08-23,237.59,USD,B027
LE-0010213,ORD-003154,2025-10-25,797.89,USD,B028
LE-0010214,ORD-001690,2025-03-15,774.40,USD,B029
LE-0010215,ORD-000994,2025-05-31,529.93,USD,B030
LE-0010216,ORD-003322,2025-04-13,809.24,USD,B031
LE-0010217,ORD-002388,2025-08-02,610.91,USD,B032
LE-0010218,ORD-001053,2025-09-26,361.00,USD,B033
LE-0010219,ORD-005439,2025-11-01,873.66,USD,B034
LE-0010220,ORD-005329,2025-01-29,164.00,USD,B035
LE-0010221,ORD-010751,2025-04-08,37.82,USD,B036
LE-0010222,ORD-004038,2025-01-08,429.93,USD,B037
LE-0010223,ORD-000909,2025-01-30,587.77,USD,B038
LE-0010224,ORD-000716,2025-10-21,896.76,USD,B039
LE-0010225,ORD-011501,2025-06-27,834.90,USD,B040
LE-0010226,ORD-004233,2025-12-11,529.00,USD,B041
LE-0010227,ORD-005972,2025-03-21,719.20,USD,B042
LE-0010228,ORD-005793,2025-12-29,710.75,USD,B043
LE-0010229,ORD-008048,2025-08-27,547.13,USD,B044
LE-0010230,ORD-006979,2025-05-12,66.07,USD,B045
LE-0010231,ORD-011491,2025-08-26,529.13,USD,B046
LE-0010232,ORD-004900,2025-03-18,129.08,USD,B047
LE-0010233,ORD-002309,2025-05-07,868.32,USD,B048
LE-0010234,ORD-004142,2025-08-31,868.49,USD,B049
LE-0010235,ORD-007074,2025-03-01,638.84,USD,B050
LE-0010236,ORD-009534,2025-01-30,834.01,USD,B051
LE-0010237,ORD-005676,2025-11-28,470.96,USD,B052
LE-0010238,ORD-006061,2025-03-20,625.99,USD,B053
LE-0010239,ORD-008508,2025-12-21,561.88,USD,B054
LE-0010240,ORD-006229,2025-11-06,156.48,USD,B055
LE-0010241,ORD-000523,2025-09-11,813.41,USD,B056
LE-0010242,ORD-005983,2025-09-21,92.32,USD,B057
LE-0010243,ORD-009363,2025-01-15,866.00,USD,B058
LE-0010244,ORD-006261,2025-08-28,249.36,USD,B059
LE-0010245,ORD-001203,2025-12-09,291.56,USD,B060
LE-0010246,ORD-005857,2025-07-20,711.74,USD,B061
LE-0010247,ORD-003036,2025-01-29,789.00,USD,B062
LE-0010248,ORD-009646,2025-01-03,759.66,USD,B063
LE-0010249,ORD-006647,2025-01-24,119.94,USD,B064
LE-0010250,ORD-009958,2025-12-15,845.44,USD,B065
LE-0010251,ORD-007435,2025-09-17,594.56,USD,B066
LE-0010252,ORD-007344,2025-08-21,434.00,USD,B067
LE-0010253,ORD-005478,2025-02-10,195.67,USD,B068
LE-0010254,ORD-001947,2025-12-09,851.64,USD,B069
LE-0010255,ORD-009252,2025-04-14,691.62,USD,B070
LE-0010256,ORD-004675,2025-08-13,562.15,USD,B071
LE-0010257,ORD-001078,2025-11-05,323.90,USD,B072
LE-0010258,ORD-010136,2025-03-20,90.78,USD,B073
LE-0010259,ORD-011560,2025-01-04,538.00,USD,B074
LE-0010260,ORD-003750,2025-07-12,758.39,USD,B075
LE-0010261,ORD-003786,2025-11-06,777.14,USD,B076
LE-0010262,ORD-010912,2025-09-27,172.51,USD,B077
LE-0010263,ORD-007470,2025-05-13,403.38,USD,B078
LE-0010264,ORD-008823,2025-12-05,556.00,USD,B079
LE-0010265,ORD-003669,2025-03-21,422.07,USD,B080
LE-0010266,ORD-005094,2025-02-12,65.06,USD,B081
LE-0010267,ORD-006711,2025-03-06,347.10,USD,B082
LE-0010268,ORD-005655,2025-06-02,339.46,USD,B083
LE-0010269,ORD-006806,2025-02-13,431.20,USD,B084
LE-0010270,ORD-004758,2025-10-07,620.21,USD,B085
LE-0010271,ORD-005994,2025-01-11,165.76,USD,B086
LE-0010272,ORD-004945,2025-09-21,326.45,USD,B087
LE-0010273,ORD-009012,2025-07-25,718.56,USD,B088
LE-0010274,ORD-011325,2025-06-18,409.90,USD,B089
LE-0010275,ORD-003300,2025-09-28,798.13,USD,B090
LE-0010276,ORD-005984,2025-03-16,126.71,USD,B091
LE-0010277,ORD-004488,2025-04-25,504.37,USD,B092
LE-0010278,ORD-008896,2025-05-28,453.20,USD,B093
LE-0010279,ORD-003800,2025-12-06,669.00,USD,B094
LE-0010280,ORD-002218,2025-03-26,830.71,USD,B095
LE-0010281,ORD-002172,2025-03-06,581.05,USD,B096
LE-0010282,ORD-001355,2025-08-03,420.97,USD,B000
LE-0010283,ORD-001632,2025-12-20,470.34,USD,B001
LE-0010284,ORD-001837,2025-07-08,539.21,USD,B002
LE-0010285,ORD-003401,2025-08-14,604.74,USD,B003
LE-0010286,ORD-006153,2025-03-05,311.55,USD,B004
LE-0010287,ORD-004998,2025-01-16,350.75,USD,B005
LE-0010288,ORD-001418,2025-12-13,658.38,USD,B006
LE-0010289,ORD-001041,2025-09-09,827.83,USD,B007
LE-0010290,ORD-001447,2025-02-25,829.47,USD,B008
LE-0010291,ORD-002175,2025-08-29,321.82,USD,B009
LE-0010292,ORD-003551,2025-11-10,641.12,USD,B010
LE-0010293,ORD-000415,2025-04-03,302.45,USD,B011
LE-0010294,ORD-007811,2025-07-06,296.23,USD,B012
LE-0010295,ORD-000569,2025-08-24,217.97,USD,B013
LE-0010296,ORD-006080,2025-07-14,553.44,USD,B014
LE-0010297,ORD-011600,2025-01-26,657.25,USD,B015
LE-0010298,ORD-007084,2025-08-24,832.96,USD,B016
LE-0010299,ORD-004388,2025-01-20,454.40,USD,B017
LE-0010300,ORD-003166,2025-07-13,250.19,USD,B018
LE-0010301,ORD-000358,2025-12-07,241.90,USD,B019
LE-0010302,ORD-007159,2025-09-14,865.15,USD,B020
LE-0010303,ORD-011224,2025-07-16,365.80,USD,B021
LE-0010304,ORD-003420,2025-11-24,500.91,USD,B022
LE-0010305,ORD-003221,2025-01-04,323.56,USD,B023
LE-0010306,ORD-007456,2025-04-01,127.89,USD,B024
LE-0010307,ORD-001781,2025-12-20,562.75,USD,B025
LE-0010308,ORD-004587,2025-07-24,132.37,USD,B026
LE-0010309,ORD-006026,2025-11-17,84.92,USD,B027
LE-0010310,ORD-001612,2025-03-03,290.37,USD,B028
LE-0010311,ORD-009622,2025-11-19,614.34,USD,B029
LE-0010312,ORD-008684,2025-08-12,94.78,USD,B030
LE-0010313,ORD-005760,2025-03-14,192.49,USD,B031
LE-0010314,ORD-011164,2025-12-22,387.22,USD,B032
LE-0010315,ORD-007489,2025-11-30,461.45,USD,B033
LE-0010316,ORD-010447,2025-05-11,577.00,USD,B034
LE-0010317,ORD-004357,2025-01-12,396.81,USD,B035
LE-0010318,ORD-006789,2025-04-07,312.16,USD,B036
LE-0010319,ORD-001989,2025-07-04,153.19,USD,B037
LE-0010320,ORD-006171,2025-10-14,633.27,USD,B038
LE-0010321,ORD-007103,2025-07-02,722.79,USD,B039
LE-0010322,ORD-011848,2025-07-08,404.97,USD,B040
LE-0010323,ORD-004730,2025-06-11,396.27,USD,B041
LE-0010324,ORD-010992,2025-02-02,128.24,USD,B042
LE-0010325,ORD-006554,2025-07-13,501.41,USD,B043
LE-0010326,ORD-007734,2025-12-01,441.48,USD,B044
LE-0010327,ORD-001179,2025-12-05,892.47,USD,B045
LE-0010328,ORD-003846,2025-06-21,446.50,USD,B046
LE-0010329,ORD-009274,2025-06-06,611.41,USD,B047
LE-0010330,ORD-000172,2025-02-27,75.04,USD,B048
LE-0010331,ORD-001283,2025-04-06,388.11,USD,B049
LE-0010332,ORD-010788,2025-04-28,720.38,USD,B050
LE-0010333,ORD-001688,2025-10-08,225.45,USD,B051
LE-0010334,ORD-011125,2025-04-09,820.67,USD,B052
LE-0010335,ORD-006154,2025-05-13,200.05,USD,B053
LE-0010336,ORD-007226,2025-02-10,553.00,USD,B054
LE-0010337,ORD-000893,2025-08-13,531.00,USD,B055
LE-0010338,ORD-004913,2025-12-01,211.84,USD,B056
LE-0010339,ORD-003870,2025-01-23,304.71,USD,B057
LE-0010340,ORD-011489,2025-08-07,410.80,USD,B058
LE-0010341,ORD-002302,2025-02-24,294.20,USD,B059
LE-0010342,ORD-006430,2025-10-29,253.32,USD,B060
LE-0010343,ORD-010012,2025-10-11,186.50,USD,B061
LE-0010344,ORD-009607,2025-05-22,259.86,USD,B062
LE-0010345,ORD-000032,2025-02-11,592.02,USD,B063
LE-0010346,ORD-003640,2025-02-10,421.63,USD,B064
LE-0010347,ORD-007076,2025-12-01,672.54,USD,B065
LE-0010348,ORD-002198,2025-09-06,236.03,USD,B066
LE-0010349,ORD-011584,2025-01-19,693.35,USD,B067
LE-0010350,ORD-011614,2025-08-18,722.66,USD,B068
LE-0010351,ORD-001641,2025-03-21,417.88,USD,B069
LE-0010352,ORD-002819,2025-04-13,827.16,USD,B070
LE-0010353,ORD-009989,2025-01-23,139.29,USD,B071
LE-0010354,ORD-010542,2025-03-31,875.00,USD,B072
LE-0010355,ORD-010586,2025-11-02,868.29,USD,B073
LE-0010356,ORD-006039,2025-05-02,732.14,USD,B074
LE-0010357,ORD-007669,2025-02-15,708.31,USD,B075
LE-0010358,ORD-008700,2025-08-25,447.30,USD,B076
LE-0010359,ORD-001360,2025-12-16,264.97,USD,B077
LE-0010360,ORD-009454,2025-08-19,129.68,USD,B078
LE-0010361,ORD-011316,2025-09-16,472.00,USD,B079
LE-0010362,ORD-000780,2025-02-27,137.10,USD,B080
LE-0010363,ORD-003150,2025-02-22,506.47,USD,B081
LE-0010364,ORD-004358,2025-04-07,282.52,USD,B082
LE-0010365,ORD-001461,2025-06-11,584.25,USD,B083
LE-0010366,ORD-006191,2025-12-11,702.00,USD,B084
LE-0010367,ORD-004007,2025-10-20,135.57,USD,B085
LE-0010368,ORD-009115,2025-10-21,780.92,USD,B086
LE-0010369,ORD-000033,2025-10-30,516.16,USD,B087
LE-0010370,ORD-003530,2025-01-05,31.70,USD,B088
LE-0010371,ORD-003958,2025-04-07,297.99,USD,B089
LE-0010372,ORD-011686,2025-12-24,228.83,USD,B090
LE-0010373,ORD-002636,2025-12-01,207.39,USD,B091
LE-0010374,ORD-004413,2025-03-11,664.47,USD,B092
LE-0010375,ORD-001495,2025-03-01,436.54,USD,B093
LE-0010376,ORD-005811,2025-01-12,891.86,USD,B094
LE-0010377,ORD-001758,2025-05-26,623.00,USD,B095
LE-0010378,ORD-000690,2025-03-14,255.90,USD,B096
LE-0010379,ORD-005290,2025-08-31,45.32,USD,B000
LE-0010380,ORD-005970,2025-12-23,410.07,USD,B001
LE-0010381,ORD-001839,2025-11-20,702.78,USD,B002
LE-0010382,ORD-010091,2025-07-16,456.64,USD,B003
LE-0010383,ORD-009024,2025-11-22,567.47,USD,B004
LE-0010384,ORD-007553,2025-08-06,681.39,USD,B005
LE-0010385,ORD-008379,2025-10-23,690.49,USD,B006
LE-0010386,ORD-004277,2025-01-21,456.22,USD,B007
LE-0010387,ORD-003371,2025-06-18,70.48,USD,B008
LE-0010388,ORD-003508,2025-11-25,474.90,USD,B009
LE-0010389,ORD-008883,2025-09-16,8004.07,USD,B010
LE-0010390,ORD-000031,2025-10-04,894.28,USD,B011
LE-0010391,ORD-004910,2025-12-27,68.83,USD,B012
LE-0010392,ORD-010244,2025-11-16,896.26,USD,B013
LE-0010393,ORD-002017,2025-03-29,411.64,USD,B014
LE-0010394,ORD-004966,2025-06-04,274.02,USD,B015
LE-0010395,ORD-003425,2025-07-11,176.19,USD,B016
LE-0010396,ORD-005661,2025-03-09,433.00,USD,B017
LE-0010397,ORD-011612,2025-05-11,497.63,USD,B018
LE-0010398,ORD-006579,2025-05-09,354.00,USD,B019
LE-0010399,ORD-010615,2025-03-14,658.89,USD,B020
LE-0010400,ORD-000736,2025-02-15,863.80,USD,B021
LE-0010401,ORD-003766,2025-11-06,90.00,USD,B022
LE-0010402,ORD-003410,2025-11-19,37.00,USD,B023
LE-0010403,ORD-003435,2025-03-05,41.55,USD,B024
LE-0010404,ORD-001478,2025-06-15,301.05,USD,B025
LE-0010405,ORD-006434,2025-05-27,429.55,USD,B026
LE-0010406,ORD-002897,2025-03-18,663.29,USD,B027
LE-0010407,ORD-001650,2025-05-17,218.35,USD,B028
LE-0010408,ORD-009620,2025-09-27,414.93,USD,B029
LE-0010409,ORD-009488,2025-08-16,341.35,USD,B030
LE-0010410,ORD-005347,2025-02-14,242.73,USD,B031
LE-0010411,ORD-004295,2025-02-04,758.09,USD,B032
LE-0010412,ORD-004346,2025-01-19,260.97,USD,B033
LE-0010413,ORD-008336,2025-02-03,275.81,USD,B034
LE-0010414,ORD-000280,2025-05-16,708.29,USD,B035
LE-0010415,ORD-004906,2025-01-08,790.42,USD,B036
LE-0010416,ORD-004619,2025-06-16,168.71,USD,B037
LE-0010417,ORD-003816,2025-05-27,702.07,USD,B038
LE-0010418,ORD-006169,2025-07-17,816.83,USD,B039
LE-0010419,ORD-009706,2025-08-28,309.11,USD,B040
LE-0010420,ORD-003243,2025-04-07,343.05,USD,B041
LE-0010421,ORD-003645,2025-07-24,24.06,USD,B042
LE-0010422,ORD-006549,2025-01-29,834.64,USD,B043
LE-0010423,ORD-001409,2025-05-10,694.76,USD,B044
LE-0010424,ORD-006449,2025-02-01,19.18,USD,B045
LE-0010425,ORD-011199,2025-07-11,177.98,USD,B046
LE-0010426,ORD-004617,2025-07-10,552.21,USD,B047
LE-0010427,ORD-008342,2025-01-19,314.56,USD,B048
LE-0010428,ORD-009329,2025-06-20,510.63,USD,B049
LE-0010429,ORD-001154,2025-06-13,798.14,USD,B050
LE-0010430,ORD-002357,2025-07-18,272.57,USD,B051
LE-0010431,ORD-005913,2025-03-06,560.27,USD,B052
LE-0010432,ORD-009630,2025-03-28,56.97,USD,B053
LE-0010433,ORD-004160,2025-02-09,444.22,USD,B054
LE-0010434,ORD-000707,2025-02-07,123.08,USD,B055
LE-0010435,ORD-008501,2025-09-22,705.91,USD,B056
LE-0010436,ORD-001759,2025-06-23,761.67,USD,B057
LE-0010437,ORD-003360,2025-08-10,659.64,USD,B058
LE-0010438,ORD-004723,2025-03-15,456.63,USD,B059
LE-0010439,ORD-002112,2025-09-23,467.19,USD,B060
LE-0010440,ORD-007548,2025-07-05,53.13,USD,B061
LE-0010441,ORD-006897,2025-12-28,214.55,USD,B062
LE-0010442,ORD-006018,2025-03-04,516.95,USD,B063
LE-0010443,ORD-001902,2025-10-29,626.62,USD,B064
LE-0010444,ORD-001452,2025-06-25,638.38,USD,B065
LE-0010445,ORD-007017,2025-12-29,716.69,USD,B066
LE-0010446,ORD-008136,2025-04-29,801.86,USD,B067
LE-0010447,ORD-007788,2025-02-03,235.67,USD,B068
LE-0010448,ORD-006916,2025-03-07,648.55,USD,B069
LE-0010449,ORD-009103,2025-10-21,474.62,USD,B070
LE-0010450,ORD-009670,2025-09-12,600.29,USD,B071
LE-0010451,ORD-004555,2025-02-01,392.81,USD,B072
LE-0010452,ORD-000935,2025-08-14,622.53,USD,B073
LE-0010453,ORD-001150,2025-06-11,29.94,USD,B074
LE-0010454,ORD-007250,2025-11-22,512.65,USD,B075
LE-0010455,ORD-009286,2025-07-29,145.29,USD,B076
LE-0010456,ORD-011850,2025-10-23,788.08,USD,B077
LE-0010457,ORD-007716,2025-01-10,86.67,USD,B078
LE-0010458,ORD-009254,2025-01-23,641.17,USD,B079
LE-0010459,ORD-011044,2025-12-25,515.70,USD,B080
LE-0010460,ORD-003752,2025-11-19,445.55,USD,B081
LE-0010461,ORD-001192,2025-07-26,58.00,USD,B082
LE-0010462,ORD-009575,2025-07-13,632.62,USD,B083
LE-0010463,ORD-009649,2025-05-06,270.31,USD,B084
LE-0010464,ORD-009445,2025-07-08,870.51,USD,B085
LE-0010465,ORD-007176,2025-02-19,472.88,USD,B086
LE-0010466,ORD-000846,2025-04-25,478.73,USD,B087
LE-0010467,ORD-007703,2025-07-20,512.68,USD,B088
LE-0010468,ORD-005052,2025-09-08,796.92,USD,B089
LE-0010469,ORD-004005,2025-12-05,407.69,USD,B090
LE-0010470,ORD-001343,2025-06-06,369.74,USD,B091
LE-0010471,ORD-008748,2025-05-28,34.07,USD,B092
LE-0010472,ORD-003021,2025-08-06,569.58,USD,B093
LE-0010473,ORD-000277,2025-06-01,83.36,USD,B094
LE-0010474,ORD-000421,2025-07-18,527.27,USD,B095
LE-0010475,ORD-001587,2025-10-24,751.41,USD,B096
LE-0010476,ORD-007617,2025-11-23,591.18,USD,B000
LE-0010477,ORD-004881,2025-08-29,646.21,USD,B001
LE-0010478,ORD-003398,2025-05-04,890.14,USD,B002
LE-0010479,ORD-007102,2025-12-26,230.12,USD,B003
LE-0010480,ORD-011312,2025-02-16,735.52,USD,B004
LE-0010481,ORD-001467,2025-02-03,590.79,USD,B005
LE-0010482,ORD-004162,2025-03-14,752.51,USD,B006
LE-0010483,ORD-008027,2025-06-18,103.49,USD,B007
LE-0010484,ORD-001801,2025-08-26,122.29,USD,B008
LE-0010485,ORD-003178,2025-07-30,331.12,USD,B009
LE-0010486,ORD-006260,2025-05-18,277.87,USD,B010
LE-0010487,ORD-003028,2025-05-14,339.72,USD,B011
LE-0010488,ORD-008886,2025-03-06,687.61,USD,B012
LE-0010489,ORD-006439,2025-10-15,686.67,USD,B013
LE-0010490,ORD-001915,2025-11-15,884.33,USD,B014
LE-0010491,ORD-007595,2025-04-13,760.25,USD,B015
LE-0010492,ORD-002730,2025-01-28,628.00,USD,B016
LE-0010493,ORD-009957,2025-06-20,108.53,USD,B017
LE-0010494,ORD-011470,2025-04-04,237.13,USD,B018
LE-0010495,ORD-009550,2025-10-04,753.46,USD,B019
LE-0010496,ORD-006611,2025-10-23,70.83,USD,B020
LE-0010497,ORD-004046,2025-05-26,291.33,USD,B021
LE-0010498,ORD-001147,2025-08-07,531.12,USD,B022
LE-0010499,ORD-003394,2025-10-02,117.62,USD,B023
LE-0010500,ORD-011015,2025-12-23,116.93,USD,B024
LE-0010501,ORD-007956,2025-08-26,480.00,USD,B025
LE-0010502,ORD-007854,2025-09-29,21.42,USD,B026
LE-0010503,ORD-009179,2025-12-22,378.11,USD,B027
LE-0010504,ORD-001803,2025-10-06,489.51,USD,B028
LE-0010505,ORD-002277,2025-08-30,193.60,USD,B029
LE-0010506,ORD-002500,2025-05-21,291.50,USD,B030
LE-0010507,ORD-004183,2025-05-06,138.00,USD,B031
LE-0010508,ORD-011369,2025-10-15,518.00,USD,B032
LE-0010509,ORD-000251,2025-12-31,304.06,USD,B033
LE-0010510,ORD-005200,2025-12-27,365.62,USD,B034
LE-0010511,ORD-005253,2025-12-25,816.36,USD,B035
LE-0010512,ORD-010435,2025-07-08,161.94,USD,B036
LE-0010513,ORD-010952,2025-11-30,394.00,USD,B037
LE-0010514,ORD-007731,2025-09-27,399.57,USD,B038
LE-0010515,ORD-007987,2025-12-08,656.12,USD,B039
LE-0010516,ORD-001178,2025-11-29,385.16,USD,B040
LE-0010517,ORD-005763,2025-10-26,201.58,USD,B041
LE-0010518,ORD-005178,2025-06-09,761.97,USD,B042
LE-0010519,ORD-010585,2025-06-24,621.50,USD,B043
LE-0010520,ORD-007631,2025-09-11,175.82,USD,B044
LE-0010521,ORD-008412,2025-09-27,559.77,USD,B045
LE-0010522,ORD-000431,2025-12-30,654.07,USD,B046
LE-0010523,ORD-007687,2025-05-28,99.51,USD,B047
LE-0010524,ORD-009509,2025-12-26,808.00,USD,B048
LE-0010525,ORD-010232,2025-12-05,90.73,USD,B049
LE-0010526,ORD-011249,2025-09-09,657.42,USD,B050
LE-0010527,ORD-003984,2025-05-23,834.00,USD,B051
LE-0010528,ORD-002990,2025-12-01,568.20,USD,B052
LE-0010529,ORD-010066,2025-09-23,772.14,USD,B053
LE-0010530,ORD-000796,2025-12-15,550.89,USD,B054
LE-0010531,ORD-002803,2025-06-01,875.33,USD,B055
LE-0010532,ORD-001123,2025-07-22,619.00,USD,B056
LE-0010533,ORD-007862,2025-09-27,549.12,USD,B057
LE-0010534,ORD-007801,2025-07-29,404.74,USD,B058
LE-0010535,ORD-002618,2025-01-11,778.17,USD,B059
LE-0010536,ORD-009402,2025-12-03,548.69,USD,B060
LE-0010537,ORD-002816,2025-11-05,819.18,USD,B061
LE-0010538,ORD-000688,2025-02-14,530.68,USD,B062
LE-0010539,ORD-005764,2025-11-15,692.74,USD,B063
LE-0010540,ORD-003927,2025-05-23,12.82,USD,B064
LE-0010541,ORD-008292,2025-10-18,103.29,USD,B065
LE-0010542,ORD-010208,2025-05-28,857.55,USD,B066
LE-0010543,ORD-010072,2025-03-04,766.20,USD,B067
LE-0010544,ORD-009761,2025-05-14,410.47,USD,B068
LE-0010545,ORD-003647,2025-06-28,232.79,USD,B069
LE-0010546,ORD-006758,2025-06-22,579.00,USD,B070
LE-0010547,ORD-001994,2025-11-13,687.29,USD,B071
LE-0010548,ORD-008104,2025-02-03,440.52,USD,B072
LE-0010549,ORD-006329,2025-07-28,856.47,USD,B073
LE-0010550,ORD-003080,2025-09-13,319.36,USD,B074
LE-0010551,ORD-005659,2025-07-16,739.94,USD,B075
LE-0010552,ORD-008705,2025-01-29,723.87,USD,B076
LE-0010553,ORD-008775,2025-05-13,582.13,USD,B077
LE-0010554,ORD-011381,2025-10-10,851.21,USD,B078
LE-0010555,ORD-002372,2025-07-29,762.07,USD,B079
LE-0010556,ORD-007664,2025-11-05,25.00,USD,B080
LE-0010557,ORD-010964,2025-07-14,340.91,USD,B081
LE-0010558,ORD-006240,2025-09-11,403.07,USD,B082
LE-0010559,ORD-002380,2025-10-26,411.98,USD,B083
LE-0010560,ORD-001098,2025-03-07,558.97,USD,B084
LE-0010561,ORD-003208,2025-02-25,543.44,USD,B085
LE-0010562,ORD-010573,2025-03-21,446.51,USD,B086
LE-0010563,ORD-011440,2025-07-12,480.97,USD,B087
LE-0010564,ORD-011827,2025-05-18,219.72,USD,B088
LE-0010565,ORD-006203,2025-01-20,771.27,USD,B089
LE-0010566,ORD-006976,2025-08-02,718.00,USD,B090
LE-0010567,ORD-006173,2025-08-03,19.01,USD,B091
LE-0010568,ORD-002871,2025-02-13,117.58,USD,B092
LE-0010569,ORD-008930,2025-06-21,718.84,USD,B093
LE-0010570,ORD-010979,2025-12-10,5.15,USD,B094
LE-0010571,ORD-000763,2025-05-10,788.57,USD,B095
LE-0010572,ORD-000412,2025-05-12,575.67,USD,B096
LE-0010573,ORD-007067,2025-04-24,436.54,USD,B000
LE-0010574,ORD-006280,2025-01-30,857.87,USD,B001
LE-0010575,ORD-001096,2025-02-22,15.92,USD,B002
LE-0010576,ORD-000046,2025-03-30,757.16,USD,B003
LE-0010577,ORD-009333,2025-08-04,181.63,USD,B004
LE-0010578,ORD-004453,2025-02-21,49.73,USD,B005
LE-0010579,ORD-009440,2025-04-14,724.79,USD,B006
LE-0010580,ORD-007864,2025-01-08,375.46,USD,B007
LE-0010581,ORD-010763,2025-08-03,83.61,USD,B008
LE-0010582,ORD-011496,2025-04-15,26.80,USD,B009
LE-0010583,ORD-007767,2025-01-05,656.47,USD,B010
LE-0010584,ORD-004327,2025-07-01,234.00,USD,B011
LE-0010585,ORD-005635,2025-03-21,424.86,USD,B012
LE-0010586,ORD-002965,2025-06-29,861.00,USD,B013
LE-0010587,ORD-001298,2025-09-19,682.31,USD,B014
LE-0010588,ORD-011306,2025-09-27,107.93,USD,B015
LE-0010589,ORD-002936,2025-05-28,673.58,USD,B016
LE-0010590,ORD-000762,2025-05-25,642.86,USD,B017
LE-0010591,ORD-005280,2025-07-11,888.44,USD,B018
LE-0010592,ORD-000465,2025-02-03,448.56,USD,B019
LE-0010593,ORD-002740,2025-12-04,432.32,USD,B020
LE-0010594,ORD-002924,2025-06-16,832.26,USD,B021
LE-0010595,ORD-006155,2025-07-12,120.51,USD,B022
LE-0010596,ORD-010313,2025-05-05,835.33,USD,B023
LE-0010597,ORD-004214,2025-11-02,855.04,USD,B024
LE-0010598,ORD-009201,2025-08-03,253.28,USD,B025
LE-0010599,ORD-000147,2025-09-20,168.27,USD,B026
LE-0010600,ORD-006228,2025-04-01,700.01,USD,B027
LE-0010601,ORD-001532,2025-09-15,262.59,USD,B028
LE-0010602,ORD-008567,2025-02-13,727.26,USD,B029
LE-0010603,ORD-005054,2025-02-10,732.48,USD,B030
LE-0010604,ORD-010469,2025-04-06,720.00,USD,B031
LE-0010605,ORD-009064,2025-01-01,124.09,USD,B032
LE-0010606,ORD-009273,2025-11-10,372.64,USD,B033
LE-0010607,ORD-000292,2025-04-20,460.35,USD,B034
LE-0010608,ORD-008183,2025-01-30,169.96,USD,B035
LE-0010609,ORD-005894,2025-10-30,544.34,USD,B036
LE-0010610,ORD-008019,2025-04-18,819.22,USD,B037
LE-0010611,ORD-001531,2025-04-10,545.81,USD,B038
LE-0010612,ORD-006128,2025-03-11,242.59,USD,B039
LE-0010613,ORD-008204,2025-02-02,200.99,USD,B040
LE-0010614,ORD-009080,2025-03-23,373.29,USD,B041
LE-0010615,ORD-009987,2025-10-01,276.85,USD,B042
LE-0010616,ORD-005923,2025-05-14,446.93,USD,B043
LE-0010617,ORD-010102,2025-04-19,481.09,USD,B044
LE-0010618,ORD-002967,2025-06-14,894.00,USD,B045
LE-0010619,ORD-000775,2025-02-02,1082.79,USD,B046
LE-0010620,ORD-001198,2025-03-20,348.35,USD,B047
LE-0010621,ORD-001097,2025-05-19,574.38,USD,B048
LE-0010622,ORD-004836,2025-08-19,120.51,USD,B049
LE-0010623,ORD-004117,2025-02-16,755.14,USD,B050
LE-0010624,ORD-001863,2025-12-19,556.58,USD,B051
LE-0010625,ORD-003728,2025-09-18,704.00,USD,B052
LE-0010626,ORD-011003,2025-09-15,645.40,USD,B053
LE-0010627,ORD-010108,2025-01-11,187.32,USD,B054
LE-0010628,ORD-001208,2025-03-15,130.58,USD,B055
LE-0010629,ORD-005320,2025-05-24,506.23,USD,B056
LE-0010630,ORD-000987,2025-04-02,555.40,USD,B057
LE-0010631,ORD-006975,2025-01-29,854.63,USD,B058
LE-0010632,ORD-011597,2025-10-13,167.29,USD,B059
LE-0010633,ORD-003938,2025-03-04,438.36,USD,B060
LE-0010634,ORD-002817,2025-11-16,722.69,USD,B061
LE-0010635,ORD-004498,2025-09-22,892.79,USD,B062
LE-0010636,ORD-002735,2025-05-22,277.00,USD,B063
LE-0010637,ORD-009138,2025-11-18,501.75,USD,B064
LE-0010638,ORD-010077,2025-09-12,472.12,USD,B065
LE-0010639,ORD-008313,2025-03-27,306.91,USD,B066
LE-0010640,ORD-010439,2025-01-29,260.84,USD,B067
LE-0010641,ORD-003698,2025-06-07,187.16,USD,B068
LE-0010642,ORD-004582,2025-11-30,870.75,USD,B069
LE-0010643,ORD-004264,2025-12-25,692.00,USD,B070
LE-0010644,ORD-006858,2025-03-21,13.89,USD,B071
LE-0010645,ORD-010491,2025-09-16,830.27,USD,B072
LE-0010646,ORD-003706,2025-03-15,543.67,USD,B073
LE-0010647,ORD-001091,2025-09-22,179.00,USD,B074
LE-0010648,ORD-001773,2025-02-21,571.42,USD,B075
LE-0010649,ORD-003331,2025-08-17,495.62,USD,B076
LE-0010650,ORD-000505,2025-07-02,194.35,USD,B077
LE-0010651,ORD-000755,2025-04-12,122.10,USD,B078
LE-0010652,ORD-000425,2025-04-30,681.77,USD,B079
LE-0010653,ORD-005805,2025-01-06,275.86,USD,B080
LE-0010654,ORD-011143,2025-08-19,415.58,USD,B081
LE-0010655,ORD-004673,2025-09-17,714.00,USD,B082
LE-0010656,ORD-001262,2025-03-06,789.00,USD,B083
LE-0010657,ORD-002062,2025-07-17,318.44,USD,B084
LE-0010658,ORD-002984,2025-02-24,810.12,USD,B085
LE-0010659,ORD-002955,2025-02-21,140.53,USD,B086
LE-0010660,ORD-003570,2025-12-17,601.26,USD,B087
LE-0010661,ORD-000923,2025-12-11,425.02,USD,B088
LE-0010662,ORD-006794,2025-02-25,614.71,USD,B089
LE-0010663,ORD-004932,2025-06-21,79.00,USD,B090
LE-0010664,ORD-009718,2025-07-17,334.93,USD,B091
LE-0010665,ORD-009046,2025-10-23,8.36,USD,B092
LE-0010666,ORD-001858,2025-05-17,857.55,USD,B093
LE-0010667,ORD-003185,2025-09-27,871.31,USD,B094
LE-0010668,ORD-009647,2025-06-30,175.90,USD,B095
LE-0010669,ORD-005989,2025-04-22,73.06,USD,B096
LE-0010670,ORD-008948,2025-03-04,381.51,USD,B000
LE-0010671,ORD-004086,2025-07-10,596.00,USD,B001
LE-0010672,ORD-007312,2025-04-01,384.36,USD,B002
LE-0010673,ORD-008581,2025-01-16,53.57,USD,B003
LE-0010674,ORD-004907,2025-02-02,22.19,USD,B004
LE-0010675,ORD-011371,2025-05-03,267.10,USD,B005
LE-0010676,ORD-011444,2025-09-25,371.36,USD,B006
LE-0010677,ORD-002101,2025-12-30,572.97,USD,B007
LE-0010678,ORD-008409,2025-10-11,892.74,USD,B008
LE-0010679,ORD-005223,2025-01-19,482.48,USD,B009
LE-0010680,ORD-003521,2025-05-28,767.35,USD,B010
LE-0010681,ORD-004366,2025-02-16,103.42,USD,B011
LE-0010682,ORD-006873,2025-04-01,23.44,USD,B012
LE-0010683,ORD-008983,2025-11-17,621.83,USD,B013
LE-0010684,ORD-008620,2025-07-27,350.68,USD,B014
LE-0010685,ORD-005891,2025-05-13,849.76,USD,B015
LE-0010686,ORD-000043,2025-01-14,436.56,USD,B016
LE-0010687,ORD-008462,2025-03-14,272.49,USD,B017
LE-0010688,ORD-011574,2025-01-04,78.97,USD,B018
LE-0010689,ORD-006864,2025-06-28,262.63,USD,B019
LE-0010690,ORD-010131,2025-10-05,518.42,USD,B020
LE-0010691,ORD-005264,2025-08-09,790.33,USD,B021
LE-0010692,ORD-007885,2025-03-24,55.30,USD,B022
LE-0010693,ORD-006880,2025-06-26,364.11,USD,B023
LE-0010694,ORD-011596,2025-01-26,67.72,USD,B024
LE-0010695,ORD-009759,2025-09-13,175.66,USD,B025
LE-0010696,ORD-002440,2025-05-22,31.37,USD,B026
LE-0010697,ORD-003504,2025-03-15,671.19,USD,B027
LE-0010698,ORD-005877,2025-10-03,426.23,USD,B028
LE-0010699,ORD-010702,2025-07-09,156.10,USD,B029
LE-0010700,ORD-008043,2025-07-22,531.64,USD,B030
LE-0010701,ORD-000234,2025-08-23,97.14,USD,B031
LE-0010702,ORD-001673,2025-12-05,616.80,USD,B032
LE-0010703,ORD-006213,2025-06-24,304.71,USD,B033
LE-0010704,ORD-010944,2025-03-18,206.02,USD,B034
LE-0010705,ORD-008552,2025-03-05,682.74,USD,B035
LE-0010706,ORD-007361,2025-03-30,284.15,USD,B036
LE-0010707,ORD-008159,2025-12-28,188.05,USD,B037
LE-0010708,ORD-000005,2025-03-08,170.32,USD,B038
LE-0010709,ORD-008077,2025-06-26,738.00,USD,B039
LE-0010710,ORD-008296,2025-04-23,255.63,USD,B040
LE-0010711,ORD-002940,2025-04-13,432.75,USD,B041
LE-0010712,ORD-002728,2025-02-22,817.11,USD,B042
LE-0010713,ORD-003292,2025-05-02,851.15,USD,B043
LE-0010714,ORD-000955,2025-11-30,360.61,USD,B044
LE-0010715,ORD-010054,2025-07-22,609.11,USD,B045
LE-0010716,ORD-007818,2025-05-10,66.40,USD,B046
LE-0010717,ORD-007409,2025-09-27,488.37,USD,B047
LE-0010718,ORD-004610,2025-11-08,396.20,USD,B048
LE-0010719,ORD-001719,2025-09-11,462.45,USD,B049
LE-0010720,ORD-010053,2025-09-18,784.00,USD,B050
LE-0010721,ORD-005500,2025-07-02,593.61,USD,B051
LE-0010722,ORD-006871,2025-12-22,711.39,USD,B052
LE-0010723,ORD-004517,2025-11-01,785.00,USD,B053
LE-0010724,ORD-008318,2025-06-21,429.96,USD,B054
LE-0010725,ORD-006040,2025-04-16,426.13,USD,B055
LE-0010726,ORD-009264,2025-09-18,547.44,USD,B056
LE-0010727,ORD-005938,2025-06-20,359.61,USD,B057
LE-0010728,ORD-009700,2025-11-30,731.96,USD,B058
LE-0010729,ORD-003944,2025-12-17,427.28,USD,B059
LE-0010730,ORD-008583,2025-08-26,132.76,USD,B060
LE-0010731,ORD-008330,2025-12-30,412.46,USD,B061
LE-0010732,ORD-011221,2025-03-03,138.96,USD,B062
LE-0010733,ORD-004450,2025-06-10,89.20,USD,B063
LE-0010734,ORD-010023,2025-03-17,427.00,USD,B064
LE-0010735,ORD-001113,2025-02-28,498.78,USD,B065
LE-0010736,ORD-003314,2025-06-30,658.32,USD,B066
LE-0010737,ORD-005097,2025-10-09,294.92,USD,B067
LE-0010738,ORD-009990,2025-08-29,8.85,USD,B068
LE-0010739,ORD-001848,2025-02-20,831.42,USD,B069
LE-0010740,ORD-005599,2025-05-07,351.99,USD,B070
LE-0010741,ORD-011260,2025-03-28,74.36,USD,B071
LE-0010742,ORD-001140,2025-02-18,400.95,USD,B072
LE-0010743,ORD-010408,2025-11-01,344.16,USD,B073
LE-0010744,ORD-002537,2025-04-19,134.79,USD,B074
LE-0010745,ORD-003272,2025-09-27,871.52,USD,B075
LE-0010746,ORD-008327,2025-09-15,767.13,USD,B076
LE-0010747,ORD-009637,2025-04-28,350.65,USD,B077
LE-0010748,ORD-006268,2025-03-31,91.10,USD,B078
LE-0010749,ORD-000876,2025-08-24,878.49,USD,B079
LE-0010750,ORD-002152,2025-03-20,798.67,USD,B080
LE-0010751,ORD-001735,2025-08-13,85.46,USD,B081
LE-0010752,ORD-001445,2025-07-27,344.39,USD,B082
LE-0010753,ORD-006252,2025-02-14,635.77,USD,B083
LE-0010754,ORD-003721,2025-01-29,37.49,USD,B084
LE-0010755,ORD-006867,2025-04-19,856.80,USD,B085
LE-0010756,ORD-006746,2025-12-02,806.58,USD,B086
LE-0010757,ORD-011258,2025-11-22,641.81,USD,B087
LE-0010758,ORD-006783,2025-06-21,864.94,USD,B088
LE-0010759,ORD-008845,2025-11-24,579.44,USD,B089
LE-0010760,ORD-005814,2025-01-13,604.24,USD,B090
LE-0010761,ORD-005746,2025-07-30,499.11,USD,B091
LE-0010762,ORD-003087,2025-09-01,616.88,USD,B092
LE-0010763,ORD-000061,2025-03-12,790.28,USD,B093
LE-0010764,ORD-003894,2025-06-12,212.08,USD,B094
LE-0010765,ORD-003258,2025-09-24,271.59,USD,B095
LE-0010766,ORD-006770,2025-06-03,619.01,USD,B096
LE-0010767,ORD-004446,2025-05-04,834.24,USD,B000
LE-0010768,ORD-005314,2025-04-15,129.47,USD,B001
LE-0010769,ORD-007505,2025-12-22,617.05,USD,B002
LE-0010770,ORD-010327,2025-07-03,497.99,USD,B003
LE-0010771,ORD-005064,2025-04-02,648.99,USD,B004
LE-0010772,ORD-000297,2025-07-14,396.66,USD,B005
LE-0010773,ORD-011497,2025-04-12,653.91,USD,B006
LE-0010774,ORD-008515,2025-09-04,320.24,USD,B007
LE-0010775,ORD-001507,2025-01-13,702.12,USD,B008
LE-0010776,ORD-002521,2025-04-01,331.08,USD,B009
LE-0010777,ORD-002885,2025-01-20,858.74,USD,B010
LE-0010778,ORD-010005,2025-11-19,38.48,USD,B011
LE-0010779,ORD-004613,2025-05-20,783.78,USD,B012
LE-0010780,ORD-011517,2025-10-01,461.23,USD,B013
LE-0010781,ORD-005001,2025-10-21,125.00,USD,B014
LE-0010782,ORD-010319,2025-11-14,424.17,USD,B015
LE-0010783,ORD-005812,2025-07-13,751.54,USD,B016
LE-0010784,ORD-001610,2025-09-22,392.83,USD,B017
LE-0010785,ORD-005139,2025-09-15,200.98,USD,B018
LE-0010786,ORD-003986,2025-06-30,632.92,USD,B019
LE-0010787,ORD-005759,2025-04-15,414.68,USD,B020
LE-0010788,ORD-010329,2025-01-10,682.08,USD,B021
LE-0010789,ORD-005815,2025-08-12,660.11,USD,B022
LE-0010790,ORD-005362,2025-04-07,285.56,USD,B023
LE-0010791,ORD-006562,2025-05-29,263.57,USD,B024
LE-0010792,ORD-002430,2025-03-03,359.26,USD,B025
LE-0010793,ORD-004766,2025-11-06,747.00,USD,B026
LE-0010794,ORD-008181,2025-04-27,814.36,USD,B027
LE-0010795,ORD-001094,2025-06-24,196.58,USD,B028
LE-0010796,ORD-011471,2025-07-06,219.45,USD,B029
LE-0010797,ORD-004456,2025-09-29,195.30,USD,B030
LE-0010798,ORD-002231,2025-09-09,755.94,USD,B031
LE-0010799,ORD-003429,2025-04-20,317.89,USD,B032
LE-0010800,ORD-005070,2025-03-26,342.77,USD,B033
LE-0010801,ORD-010449,2025-02-20,661.36,USD,B034
LE-0010802,ORD-007935,2025-12-25,114.15,USD,B035
LE-0010803,ORD-011724,2025-03-23,541.60,USD,B036
LE-0010804,ORD-000230,2025-12-03,103.38,USD,B037
LE-0010805,ORD-003825,2025-01-17,883.02,USD,B038
LE-0010806,ORD-007368,2025-04-10,819.50,USD,B039
LE-0010807,ORD-011437,2025-12-06,592.94,USD,B040
LE-0010808,ORD-009411,2025-08-24,382.00,USD,B041
LE-0010809,ORD-005167,2025-02-11,809.73,USD,B042
LE-0010810,ORD-011531,2025-01-11,789.10,USD,B043
LE-0010811,ORD-009352,2025-11-20,313.49,USD,B044
LE-0010812,ORD-005477,2025-09-26,248.67,USD,B045
LE-0010813,ORD-010488,2025-10-10,317.45,USD,B046
LE-0010814,ORD-003010,2025-12-23,849.92,USD,B047
LE-0010815,ORD-003419,2025-03-31,405.59,USD,B048
LE-0010816,ORD-004482,2025-04-02,31.92,USD,B049
LE-0010817,ORD-009773,2025-11-18,27.60,USD,B050
LE-0010818,ORD-006835,2025-12-31,757.01,USD,B051
LE-0010819,ORD-000620,2025-12-15,556.00,USD,B052
LE-0010820,ORD-004074,2025-05-11,238.00,USD,B053
LE-0010821,ORD-002562,2025-01-11,116.73,USD,B054
LE-0010822,ORD-009652,2025-06-05,844.61,USD,B055
LE-0010823,ORD-003063,2025-11-24,792.08,USD,B056
LE-0010824,ORD-000712,2025-05-31,777.56,USD,B057
LE-0010825,ORD-007722,2025-12-16,90.43,USD,B058
LE-0010826,ORD-001590,2025-06-13,96.03,USD,B059
LE-0010827,ORD-007028,2025-10-16,725.97,USD,B060
LE-0010828,ORD-001309,2025-11-01,281.26,USD,B061
LE-0010829,ORD-004971,2025-07-27,63.42,USD,B062
LE-0010830,ORD-001125,2025-04-25,372.88,USD,B063
LE-0010831,ORD-006717,2025-08-06,209.44,USD,B064
LE-0010832,ORD-002879,2025-10-30,286.94,USD,B065
LE-0010833,ORD-010302,2025-01-30,523.00,USD,B066
LE-0010834,ORD-000021,2025-12-31,191.34,USD,B067
LE-0010835,ORD-001830,2025-07-11,331.33,USD,B068
LE-0010836,ORD-007695,2025-07-05,797.46,USD,B069
LE-0010837,ORD-005193,2025-06-24,220.05,USD,B070
LE-0010838,ORD-008381,2025-09-17,12.66,USD,B071
LE-0010839,ORD-005797,2025-04-08,223.27,USD,B072
LE-0010840,ORD-007360,2025-06-01,289.45,USD,B073
LE-0010841,ORD-001575,2025-06-26,91.54,USD,B074
LE-0010842,ORD-002604,2025-02-06,190.66,USD,B075
LE-0010843,ORD-006750,2025-08-04,519.13,USD,B076
LE-0010844,ORD-007779,2025-04-08,372.60,USD,B077
LE-0010845,ORD-006667,2025-03-24,756.05,USD,B078
LE-0010846,ORD-009836,2025-09-06,861.54,USD,B079
LE-0010847,ORD-010741,2025-02-28,296.17,USD,B080
LE-0010848,ORD-005548,2025-01-01,606.90,USD,B081
LE-0010849,ORD-008109,2025-02-27,362.96,USD,B082
LE-0010850,ORD-006951,2025-08-28,766.06,USD,B083
LE-0010851,ORD-004384,2025-09-12,407.16,USD,B084
LE-0010852,ORD-008021,2025-12-25,120.38,USD,B085
LE-0010853,ORD-004834,2025-12-27,722.65,USD,B086
LE-0010854,ORD-000836,2025-12-28,674.45,USD,B087
LE-0010855,ORD-003866,2025-05-22,846.17,USD,B088
LE-0010856,ORD-009697,2025-07-17,231.06,USD,B089
LE-0010857,ORD-004690,2025-11-06,808.00,USD,B090
LE-0010858,ORD-009916,2025-08-27,146.49,USD,B091
LE-0010859,ORD-001395,2025-06-20,38.93,USD,B092
LE-0010860,ORD-002971,2025-04-23,54.35,USD,B093
LE-0010861,ORD-008334,2025-08-06,609.76,USD,B094
LE-0010862,ORD-000898,2025-02-24,667.31,USD,B095
LE-0010863,ORD-010596,2025-08-05,348.19,USD,B096
LE-0010864,ORD-002837,2025-11-17,18.92,USD,B000
LE-0010865,ORD-006819,2025-10-23,433.72,USD,B001
LE-0010866,ORD-006126,2025-11-12,694.03,USD,B002
LE-0010867,ORD-008463,2025-06-23,369.88,USD,B003
LE-0010868,ORD-009944,2025-04-15,13.80,USD,B004
LE-0010869,ORD-009431,2025-10-15,582.30,USD,B005
LE-0010870,ORD-007955,2025-08-30,218.38,USD,B006
LE-0010871,ORD-003307,2025-12-30,708.21,USD,B007
LE-0010872,ORD-008608,2025-04-14,620.64,USD,B008
LE-0010873,ORD-008850,2025-01-29,450.58,USD,B009
LE-0010874,ORD-010376,2025-02-27,13.47,USD,B010
LE-0010875,ORD-000754,2025-07-03,391.11,USD,B011
LE-0010876,ORD-000252,2025-03-25,49.57,USD,B012
LE-0010877,ORD-009878,2025-03-13,440.45,USD,B013
LE-0010878,ORD-006291,2025-06-10,860.87,USD,B014
LE-0010879,ORD-003920,2025-02-16,283.61,USD,B015
LE-0010880,ORD-010728,2025-08-30,571.49,USD,B016
LE-0010881,ORD-002658,2025-07-11,824.31,USD,B017
LE-0010882,ORD-005933,2025-08-23,164.50,USD,B018
LE-0010883,ORD-005563,2025-12-11,749.96,USD,B019
LE-0010884,ORD-008857,2025-02-04,248.46,USD,B020
LE-0010885,ORD-005331,2025-10-20,145.78,USD,B021
LE-0010886,ORD-010594,2025-03-16,323.53,USD,B022
LE-0010887,ORD-010190,2025-03-11,270.23,USD,B023
LE-0010888,ORD-005961,2025-09-17,332.57,USD,B024
LE-0010889,ORD-005921,2025-10-19,181.29,USD,B025
LE-0010890,ORD-000134,2025-11-07,372.35,USD,B026
LE-0010891,ORD-001137,2025-09-03,568.74,USD,B027
LE-0010892,ORD-009766,2025-07-01,278.91,USD,B028
LE-0010893,ORD-004100,2025-01-21,17.30,USD,B029
LE-0010894,ORD-009659,2025-11-21,186.86,USD,B030
LE-0010895,ORD-009426,2025-10-06,696.32,USD,B031
LE-0010896,ORD-010769,2025-04-12,727.38,USD,B032
LE-0010897,ORD-005386,2025-11-26,739.44,USD,B033
LE-0010898,ORD-005053,2025-08-01,412.76,USD,B034
LE-0010899,ORD-007542,2025-03-24,8.14,USD,B035
LE-0010900,ORD-008018,2025-01-26,137.69,USD,B036
LE-0010901,ORD-000437,2025-04-21,719.47,USD,B037
LE-0010902,ORD-008375,2025-01-23,58.47,USD,B038
LE-0010903,ORD-004494,2025-09-02,844.41,USD,B039
LE-0010904,ORD-007924,2025-10-15,502.09,USD,B040
LE-0010905,ORD-008637,2025-03-12,191.34,USD,B041
LE-0010906,ORD-010894,2025-10-04,415.07,USD,B042
LE-0010907,ORD-002326,2025-10-07,358.64,USD,B043
LE-0010908,ORD-011275,2025-07-28,725.23,USD,B044
LE-0010909,ORD-001489,2025-10-31,847.94,USD,B045
LE-0010910,ORD-009384,2025-07-23,549.40,USD,B046
LE-0010911,ORD-000262,2025-09-23,315.97,USD,B047
LE-0010912,ORD-000807,2025-05-03,731.90,USD,B048
LE-0010913,ORD-007342,2025-07-29,698.36,USD,B049
LE-0010914,ORD-000059,2025-03-01,216.35,USD,B050
LE-0010915,ORD-008545,2025-06-03,697.86,USD,B051
LE-0010916,ORD-000972,2025-09-06,373.66,USD,B052
LE-0010917,ORD-002566,2025-12-16,407.32,USD,B053
LE-0010918,ORD-009100,2025-02-23,897.87,USD,B054
LE-0010919,ORD-004601,2025-09-10,200.26,USD,B055
LE-0010920,ORD-006112,2025-08-30,38.32,USD,B056
LE-0010921,ORD-010953,2025-01-29,133.84,USD,B057
LE-0010922,ORD-009803,2025-11-05,327.14,USD,B058
LE-0010923,ORD-002401,2025-12-07,289.91,USD,B059
LE-0010924,ORD-010854,2025-03-07,174.34,USD,B060
LE-0010925,ORD-006249,2025-03-09,124.45,USD,B061
LE-0010926,ORD-011377,2025-10-16,640.14,USD,B062
LE-0010927,ORD-001233,2025-09-05,105.72,USD,B063
LE-0010928,ORD-007018,2025-05-12,870.01,USD,B064
LE-0010929,ORD-011622,2025-12-30,62.41,USD,B065
LE-0010930,ORD-004426,2025-12-03,771.46,USD,B066
LE-0010931,ORD-009849,2025-08-17,619.66,USD,B067
LE-0010932,ORD-001562,2025-11-11,77.73,USD,B068
LE-0010933,ORD-010648,2025-01-12,608.53,USD,B069
LE-0010934,ORD-008809,2025-09-13,331.47,USD,B070
LE-0010935,ORD-005519,2025-03-30,476.18,USD,B071
LE-0010936,ORD-002105,2025-07-10,230.29,USD,B072
LE-0010937,ORD-008341,2025-05-27,451.57,USD,B073
LE-0010938,ORD-009673,2025-06-09,608.00,USD,B074
LE-0010939,ORD-008562,2025-07-03,895.92,USD,B075
LE-0010940,ORD-010725,2025-09-09,388.15,USD,B076
LE-0010941,ORD-009468,2025-04-29,390.78,USD,B077
LE-0010942,ORD-000463,2025-12-10,343.36,USD,B078
LE-0010943,ORD-011134,2025-11-09,336.19,USD,B079
LE-0010944,ORD-003379,2025-06-07,135.36,USD,B080
LE-0010945,ORD-003901,2025-09-29,377.07,USD,B081
LE-0010946,ORD-008257,2025-01-20,479.96,USD,B082
LE-0010947,ORD-008919,2025-12-05,387.00,USD,B083
LE-0010948,ORD-001020,2025-10-14,712.97,USD,B084
LE-0010949,ORD-000303,2025-03-22,805.04,USD,B085
LE-0010950,ORD-001454,2025-04-14,638.22,USD,B086
LE-0010951,ORD-011321,2025-08-14,797.45,USD,B087
LE-0010952,ORD-011140,2025-05-12,143.04,USD,B088
LE-0010953,ORD-006090,2025-04-12,625.81,USD,B089
LE-0010954,ORD-007989,2025-07-25,293.51,USD,B090
LE-0010955,ORD-002306,2025-08-17,497.31,USD,B091
LE-0010956,ORD-010125,2025-12-31,269.61,USD,B092
LE-0010957,ORD-002516,2025-01-11,168.99,USD,B093
LE-0010958,ORD-003369,2025-05-22,175.16,USD,B094
LE-0010959,ORD-005656,2025-02-10,347.18,USD,B095
LE-0010960,ORD-000071,2025-10-31,642.64,USD,B096
LE-0010961,ORD-000767,2025-01-21,107.35,USD,B000
LE-0010962,ORD-006048,2025-02-06,348.89,USD,B001
LE-0010963,ORD-004017,2025-12-27,731.46,USD,B002
LE-0010964,ORD-006315,2025-10-08,337.93,USD,B003
LE-0010965,ORD-007490,2025-03-17,217.69,USD,B004
LE-0010966,ORD-010093,2025-11-08,472.91,USD,B005
LE-0010967,ORD-006726,2025-10-26,474.59,USD,B006
LE-0010968,ORD-007946,2025-09-08,22.40,USD,B007
LE-0010969,ORD-011677,2025-04-05,517.81,USD,B008
LE-0010970,ORD-007160,2025-09-21,529.00,USD,B009
LE-0010971,ORD-006400,2025-06-23,806.77,USD,B010
LE-0010972,ORD-002827,2025-09-01,299.87,USD,B011
LE-0010973,ORD-002934,2025-05-06,365.68,USD,B012
LE-0010974,ORD-010919,2025-04-27,383.41,USD,B013
LE-0010975,ORD-008935,2025-06-01,800.94,USD,B014
LE-0010976,ORD-010967,2025-08-22,137.77,USD,B015
LE-0010977,ORD-001318,2025-09-17,629.78,USD,B016
LE-0010978,ORD-009005,2025-10-07,429.32,USD,B017
LE-0010979,ORD-011152,2025-09-17,579.06,USD,B018
LE-0010980,ORD-002868,2025-10-15,396.50,USD,B019
LE-0010981,ORD-007105,2025-07-24,127.57,USD,B020
LE-0010982,ORD-001733,2025-03-28,357.49,USD,B021
LE-0010983,ORD-006045,2025-06-19,251.06,USD,B022
LE-0010984,ORD-006548,2025-10-30,565.77,USD,B023
LE-0010985,ORD-003739,2025-06-29,316.85,USD,B024
LE-0010986,ORD-002208,2025-09-01,165.94,USD,B025
LE-0010987,ORD-005502,2025-06-09,840.57,USD,B026
LE-0010988,ORD-008500,2025-06-04,393.78,USD,B027
LE-0010989,ORD-000029,2025-06-05,125.26,USD,B028
LE-0010990,ORD-000543,2025-10-13,718.34,USD,B029
LE-0010991,ORD-000992,2025-09-06,795.90,USD,B030
LE-0010992,ORD-003418,2025-02-08,756.34,USD,B031
LE-0010993,ORD-003970,2025-10-13,856.69,USD,B032
LE-0010994,ORD-001510,2025-02-11,370.10,USD,B033
LE-0010995,ORD-000175,2025-08-21,229.01,USD,B034
LE-0010996,ORD-009151,2025-07-26,868.77,USD,B035
LE-0010997,ORD-004257,2025-10-03,899.37,USD,B036
LE-0010998,ORD-008900,2025-11-07,786.43,USD,B037
LE-0010999,ORD-009485,2025-08-03,781.35,USD,B038
LE-0011000,ORD-003682,2025-08-05,792.26,USD,B039
LE-0011001,ORD-002906,2025-10-24,832.76,USD,B040
LE-0011002,ORD-003528,2025-10-24,318.58,USD,B041
LE-0011003,ORD-007816,2025-11-05,163.86,USD,B042
LE-0011004,ORD-005025,2025-10-14,885.10,USD,B043
LE-0011005,ORD-006674,2025-04-12,265.43,USD,B044
LE-0011006,ORD-000967,2025-07-16,14.97,USD,B045
LE-0011007,ORD-005379,2025-02-28,168.55,USD,B046
LE-0011008,ORD-005461,2025-11-02,154.12,USD,B047
LE-0011009,ORD-001729,2025-12-18,315.20,USD,B048
LE-0011010,ORD-005594,2025-09-10,353.04,USD,B049
LE-0011011,ORD-007450,2025-07-05,827.05,USD,B050
LE-0011012,ORD-008923,2025-03-16,485.93,USD,B051
LE-0011013,ORD-008829,2025-05-30,627.33,USD,B052
LE-0011014,ORD-003046,2025-06-03,631.13,USD,B053
LE-0011015,ORD-003313,2025-06-17,709.01,USD,B054
LE-0011016,ORD-000107,2025-02-10,8.00,USD,B055
LE-0011017,ORD-004825,2025-10-20,366.83,USD,B056
LE-0011018,ORD-006420,2025-05-29,781.00,USD,B057
LE-0011019,ORD-009221,2025-08-27,84.57,USD,B058
LE-0011020,ORD-002835,2025-05-10,419.83,USD,B059
LE-0011021,ORD-008643,2025-05-10,472.44,USD,B060
LE-0011022,ORD-000798,2025-07-28,582.81,USD,B061
LE-0011023,ORD-007340,2025-07-10,57.06,USD,B062
LE-0011024,ORD-009750,2025-12-13,503.15,USD,B063
LE-0011025,ORD-008757,2025-05-17,408.89,USD,B064
LE-0011026,ORD-011041,2025-09-18,224.44,USD,B065
LE-0011027,ORD-010620,2025-06-04,82.00,USD,B066
LE-0011028,ORD-008893,2025-06-17,513.84,USD,B067
LE-0011029,ORD-008533,2025-06-27,239.35,USD,B068
LE-0011030,ORD-002201,2025-06-30,718.54,USD,B069
LE-0011031,ORD-008494,2025-08-25,519.03,USD,B070
LE-0011032,ORD-009311,2025-04-25,223.93,USD,B071
LE-0011033,ORD-005907,2025-09-21,339.27,USD,B072
LE-0011034,ORD-001358,2025-12-10,429.05,USD,B073
LE-0011035,ORD-002812,2025-01-03,582.12,USD,B074
LE-0011036,ORD-004778,2025-01-26,109.33,USD,B075
LE-0011037,ORD-006278,2025-10-31,559.51,USD,B076
LE-0011038,ORD-009486,2025-12-18,188.86,USD,B077
LE-0011039,ORD-001012,2025-09-18,674.48,USD,B078
LE-0011040,ORD-005726,2025-12-16,194.44,USD,B079
LE-0011041,ORD-004761,2025-08-04,527.14,USD,B080
LE-0011042,ORD-011002,2025-06-24,723.16,USD,B081
LE-0011043,ORD-007374,2025-01-27,725.41,USD,B082
LE-0011044,ORD-003554,2025-02-15,476.15,USD,B083
LE-0011045,ORD-003611,2025-11-13,532.89,USD,B084
LE-0011046,ORD-002355,2025-10-23,72.25,USD,B085
LE-0011047,ORD-004905,2025-05-08,16.67,USD,B086
LE-0011048,ORD-009780,2025-10-16,846.54,USD,B087
LE-0011049,ORD-004352,2025-09-08,288.62,USD,B088
LE-0011050,ORD-006362,2025-09-11,885.57,USD,B089
LE-0011051,ORD-009094,2025-08-28,14.69,USD,B090
LE-0011052,ORD-001559,2025-03-25,775.49,USD,B091
LE-0011053,ORD-007968,2025-12-22,346.84,USD,B092
LE-0011054,ORD-009360,2025-06-26,216.96,USD,B093
LE-0011055,ORD-004492,2025-12-27,781.48,USD,B094
LE-0011056,ORD-006373,2025-07-07,867.00,USD,B095
LE-0011057,ORD-010043,2025-03-14,347.78,USD,B096
LE-0011058,ORD-000562,2025-09-02,55.96,USD,B000
LE-0011059,ORD-010198,2025-11-04,483.48,USD,B001
LE-0011060,ORD-010451,2025-12-22,531.78,USD,B002
LE-0011061,ORD-005361,2025-10-10,513.81,USD,B003
LE-0011062,ORD-008842,2025-03-21,648.04,USD,B004
LE-0011063,ORD-001882,2025-02-16,196.38,USD,B005
LE-0011064,ORD-007536,2025-12-04,736.13,USD,B006
LE-0011065,ORD-010749,2025-10-14,35.56,USD,B007
LE-0011066,ORD-010913,2025-10-19,813.26,USD,B008
LE-0011067,ORD-011413,2025-07-09,82.63,USD,B009
LE-0011068,ORD-010641,2025-09-16,629.82,USD,B010
LE-0011069,ORD-006645,2025-06-05,326.36,USD,B011
LE-0011070,ORD-002535,2025-10-05,257.66,USD,B012
LE-0011071,ORD-009354,2025-04-10,463.59,USD,B013
LE-0011072,ORD-008398,2025-05-29,240.82,USD,B014
LE-0011073,ORD-006418,2025-05-16,240.28,USD,B015
LE-0011074,ORD-004914,2025-02-20,750.29,USD,B016
LE-0011075,ORD-007073,2025-11-04,655.92,USD,B017
LE-0011076,ORD-006422,2025-05-13,670.93,USD,B018
LE-0011077,ORD-003589,2025-11-30,265.20,USD,B019
LE-0011078,ORD-011299,2025-09-25,587.19,USD,B020
LE-0011079,ORD-002987,2025-01-04,405.99,USD,B021
LE-0011080,ORD-000679,2025-07-13,24.89,USD,B022
LE-0011081,ORD-003133,2025-02-17,115.45,USD,B023
LE-0011082,ORD-003016,2025-05-03,644.00,USD,B024
LE-0011083,ORD-002725,2025-12-31,890.31,USD,B025
LE-0011084,ORD-001739,2025-11-29,323.48,USD,B026
LE-0011085,ORD-009069,2025-02-11,596.16,USD,B027
LE-0011086,ORD-003811,2025-07-10,880.85,USD,B028
LE-0011087,ORD-003124,2025-10-26,875.68,USD,B029
LE-0011088,ORD-008502,2025-06-28,667.94,USD,B030
LE-0011089,ORD-007775,2025-02-05,830.90,USD,B031
LE-0011090,ORD-010577,2025-03-15,303.74,USD,B032
LE-0011091,ORD-002775,2025-01-30,823.09,USD,B033
LE-0011092,ORD-001491,2025-06-01,386.00,USD,B034
LE-0011093,ORD-002187,2025-06-22,158.03,USD,B035
LE-0011094,ORD-009896,2025-11-26,71.74,USD,B036
LE-0011095,ORD-001805,2025-09-25,852.87,USD,B037
LE-0011096,ORD-002462,2025-06-06,790.94,USD,B038
LE-0011097,ORD-001022,2025-03-19,602.13,USD,B039
LE-0011098,ORD-009474,2025-11-30,519.88,USD,B040
LE-0011099,ORD-001069,2025-10-20,588.17,USD,B041
LE-0011100,ORD-008645,2025-03-31,378.88,USD,B042
LE-0011101,ORD-003136,2025-12-27,436.91,USD,B043
LE-0011102,ORD-001411,2025-11-03,283.12,USD,B044
LE-0011103,ORD-002587,2025-08-29,761.74,USD,B045
LE-0011104,ORD-002019,2025-08-28,138.99,USD,B046
LE-0011105,ORD-007592,2025-11-15,746.44,USD,B047
LE-0011106,ORD-010959,2025-09-02,317.64,USD,B048
LE-0011107,ORD-010002,2025-03-09,97.36,USD,B049
LE-0011108,ORD-002338,2025-01-26,351.80,USD,B050
LE-0011109,ORD-005795,2025-10-05,108.89,USD,B051
LE-0011110,ORD-009595,2025-06-08,783.86,USD,B052
LE-0011111,ORD-006123,2025-08-26,734.13,USD,B053
LE-0011112,ORD-009873,2025-05-22,142.79,USD,B054
LE-0011113,ORD-004509,2025-02-13,320.22,USD,B055
LE-0011114,ORD-004441,2025-08-28,93.40,USD,B056
LE-0011115,ORD-001234,2025-01-25,549.34,USD,B057
LE-0011116,ORD-009551,2025-05-29,864.32,USD,B058
LE-0011117,ORD-000888,2025-12-03,53.84,USD,B059
LE-0011118,ORD-010132,2025-01-30,311.36,USD,B060
LE-0011119,ORD-003884,2025-01-02,664.72,USD,B061
LE-0011120,ORD-009672,2025-11-30,336.22,USD,B062
LE-0011121,ORD-003456,2025-09-05,433.41,USD,B063
LE-0011122,ORD-006363,2025-01-15,713.50,USD,B064
LE-0011123,ORD-009696,2025-04-04,604.35,USD,B065
LE-0011124,ORD-007148,2025-08-30,721.13,USD,B066
LE-0011125,ORD-009686,2025-03-09,361.13,USD,B067
LE-0011126,ORD-008546,2025-10-25,157.90,USD,B068
LE-0011127,ORD-000797,2025-08-03,469.80,USD,B069
LE-0011128,ORD-003845,2025-09-09,397.58,USD,B070
LE-0011129,ORD-000869,2025-05-17,865.24,USD,B071
LE-0011130,ORD-008846,2025-09-18,304.95,USD,B072
LE-0011131,ORD-001616,2025-05-07,91.10,USD,B073
LE-0011132,ORD-011043,2025-02-26,5.89,USD,B074
LE-0011133,ORD-010515,2025-03-16,534.63,USD,B075
LE-0011134,ORD-008638,2025-07-14,660.36,USD,B076
LE-0011135,ORD-008800,2025-12-07,891.22,USD,B077
LE-0011136,ORD-007786,2025-04-08,156.78,USD,B078
LE-0011137,ORD-008989,2025-08-16,476.11,USD,B079
LE-0011138,ORD-001619,2025-05-23,215.83,USD,B080
LE-0011139,ORD-009039,2025-01-17,418.89,USD,B081
LE-0011140,ORD-010704,2025-08-12,559.42,USD,B082
LE-0011141,ORD-000975,2025-12-26,21.04,USD,B083
LE-0011142,ORD-011528,2025-06-30,637.62,USD,B084
LE-0011143,ORD-002663,2025-01-21,158.72,USD,B085
LE-0011144,ORD-004982,2025-02-09,517.00,USD,B086
LE-0011145,ORD-008939,2025-03-20,193.64,USD,B087
LE-0011146,ORD-011784,2025-11-06,234.73,USD,B088
LE-0011147,ORD-003801,2025-10-04,57.79,USD,B089
LE-0011148,ORD-003887,2025-10-29,413.52,USD,B090
LE-0011149,ORD-011510,2025-11-06,821.53,USD,B091
LE-0011150,ORD-003400,2025-09-27,584.93,USD,B092
LE-0011151,ORD-006555,2025-01-27,255.75,USD,B093
LE-0011152,ORD-011110,2025-11-04,179.57,USD,B094
LE-0011153,ORD-000420,2025-12-19,849.10,USD,B095
LE-0011154,ORD-009985,2025-09-19,767.73,USD,B096
LE-0011155,ORD-000671,2025-02-19,541.57,USD,B000
LE-0011156,ORD-002632,2025-01-01,688.52,USD,B001
LE-0011157,ORD-004986,2025-06-07,251.33,USD,B002
LE-0011158,ORD-008837,2025-01-25,677.74,USD,B003
LE-0011159,ORD-003383,2025-09-07,272.00,USD,B004
LE-0011160,ORD-005173,2025-08-19,302.89,USD,B005
LE-0011161,ORD-000058,2025-11-27,898.34,USD,B006
LE-0011162,ORD-007032,2025-10-21,838.25,USD,B007
LE-0011163,ORD-004212,2025-05-16,424.02,USD,B008
LE-0011164,ORD-010527,2025-04-10,14.83,USD,B009
LE-0011165,ORD-007065,2025-06-15,522.97,USD,B010
LE-0011166,ORD-005525,2025-08-14,370.21,USD,B011
LE-0011167,ORD-007243,2025-08-31,646.34,USD,B012
LE-0011168,ORD-001170,2025-06-03,239.59,USD,B013
LE-0011169,ORD-005642,2025-04-18,686.64,USD,B014
LE-0011170,ORD-007799,2025-12-15,20.20,USD,B015
LE-0011171,ORD-010362,2025-01-28,578.89,USD,B016
LE-0011172,ORD-008788,2025-11-15,566.91,USD,B017
LE-0011173,ORD-002415,2025-06-07,657.55,USD,B018
LE-0011174,ORD-011800,2025-01-09,750.17,USD,B019
LE-0011175,ORD-010181,2025-11-05,531.62,USD,B020
LE-0011176,ORD-008944,2025-01-21,150.76,USD,B021
LE-0011177,ORD-008847,2025-01-07,192.01,USD,B022
LE-0011178,ORD-009562,2025-06-09,567.17,USD,B023
LE-0011179,ORD-011637,2025-12-23,422.01,USD,B024
LE-0011180,ORD-008655,2025-08-19,452.09,USD,B025
LE-0011181,ORD-002612,2025-01-04,138.63,USD,B026
LE-0011182,ORD-004722,2025-03-19,302.47,USD,B027
LE-0011183,ORD-001886,2025-10-22,471.80,USD,B028
LE-0011184,ORD-001439,2025-05-19,640.99,USD,B029
LE-0011185,ORD-007544,2025-12-19,375.82,USD,B030
LE-0011186,ORD-009391,2025-01-14,544.78,USD,B031
LE-0011187,ORD-004850,2025-03-06,777.63,USD,B032
LE-0011188,ORD-008460,2025-11-07,521.51,USD,B033
LE-0011189,ORD-005606,2025-11-10,505.55,USD,B034
LE-0011190,ORD-003126,2025-05-21,239.88,USD,B035
LE-0011191,ORD-002034,2025-07-15,412.81,USD,B036
LE-0011192,ORD-001435,2025-07-22,419.49,USD,B037
LE-0011193,ORD-008106,2025-12-04,678.64,USD,B038
LE-0011194,ORD-008016,2025-07-07,47.55,USD,B039
LE-0011195,ORD-005881,2025-01-20,214.28,USD,B040
LE-0011196,ORD-007305,2025-06-26,494.38,USD,B041
LE-0011197,ORD-000350,2025-05-08,812.03,USD,B042
LE-0011198,ORD-004522,2025-06-09,572.00,USD,B043
LE-0011199,ORD-003240,2025-11-28,148.87,USD,B044
LE-0011200,ORD-007053,2025-05-06,791.67,USD,B045
LE-0011201,ORD-009554,2025-05-13,366.34,USD,B046
LE-0011202,ORD-011298,2025-06-14,87.23,USD,B047
LE-0011203,ORD-005158,2025-10-18,107.95,USD,B048
LE-0011204,ORD-001663,2025-06-02,861.58,USD,B049
LE-0011205,ORD-001187,2025-09-10,672.83,USD,B050
LE-0011206,ORD-006966,2025-10-17,542.54,USD,B051
LE-0011207,ORD-009693,2025-11-20,202.72,USD,B052
LE-0011208,ORD-001389,2025-10-10,883.20,USD,B053
LE-0011209,ORD-009612,2025-10-08,585.15,USD,B054
LE-0011210,ORD-011840,2025-05-22,862.00,USD,B055
LE-0011211,ORD-007725,2025-05-28,302.37,USD,B056
LE-0011212,ORD-005455,2025-04-03,824.49,USD,B057
LE-0011213,ORD-005174,2025-12-08,114.29,USD,B058
LE-0011214,ORD-008536,2025-10-09,54.73,USD,B059
LE-0011215,ORD-000087,2025-06-17,872.12,USD,B060
LE-0011216,ORD-009638,2025-07-06,331.51,USD,B061
LE-0011217,ORD-007452,2025-01-21,693.89,USD,B062
LE-0011218,ORD-006677,2025-09-21,22.71,USD,B063
LE-0011219,ORD-002609,2025-03-31,127.70,USD,B064
LE-0011220,ORD-006357,2025-01-11,298.49,USD,B065
LE-0011221,ORD-004329,2025-01-28,798.77,USD,B066
LE-0011222,ORD-004589,2025-11-12,868.58,USD,B067
LE-0011223,ORD-009161,2025-06-22,349.27,USD,B068
LE-0011224,ORD-003333,2025-02-27,508.42,USD,B069
LE-0011225,ORD-011244,2025-02-15,186.47,USD,B070
LE-0011226,ORD-000229,2025-12-31,504.76,USD,B071
LE-0011227,ORD-010134,2025-08-20,673.85,USD,B072
LE-0011228,ORD-007436,2025-04-27,95.68,USD,B073
LE-0011229,ORD-003439,2025-06-24,421.31,USD,B074
LE-0011230,ORD-006393,2025-02-26,713.00,USD,B075
LE-0011231,ORD-005711,2025-12-25,158.77,USD,B076
LE-0011232,ORD-000757,2025-04-12,370.06,USD,B077
LE-0011233,ORD-001743,2025-07-08,113.35,USD,B078
LE-0011234,ORD-006436,2025-05-01,587.11,USD,B079
LE-0011235,ORD-008236,2025-01-28,268.88,USD,B080
LE-0011236,ORD-006601,2025-10-13,782.26,USD,B081
LE-0011237,ORD-011194,2025-06-03,313.09,USD,B082
LE-0011238,ORD-007768,2025-01-07,683.83,USD,B083
LE-0011239,ORD-001428,2025-07-14,187.83,USD,B084
LE-0011240,ORD-000873,2025-10-18,415.88,USD,B085
LE-0011241,ORD-005542,2025-07-31,220.00,USD,B086
LE-0011242,ORD-008366,2025-03-13,319.46,USD,B087
LE-0011243,ORD-007764,2025-06-14,135.00,USD,B088
LE-0011244,ORD-006116,2025-03-09,333.80,USD,B089
LE-0011245,ORD-005878,2025-05-31,26.86,USD,B090
LE-0011246,ORD-008852,2025-08-22,838.82,USD,B091
LE-0011247,ORD-005733,2025-10-02,7.33,USD,B092
LE-0011248,ORD-004179,2025-12-16,772.73,USD,B093
LE-0011249,ORD-003708,2025-02-11,72.01,USD,B094
LE-0011250,ORD-008721,2025-06-06,876.72,USD,B095
LE-0011251,ORD-002319,2025-07-09,180.40,USD,B096
LE-0011252,ORD-006595,2025-08-27,891.99,USD,B000
LE-0011253,ORD-007499,2025-01-28,814.82,USD,B001
LE-0011254,ORD-011657,2025-09-04,682.51,USD,B002
LE-0011255,ORD-001624,2025-05-09,863.00,USD,B003
LE-0011256,ORD-001303,2025-08-16,456.72,USD,B004
LE-0011257,ORD-007569,2025-03-17,449.15,USD,B005
LE-0011258,ORD-006366,2025-08-17,857.29,USD,B006
LE-0011259,ORD-000289,2025-07-28,586.29,USD,B007
LE-0011260,ORD-007167,2025-06-06,29.64,USD,B008
LE-0011261,ORD-008040,2025-07-28,620.52,USD,B009
LE-0011262,ORD-006359,2025-09-19,461.70,USD,B010
LE-0011263,ORD-008149,2025-12-05,314.87,USD,B011
LE-0011264,ORD-011832,2025-05-20,855.33,USD,B012
LE-0011265,ORD-008955,2025-07-13,170.71,USD,B013
LE-0011266,ORD-001399,2025-08-01,778.49,USD,B014
LE-0011267,ORD-005767,2025-01-08,228.55,USD,B015
LE-0011268,ORD-000099,2025-07-11,807.84,USD,B016
LE-0011269,ORD-002706,2025-02-06,472.43,USD,B017
LE-0011270,ORD-009533,2025-03-11,433.89,USD,B018
LE-0011271,ORD-001465,2025-05-12,149.46,USD,B019
LE-0011272,ORD-002958,2025-04-15,839.01,USD,B020
LE-0011273,ORD-005066,2025-06-02,164.15,USD,B021
LE-0011274,ORD-000088,2025-11-04,163.93,USD,B022
LE-0011275,ORD-004652,2025-11-16,396.68,USD,B023
LE-0011276,ORD-010287,2025-06-27,523.20,USD,B024
LE-0011277,ORD-011513,2025-08-28,496.55,USD,B025
LE-0011278,ORD-002605,2025-02-20,130.40,USD,B026
LE-0011279,ORD-008497,2025-08-17,457.46,USD,B027
LE-0011280,ORD-001954,2025-12-20,280.57,USD,B028
LE-0011281,ORD-002858,2025-07-04,573.36,USD,B029
LE-0011282,ORD-000693,2025-08-04,836.39,USD,B030
LE-0011283,ORD-008971,2025-09-03,187.40,USD,B031
LE-0011284,ORD-001786,2025-05-20,204.70,USD,B032
LE-0011285,ORD-001815,2025-06-22,415.48,USD,B033
LE-0011286,ORD-004039,2025-07-24,858.42,USD,B034
LE-0011287,ORD-009321,2025-09-13,35.66,USD,B035
LE-0011288,ORD-002732,2025-01-25,196.86,USD,B036
LE-0011289,ORD-005517,2025-09-04,173.66,USD,B037
LE-0011290,ORD-006488,2025-07-30,127.18,USD,B038
LE-0011291,ORD-009075,2025-10-16,479.80,USD,B039
LE-0011292,ORD-004823,2025-03-29,734.89,USD,B040
LE-0011293,ORD-007930,2025-07-23,117.34,USD,B041
LE-0011294,ORD-002030,2025-11-30,76.84,USD,B042
LE-0011295,ORD-009246,2025-11-14,382.47,USD,B043
LE-0011296,ORD-008194,2025-08-24,246.45,USD,B044
LE-0011297,ORD-003872,2025-06-08,891.99,USD,B045
LE-0011298,ORD-002339,2025-05-14,874.46,USD,B046
LE-0011299,ORD-006621,2025-08-28,81.13,USD,B047
LE-0011300,ORD-002957,2025-09-01,474.29,USD,B048
LE-0011301,ORD-000342,2025-02-22,217.91,USD,B049
LE-0011302,ORD-004754,2025-05-26,626.24,USD,B050
LE-0011303,ORD-003325,2025-01-03,316.81,USD,B051
LE-0011304,ORD-001932,2025-12-29,494.06,USD,B052
LE-0011305,ORD-007926,2025-12-24,825.08,USD,B053
LE-0011306,ORD-001960,2025-10-04,637.76,USD,B054
LE-0011307,ORD-008416,2025-12-09,785.84,USD,B055
LE-0011308,ORD-008873,2025-06-03,41.68,USD,B056
LE-0011309,ORD-004035,2025-10-24,772.43,USD,B057
LE-0011310,ORD-002164,2025-11-23,123.04,USD,B058
LE-0011311,ORD-001404,2025-12-09,696.58,USD,B059
LE-0011312,ORD-000729,2025-10-28,507.34,USD,B060
LE-0011313,ORD-009524,2025-08-08,388.13,USD,B061
LE-0011314,ORD-006140,2025-09-26,540.38,USD,B062
LE-0011315,ORD-004925,2025-04-10,820.42,USD,B063
LE-0011316,ORD-003445,2025-10-19,83.49,USD,B064
LE-0011317,ORD-008661,2025-12-23,116.90,USD,B065
LE-0011318,ORD-003582,2025-03-06,125.03,USD,B066
LE-0011319,ORD-008658,2025-06-03,11.35,USD,B067
LE-0011320,ORD-000629,2025-04-21,289.93,USD,B068
LE-0011321,ORD-011234,2025-02-09,97.90,USD,B069
LE-0011322,ORD-009253,2025-03-02,46.82,USD,B070
LE-0011323,ORD-008678,2025-02-24,290.48,USD,B071
LE-0011324,ORD-005858,2025-01-21,487.10,USD,B072
LE-0011325,ORD-008564,2025-07-15,521.63,USD,B073
LE-0011326,ORD-008260,2025-06-19,724.47,USD,B074
LE-0011327,ORD-006622,2025-08-06,405.56,USD,B075
LE-0011328,ORD-002427,2025-12-14,811.56,USD,B076
LE-0011329,ORD-003274,2025-01-25,284.66,USD,B077
LE-0011330,ORD-001463,2025-12-19,500.56,USD,B078
LE-0011331,ORD-001903,2025-08-14,282.94,USD,B079
LE-0011332,ORD-004418,2025-03-07,378.29,USD,B080
LE-0011333,ORD-000432,2025-09-19,590.35,USD,B081
LE-0011334,ORD-005804,2025-08-08,768.18,USD,B082
LE-0011335,ORD-004692,2025-11-16,30.74,USD,B083
LE-0011336,ORD-007180,2025-09-28,650.84,USD,B084
LE-0011337,ORD-009641,2025-07-14,151.62,USD,B085
LE-0011338,ORD-009367,2025-06-19,853.37,USD,B086
LE-0011339,ORD-002059,2025-11-09,711.09,USD,B087
LE-0011340,ORD-007727,2025-01-15,803.26,USD,B088
LE-0011341,ORD-000041,2025-12-30,880.66,USD,B089
LE-0011342,ORD-005501,2025-12-26,495.06,USD,B090
LE-0011343,ORD-003868,2025-12-15,532.19,USD,B091
LE-0011344,ORD-003828,2025-03-07,697.43,USD,B092
LE-0011345,ORD-005400,2025-02-13,737.96,USD,B093
LE-0011346,ORD-010696,2025-08-29,308.19,USD,B094
LE-0011347,ORD-000618,2025-05-20,713.09,USD,B095
LE-0011348,ORD-011155,2025-08-02,13.95,USD,B096
LE-0011349,ORD-003890,2025-06-26,111.59,USD,B000
LE-0011350,ORD-003557,2025-12-22,758.17,USD,B001
LE-0011351,ORD-011319,2025-03-17,290.21,USD,B002
LE-0011352,ORD-001979,2025-05-14,620.73,USD,B003
LE-0011353,ORD-001335,2025-10-27,113.35,USD,B004
LE-0011354,ORD-005189,2025-05-18,674.71,USD,B005
LE-0011355,ORD-006016,2025-08-30,433.12,USD,B006
LE-0011356,ORD-007083,2025-12-17,848.91,USD,B007
LE-0011357,ORD-007473,2025-09-10,231.40,USD,B008
LE-0011358,ORD-006131,2025-11-01,782.53,USD,B009
LE-0011359,ORD-003855,2025-07-20,318.33,USD,B010
LE-0011360,ORD-011320,2025-04-02,491.05,USD,B011
LE-0011361,ORD-011192,2025-11-17,152.30,USD,B012
LE-0011362,ORD-008528,2025-04-10,213.00,USD,B013
LE-0011363,ORD-003005,2025-10-28,850.61,USD,B014
LE-0011364,ORD-005839,2025-01-21,35.97,USD,B015
LE-0011365,ORD-001971,2025-03-04,679.57,USD,B016
LE-0011366,ORD-003633,2025-12-23,708.92,USD,B017
LE-0011367,ORD-001840,2025-09-19,186.33,USD,B018
LE-0011368,ORD-009433,2025-05-12,51.94,USD,B019
LE-0011369,ORD-004065,2025-08-11,99.78,USD,B020
LE-0011370,ORD-001988,2025-03-19,96.07,USD,B021
LE-0011371,ORD-008208,2025-03-25,422.93,USD,B022
LE-0011372,ORD-002545,2025-08-24,531.87,USD,B023
LE-0011373,ORD-006301,2025-04-30,615.00,USD,B024
LE-0011374,ORD-008098,2025-01-25,185.85,USD,B025
LE-0011375,ORD-002976,2025-11-24,714.88,USD,B026
LE-0011376,ORD-006009,2025-10-06,140.21,USD,B027
LE-0011377,ORD-004350,2025-12-25,532.27,USD,B028
LE-0011378,ORD-000761,2025-10-29,133.23,USD,B029
LE-0011379,ORD-001329,2025-10-23,293.87,USD,B030
LE-0011380,ORD-000613,2025-05-09,625.06,USD,B031
LE-0011381,ORD-004631,2025-11-25,328.03,USD,B032
LE-0011382,ORD-006591,2025-03-24,456.54,USD,B033
LE-0011383,ORD-004451,2025-10-05,20.33,USD,B034
LE-0011384,ORD-002154,2025-04-24,756.49,USD,B035
LE-0011385,ORD-010771,2025-05-18,395.54,USD,B036
LE-0011386,ORD-007545,2025-08-05,220.20,USD,B037
LE-0011387,ORD-005325,2025-10-25,778.88,USD,B038
LE-0011388,ORD-005201,2025-07-24,743.34,USD,B039
LE-0011389,ORD-004901,2025-05-23,777.64,USD,B040
LE-0011390,ORD-004342,2025-07-09,100.94,USD,B041
LE-0011391,ORD-001249,2025-04-02,87.43,USD,B042
LE-0011392,ORD-007335,2025-01-25,817.78,USD,B043
LE-0011393,ORD-000199,2025-09-23,78.32,USD,B044
LE-0011394,ORD-005954,2025-01-14,869.02,USD,B045
LE-0011395,ORD-003082,2025-12-27,415.69,USD,B046
LE-0011396,ORD-001364,2025-09-05,442.36,USD,B047
LE-0011397,ORD-007950,2025-03-11,759.79,USD,B048
LE-0011398,ORD-005023,2025-06-02,323.36,USD,B049
LE-0011399,ORD-000542,2025-02-26,284.04,USD,B050
LE-0011400,ORD-003942,2025-11-23,632.76,USD,B051
LE-0011401,ORD-005974,2025-05-03,337.28,USD,B052
LE-0011402,ORD-010773,2025-12-10,813.41,USD,B053
LE-0011403,ORD-008094,2025-10-13,747.13,USD,B054
LE-0011404,ORD-003730,2025-11-28,769.00,USD,B055
LE-0011405,ORD-006236,2025-09-21,407.79,USD,B056
LE-0011406,ORD-011633,2025-06-10,139.49,USD,B057
LE-0011407,ORD-003332,2025-03-21,304.63,USD,B058
LE-0011408,ORD-007008,2025-06-16,286.67,USD,B059
LE-0011409,ORD-003408,2025-10-02,174.65,USD,B060
LE-0011410,ORD-001193,2025-01-31,387.11,USD,B061
LE-0011411,ORD-004360,2025-12-20,98.46,USD,B062
LE-0011412,ORD-011744,2025-02-24,488.31,USD,B063
LE-0011413,ORD-006741,2025-12-04,419.71,USD,B064
LE-0011414,ORD-007612,2025-01-10,860.54,USD,B065
LE-0011415,ORD-005306,2025-04-11,376.79,USD,B066
LE-0011416,ORD-009717,2025-08-26,268.88,USD,B067
LE-0011417,ORD-009996,2025-07-08,462.10,USD,B068
LE-0011418,ORD-011165,2025-11-21,135.44,USD,B069
LE-0011419,ORD-010411,2025-04-20,598.79,USD,B070
LE-0011420,ORD-004661,2025-10-13,680.13,USD,B071
LE-0011421,ORD-007029,2025-02-18,662.99,USD,B072
LE-0011422,ORD-008594,2025-09-20,829.46,USD,B073
LE-0011423,ORD-000847,2025-11-07,139.45,USD,B074
LE-0011424,ORD-002467,2025-07-06,684.00,USD,B075
LE-0011425,ORD-010977,2025-07-27,892.81,USD,B076
LE-0011426,ORD-007665,2025-11-12,94.46,USD,B077
LE-0011427,ORD-009035,2025-03-05,395.55,USD,B078
LE-0011428,ORD-000479,2025-01-09,466.50,USD,B079
LE-0011429,ORD-007119,2025-12-21,649.97,USD,B080
LE-0011430,ORD-006559,2025-01-28,167.39,USD,B081
LE-0011431,ORD-006881,2025-07-14,583.31,USD,B082
LE-0011432,ORD-010592,2025-12-09,562.54,USD,B083
LE-0011433,ORD-011284,2025-01-17,785.27,USD,B084
LE-0011434,ORD-006962,2025-01-24,621.33,USD,B085
LE-0011435,ORD-000366,2025-11-24,113.55,USD,B086
LE-0011436,ORD-005785,2025-05-03,271.29,USD,B087
LE-0011437,ORD-011499,2025-04-06,452.23,USD,B088
LE-0011438,ORD-005708,2025-09-01,859.16,USD,B089
LE-0011439,ORD-006121,2025-11-12,170.96,USD,B090
LE-0011440,ORD-011525,2025-07-12,819.06,USD,B091
LE-0011441,ORD-005990,2025-03-04,852.61,USD,B092
LE-0011442,ORD-010713,2025-09-09,110.74,USD,B093
LE-0011443,ORD-002660,2025-02-13,346.77,USD,B094
LE-0011444,ORD-000057,2025-02-10,730.23,USD,B095
LE-0011445,ORD-008713,2025-11-09,278.89,USD,B096
LE-0011446,ORD-010127,2025-07-06,537.91,USD,B000
LE-0011447,ORD-003024,2025-07-31,515.00,USD,B001
LE-0011448,ORD-011138,2025-03-18,331.88,USD,B002
LE-0011449,ORD-000400,2025-06-09,848.32,USD,B003
LE-0011450,ORD-002496,2025-10-20,71.05,USD,B004
LE-0011451,ORD-010396,2025-11-29,798.94,USD,B005
LE-0011452,ORD-000520,2025-08-24,790.78,USD,B006
LE-0011453,ORD-009270,2025-06-23,728.27,USD,B007
LE-0011454,ORD-010724,2025-11-30,151.95,USD,B008
LE-0011455,ORD-005743,2025-06-18,418.89,USD,B009
LE-0011456,ORD-008980,2025-07-02,441.80,USD,B010
LE-0011457,ORD-002956,2025-01-22,307.81,USD,B011
LE-0011458,ORD-007424,2025-01-24,611.77,USD,B012
LE-0011459,ORD-011504,2025-01-19,158.51,USD,B013
LE-0011460,ORD-005144,2025-02-17,158.72,USD,B014
LE-0011461,ORD-005950,2025-10-16,657.80,USD,B015
LE-0011462,ORD-009879,2025-01-26,360.69,USD,B016
LE-0011463,ORD-002651,2025-03-14,231.85,USD,B017
LE-0011464,ORD-009203,2025-08-26,349.17,USD,B018
LE-0011465,ORD-002560,2025-11-06,163.67,USD,B019
LE-0011466,ORD-007248,2025-01-13,693.85,USD,B020
LE-0011467,ORD-005537,2025-05-10,869.85,USD,B021
LE-0011468,ORD-003905,2025-07-26,214.44,USD,B022
LE-0011469,ORD-007502,2025-04-06,286.03,USD,B023
LE-0011470,ORD-009130,2025-05-19,779.65,USD,B024
LE-0011471,ORD-000037,2025-08-25,112.30,USD,B025
LE-0011472,ORD-002933,2025-02-12,632.81,USD,B026
LE-0011473,ORD-011213,2025-01-04,539.36,USD,B027
LE-0011474,ORD-003170,2025-07-29,204.24,USD,B028
LE-0011475,ORD-002416,2025-01-03,816.70,USD,B029
LE-0011476,ORD-008439,2025-07-07,362.78,USD,B030
LE-0011477,ORD-003224,2025-07-16,46.14,USD,B031
LE-0011478,ORD-000111,2025-11-01,68.64,USD,B032
LE-0011479,ORD-008680,2025-11-09,115.14,USD,B033
LE-0011480,ORD-010729,2025-08-11,35.20,USD,B034
LE-0011481,ORD-004591,2025-06-21,550.36,USD,B035
LE-0011482,ORD-011195,2025-05-25,800.82,USD,B036
LE-0011483,ORD-005558,2025-09-18,198.13,USD,B037
LE-0011484,ORD-010174,2025-03-06,635.89,USD,B038
LE-0011485,ORD-003994,2025-10-24,735.72,USD,B039
LE-0011486,ORD-007567,2025-04-01,553.51,USD,B040
LE-0011487,ORD-001361,2025-01-09,192.37,USD,B041
LE-0011488,ORD-010215,2025-06-13,500.00,USD,B042
LE-0011489,ORD-008308,2025-05-14,254.57,USD,B043
LE-0011490,ORD-002241,2025-08-16,278.34,USD,B044
LE-0011491,ORD-010273,2025-10-03,830.98,USD,B045
LE-0011492,ORD-009235,2025-06-17,424.25,USD,B046
LE-0011493,ORD-008344,2025-09-26,783.37,USD,B047
LE-0011494,ORD-008086,2025-08-22,499.30,USD,B048
LE-0011495,ORD-001707,2025-07-23,217.08,USD,B049
LE-0011496,ORD-001658,2025-04-25,621.03,USD,B050
LE-0011497,ORD-010477,2025-10-05,654.22,USD,B051
LE-0011498,ORD-004870,2025-08-06,787.72,USD,B052
LE-0011499,ORD-006735,2025-02-23,170.07,USD,B053
LE-0011500,ORD-006964,2025-04-28,845.06,USD,B054
LE-0011501,ORD-007389,2025-07-04,550.49,USD,B055
LE-0011502,ORD-011067,2025-05-01,611.96,USD,B056
LE-0011503,ORD-010819,2025-09-10,775.38,USD,B057
LE-0011504,ORD-002045,2025-05-25,673.43,USD,B058
LE-0011505,ORD-004147,2025-12-08,356.42,USD,B059
LE-0011506,ORD-000541,2025-09-10,237.27,USD,B060
LE-0011507,ORD-004279,2025-10-28,643.57,USD,B061
LE-0011508,ORD-003422,2025-12-28,787.39,USD,B062
LE-0011509,ORD-005735,2025-10-10,877.57,USD,B063
LE-0011510,ORD-011774,2025-02-24,351.52,USD,B064
LE-0011511,ORD-002447,2025-05-21,774.32,USD,B065
LE-0011512,ORD-003709,2025-03-08,336.46,USD,B066
LE-0011513,ORD-005268,2025-11-07,782.85,USD,B067
LE-0011514,ORD-000772,2025-06-12,232.92,USD,B068
LE-0011515,ORD-011372,2025-12-25,680.96,USD,B069
LE-0011516,ORD-008831,2025-10-27,15.71,USD,B070
LE-0011517,ORD-010109,2025-07-26,549.55,USD,B071
LE-0011518,ORD-000715,2025-08-30,63.22,USD,B072
LE-0011519,ORD-000266,2025-04-08,720.54,USD,B073
LE-0011520,ORD-002064,2025-09-16,818.28,USD,B074
LE-0011521,ORD-010094,2025-10-20,322.35,USD,B075
LE-0011522,ORD-002121,2025-03-14,87.70,USD,B076
LE-0011523,ORD-004645,2025-04-26,83.78,USD,B077
LE-0011524,ORD-009428,2025-02-25,444.54,USD,B078
LE-0011525,ORD-003465,2025-05-02,336.08,USD,B079
LE-0011526,ORD-007188,2025-02-13,610.76,USD,B080
LE-0011527,ORD-002581,2025-04-22,84.34,USD,B081
LE-0011528,ORD-003490,2025-03-30,518.51,USD,B082
LE-0011529,ORD-003189,2025-07-20,12.05,USD,B083
LE-0011530,ORD-010665,2025-05-07,890.94,USD,B084
LE-0011531,ORD-004072,2025-10-07,327.34,USD,B085
LE-0011532,ORD-004066,2025-02-10,610.59,USD,B086
LE-0011533,ORD-005278,2025-11-07,279.02,USD,B087
LE-0011534,ORD-010187,2025-12-07,54.04,USD,B088
LE-0011535,ORD-002563,2025-08-08,539.26,USD,B089
LE-0011536,ORD-011374,2025-03-05,167.62,USD,B090
LE-0011537,ORD-009856,2025-05-14,811.74,USD,B091
LE-0011538,ORD-003756,2025-11-19,156.88,USD,B092
LE-0011539,ORD-000840,2025-01-22,523.17,USD,B093
LE-0011540,ORD-000418,2025-07-09,243.33,USD,B094
LE-0011541,ORD-000353,2025-07-05,843.96,USD,B095
LE-0011542,ORD-009860,2025-12-26,74.38,USD,B096
LE-0011543,ORD-010372,2025-09-30,524.53,USD,B000
LE-0011544,ORD-000833,2025-06-09,255.54,USD,B001
LE-0011545,ORD-010169,2025-09-26,520.83,USD,B002
LE-0011546,ORD-004588,2025-08-13,776.62,USD,B003
LE-0011547,ORD-009853,2025-11-13,60.32,USD,B004
LE-0011548,ORD-009123,2025-06-10,192.65,USD,B005
LE-0011549,ORD-011024,2025-01-10,661.71,USD,B006
LE-0011550,ORD-011082,2025-03-01,593.63,USD,B007
LE-0011551,ORD-003536,2025-02-24,310.48,USD,B008
LE-0011552,ORD-000824,2025-06-12,250.09,USD,B009
LE-0011553,ORD-002193,2025-12-02,260.84,USD,B010
LE-0011554,ORD-004708,2025-01-03,514.95,USD,B011
LE-0011555,ORD-011593,2025-03-02,595.33,USD,B012
LE-0011556,ORD-000483,2025-12-25,850.94,USD,B013
LE-0011557,ORD-002367,2025-09-12,807.94,USD,B014
LE-0011558,ORD-008803,2025-09-27,390.24,USD,B015
LE-0011559,ORD-001880,2025-05-15,248.24,USD,B016
LE-0011560,ORD-005194,2025-11-29,578.54,USD,B017
LE-0011561,ORD-005769,2025-09-01,297.64,USD,B018
LE-0011562,ORD-008276,2025-12-20,783.09,USD,B019
LE-0011563,ORD-001775,2025-02-10,92.40,USD,B020
LE-0011564,ORD-010427,2025-12-26,498.08,USD,B021
LE-0011565,ORD-011541,2025-02-05,51.24,USD,B022
LE-0011566,ORD-011704,2025-03-15,44.27,USD,B023
LE-0011567,ORD-005125,2025-05-05,632.44,USD,B024
LE-0011568,ORD-000941,2025-09-03,825.15,USD,B025
LE-0011569,ORD-010441,2025-12-02,773.31,USD,B026
LE-0011570,ORD-005376,2025-04-01,40.32,USD,B027
LE-0011571,ORD-001955,2025-12-25,141.04,USD,B028
LE-0011572,ORD-009570,2025-05-17,443.45,USD,B029
LE-0011573,ORD-011508,2025-06-10,858.71,USD,B030
LE-0011574,ORD-004499,2025-03-04,722.78,USD,B031
LE-0011575,ORD-011682,2025-11-12,495.24,USD,B032
LE-0011576,ORD-007977,2025-09-02,45.17,USD,B033
LE-0011577,ORD-003731,2025-05-20,380.30,USD,B034
LE-0011578,ORD-011532,2025-11-30,483.15,USD,B035
LE-0011579,ORD-008780,2025-12-04,895.77,USD,B036
LE-0011580,ORD-008243,2025-03-20,75.59,USD,B037
LE-0011581,ORD-008768,2025-03-12,178.56,USD,B038
LE-0011582,ORD-011482,2025-07-13,64.00,USD,B039
LE-0011583,ORD-006082,2025-05-15,331.62,USD,B040
LE-0011584,ORD-010987,2025-01-18,433.84,USD,B041
LE-0011585,ORD-007166,2025-03-25,870.74,USD,B042
LE-0011586,ORD-009184,2025-08-25,823.45,USD,B043
LE-0011587,ORD-005799,2025-09-04,244.35,USD,B044
LE-0011588,ORD-000183,2025-10-09,130.43,USD,B045
LE-0011589,ORD-009464,2025-03-13,127.38,USD,B046
LE-0011590,ORD-009027,2025-12-14,138.40,USD,B047
LE-0011591,ORD-009306,2025-11-14,375.75,USD,B048
LE-0011592,ORD-011685,2025-05-11,747.94,USD,B049
LE-0011593,ORD-004929,2025-10-01,134.81,USD,B050
LE-0011594,ORD-007939,2025-08-02,722.00,USD,B051
LE-0011595,ORD-008927,2025-11-03,393.55,USD,B052
LE-0011596,ORD-004325,2025-10-20,26.40,USD,B053
LE-0011597,ORD-010386,2025-03-27,480.90,USD,B054
LE-0011598,ORD-004521,2025-04-26,20.61,USD,B055
LE-0011599,ORD-003593,2025-10-12,30.98,USD,B056
LE-0011600,ORD-002111,2025-08-21,394.73,USD,B057
LE-0011601,ORD-001573,2025-06-23,121.96,USD,B058
LE-0011602,ORD-011129,2025-07-14,448.35,USD,B059
LE-0011603,ORD-002156,2025-03-08,795.08,USD,B060
LE-0011604,ORD-001271,2025-01-03,518.73,USD,B061
LE-0011605,ORD-001723,2025-06-02,134.95,USD,B062
LE-0011606,ORD-001049,2025-08-01,31.66,USD,B063
LE-0011607,ORD-008832,2025-01-14,875.85,USD,B064
LE-0011608,ORD-000887,2025-08-29,462.40,USD,B065
LE-0011609,ORD-000862,2025-03-15,267.82,USD,B066
LE-0011610,ORD-010851,2025-07-29,790.71,USD,B067
LE-0011611,ORD-011092,2025-04-26,35.25,USD,B068
LE-0011612,ORD-001242,2025-08-02,485.92,USD,B069
LE-0011613,ORD-000168,2025-03-02,446.42,USD,B070
LE-0011614,ORD-008266,2025-02-25,63.14,USD,B071
LE-0011615,ORD-006254,2025-03-17,182.68,USD,B072
LE-0011616,ORD-004713,2025-05-07,420.00,USD,B073
LE-0011617,ORD-005665,2025-04-17,859.71,USD,B074
LE-0011618,ORD-002437,2025-12-03,454.23,USD,B075
